uid,nightuid,namedLocation,domainID,siteID,plotID,collectDate,endDate,samplingProtocolVersion,remarks,dataQF
"967cdb52-1f0c-4184-b1de-cdd43b9fc95c","5e130ee0-f863-492d-bb26-95e428043e1a","UKFS_018.mammalGrid.mam","D06","UKFS","UKFS_018","2018-09-11","2018-09-11","NEON.DOC.000481vK",,
"8971dbed-655b-4995-b2d0-26c4a7a9dbe9","0ec8aa15-8529-4a03-8d43-ebb543a99838","UKFS_007.mammalGrid.mam","D06","UKFS","UKFS_007","2018-09-11","2018-09-11","NEON.DOC.000481vK",,
"53e22f18-683d-4c5a-81cc-7a49098efa71","21ceca6f-491f-4789-a99e-cbedd014207c","UKFS_003.mammalGrid.mam","D06","UKFS","UKFS_003","2018-09-11","2018-09-11","NEON.DOC.000481vK",,
"d80364dc-522f-42d3-b49a-34ccc0655c31","0bef059b-b559-45b0-a3d4-bc5271cc05fc","UKFS_004.mammalGrid.mam","D06","UKFS","UKFS_004","2018-09-12","2018-09-12","NEON.DOC.000481vK",,
"b7cbfc09-0285-47b6-9769-ead9da6730a1","2f07fbc3-3154-4dd9-882f-8ff302de2060","UKFS_010.mammalGrid.mam","D06","UKFS","UKFS_010","2018-09-12","2018-09-12","NEON.DOC.000481vK",,
"b17e4616-77ba-4177-b13e-75574a6101b2","18f58808-4713-4b14-9e1d-87348a42316c","UKFS_009.mammalGrid.mam","D06","UKFS","UKFS_009","2018-09-12","2018-09-12","NEON.DOC.000481vK",,
"2551df82-6326-4d23-abd5-93afd08f9de5","05fad025-7887-4f5a-b8bb-9b9681168e67","UKFS_009.mammalGrid.mam","D06","UKFS","UKFS_009","2018-09-13","2018-09-13","NEON.DOC.000481vK",,
"6ef16f97-0c48-4abc-b15a-3813d2cb6192","dc721d4e-c91a-4620-8450-8f7d820e6379","UKFS_004.mammalGrid.mam","D06","UKFS","UKFS_004","2018-09-13","2018-09-13","NEON.DOC.000481vK",,
"76108551-eb01-49e8-b00e-e5fc0e50c3ba","8bcd4109-82c8-4d42-83d7-691b76b288f8","UKFS_010.mammalGrid.mam","D06","UKFS","UKFS_010","2018-09-13","2018-09-13","NEON.DOC.000481vK",,
"80904749-59d3-463c-9f3f-24e30bed4713","88d39dbd-3b02-46a1-bbd4-1e9d0e9ef91a","UKFS_010.mammalGrid.mam","D06","UKFS","UKFS_010","2018-09-14","2018-09-14","NEON.DOC.000481vK",,
"5f7e1a56-9f82-4db1-b755-4e9524180658","aec2a022-b05c-4b7c-a2ce-371efa642826","UKFS_004.mammalGrid.mam","D06","UKFS","UKFS_004","2018-09-14","2018-09-14","NEON.DOC.000481vK",,
"e73f4e37-5eca-4170-bb82-512a36ef3962","5a6169ee-08d2-457e-95ce-f1ef202ff2c0","UKFS_009.mammalGrid.mam","D06","UKFS","UKFS_009","2018-09-14","2018-09-14","NEON.DOC.000481vK",,
