uid,nightuid,namedLocation,domainID,siteID,plotID,collectDate,endDate,samplingProtocolVersion,remarks,dataQF
"3dfb4145-2790-4271-9f2f-add57e28cc6e","15cbbdb4-2368-4664-87e7-579501250e0c","JORN_017.mammalGrid.mam","D14","JORN","JORN_017","2017-09-27","2017-09-27","NEON.DOC.000481vH",,
"81cf809d-4cea-4dea-b3f0-ec7a25882a19","39c0ddfb-3527-4fa8-add2-7f6574d67aef","JORN_011.mammalGrid.mam","D14","JORN","JORN_011","2017-09-27","2017-09-27","NEON.DOC.000481vH",,
"cc9407f6-3455-4790-8da2-e30f2523afe6","318d536b-8f51-4e4b-ba52-cef391fa87de","JORN_018.mammalGrid.mam","D14","JORN","JORN_018","2017-09-27","2017-09-27","NEON.DOC.000481vH",,
"94071e94-900e-4ff7-9654-4da3d78f29fd","aaa2f55e-2fe9-41cc-85d8-4bb7bc7acbfa","JORN_001.mammalGrid.mam","D14","JORN","JORN_001","2017-09-27","2017-09-27","NEON.DOC.000481vH",,
"275dc938-cfb9-4e7f-8360-3f3a7cb0279c","2e7cdfa0-a069-40a1-98f3-bd106640b7a7","JORN_031.mammalGrid.mam","D14","JORN","JORN_031","2017-09-28","2017-09-28","NEON.DOC.000481vJ",,
"e7fb782e-d1e1-4989-9aea-d2b9714cb6b9","ac239870-dcd6-47fc-846c-6010f542f9cc","JORN_018.mammalGrid.mam","D14","JORN","JORN_018","2017-09-28","2017-09-28",,,
"3882d08a-9e76-4b7a-b93c-a26ce084e138","ecc87de7-c66f-4997-962b-7eeeebe2ecae","JORN_017.mammalGrid.mam","D14","JORN","JORN_017","2017-09-28","2017-09-28","NEON.DOC.000481vG",,
"c7a35b68-25f4-410a-b4e0-ecdf9c7235b0","41a4eacb-7ca1-4283-b902-c28774f1e732","JORN_001.mammalGrid.mam","D14","JORN","JORN_001","2017-09-28","2017-09-28","NEON.DOC.000481vJ",,
"f08dc4bb-2f43-4f47-9a54-15c71bd46ba6","77f93f3f-75a2-46c5-b552-3c8d97ebd3e5","JORN_017.mammalGrid.mam","D14","JORN","JORN_017","2017-09-29","2017-09-29","NEON.DOC.000481vG",,
"74ef2966-7ce1-4a54-b738-5421ee0a6b01","cef9d86e-48c7-4e5a-87c6-c1821cb3576d","JORN_018.mammalGrid.mam","D14","JORN","JORN_018","2017-09-29","2017-09-29","NEON.DOC.000481vG",,
"27c20122-5f55-47bd-ac3d-b271c4ed72d4","ddcacc11-fc17-4ee8-be28-40e781358cb8","JORN_007.mammalGrid.mam","D14","JORN","JORN_007","2017-09-29","2017-09-29","NEON.DOC.000481vG",,
"1dd2c2d7-1ca3-487a-9c95-0af06654270a","447bc962-194c-4563-92ae-5a89ce463e0a","JORN_001.mammalGrid.mam","D14","JORN","JORN_001","2017-09-29","2017-09-29","NEON.DOC.000481vG",,
