uid,nightuid,namedLocation,domainID,siteID,plotID,collectDate,endDate,samplingProtocolVersion,remarks,dataQF
"a22636d1-4a5a-4739-9900-43279e8dc9b7","5015e0eb-9ec8-4565-b28b-2291e7ea599e","SOAP_006.mammalGrid.mam","D17","SOAP","SOAP_006","2018-05-22","2018-05-22","NEON.DOC.000481vK",,
"2ef1d862-877b-4264-877d-0ca44fb368b1","16c40be2-cae4-4ed0-ac3a-64404e136e2e","SOAP_002.mammalGrid.mam","D17","SOAP","SOAP_002","2018-05-22","2018-05-22","NEON.DOC.000481vK",,
"92514a71-3d21-4f01-bd9d-c1388b0f3772","9674b575-f189-4a75-846d-92103e49f9bc","SOAP_003.mammalGrid.mam","D17","SOAP","SOAP_003","2018-05-22","2018-05-22","NEON.DOC.000481vK",,
"5f8b5875-dded-4b4d-a120-186ba1def299","1c79b0e7-afea-4821-ae59-e86814dda66a","SOAP_002.mammalGrid.mam","D17","SOAP","SOAP_002","2018-05-23","2018-05-23","NEON.DOC.000481vK",,
"d1da97d6-e9e0-441e-8de2-080ca65a0f86","efba2d04-f50a-4b2f-b312-952f85899376","SOAP_012.mammalGrid.mam","D17","SOAP","SOAP_012","2018-05-23","2018-05-23","NEON.DOC.000481vK",,
"bfc9a8c1-6277-4452-8866-5586b0915ee8","5015e0eb-9ec8-4565-b28b-2291e7ea599e","SOAP_006.mammalGrid.mam","D17","SOAP","SOAP_006","2018-05-23","2018-05-23","NEON.DOC.000481vK",,
"2fb86147-3f40-485e-b2ce-6020ff985c9e","deaf8796-e731-4846-b42a-aa73e4a7eb21","SOAP_003.mammalGrid.mam","D17","SOAP","SOAP_003","2018-05-23","2018-05-23","NEON.DOC.000481vK",,
"8a2b64a7-8acd-4bbe-9ae1-e90d1ab6b00d","0c1026cd-605e-4f2d-ab7b-e1835231d1d5","SOAP_006.mammalGrid.mam","D17","SOAP","SOAP_006","2018-05-24","2018-05-24","NEON.DOC.000481vK",,
"aab24255-b6da-4400-ae14-20c580255d3e","39fc73f1-9609-4788-a9d1-8859a98ee80c","SOAP_003.mammalGrid.mam","D17","SOAP","SOAP_003","2018-05-24","2018-05-24","NEON.DOC.000481vK",,
"6ebb4e3a-af88-4fe2-bf4a-b6c864890fbf","f0a32999-5911-4715-a954-7eed83f3891e","SOAP_002.mammalGrid.mam","D17","SOAP","SOAP_002","2018-05-24","2018-05-24","NEON.DOC.000481vK",,
