uid,nightuid,namedLocation,domainID,siteID,plotID,collectDate,endDate,samplingProtocolVersion,remarks,dataQF
"440ec457-4ab2-4e92-9346-e16f49ec5df7","3ac48107-00b7-465a-83cb-ecc7ae482f86","TREE_002.mammalGrid.mam","D05","TREE","TREE_002","2017-06-27","2017-06-27","NEON.DOC.000481vJ",,
"16ee636c-3455-4f06-ac7a-37d54e3d664c","4a9d709a-3e3f-4b39-8d31-aec04eb406f6","TREE_004.mammalGrid.mam","D05","TREE","TREE_004","2017-06-27","2017-06-27","NEON.DOC.000481vJ","All traps on lines B and D set upside down. They were marked as disturbed.",
"30d20481-714d-458d-aaad-37cb38675549","ae895282-5d31-40b9-beeb-8321df2fb43f","TREE_027.mammalGrid.mam","D05","TREE","TREE_027","2017-06-27","2017-06-27","NEON.DOC.000481vJ","A C E G and I lines traps set upside down",
"c8431052-8d29-451a-ba93-a92f253158e6","c0c7fae7-3f1f-4934-8bb5-0e8be6db11e0","TREE_028.mammalGrid.mam","D05","TREE","TREE_028","2017-06-28","2017-06-28","NEON.DOC.000481vJ",,
"a5ef3797-3d10-4668-8f41-f6d685eab608","cbd1c08c-7bbc-43f9-aef6-f45762506bac","TREE_016.mammalGrid.mam","D05","TREE","TREE_016","2017-06-28","2017-06-28","NEON.DOC.000481vJ",,
"4168c50e-49a0-4a70-84a2-e31fc594283f","4e3c7339-4894-4747-a7a5-1fe004435804","TREE_019.mammalGrid.mam","D05","TREE","TREE_019","2017-06-28","2017-06-28","NEON.DOC.000481vJ",,
"b8689bb2-3262-49dc-965e-2775a5d2d7de","4831cf30-e2c5-4cf2-a33b-d23949aca85b","TREE_016.mammalGrid.mam","D05","TREE","TREE_016","2017-06-30","2017-06-30","NEON.DOC.000481vJ",,
"065b131e-9713-4c21-8200-596f85a6cf51","0dc7c76e-7efd-4a14-84e1-8fe460cf9b90","TREE_019.mammalGrid.mam","D05","TREE","TREE_019","2017-06-30","2017-06-30","NEON.DOC.000481vJ","Over one third of grid was disturbed by a bear.",
"34e47fea-f0b4-4adf-9e8b-cfa34e57eff1","f5ae43ab-c0c0-42cd-9da7-0f231a09417d","TREE_028.mammalGrid.mam","D05","TREE","TREE_028","2017-06-30","2017-06-30","NEON.DOC.000481vJ",,
