uid,nightuid,namedLocation,domainID,siteID,plotID,collectDate,endDate,samplingProtocolVersion,remarks,dataQF
"2b1bade1-c01d-421b-92db-3d39fa966c49","7C30CB2EDF124DFAB26A3E2ECF1FFA93","GUAN_005.mammalGrid.mam","D04","GUAN","GUAN_005","2016-07-01","2016-07-01","NEON.DOC.000481vH",,
"e19b388d-9306-41fb-813b-47b275110cc7","46027C38949C42C79CD24AC095B88680","GUAN_004.mammalGrid.mam","D04","GUAN","GUAN_004","2016-07-01","2016-07-01","NEON.DOC.000481vH",,
"56af148b-10c3-471b-bfbe-34d9bf92e694","4A0723AEA36A4DA38FBA31B14591382C","GUAN_002.mammalGrid.mam","D04","GUAN","GUAN_002","2016-07-01","2016-07-01","NEON.DOC.000481vH",,
"04c24778-b932-4031-9d6e-c58e2437db3f","9F13611A459247B8ABE9CE8059C5D7DE","GUAN_003.mammalGrid.mam","D04","GUAN","GUAN_003","2016-07-26","2016-07-26","NEON.DOC.000481vH",,
"4a0d2b03-c751-471d-900e-37e35de02f73","9BD1CD0090054707BCE3A30B7A965E1D","GUAN_007.mammalGrid.mam","D04","GUAN","GUAN_007","2016-07-26","2016-07-26","NEON.DOC.000481vH",,
"644dbb79-736f-44bf-8717-e23f9978ffd5","9BBFFE38CD974986BB523EDD22A9B2A3","GUAN_025.mammalGrid.mam","D04","GUAN","GUAN_025","2016-07-26","2016-07-26","NEON.DOC.000481vH","For TagID R1094 the trap coordinate was not found although samples for ear, hair, whisker and blood were taken. Data could not be entered into web ui and will be kept in datasheets.",
"91b93852-ef13-4cd4-8189-8a034306395b","784DAACC3A35492A928C7BF6E2DD2EE1","GUAN_007.mammalGrid.mam","D04","GUAN","GUAN_007","2016-07-27","2016-07-27","NEON.DOC.000481vH",,
"dfdd8cd9-a750-412a-99fa-6233d90948f9","EC1CF5826C994BC5BE8D5A718711144D","GUAN_003.mammalGrid.mam","D04","GUAN","GUAN_003","2016-07-27","2016-07-27","NEON.DOC.000481vH",,
"1346da12-b6fe-4095-ba5b-a6a253e244b2","D733C4F55EDB473686B285CBD5638B95","GUAN_025.mammalGrid.mam","D04","GUAN","GUAN_025","2016-07-27","2016-07-27","NEON.DOC.000481vH",,
"3e286182-e34d-408e-bfd7-b18164eee4a7","0FC46956278E41B786A72D425D7A66AD","GUAN_025.mammalGrid.mam","D04","GUAN","GUAN_025","2016-07-27","2016-07-27","NEON.DOC.000481vH",,
"ee0b4c50-4f99-467e-9d2e-0c2f9dc00078","1C2AB765207A447E832CF902D41014A6","GUAN_003.mammalGrid.mam","D04","GUAN","GUAN_003","2016-07-28","2016-07-28","NEON.DOC.000481vH",,
"6bbaf5fc-6718-4730-ad85-3f4bddf10faa","54B7FC0FE92C4630ABD0236E836DF2A3","GUAN_007.mammalGrid.mam","D04","GUAN","GUAN_007","2016-07-28","2016-07-28","NEON.DOC.000481vH",,
"3f396eac-504d-4af3-a536-d415e5a45f32","73868CD2056F49D3ACFB9049BD7540B3","GUAN_025.mammalGrid.mam","D04","GUAN","GUAN_025","2016-07-28","2016-07-28","NEON.DOC.000481vH",,
"f7a6396c-7204-465a-b1a4-ae3d8cfc05fd","F5FD32C28CCF41D5BCA000FCE7839CCB","GUAN_002.mammalGrid.mam","D04","GUAN","GUAN_002","2016-07-29","2016-07-29","NEON.DOC.000481vH",,
"ab7af704-2302-44a7-afd1-5ea206cdc7ef","96F431D2A08F480FB5F598CEC9164201","GUAN_004.mammalGrid.mam","D04","GUAN","GUAN_004","2016-07-29","2016-07-29","NEON.DOC.000481vH",,
"cc24da18-abe9-424b-8275-0e27a6257de1","3EEA92F1E79D43D3ABA49B80305BA8C8","GUAN_005.mammalGrid.mam","D04","GUAN","GUAN_005","2016-07-29","2016-07-29","NEON.DOC.000481vH",,
