uid,nightuid,namedLocation,domainID,siteID,plotID,collectDate,endDate,samplingProtocolVersion,remarks,dataQF
"caa382dd-44b4-4881-aa08-83c1f4cf5f03","248239a9-ddc3-4321-9c46-29c766870740","YELL_023.mammalGrid.mam","D12","YELL","YELL_023","2018-08-05","2018-08-05","NEON.DOC.000481vK",,
"e779b294-9fec-41f9-993a-2c659a8a40a5","b9982a39-dd87-4fa4-b709-6f9bc4f1c9e3","YELL_031.mammalGrid.mam","D12","YELL","YELL_031","2018-08-05","2018-08-05","NEON.DOC.000481vK",,
"74f283f1-d803-4e45-9b4b-00f330b5fa25","918a2e3b-9e41-47dd-99c6-db9ab11fe50b","YELL_001.mammalGrid.mam","D12","YELL","YELL_001","2018-08-05","2018-08-05","NEON.DOC.000481vK",,
"ba8d0d88-7bd7-4876-842f-c29991e7a7c6","d74f184e-d43d-4d6c-9b7f-77ef409e1ab8","YELL_031.mammalGrid.mam","D12","YELL","YELL_031","2018-08-06","2018-08-06","NEON.DOC.000481vK",,
"c410effb-824b-4f0b-af26-203f1d9ee4ca","72efc564-e62b-43e0-9c33-77984d7ee65b","YELL_001.mammalGrid.mam","D12","YELL","YELL_001","2018-08-06","2018-08-06","NEON.DOC.000481vK",,
"c7743e39-a71e-4ef5-a63f-cdbab76a729f","9ac3f632-b334-49d3-aa48-d55c3f4f3237","YELL_023.mammalGrid.mam","D12","YELL","YELL_023","2018-08-06","2018-08-06","NEON.DOC.000481vK",,
"c11e8940-9b22-460a-8f85-788d51c0edc3","0ae52253-da3c-4fb0-9901-656cd46737d4","YELL_023.mammalGrid.mam","D12","YELL","YELL_023","2018-08-07","2018-08-07","NEON.DOC.000481vK","No cryovial barcodes available",
"fa365f12-0e24-4afd-b0f4-bdea5a95162d","6d3f609f-8206-4ee7-871f-30940b614ab1","YELL_001.mammalGrid.mam","D12","YELL","YELL_001","2018-08-07","2018-08-07","NEON.DOC.000481vK",,
"41d09cd2-1572-4c8d-a3e0-d6936a19b630","51ab730e-25f2-4bb9-ac57-5c6f7793fe66","YELL_031.mammalGrid.mam","D12","YELL","YELL_031","2018-08-07","2018-08-07","NEON.DOC.000481vK",,
"9dbccf9f-f279-49de-b6d0-dd2e0f8e0ca6","599d1e39-6612-4ef4-a453-73a1e2a775d8","YELL_020.mammalGrid.mam","D12","YELL","YELL_020","2018-08-08","2018-08-08","NEON.DOC.000481vK",,
"7c31e837-7344-4049-b174-222c96c8d5ed","66a3b66e-f0b6-4538-a2e5-d0210b2259dd","YELL_032.mammalGrid.mam","D12","YELL","YELL_032","2018-08-08","2018-08-08","NEON.DOC.000481vK","No cryovial barcodes available",
"07085f0c-a17d-4bb0-819e-093951f91d18","8faa71a3-cf13-435d-ba80-c4ddfca6245e","YELL_011.mammalGrid.mam","D12","YELL","YELL_011","2018-08-08","2018-08-08","NEON.DOC.000481vK","No cryovial barcodes available",
