uid,nightuid,namedLocation,domainID,siteID,plotID,collectDate,endDate,samplingProtocolVersion,remarks,dataQF
"4a1fc1df-7829-4d16-a08a-5d36a4be2596","4C2A3A14D35349BBBF0788629B7CF7B2","OSBS_003.mammalGrid.mam","D03","OSBS","OSBS_003","2016-07-06","2016-07-06","NEON.DOC.000481vH",,
"5ee78b3a-2d3b-408b-b2af-7692ee5c2a83","6940897AE1D047B7B57F07B9368D2599","OSBS_004.mammalGrid.mam","D03","OSBS","OSBS_004","2016-07-06","2016-07-06","NEON.DOC.000481vH",,
"bc5621f6-0943-4a32-a775-4edcd0fc5f71","12C7549660DC4F509F6DAEDBD1381793","OSBS_023.mammalGrid.mam","D03","OSBS","OSBS_023","2016-07-06","2016-07-06","NEON.DOC.000481vH",,
"47ab7337-e7f7-4a80-b210-91ee22e58cef","5EEC22A03385461587C0CAC4A902E9F9","OSBS_012.mammalGrid.mam","D03","OSBS","OSBS_012","2016-07-06","2016-07-06","NEON.DOC.000481vH",,
"fa270a18-6315-4d9a-ae10-8760c26e6756","8CA2CA255FCA4814A2979885C0F0DDB1","OSBS_005.mammalGrid.mam","D03","OSBS","OSBS_005","2016-07-07","2016-07-07","NEON.DOC.000481vH",,
"e8e391ee-87cd-4e0a-8cbf-ba453edb0fa3","8C26F483489D492AAAD6075ADE5C7E31","OSBS_004.mammalGrid.mam","D03","OSBS","OSBS_004","2016-07-07","2016-07-07","NEON.DOC.000481vH",,
"baa90ecc-fbf0-4722-bc37-3698891f65bd","0217C88521CB4231AD572F1939DC6CA2","OSBS_023.mammalGrid.mam","D03","OSBS","OSBS_023","2016-07-07","2016-07-07","NEON.DOC.000481vH",,
"01a2f6f4-4386-4b83-a9a8-cc29c6e24e36","D6C3D8E0BF02475FA25FEDBF50A5CC12","OSBS_003.mammalGrid.mam","D03","OSBS","OSBS_003","2016-07-07","2016-07-07","NEON.DOC.000481vH",,
"df930dc7-20b4-4670-b265-6e3a8b1ccaf9","900333A85EC94920BA36CEAB3B19C49F","OSBS_002.mammalGrid.mam","D03","OSBS","OSBS_002","2016-07-08","2016-07-08","NEON.DOC.000481vH",,
"32c881e3-dfef-4ee0-b169-4a85cafd7fe9","0947745F64B7403A91FEF3BA95A5F924","OSBS_004.mammalGrid.mam","D03","OSBS","OSBS_004","2016-07-08","2016-07-08","NEON.DOC.000481vH",,
"703e4af1-2a8f-426e-b7b5-8b8a48c5ec6f","FB19E69AFFF34834966ED94224DF85E7","OSBS_003.mammalGrid.mam","D03","OSBS","OSBS_003","2016-07-08","2016-07-08","NEON.DOC.000481vH",,
"ab67c5b3-ab0b-46dd-aa96-3423074ecf70","65FEE2103E3D4F1E89AFE3B3D10DD2BC","OSBS_023.mammalGrid.mam","D03","OSBS","OSBS_023","2016-07-08","2016-07-08","NEON.DOC.000481vH",,
