uid,nightuid,namedLocation,domainID,siteID,plotID,collectDate,endDate,samplingProtocolVersion,remarks,dataQF
"29d278aa-ccba-46be-b780-93e368f8cf96","095e15b1-f8a0-4b78-8303-ef1ed16e4bb8","OSBS_003.mammalGrid.mam","D03","OSBS","OSBS_003","2017-05-23","2017-05-23",,,
"8bfce999-b223-4d59-9d13-11d329d4b0f2","dbcc9a30-1842-44fd-9fb2-08858c9b11bf","OSBS_012.mammalGrid.mam","D03","OSBS","OSBS_012","2017-05-23","2017-05-23",,,
"7a124ee3-c415-4482-a8c3-72ed2ff1c5f2","fbd1e921-cb23-40eb-a2e7-19582760f40b","OSBS_004.mammalGrid.mam","D03","OSBS","OSBS_004","2017-05-23","2017-05-23",,,
"1a78ccbc-48a6-4950-aa9a-36588c355be6","d22eed25-124e-4789-b3aa-99f735c6e73f","OSBS_023.mammalGrid.mam","D03","OSBS","OSBS_023","2017-05-23","2017-05-23",,,
"e7fe19d1-db6b-42c5-ac35-093c50fcc896","2d5faf1c-5f02-41b5-9b86-00a2590a2d4b","OSBS_002.mammalGrid.mam","D03","OSBS","OSBS_002","2017-05-24","2017-05-24","NEON.DOC.000481vG","Traps closed quickly due to lightening atom",
"d756476e-7dc2-4c1b-9a9b-c310fc69eea4","4f96c5fa-cb72-44e4-a535-3c74070157ff","OSBS_004.mammalGrid.mam","D03","OSBS","OSBS_004","2017-05-24","2017-05-24",,"Lots of traps filled with dirt from heavy rain",
"5347e90a-4fe6-405a-869e-4afec3d07317","77567cd0-3d35-4a48-a919-7c3881326189","OSBS_023.mammalGrid.mam","D03","OSBS","OSBS_023","2017-05-24","2017-05-24",,,
"5b57cb86-0940-461c-9f2f-25db29c936a7","3ebee56b-3a13-427a-945c-d0d2e06db6df","OSBS_003.mammalGrid.mam","D03","OSBS","OSBS_003","2017-05-24","2017-05-24",,"Did not take samples due to storm",
"66131ade-51ec-433a-959c-af1056cfaba4","a5bcf558-8c44-4bbc-aaf2-eb8e67a6c707","OSBS_003.mammalGrid.mam","D03","OSBS","OSBS_003","2017-05-26","2017-05-26",,,
"4cdb4074-49eb-4eab-a1a3-1c572ce47479","a5bcf558-8c44-4bbc-aaf2-eb8e67a6c707","OSBS_003.mammalGrid.mam","D03","OSBS","OSBS_003","2017-05-26","2017-05-26",,,
"a4ac76ff-7ffa-4941-970a-caaa265c995e","5e65abd9-48d5-4925-90f3-558a02a3c2fb","OSBS_023.mammalGrid.mam","D03","OSBS","OSBS_023","2017-05-26","2017-05-26",,,
"4da4b86f-1c7f-4b7c-952d-521f6055542c","eeb5940f-f394-4b12-a070-a6e9d5d66618","OSBS_004.mammalGrid.mam","D03","OSBS","OSBS_004","2017-05-26","2017-05-26",,,
"d96cdaf4-0206-411d-a4dc-a87f8ecb5612","cb5de495-f41c-4bcf-a01b-8fe6a3cd17cf","OSBS_005.mammalGrid.mam","D03","OSBS","OSBS_005","2017-05-26","2017-05-26",,,
