uid,nightuid,namedLocation,domainID,siteID,plotID,collectDate,endDate,samplingProtocolVersion,remarks,dataQF
"9303c7d6-1536-4557-b1ac-a1823a12c978","35CFAEB0E8FD4BEEB6A25C082C32C786","SCBI_008.mammalGrid.mam","D02","SCBI","SCBI_008","2015-04-14","2015-04-14",,,
"c0eefbb3-3069-44da-a524-aa2bf3ed80e9","5C5AC0169FF24CA3B83C351B3CCB3096","SCBI_035.mammalGrid.mam","D02","SCBI","SCBI_035","2015-04-14","2015-04-14",,,
"23c2dbf0-8a41-49c2-af19-9ca3770d1300","114FCD09F89D46C99D440B362712865C","SCBI_008.mammalGrid.mam","D02","SCBI","SCBI_008","2015-04-15","2015-04-15",,,
"244a3814-0fa2-4c73-bfda-f93fda29aa51","0ABABB56926844E199C61CB3FFCCD7EB","SCBI_035.mammalGrid.mam","D02","SCBI","SCBI_035","2015-04-15","2015-04-15",,,
"864658aa-ed07-4ccf-b1bd-02503446b46e","274006C420BE441380EE67ABE7B7B15B","SCBI_002.mammalGrid.mam","D02","SCBI","SCBI_002","2015-04-16","2015-04-16",,,
"e6d4bc84-1e68-4d5b-9321-9b1f5616c975","E311AC65F0764288BF51B48B4678A6BA","SCBI_008.mammalGrid.mam","D02","SCBI","SCBI_008","2015-04-16","2015-04-16",,,
"281ae3a1-40c5-4492-8437-e91f1f30cf84","228989E2C9434FE0A6040B9BC4556B87","SCBI_035.mammalGrid.mam","D02","SCBI","SCBI_035","2015-04-16","2015-04-16",,,
"65619b48-fc40-4fee-b7fb-971af02553a5","F989D45960D1411C89CC254FDBED9BA1","SCBI_003.mammalGrid.mam","D02","SCBI","SCBI_003","2015-04-17","2015-04-17",,,
"30a60b47-b1a9-4cfd-97fb-469906bc9ea6","08F85015F361430594BC91910130E4B1","SCBI_002.mammalGrid.mam","D02","SCBI","SCBI_002","2015-04-17","2015-04-17",,,
"78dd7e26-efcc-4cca-b21b-357071feb0d5","16C6922429D34E04B3B4266D6CB7FE49","SCBI_004.mammalGrid.mam","D02","SCBI","SCBI_004","2015-04-18","2015-04-18",,,
"9ab52d5e-07cb-4ae6-afab-2c0d58d6aef8","D1EB3C7B69F048A48BDDF0B197C11C79","SCBI_039.mammalGrid.mam","D02","SCBI","SCBI_039","2015-04-18","2015-04-18",,,
"e1595a98-5d1d-4085-9512-fef9b26ee1b2","96810D696FAD46BDAC92673963BD635F","SCBI_002.mammalGrid.mam","D02","SCBI","SCBI_002","2015-04-18","2015-04-18",,,
