uid,nightuid,namedLocation,domainID,siteID,plotID,collectDate,endDate,samplingProtocolVersion,remarks,dataQF
"8ebe0ce4-2538-49f9-af00-f002aaa1bd9c","41ab4f95-1b4f-4a13-bacc-87e686a9f462","NIWO_005.mammalGrid.mam","D13","NIWO","NIWO_005","2018-08-13","2018-08-13","NEON.DOC.000481vK",,
"498cf094-3ada-4d8c-abf3-41a022ca2555","19e1410f-8429-4794-824e-c7e8445288c1","NIWO_023.mammalGrid.mam","D13","NIWO","NIWO_023","2018-08-13","2018-08-13","NEON.DOC.000481vK",,
"41413a87-213d-4716-9bcf-9404b52feaf0","330a8393-4619-4e31-9fbf-91a34bd6abff","NIWO_002.mammalGrid.mam","D13","NIWO","NIWO_002","2018-08-13","2018-08-13","NEON.DOC.000481vK",,
"769a0148-2ff9-4458-8465-e67637fecc8a","b86dbc36-74f5-4a55-975c-0cbc62bae4e4","NIWO_007.mammalGrid.mam","D13","NIWO","NIWO_007","2018-08-13","2018-08-13","NEON.DOC.000481vK",,
"70e14d84-bdea-46a9-a1c1-8596e423f8ff","eb626d34-254b-4400-adc3-e645dbc5710d","NIWO_007.mammalGrid.mam","D13","NIWO","NIWO_007","2018-08-14","2018-08-14","NEON.DOC.000481vK",,
"4884670b-c3f3-4aad-ae62-fa816917e577","82152dc2-e9ab-4245-9883-7f6eaa2a442b","NIWO_023.mammalGrid.mam","D13","NIWO","NIWO_023","2018-08-14","2018-08-14","NEON.DOC.000481vK",,
"54828643-849d-4bcf-92e9-8a91b9465dea","96fdb7dc-7ff4-46f8-9bb8-0decbf189035","NIWO_002.mammalGrid.mam","D13","NIWO","NIWO_002","2018-08-14","2018-08-14","NEON.DOC.000481vK",,
"f7f74d84-17e6-44e4-8256-2e1157b5ca44","d78208c3-da8a-4dbb-9d6f-1dd99d1e5cb2","NIWO_025.mammalGrid.mam","D13","NIWO","NIWO_025","2018-08-14","2018-08-14","NEON.DOC.000481vK",,
"c17345ff-8518-4d1c-93a2-8c395fd945c9","38964589-4a49-47b8-a30c-2984613805dd","NIWO_001.mammalGrid.mam","D13","NIWO","NIWO_001","2018-08-14","2018-08-14","NEON.DOC.000481vK",,
"cb3921ee-428b-4067-8285-abc30684ffe7","e829d1f8-8e3b-44d1-aa70-1e3245f37832","NIWO_007.mammalGrid.mam","D13","NIWO","NIWO_007","2018-08-15","2018-08-15","NEON.DOC.000481vK",,
"1799f93a-d53a-44de-b657-c922e0d9496c","d6d86356-ebfc-40e5-9647-f3146a1af787","NIWO_002.mammalGrid.mam","D13","NIWO","NIWO_002","2018-08-15","2018-08-15","NEON.DOC.000481vK",,
"ea86c557-83bb-4c7e-9d6d-914e18d14041","d17e1882-26b3-48a4-9738-329412a38e5b","NIWO_023.mammalGrid.mam","D13","NIWO","NIWO_023","2018-08-15","2018-08-15","NEON.DOC.000481vK",,
