uid,nightuid,namedLocation,domainID,siteID,plotID,collectDate,endDate,samplingProtocolVersion,remarks,dataQF
"6f6abc5e-047e-4516-9c75-a21b26333a33","1610b219-e6d3-4a63-9ee2-6cfca0fb5051","DCFS_006.mammalGrid.mam","D09","DCFS","DCFS_006","2018-07-02","2018-07-02","NEON.DOC.000481vK",,
"987853bc-b6ba-40eb-a39f-13ff2887349b","6fd916c3-1eba-4be4-b4e7-5d4a13c570b8","DCFS_003.mammalGrid.mam","D09","DCFS","DCFS_003","2018-07-02","2018-07-02","NEON.DOC.000481vK","G09 G10 H09 H10 and all of I and J lines not set due to lightning.",
"2cb804de-7c2e-4eab-bf6d-d3d23e12626d","ba3a1ba5-edea-4c20-b7b3-b94c97944eea","DCFS_014.mammalGrid.mam","D09","DCFS","DCFS_014","2018-07-02","2018-07-02","NEON.DOC.000481vK",,
"b9404faf-8435-4b86-a085-8439fb319ad6","d0e35463-b76e-4f48-9cca-6eb040636291","DCFS_009.mammalGrid.mam","D09","DCFS","DCFS_009","2018-07-02","2018-07-02","NEON.DOC.000481vK",,
"559ce882-5124-4e67-8344-01225e3f86a8","79e0a151-89b3-4fc7-9d72-3c69f0010d42","DCFS_014.mammalGrid.mam","D09","DCFS","DCFS_014","2018-07-03","2018-07-03","NEON.DOC.000481vK",,
"9c50dfdd-4631-4b67-be2c-1944ad80df89","1bbde446-66e3-4637-b904-854e8734c87e","DCFS_004.mammalGrid.mam","D09","DCFS","DCFS_004","2018-07-03","2018-07-03","NEON.DOC.000481vK",,
"5269fc11-f0d3-4990-ae2e-e93c2d03d216","38162156-a18f-4514-a332-c1e303ade259","DCFS_006.mammalGrid.mam","D09","DCFS","DCFS_006","2018-07-03","2018-07-03","NEON.DOC.000481vK",,
"cba47f81-e8d7-425a-b75d-3fc12895c09b","7a4f731c-0d0b-496c-9d49-cdef2570fae1","DCFS_003.mammalGrid.mam","D09","DCFS","DCFS_003","2018-07-03","2018-07-03","NEON.DOC.000481vK","High wind storm prior to pick up",
"92aad064-411b-427d-b5ac-6d582862bc4e","48a7d472-d6e8-470c-baa8-8772344acb42","DCFS_014.mammalGrid.mam","D09","DCFS","DCFS_014","2018-07-04","2018-07-04","NEON.DOC.000481vK",,
"8fd69892-fcb5-41fe-9a15-0edada34d809","f271dc6b-c442-4289-969c-bdebde3e31ee","DCFS_020.mammalGrid.mam","D09","DCFS","DCFS_020","2018-07-04","2018-07-04","NEON.DOC.000481vK",,
"55652546-be62-44d5-9ddf-48c5a806f554","557b1270-1ce2-4257-9772-d805a75a9177","DCFS_003.mammalGrid.mam","D09","DCFS","DCFS_003","2018-07-04","2018-07-04","NEON.DOC.000481vK",,
"61277874-e4fa-4232-8cf1-2650351af7f9","2e516a4e-a178-4c4c-b0a4-3f87ce3e01df","DCFS_006.mammalGrid.mam","D09","DCFS","DCFS_006","2018-07-04","2018-07-04","NEON.DOC.000481vK",,
