uid,nightuid,namedLocation,domainID,siteID,plotID,collectDate,endDate,samplingProtocolVersion,remarks,dataQF
"6546d3b6-929d-4997-89a7-088ee7754a25","703FAD8F62D749FE99E34AEF0E9EFEE1","GRSM_014.mammalGrid.mam","D07","GRSM","GRSM_014","2015-07-14","2015-07-14",,"used NEON.DOC.000481vG; due to dangerous weather, all captured individuals were released on site",
"7962a308-1973-4b2a-b1a3-dfa8216070e5","D3D29224029F424091576C66DC5F64F3","GRSM_013.mammalGrid.mam","D07","GRSM","GRSM_013","2015-07-14","2015-07-14",,"used NEON.DOC.000481vG",
"8d52584a-7750-450e-8c66-5947ecaa989d","6E67DEA23B0D47F090197B4A1AB68DB7","GRSM_020.mammalGrid.mam","D07","GRSM","GRSM_020","2015-07-15","2015-07-15",,"used NEON.DOC.000481vG",
"be540aff-1f57-46fb-895c-7e4950d2809d","6A0C9364CD6C402A9C70EAA76E8E55A3","GRSM_033.mammalGrid.mam","D07","GRSM","GRSM_033","2015-07-15","2015-07-15",,"used NEON.DOC.000481vG",
"1bfcf3e9-b859-47a9-ae0c-b3759ae7d570","C58A544ACFC54E50B2921664B5C3585D","GRSM_015.mammalGrid.mam","D07","GRSM","GRSM_015","2015-07-15","2015-07-15",,"used NEON.DOC.000481vG",
"f05ade68-95c2-43f2-ac5f-cb833af78140","C38A3C0AF2F14E34B4F3DED10F4756A2","GRSM_020.mammalGrid.mam","D07","GRSM","GRSM_020","2015-07-16","2015-07-16",,"used NEON.DOC.000481vG",
"ec75cbb4-1719-425e-b979-75f34445c837","B89CA38D0A3049BD97BFCA497EC9A135","GRSM_033.mammalGrid.mam","D07","GRSM","GRSM_033","2015-07-16","2015-07-16",,"used NEON.DOC.000481vG",
"b64d3da1-a267-431f-a7a4-288343a149d3","E3D94DEB610547CEA93A0FCCB154BFFD","GRSM_020.mammalGrid.mam","D07","GRSM","GRSM_020","2015-07-17","2015-07-17",,"used NEON.DOC.000481vG",
