uid,nightuid,namedLocation,domainID,siteID,plotID,collectDate,endDate,samplingProtocolVersion,remarks,dataQF
"dca3b27f-9395-4486-8b1f-f5ec10ff4aaa","9A524DAC6E6C4A68BBB368A7DC9CA9EF","WOOD_001.mammalGrid.mam","D09","WOOD","WOOD_001","2015-07-13","2015-07-13",,,
"4d49e7ea-9860-4869-aa12-ba52ca5f97df","57D67ADBE6464944AD8C6A57B67E764F","WOOD_006.mammalGrid.mam","D09","WOOD","WOOD_006","2015-07-13","2015-07-13",,,
"21a1454b-5a52-4482-bb5c-6c3f79ab15ec","063E25CF064F4FF6A5E0A29D09FC5645","WOOD_015.mammalGrid.mam","D09","WOOD","WOOD_015","2015-07-13","2015-07-13",,"Lines C and D not set because of weather.",
"a59aa022-0bd0-4be6-b8f7-3e5664bb8a5f","59A7378DB2424B09B5F3A6F20A45627F","WOOD_001.mammalGrid.mam","D09","WOOD","WOOD_001","2015-07-14","2015-07-14",,,
"6ea818a5-6124-4abb-8ca3-c0772a7e2fa0","0EFFB33D715740DAA58BE66FD012BA29","WOOD_002.mammalGrid.mam","D09","WOOD","WOOD_002","2015-07-14","2015-07-14",,,
"c20c9b52-c18a-4028-8aec-f0e052f7a605","D31F0A26EB364E2BA5928B255446DD3D","WOOD_009.mammalGrid.mam","D09","WOOD","WOOD_009","2015-07-14","2015-07-14",,,
"a28b2dc8-b9f8-4be6-aa43-234f142da36c","40219E4D92B74BBBA41718E439B4B97F","WOOD_001.mammalGrid.mam","D09","WOOD","WOOD_001","2015-07-15","2015-07-15",,,
"bb17979a-d100-4511-82f1-89619bc4aca7","8A16D2BBBE9F440BA2B635A1B37DEF80","WOOD_011.mammalGrid.mam","D09","WOOD","WOOD_011","2015-07-15","2015-07-15",,"5 captured animals released without processing due to incoming storm",
"15867f98-dbd4-484f-97b3-8c6377765a10","7A86CAA0D2EF4578A7CF71FB915275BF","WOOD_009.mammalGrid.mam","D09","WOOD","WOOD_009","2015-07-15","2015-07-15",,,
"777f251b-4e25-42a8-be1d-ed125dde7312","AA8B7E35A996481DB182C2B627BADD4F","WOOD_002.mammalGrid.mam","D09","WOOD","WOOD_002","2015-07-15","2015-07-15",,,
"c06de207-6eb9-4049-89ee-2e0e95a55d2b","CD296E0E214445779A1D1E6E78DE5A2B","WOOD_002.mammalGrid.mam","D09","WOOD","WOOD_002","2015-07-16","2015-07-16",,"Line 8 right ear torn E01",
"46b69fed-c74d-4080-959d-4c9711b1ba91","8A3DF9AD23BB45ADAA21425A918A02B8","WOOD_009.mammalGrid.mam","D09","WOOD","WOOD_009","2015-07-16","2015-07-16",,,
"098ca1c5-9ab8-43af-9dd6-206a8d7be200","66966E5820A44D1F8516ABE1BAB8CFCD","WOOD_013.mammalGrid.mam","D09","WOOD","WOOD_013","2015-07-16","2015-07-16",,"Plot not set / not processed due to weather and time constraints.",
"1a15f656-abde-4008-8c49-ec84e3bcaba2","0E9D5E1FF47A468BA3AAF9128474AFF2","WOOD_008.mammalGrid.mam","D09","WOOD","WOOD_008","2015-07-16","2015-07-16",,"Inclement weather prevented grid from being opened.",
"ed7f8c54-d174-4206-a400-98e5d6bd87ba","27574E75329144AAA92D74563B029F3F","WOOD_008.mammalGrid.mam","D09","WOOD","WOOD_008","2015-07-16","2015-07-16",,"Plot not sampled / not processed due to weather and time constraints.",
"d5f3097a-5bdb-44d4-8d95-049b95664aef","4FA9735F567F4AAE8DA5D513477DACCC","WOOD_013.mammalGrid.mam","D09","WOOD","WOOD_013","2015-07-16","2015-07-16",,"Inclement weather prevented grid from being opened.",
