uid,nightuid,namedLocation,domainID,siteID,plotID,collectDate,endDate,samplingProtocolVersion,remarks,dataQF
"2388f0c4-f5a7-463b-aa91-95a4098773b3","EDF1608D2CD74D65B42F3BEDB0976AF9","JERC_005.mammalGrid.mam","D03","JERC","JERC_005","2014-05-20","2014-05-20",,"All captures released. Arrived at site after 10 am.",
"da16921f-b275-4437-8c5a-efc7fb8cce8f","B231C5EC95704AA7B1BD1DF7382D5C22","JERC_009.mammalGrid.mam","D03","JERC","JERC_009","2014-05-20","2014-05-20",,"Did not bleed plot 9.",
"bdcd234e-7054-43e1-893e-3807ed9e1133","EDF99CC2900149F2956EA6744CD3C7AE","JERC_006.mammalGrid.mam","D03","JERC","JERC_006","2014-05-20","2014-05-20",,,
"45446a26-4c7e-4be8-affe-d3e7b5ba0c3e","A00131E24BCA46A4BBD5933B8C8D0ED7","JERC_009.mammalGrid.mam","D03","JERC","JERC_009","2014-05-21","2014-05-21",,,
"2666bd76-0f2c-43f4-a19b-e672fa27fbb2","B86ED241CCEC4E8A94C5079D1AD1931F","JERC_006.mammalGrid.mam","D03","JERC","JERC_006","2014-05-21","2014-05-21",,,
"85eacbe4-1775-4832-82b6-a164f5eb73ac","D8DB58CDCAF94B98984CA8A95773C3F6","JERC_009.mammalGrid.mam","D03","JERC","JERC_009","2014-05-22","2014-05-22",,,
"1daa6a69-fd94-4258-8b8c-f28444bb9216","BBE448A2949E4B22A2C91DF43465D5C7","JERC_006.mammalGrid.mam","D03","JERC","JERC_006","2014-05-22","2014-05-22",,,
"5b6cbb05-2412-4c32-8204-b878c90ab3ff","5FA59CEC49E84E909EE5B16CABD1182B","JERC_019.mammalGrid.mam","D03","JERC","JERC_019","2014-05-28","2014-05-28",,,
"787fb973-da1a-4d0c-874f-9cf58d294050","B971DB16932F49229852562CF1CA44C7","JERC_002.mammalGrid.mam","D03","JERC","JERC_002","2014-05-28","2014-05-28",,,
"11e835f7-8348-4834-a79d-de4f781b5fdb","129801BD686C4BD2A5C989737EB83EF0","JERC_005.mammalGrid.mam","D03","JERC","JERC_005","2014-05-28","2014-05-28",,,
"8c59d682-596d-4ae2-9432-6ed7d05d0e9d","DD3FBADDF958425FA77D6EC9D31DB382","JERC_003.mammalGrid.mam","D03","JERC","JERC_003","2014-05-28","2014-05-28",,,
"e9d9f087-e685-4852-bf3c-88ac2fa82e7c","0C43385D34044952B55372F1E5F17DF8","JERC_019.mammalGrid.mam","D03","JERC","JERC_019","2014-05-28","2014-05-28",,,
"2ccb54cc-67df-443e-bb0e-d85827a79b07","E6462802308A41BC851900E7992A71E7","JERC_003.mammalGrid.mam","D03","JERC","JERC_003","2014-05-29","2014-05-29",,,
"df056ec5-c2ee-4538-b570-757823d3d3bf","26DC83B2330B4D7A982520D3B10978D6","JERC_002.mammalGrid.mam","D03","JERC","JERC_002","2014-05-29","2014-05-29",,,
"5d1a4e88-1046-425e-9aef-e86dec4e7fef","2A10B541AA8E4A3D9047E5D16CFCB0EC","JERC_005.mammalGrid.mam","D03","JERC","JERC_005","2014-05-29","2014-05-29",,,
"8b991890-1f61-4bba-8342-e454929b3d47","F059D58B31564565B0B2E642D319DCEF","JERC_019.mammalGrid.mam","D03","JERC","JERC_019","2014-05-29","2014-05-29",,,
"7b84b127-34e0-4cd6-9a0d-0f4ced870a78","3310E8047F0A449FB29806D8986C500A","JERC_005.mammalGrid.mam","D03","JERC","JERC_005","2014-05-30","2014-05-30",,,
"3bd4f1e3-a46b-4393-b614-470788c6eb8e","D8B76AD2E4EB4508AFE252CE05539925","JERC_003.mammalGrid.mam","D03","JERC","JERC_003","2014-05-30","2014-05-30",,,
"0068fda4-5619-4d24-8e84-b1df58f33eee","31164D8C8C6346DB860A16B72054F05D","JERC_002.mammalGrid.mam","D03","JERC","JERC_002","2014-05-30","2014-05-30",,,
"3cc0e6b7-e830-46cd-8df3-b4f1f4be9a63","B0A1675459F8416B9F4CD520A0B219D1","JERC_019.mammalGrid.mam","D03","JERC","JERC_019","2014-05-30","2014-05-30",,,
