uid,nightuid,namedLocation,domainID,siteID,plotID,collectDate,endDate,samplingProtocolVersion,remarks,dataQF
"a6144b4d-9ce5-45ea-8199-41f89e180b93","6d6e06be-c5f7-452d-95a3-cc613092605c","MOAB_003.mammalGrid.mam","D13","MOAB","MOAB_003","2017-04-20","2017-04-20","NEON.DOC.000481vJ",,
"b568c9fd-3079-401b-bb0f-5d31267b88d2","e0f2adf8-e619-4761-a95e-bf5f2eefb43a","MOAB_003.mammalGrid.mam","D13","MOAB","MOAB_003","2017-04-21","2017-04-21","NEON.DOC.000481vJ",,
"b5032910-24f5-4424-99a6-d628cc533482","cc435e8a-294c-4fd5-ac46-188544347542","MOAB_003.mammalGrid.mam","D13","MOAB","MOAB_003","2017-04-22","2017-04-22","NEON.DOC.000481vJ",,
"8b219793-625c-4b31-b49f-acc270125bf1","4450862c-27d3-4452-a149-f9d48ee20f73","MOAB_025.mammalGrid.mam","D13","MOAB","MOAB_025","2017-04-23","2017-04-23","NEON.DOC.000481vJ",,
"6544b512-f03e-47da-9cde-74fdacac19ad","2e24cece-4d80-45f9-b23f-2307e129e0ba","MOAB_006.mammalGrid.mam","D13","MOAB","MOAB_006","2017-04-23","2017-04-23","NEON.DOC.000481vJ",,
"65648f7b-d178-45dc-9edb-833a6c8b394f","0db0c38a-dc3f-435f-9f1a-189332699c06","MOAB_002.mammalGrid.mam","D13","MOAB","MOAB_002","2017-04-23","2017-04-23","NEON.DOC.000481vJ",,
"b3648f95-fb79-4df1-9f3f-3228148a020b","e08032ed-82a1-4f55-92ab-3829b8ab54f9","MOAB_006.mammalGrid.mam","D13","MOAB","MOAB_006","2017-04-24","2017-04-24",,,
"dc5b97f5-d2ba-4218-86be-f0c684379f99","7060ed42-3e69-400d-b411-97a50d95c5c8","MOAB_009.mammalGrid.mam","D13","MOAB","MOAB_009","2017-04-24","2017-04-24","NEON.DOC.000481vJ",,
"f6f41206-0260-4bb8-9348-fe40edaf9365","d0c000bf-bff6-421a-b2d9-3c487502548b","MOAB_025.mammalGrid.mam","D13","MOAB","MOAB_025","2017-04-24","2017-04-24",,,
"5e108a9d-6ee7-4822-ad22-21ca8abcf6c9","e3c600ff-a858-47cb-920e-cbc4584950e9","MOAB_025.mammalGrid.mam","D13","MOAB","MOAB_025","2017-04-25","2017-04-25","NEON.DOC.000481vJ",,
"6b3ebac5-add7-4a8a-9060-e7ceec57a962","4dad25a0-0983-4287-b33d-13250c2826f2","MOAB_006.mammalGrid.mam","D13","MOAB","MOAB_006","2017-04-25","2017-04-25",,,
"1588ef9b-0f7a-4417-8de2-47250c509176","714c0596-0a66-4c3c-941e-36f0468562b5","MOAB_004.mammalGrid.mam","D13","MOAB","MOAB_004","2017-04-25","2017-04-25",,,
