uid,nightuid,namedLocation,domainID,siteID,plotID,collectDate,endDate,samplingProtocolVersion,remarks,dataQF
"be4cef41-0a90-48c5-a37a-2f6e1cc99522","60913b46-63be-4316-bb3c-94701d02e8ad","SCBI_008.mammalGrid.mam","D02","SCBI","SCBI_008","2019-03-27","2019-03-27","NEON.DOC.000481vK",,
"3ef8ac7b-85d2-49a7-933d-1a867f168b39","6e3bfb77-192b-44de-b64a-38359c29f6b5","SCBI_035.mammalGrid.mam","D02","SCBI","SCBI_035","2019-03-27","2019-03-27","NEON.DOC.000481vK",,
"663b767d-b561-4b56-bace-c000c0ce143f","08e0d407-6c55-409c-a224-a99cb5f36f1e","SCBI_002.mammalGrid.mam","D02","SCBI","SCBI_002","2019-03-27","2019-03-27","NEON.DOC.000481vK","Closed plot for high disturbance",
"879d59fe-ee73-4a1a-ae9c-25c654929d83","4686a8f1-f45d-4d72-88a3-593d345c7083","SCBI_002.mammalGrid.mam","D02","SCBI","SCBI_002","2019-03-28","2019-03-28","NEON.DOC.000481vK","plot closed due to high disturbance",
"eb0355d1-9599-4a5f-9677-cd21f4a8c28b","841e0a6c-27a8-43f5-a977-183fab46afaf","SCBI_004.mammalGrid.mam","D02","SCBI","SCBI_004","2019-03-28","2019-03-28","NEON.DOC.000481vK",,
"20f149f4-cd11-4fe4-be76-a64601c73e16","5a1ce0f8-0fcc-4580-add1-952db01d2f3a","SCBI_035.mammalGrid.mam","D02","SCBI","SCBI_035","2019-03-28","2019-03-28","NEON.DOC.000481vK",,
"c4e1fd61-e971-49e5-af63-232d65a69aca","41e79444-3471-465d-b585-7235d09456f5","SCBI_008.mammalGrid.mam","D02","SCBI","SCBI_008","2019-03-28","2019-03-28","NEON.DOC.000481vK",,
"135acfde-6687-4c7a-a8b5-1781f0e80876","39ffff46-8659-4c5f-ad8d-65fb49d4b0b7","SCBI_016.mammalGrid.mam","D02","SCBI","SCBI_016","2019-03-29","2019-03-29","NEON.DOC.000481vL",,
"57c32d81-621d-4d1e-8f45-e25baecc9695","70e47c40-4174-4798-be0c-b9a91d833de6","SCBI_002.mammalGrid.mam","D02","SCBI","SCBI_002","2019-03-29","2019-03-29","NEON.DOC.000481vL","plot closed early for disturbance",
"e84e003a-2623-435d-8993-c624e0032bf5","7e1faa09-43fd-4d19-866c-2c3b0abe25b8","SCBI_008.mammalGrid.mam","D02","SCBI","SCBI_008","2019-03-29","2019-03-29","NEON.DOC.000481vK",,
"f540c99b-0603-4d46-8e04-3724d39d7ce6","c8c78fcd-93c8-4689-94e5-ffa70698cf3d","SCBI_035.mammalGrid.mam","D02","SCBI","SCBI_035","2019-03-29","2019-03-29","NEON.DOC.000481vK",,
"abd68672-2070-4181-94f5-a7ba91d455cc","ce4250bc-3940-4ea1-bf9c-70c96c996910","SCBI_003.mammalGrid.mam","D02","SCBI","SCBI_003","2019-03-30","2019-03-30","NEON.DOC.000481vK",,
