uid,nightuid,namedLocation,domainID,siteID,plotID,collectDate,endDate,samplingProtocolVersion,remarks,dataQF
"b61ad8b3-0873-4377-8fac-a5d9c8e013cc","68B72DFCF631466E9903B0D259B35F15","ORNL_002.mammalGrid.mam","D07","ORNL","ORNL_002","2016-07-06","2016-07-06","NEON.DOC.000481vH",,
"3d539027-0f12-4a25-99c6-467b0646470e","210BD64CDE684659A07A8B940C6B1035","ORNL_003.mammalGrid.mam","D07","ORNL","ORNL_003","2016-07-06","2016-07-06","NEON.DOC.000481vH",,
"5f08257d-b650-461f-b602-760e1f86b5f3","2063136094AC4531B29A1627A1440C0B","ORNL_001.mammalGrid.mam","D07","ORNL","ORNL_001","2016-07-06","2016-07-06","NEON.DOC.000481vH",,
"1f964b44-cc19-42a6-8cd1-beb25d724634","777B10B06BCC48D4B7720D10102E7B41","ORNL_002.mammalGrid.mam","D07","ORNL","ORNL_002","2016-07-07","2016-07-07","NEON.DOC.000481vH",,
"66d00648-7abf-4f61-a7e2-f1676c555e13","2BBEB96B38F8461B8F32832A55536216","ORNL_003.mammalGrid.mam","D07","ORNL","ORNL_003","2016-07-07","2016-07-07","NEON.DOC.000481vH",,
"4d58927b-c89a-49b9-810e-9f7890742e2a","B47038DADA1F40F18441EE260399EEE8","ORNL_001.mammalGrid.mam","D07","ORNL","ORNL_001","2016-07-07","2016-07-07","NEON.DOC.000481vH",,
"af7b9ff4-3fe1-4fd2-bac1-24d9b7cd342a","44ED0DD715E240BEBAFEB535AB4B6AD9","ORNL_001.mammalGrid.mam","D07","ORNL","ORNL_001","2016-07-08","2016-07-08","NEON.DOC.000481vH",,
"6fd44064-9f20-41de-8032-3408bfb26be0","E034A46800F04A45B5FA874DC1D941A4","ORNL_039.mammalGrid.mam","D07","ORNL","ORNL_039","2016-07-08","2016-07-08","NEON.DOC.000481vH","due to unsafe weather not all traps were set",
"edb12259-be44-4402-96f8-f50e6c3e6f50","A9FF9F8321F841C086D128C45814CE52","ORNL_007.mammalGrid.mam","D07","ORNL","ORNL_007","2016-07-08","2016-07-08","NEON.DOC.000481vH",,
"c59625c5-9112-4852-af32-b14a0d185cb6","E0E94FB510C1414EA01CBFCA0F4BBFEB","ORNL_002.mammalGrid.mam","D07","ORNL","ORNL_002","2016-07-08","2016-07-08","NEON.DOC.000481vH",,
"fe326c58-21b4-466f-8d8f-75bde4c45883","E9AF71D27AA74964A979103786B2036E","ORNL_003.mammalGrid.mam","D07","ORNL","ORNL_003","2016-07-08","2016-07-08","NEON.DOC.000481vH",,
"06148743-a507-435d-a49e-6bcbe33f5432","1A59CB0B1BC24B4186E03E5B7BC16C20","ORNL_027.mammalGrid.mam","D07","ORNL","ORNL_027","2016-07-08","2016-07-08","NEON.DOC.000481vH",,
"3bd046e2-fbc1-4393-971f-fcbeefdb1489","02CF63626F5F4D2A91AB690502E6F921","ORNL_002.mammalGrid.mam","D07","ORNL","ORNL_002","2016-07-26","2016-07-26","NEON.DOC.000481vH",,
"ddded905-4903-4851-b9f2-b0fcce761d8c","E526C6543F4B4A4B8CD334FFED48998F","ORNL_001.mammalGrid.mam","D07","ORNL","ORNL_001","2016-07-26","2016-07-26","NEON.DOC.000481vH",,
"b76acdfd-40b4-4699-a354-94239fca793b","6F83CE9E3F15448CABC6E263C001A1CA","ORNL_003.mammalGrid.mam","D07","ORNL","ORNL_003","2016-07-26","2016-07-26","NEON.DOC.000481vH",,
"e640eb4c-22d8-4509-b93a-e2d05ee24528","91B5FF6080604B93AD015CAEF72B3323","ORNL_001.mammalGrid.mam","D07","ORNL","ORNL_001","2016-07-27","2016-07-27","NEON.DOC.000481vH",,
"88a6e83b-242f-4397-959b-bf5d8008189d","C99434E057D340B5A8434C977886390D","ORNL_002.mammalGrid.mam","D07","ORNL","ORNL_002","2016-07-27","2016-07-27","NEON.DOC.000481vH",,
"4b906bb4-b6bb-48eb-af98-e54d06971578","B1EE3E12BEB24353A2398E57BF7F6FCE","ORNL_003.mammalGrid.mam","D07","ORNL","ORNL_003","2016-07-27","2016-07-27","NEON.DOC.000481vH",,
"9718e934-2313-4691-a146-8d925deb1b20","989493F2C000428DADB15F0531B209B1","ORNL_003.mammalGrid.mam","D07","ORNL","ORNL_003","2016-07-28","2016-07-28","NEON.DOC.000481vH",,
"e463ed0d-faeb-4b3a-855d-2a1e5bf9f217","F6048CA85E204F7596981D014C03068D","ORNL_002.mammalGrid.mam","D07","ORNL","ORNL_002","2016-07-28","2016-07-28","NEON.DOC.000481vH",,
"a13f2e14-5212-4b94-ace9-113c70b4f01b","A3924413BF7C4C6DA9D0B3665AF95EBB","ORNL_001.mammalGrid.mam","D07","ORNL","ORNL_001","2016-07-28","2016-07-28","NEON.DOC.000481vH",,
"da5b2290-e2c1-4a1b-8ac2-640140d58834","B23B517666AA44729A7FE9D8B8C00136","ORNL_039.mammalGrid.mam","D07","ORNL","ORNL_039","2016-07-29","2016-07-29","NEON.DOC.000481vH",,
"70b81a21-d4df-4c1b-85dd-ba272b2fead8","57A4677B0F2847C5B7F189CE406FB11A","ORNL_007.mammalGrid.mam","D07","ORNL","ORNL_007","2016-07-29","2016-07-29","NEON.DOC.000481vH",,
"39409bd7-f75f-4a31-b5a0-2b6a98bf2f08","E796A03B15DD444DAF81868826C16FCB","ORNL_027.mammalGrid.mam","D07","ORNL","ORNL_027","2016-07-29","2016-07-29","NEON.DOC.000481vH",,
