uid,nightuid,namedLocation,domainID,siteID,plotID,collectDate,endDate,samplingProtocolVersion,remarks,dataQF
"793c99c0-5833-4528-a2db-27e472042ddc","6ce090ef-cf2e-45ca-81f7-79e4fa5f1cad","NIWO_007.mammalGrid.mam","D13","NIWO","NIWO_007","2018-06-12","2018-06-12","NEON.DOC.000481vK",,
"27385903-e2e5-4317-8a4c-dc8e32eaf43d","5615b4b6-ff5e-4972-9fa1-11b03120222c","NIWO_023.mammalGrid.mam","D13","NIWO","NIWO_023","2018-06-12","2018-06-12","NEON.DOC.000481vK",,
"be78a1cd-ba3d-4670-aa00-c6684b01620d","bc55efd9-1b5d-4687-ad4e-286a67a10a0b","NIWO_005.mammalGrid.mam","D13","NIWO","NIWO_005","2018-06-12","2018-06-12","NEON.DOC.000481vK",,
"386dce1f-779a-4d62-8a8d-c54fd062ce77","aaa3498d-b4b2-42a1-ae43-39fb52b4de33","NIWO_002.mammalGrid.mam","D13","NIWO","NIWO_002","2018-06-12","2018-06-12","NEON.DOC.000481vK",,
"09517f4c-2e4c-447d-b47f-c2a96e0b6e52","696fbad0-b769-4541-9d2e-a19bd292604d","NIWO_001.mammalGrid.mam","D13","NIWO","NIWO_001","2018-06-13","2018-06-13","NEON.DOC.000481vK",,
"1f6e3e2a-aed2-49a2-b508-2a0b5dc45f1c","76803d0e-a32c-4efb-a2ca-be2c1f65705a","NIWO_023.mammalGrid.mam","D13","NIWO","NIWO_023","2018-06-13","2018-06-13","NEON.DOC.000481vK",,
"45b2bd0f-ba0a-46cf-9253-a1e227a908bb","3ac18c92-6dd6-45d8-8626-c09e1913d8c2","NIWO_025.mammalGrid.mam","D13","NIWO","NIWO_025","2018-06-13","2018-06-13","NEON.DOC.000481vK",,
"904ff0d3-b16e-4739-a8d0-3957ab297328","9cd25c6c-cd5d-471c-a064-aa6c823b3b10","NIWO_007.mammalGrid.mam","D13","NIWO","NIWO_007","2018-06-13","2018-06-13","NEON.DOC.000481vK",,
"3ed28eaa-1c83-450f-9428-652c62e39940","de47bdbc-c028-4b41-87b6-7b1719982f75","NIWO_002.mammalGrid.mam","D13","NIWO","NIWO_002","2018-06-13","2018-06-13","NEON.DOC.000481vK",,
"6488bde3-8961-4c98-abc2-08cd69286001","7aad39e2-520c-4349-aa03-f7f63004784f","NIWO_002.mammalGrid.mam","D13","NIWO","NIWO_002","2018-06-14","2018-06-14","NEON.DOC.000481vK",,
"25d6eb8a-69ab-4b9d-be5d-445a46e7a528","14e72922-76f6-4bd2-a44a-223acb016807","NIWO_023.mammalGrid.mam","D13","NIWO","NIWO_023","2018-06-14","2018-06-14","NEON.DOC.000481vK",,
"e216d231-fe75-40ff-9061-be2c82283e9d","99e37455-b04e-4d1f-b6a1-a4a1e1cdf1ef","NIWO_007.mammalGrid.mam","D13","NIWO","NIWO_007","2018-06-14","2018-06-14","NEON.DOC.000481vK",,
