uid,nightuid,namedLocation,domainID,siteID,plotID,collectDate,endDate,samplingProtocolVersion,remarks,dataQF
"040b327e-6783-4292-87e4-2bd0afacbeb3","070D365CA82C4F73A2071D10A3D61B62","JORN_017.mammalGrid.mam","D14","JORN","JORN_017","2015-08-12","2015-08-12",,,
"3355d9c0-7a06-4843-9d1b-9ed8c315b231","952DA36EAAE84BCF8ED3C9FB07F449BC","JORN_018.mammalGrid.mam","D14","JORN","JORN_018","2015-08-12","2015-08-12",,,
"9ec2e6b8-bc3f-4ff7-a219-3e4a432bfb8f","7729C742933043BD8976E2F54338631F","JORN_017.mammalGrid.mam","D14","JORN","JORN_017","2015-08-13","2015-08-13",,,
"05ba13e8-27a2-4106-80cd-fc398b5cdb5e","409FC8ED8C3C40EDA0752D2CF920AC72","JORN_018.mammalGrid.mam","D14","JORN","JORN_018","2015-08-13","2015-08-13",,,
"4eb2ca6a-55b0-4ea0-8a6c-1c31fe194eae","C9AEA8CC30154610B3C6733253F929BC","JORN_018.mammalGrid.mam","D14","JORN","JORN_018","2015-08-14","2015-08-14",,,
"5f86f74a-e534-4c9d-a891-9b317d5813d8","251426A83EED472799217661B34D221E","JORN_017.mammalGrid.mam","D14","JORN","JORN_017","2015-08-14","2015-08-14",,,
"66b214c4-2789-4090-b0f8-08e07e26c2e7","1C0B9F78193D40FE80A284A0CC430E11","JORN_001.mammalGrid.mam","D14","JORN","JORN_001","2015-08-15","2015-08-15",,,
"e27f9900-219d-43a2-bcae-15f68be12744","88A47FF83FD8446E968901A8E5FC3E32","JORN_011.mammalGrid.mam","D14","JORN","JORN_011","2015-08-16","2015-08-16",,,
"60ac4068-a58d-48e4-b444-7adc4ad76dd7","228273FA3D5A4D69BA14D1D4FB0AE33D","JORN_031.mammalGrid.mam","D14","JORN","JORN_031","2015-08-16","2015-08-16",,,
"fc6078c1-957c-4d95-8443-995652d13510","4B3806D72B5D4848ADEB91C85EE43913","JORN_007.mammalGrid.mam","D14","JORN","JORN_007","2015-08-17","2015-08-17",,,
