uid,nightuid,namedLocation,domainID,siteID,plotID,collectDate,endDate,samplingProtocolVersion,remarks,dataQF
"539f19f9-8b7d-4ba1-aec3-1eb0559da18a","A63D530301384FFCBF941B888B18AF90","TALL_015.mammalGrid.mam","D08","TALL","TALL_015","2016-06-07","2016-06-07","NEON.DOC.000481vG",,
"1221c011-db4a-4221-92f6-2749343948b1","D38479447E78473C94272D378E75D4FD","TALL_012.mammalGrid.mam","D08","TALL","TALL_012","2016-06-07","2016-06-07","NEON.DOC.000481vG","While setting this plot we ran out of daylight and had to stop with only 52 traps set.",
"239c64c3-9d39-43ce-840c-fde3d61563cb","696D6081C46C478FBE2372BBC966F2B0","TALL_024.mammalGrid.mam","D08","TALL","TALL_024","2016-06-07","2016-06-07","NEON.DOC.000481vG",,
"c604073c-263d-4a19-a481-7ed69b9c5fe2","22C66D169F6545CB810BFA3BC3DE5DC0","TALL_010.mammalGrid.mam","D08","TALL","TALL_010","2016-06-07","2016-06-07","NEON.DOC.000481vG",,
"1a236f6d-7c6e-4e9c-87ea-9cd1d35624ef","29B9833C80E3413C873A4C5F29EE2920","TALL_010.mammalGrid.mam","D08","TALL","TALL_010","2016-06-08","2016-06-08","NEON.DOC.000481vG",,
"7bf7806a-0c8c-445a-b9fe-27436d4ba0b9","EFE8AF0FCBF44D6CAD84E21666EEF817","TALL_024.mammalGrid.mam","D08","TALL","TALL_024","2016-06-08","2016-06-08","NEON.DOC.000481vG",,
"47dff0cc-80f6-4c75-b640-fd102ecc66de","078FE883E2B64D82BDD138829D009C22","TALL_012.mammalGrid.mam","D08","TALL","TALL_012","2016-06-08","2016-06-08","NEON.DOC.000481vG",,
"0b9739d1-f25d-4a52-9fcd-2680b742802a","F802815C03004AC1BED2C70F29C5D224","TALL_015.mammalGrid.mam","D08","TALL","TALL_015","2016-06-08","2016-06-08","NEON.DOC.000481vG",,
"bf8913bd-5188-4ec3-824d-9cccb1c760c9","69D0095363864140A6674266A144BE2C","TALL_015.mammalGrid.mam","D08","TALL","TALL_015","2016-06-09","2016-06-09","NEON.DOC.000481vG",,
"77026f09-3560-46b8-8af4-e30f5b5ac06a","43E216BD5E534078BA16D984ECE9EA9C","TALL_010.mammalGrid.mam","D08","TALL","TALL_010","2016-06-09","2016-06-09","NEON.DOC.000481vG",,
"720f9feb-c009-4bfa-b638-ab58fa4fa53f","C47863167B8F4FDEB51C7E7AB5749413","TALL_024.mammalGrid.mam","D08","TALL","TALL_024","2016-06-09","2016-06-09","NEON.DOC.000481vG",,
"255b47e3-4e85-4d4d-afc8-05bc915ec0b4","C2AAF99EA1404067AA16300F46FF8B27","TALL_012.mammalGrid.mam","D08","TALL","TALL_012","2016-06-09","2016-06-09","NEON.DOC.000481vG",,
"91e66d03-69a3-48ed-a8f6-364e50732fcf","80CD902965EA4998826ED13419F04937","TALL_031.mammalGrid.mam","D08","TALL","TALL_031","2016-06-10","2016-06-10","NEON.DOC.000481vG",,
"20a3c52a-b3a0-4dac-96ea-df6e3a5a9bdd","C88504CF35FB48D696A79F99C3239C67","TALL_013.mammalGrid.mam","D08","TALL","TALL_013","2016-06-10","2016-06-10","NEON.DOC.000481vG",,
"18b60f12-5466-4300-8be1-792dcbe74274","BCA10CF0432648A08ABC62A3705821C5","TALL_006.mammalGrid.mam","D08","TALL","TALL_006","2016-06-10","2016-06-10","NEON.DOC.000481vG",,
"ebef8212-cc42-423f-b545-7a0ff8218d5e","C34C106DEAD242E780F3435CF3C84DD9","TALL_005.mammalGrid.mam","D08","TALL","TALL_005","2016-06-10","2016-06-10","NEON.DOC.000481vG",,
