uid,nightuid,namedLocation,domainID,siteID,plotID,collectDate,endDate,samplingProtocolVersion,remarks,dataQF
"12c731e7-7fbd-4f54-bf39-29d8479bfc51","79d43c3d-7b48-4cd2-a7b3-df2560523c01","MOAB_003.mammalGrid.mam","D13","MOAB","MOAB_003","2017-06-17","2017-06-17","NEON.DOC.000481vJ",,
"b4af5110-e658-4bbf-a26a-605fd28b6c7e","98c4f9fb-cc20-46c0-a332-83d5c336ede9","MOAB_003.mammalGrid.mam","D13","MOAB","MOAB_003","2017-06-18","2017-06-18","NEON.DOC.000481vJ",,
"0de5ecc9-37c3-475d-b92c-78264799cac5","8ebcbd53-41e7-4269-b161-db9299fc69d2","MOAB_003.mammalGrid.mam","D13","MOAB","MOAB_003","2017-06-19","2017-06-19","NEON.DOC.000481vJ",,
"e0db0124-d50b-4dca-a48f-8c137bdc7015","fe1828ea-9284-48f9-913f-5375f128a24e","MOAB_009.mammalGrid.mam","D13","MOAB","MOAB_009","2017-06-20","2017-06-20","NEON.DOC.000481vJ",,
"1b63fb24-9934-4c7b-a7ae-a6c5e7bf37ce","78a95b6a-0716-457e-b095-f095887a4c1a","MOAB_006.mammalGrid.mam","D13","MOAB","MOAB_006","2017-06-20","2017-06-20","NEON.DOC.000481vJ",,
"08633eb4-0637-4805-8260-c1baa576fdb0","7a76baae-734d-4138-a795-42585965b4ca","MOAB_025.mammalGrid.mam","D13","MOAB","MOAB_025","2017-06-20","2017-06-20","NEON.DOC.000481vJ",,
"5c8fe9fc-f2d9-430d-a899-fb041f2db4c9","4f734fa2-9f95-41d9-b143-ac2cdb11b5c4","MOAB_006.mammalGrid.mam","D13","MOAB","MOAB_006","2017-06-21","2017-06-21","NEON.DOC.000481vJ",,
"16f96e3f-efbf-45c9-9a69-a1fc754098c4","e868ceea-920d-4d71-b0a0-627f15a77344","MOAB_002.mammalGrid.mam","D13","MOAB","MOAB_002","2017-06-21","2017-06-21","NEON.DOC.000481vJ",,
"150c2ab1-e4a6-4d22-a860-bcbacbe1857b","a10d9b52-be30-4a8b-803f-df5a36364392","MOAB_025.mammalGrid.mam","D13","MOAB","MOAB_025","2017-06-21","2017-06-21","NEON.DOC.000481vJ",,
"902ced3b-3135-4686-b4b4-166c6446002d","bad912af-1aed-4f5e-a5b4-4b453fc65ea0","MOAB_004.mammalGrid.mam","D13","MOAB","MOAB_004","2017-06-22","2017-06-22","NEON.DOC.000481vJ",,
"f6556225-1dd0-483c-b8f9-fae70bfc48c5","7ad2ed63-7f1c-481d-b7b2-3ee0f5a43b16","MOAB_025.mammalGrid.mam","D13","MOAB","MOAB_025","2017-06-22","2017-06-22","NEON.DOC.000481vJ","Many traps closed but empty- there was a lot of wind and a little bit of rain last night",
"dd34c63c-06e4-4c29-a89f-aa3bcad34349","13a7d660-5ce3-4c40-87b8-cf503c0cab69","MOAB_006.mammalGrid.mam","D13","MOAB","MOAB_006","2017-06-22","2017-06-22","NEON.DOC.000481vJ",,
