uid,nightuid,namedLocation,domainID,siteID,plotID,collectDate,endDate,samplingProtocolVersion,remarks,dataQF
"ac8177d3-2222-4eac-8e14-fc8a7d26ae84","2D9545D29D984FA4B6B603DA0B3E2007","SCBI_035.mammalGrid.mam","D02","SCBI","SCBI_035","2015-05-12","2015-05-12",,,
"75bccdbf-286e-4d1c-bb0d-c89e30b7ba2d","C7F09A5295F943B1B3F073A486F009DD","SCBI_008.mammalGrid.mam","D02","SCBI","SCBI_008","2015-05-12","2015-05-12",,,
"6d2cebf6-3e35-451e-b4d3-02a378568b3a","3529B643891D494A9E7AEC3C46D5F421","SCBI_002.mammalGrid.mam","D02","SCBI","SCBI_002","2015-05-12","2015-05-12",,,
"736a625f-890e-42f5-b082-9d2d893f2ed8","FB5B0935B8A24EA681B31C047ACBB3DE","SCBI_002.mammalGrid.mam","D02","SCBI","SCBI_002","2015-05-13","2015-05-13",,,
"1f1cca6f-29af-408d-a164-0c530837e5eb","673EDC79A69A409BAE0C0E2563947FE7","SCBI_035.mammalGrid.mam","D02","SCBI","SCBI_035","2015-05-13","2015-05-13",,"High capture rates led to priority processing",
"9eafdbab-f38c-4d2f-93f7-cb725ce3d456","49843B34F35A46E1B938BC1D1D66627C","SCBI_008.mammalGrid.mam","D02","SCBI","SCBI_008","2015-05-13","2015-05-13",,"High capture rates this morning, used priority processing (ID, bleeding, tagging, weight)",
"bba104a6-1fc6-4e3f-a19a-853e8e6d207f","249751A516BE4A0ABE0478C1CBE73485","SCBI_008.mammalGrid.mam","D02","SCBI","SCBI_008","2015-05-14","2015-05-14",,"High capture rate; started priority processing",
"af3e706e-c691-4796-bfd5-9a90c4bf2e6f","3DD9AB4F2B5542C89EF7DA18FE976E88","SCBI_035.mammalGrid.mam","D02","SCBI","SCBI_035","2015-05-14","2015-05-14",,"High capture rates; priority processing",
"8e01751a-1ae3-4479-9688-315472fb874c","DA784D1D29BF4B7695BF83C82D11B0A6","SCBI_002.mammalGrid.mam","D02","SCBI","SCBI_002","2015-05-14","2015-05-14",,,
"616ac9dd-b4db-4d68-9ec0-27f91d48f8ea","E63DC431123C4F96A98B6A0169532B13","SCBI_004.mammalGrid.mam","D02","SCBI","SCBI_004","2015-05-15","2015-05-15",,,
"8713b72f-7116-4398-8f8a-d6394ec5d5a6","10F1C6F1B47045B086947A066D033DF9","SCBI_003.mammalGrid.mam","D02","SCBI","SCBI_003","2015-05-15","2015-05-15",,,
"1abab96d-2875-4514-9a1d-6a1bf780be6e","3E3B79BF37884E0DA889A3652DADF10F","SCBI_039.mammalGrid.mam","D02","SCBI","SCBI_039","2015-05-15","2015-05-15",,,
