uid,nightuid,namedLocation,domainID,siteID,plotID,collectDate,endDate,samplingProtocolVersion,remarks,dataQF
"40f7092f-fed7-4d46-ab7a-2722aad29d24","3A6D219E746943619BF814A70085FCE0","ONAQ_014.mammalGrid.mam","D15","ONAQ","ONAQ_014","2015-07-14","2015-07-14",,,
"f51c6a99-7674-4b71-877c-d3d7ce10a4c9","48596E63EFCD4893AD8B0371CE4E52D4","ONAQ_003.mammalGrid.mam","D15","ONAQ","ONAQ_003","2015-07-14","2015-07-14",,,
"90f3cc71-4bc7-4fd3-9fe4-e612fbebe39c","8433670722B54260BF7CCFD25029F55E","ONAQ_005.mammalGrid.mam","D15","ONAQ","ONAQ_005","2015-07-14","2015-07-14",,,
"3b021c3d-acab-43fb-84ac-5b77358cd066","6D3D633EB2F141AFB394775826FAFB90","ONAQ_014.mammalGrid.mam","D15","ONAQ","ONAQ_014","2015-07-15","2015-07-15",,,
"ff8634c4-e924-4710-b590-11706d9c10cc","97DD0153F2D646C097813F99C4FA8CA3","ONAQ_005.mammalGrid.mam","D15","ONAQ","ONAQ_005","2015-07-15","2015-07-15",,,
"44817de2-1cb7-435e-8a37-e9bd3535fe94","85991401C7D540C5A0CC28AB2A9E8294","ONAQ_003.mammalGrid.mam","D15","ONAQ","ONAQ_003","2015-07-15","2015-07-15",,,
"a18b527e-9fa0-420d-b28a-b1e0f6cd8813","A57C9291CE6B42FBAD8FD39CDBA11E60","ONAQ_014.mammalGrid.mam","D15","ONAQ","ONAQ_014","2015-07-16","2015-07-16",,,
"925de21c-0a20-4e8d-aeae-ddf078121497","6A8F00AD0D8E4585A6C811CB81816265","ONAQ_003.mammalGrid.mam","D15","ONAQ","ONAQ_003","2015-07-16","2015-07-16",,,
"68bd5ee3-1d92-4448-9103-3f22e50c7759","5B2E6C6EBC8240CF8ABC41A2F8F1535C","ONAQ_005.mammalGrid.mam","D15","ONAQ","ONAQ_005","2015-07-16","2015-07-16",,"Sampling protocol is NEON.DOC.000481vG, but system won't allow to change.",
"03b1b0a0-fc96-4f54-a746-207dd0d66cd9","19C77E625BD646D4B6A658EF49664292","ONAQ_015.mammalGrid.mam","D15","ONAQ","ONAQ_015","2015-07-17","2015-07-17",,,
"8ef5b65f-4b3d-450a-9297-a912ba711714","D9836488522144739BC206F1B01C282D","ONAQ_004.mammalGrid.mam","D15","ONAQ","ONAQ_004","2015-07-17","2015-07-17",,,
