uid,nightuid,namedLocation,domainID,siteID,plotID,collectDate,endDate,samplingProtocolVersion,remarks,dataQF
"35fa750c-dbf6-4905-b77e-1d42f92d36ab","8EFFE93235C24681BA7CAF8152388EAA","GRSM_003.mammalGrid.mam","D07","GRSM","GRSM_003","2015-10-20","2015-10-20",,"used NEON.DOC.000481vG",
"20958a33-12a9-4ca5-9cde-fa5e370d7a23","09026C14CCB741B28D7E79DD1B2474BD","GRSM_020.mammalGrid.mam","D07","GRSM","GRSM_020","2015-10-20","2015-10-20",,"used NEON.DOC.000481vG; traps not set were not set because got too dark to finish setting traps",
"6e77737a-1a22-4c8c-a935-bee86e5e0e39","B01D1BEF18864E2B81580C3A8A53A9CD","GRSM_014.mammalGrid.mam","D07","GRSM","GRSM_014","2015-10-20","2015-10-20",,"used NEON.DOC.000481vG",
"bb77b2cd-3f93-4e91-9513-e423d4c43231","6EA0575099BF400981AC2CAF423A7E99","GRSM_003.mammalGrid.mam","D07","GRSM","GRSM_003","2015-10-21","2015-10-21",,"used NEON.DOC.000481vG",
"743cdf0d-54e5-433f-991f-c5a1631cb83e","C8D3324CB5F34CA4BFA6F5C4C0E3663B","GRSM_014.mammalGrid.mam","D07","GRSM","GRSM_014","2015-10-21","2015-10-21",,"used NEON.DOC.000481vG",
"c7795627-ab4b-4b27-8e4f-210bfe6aa2ec","114BE3C6B44047C5992F5585190884DE","GRSM_014.mammalGrid.mam","D07","GRSM","GRSM_014","2015-10-22","2015-10-22",,"used NEON.DOC.000481vG",
