uid,nightuid,namedLocation,domainID,siteID,plotID,collectDate,endDate,samplingProtocolVersion,remarks,dataQF
"5864b1be-d1a1-4238-9275-9d720f006eb2","6BACA54A27EA4F4FB75BC8F3BCE56935","WOOD_011.mammalGrid.mam","D09","WOOD","WOOD_011","2014-09-15","2014-09-15",,,
"7f9ee24b-6b61-4fea-9775-981bdfac6af0","8B7A0727EE2743B9BE7D3E44AC24AF05","WOOD_013.mammalGrid.mam","D09","WOOD","WOOD_013","2014-09-15","2014-09-15",,,
"d06b256c-27f0-4c2a-af94-26ea0133fad6","0F219C70EFF3409BA4D47E018607ED30","WOOD_001.mammalGrid.mam","D09","WOOD","WOOD_001","2014-09-15","2014-09-15",,,
"69d822eb-0949-41bb-909f-38bbd3cc79c8","6BC17C2D2289439C94073BF24649330C","WOOD_013.mammalGrid.mam","D09","WOOD","WOOD_013","2014-09-16","2014-09-16",,,
"45b7dbd1-2655-49a2-8660-eba63f893879","88AB043EA4C74A3B8B69644547FE0AE3","WOOD_001.mammalGrid.mam","D09","WOOD","WOOD_001","2014-09-16","2014-09-16",,,
"7ade7af1-897a-43dc-851a-18a19e3134e2","D5CDA560ED1543C29664D2F61DE0999C","WOOD_011.mammalGrid.mam","D09","WOOD","WOOD_011","2014-09-16","2014-09-16",,,
"168ffd88-f93b-4a99-bac6-df55b6c252ad","AECC5C4AA76E4869A42DE4228510E1D1","WOOD_011.mammalGrid.mam","D09","WOOD","WOOD_011","2014-09-17","2014-09-17",,,
"11f90dbf-6c52-4c70-9421-af43b3acf300","44093BA24BB140FE86446081460C209A","WOOD_001.mammalGrid.mam","D09","WOOD","WOOD_001","2014-09-17","2014-09-17",,,
"4f25dceb-ccad-42fb-81f4-4d75e1cd7559","6E13ECE09F9A4AD58BDE97D37BACEE56","WOOD_013.mammalGrid.mam","D09","WOOD","WOOD_013","2014-09-17","2014-09-17",,,
"133e016e-3ebe-422c-b307-7a635dd85159","99E082413D604D2486F863A8197AB495","WOOD_009.mammalGrid.mam","D09","WOOD","WOOD_009","2014-09-18","2014-09-18",,,
"e21ca16d-c700-4c3e-ab18-9059a11f8051","96689627F5154CA39B2BDF46E1DD33C9","WOOD_006.mammalGrid.mam","D09","WOOD","WOOD_006","2014-09-18","2014-09-18",,,
"3613c4ec-4f95-4834-8c85-3f3c9ab4938d","B0674F6ACA534D6E83377D9779177F37","WOOD_002.mammalGrid.mam","D09","WOOD","WOOD_002","2014-09-18","2014-09-18",,,
"335203a5-3a80-419d-9576-dc7ca8b2bd30","8086424EE72C42C1BD97B46BF6F41226","WOOD_009.mammalGrid.mam","D09","WOOD","WOOD_009","2014-09-19","2014-09-19",,,
"87a3e329-5e37-4c2a-9e0e-60cbc709f3a8","BDD3903BD01649889B6EFAA5FC71802C","WOOD_006.mammalGrid.mam","D09","WOOD","WOOD_006","2014-09-19","2014-09-19",,,
"578020ac-c7f0-49d0-9a1f-d64fb350d8c9","FB6FAEECF0DB428486B0AB2A21427CC0","WOOD_002.mammalGrid.mam","D09","WOOD","WOOD_002","2014-09-19","2014-09-19",,,
"e704df06-eda9-4535-bf89-7df560869469","D78B34B63EE54010BC9A45DFD0A0DA50","WOOD_002.mammalGrid.mam","D09","WOOD","WOOD_002","2014-09-20","2014-09-20",,,
"fe02b902-8270-40a7-9095-891afb9d0f41","3F72AE15433A437585FB3A973399B65F","WOOD_009.mammalGrid.mam","D09","WOOD","WOOD_009","2014-09-20","2014-09-20",,,
"875fdee8-c1b3-4cb8-9402-530228428612","882B35BB0C9442B6BDC3065AB960BB69","WOOD_006.mammalGrid.mam","D09","WOOD","WOOD_006","2014-09-20","2014-09-20",,,
