uid,nightuid,namedLocation,domainID,siteID,plotID,collectDate,endDate,samplingProtocolVersion,remarks,dataQF
"ae2c98bc-ef20-47da-bece-47649d1dc62b","273C808B9CB840A28F38655858FD63E4","DSNY_009.mammalGrid.mam","D03","DSNY","DSNY_009","2013-09-03","2013-09-03",,,
"35bc0be9-c789-4dea-b7e9-0ac1fdfc794a","954C6A170FEE4D96849DEE57C84FC63C","DSNY_001.mammalGrid.mam","D03","DSNY","DSNY_001","2013-09-03","2013-09-03",,,
"cbf87684-92f5-4628-9d8b-94fef6f4af10","944BE491165E4F96A9799782A45568DC","DSNY_004.mammalGrid.mam","D03","DSNY","DSNY_004","2013-09-03","2013-09-03",,,
"857661eb-3e34-4171-87a6-77dd1ee3083c","7E15E48F32934F27B8CA90CF440463B2","DSNY_009.mammalGrid.mam","D03","DSNY","DSNY_009","2013-09-04","2013-09-04",,,
"65cecfe4-520e-43e0-ab3c-82925a9ea6f6","802C722FF4EA4B33993EFAF2047ECA8B","DSNY_004.mammalGrid.mam","D03","DSNY","DSNY_004","2013-09-04","2013-09-04",,,
"ce95ea0c-1b1f-4b62-9ecc-c7e603b74cd8","00E1C96C29A64F12A56CBE085DCE78BA","DSNY_001.mammalGrid.mam","D03","DSNY","DSNY_001","2013-09-04","2013-09-04",,,
"f654d62c-d79c-480e-89d9-91c4faf01f5c","5FC78A7551984B9AAB00006EF48AD733","DSNY_001.mammalGrid.mam","D03","DSNY","DSNY_001","2013-09-05","2013-09-05",,"Severe storms, traps not set",
"b165c243-2611-49cf-bbbe-af9ce046a2dd","A45212F438F54C848B5FE12860A4A79C","DSNY_009.mammalGrid.mam","D03","DSNY","DSNY_009","2013-09-05","2013-09-05",,"Severe storms, traps not set",
"b58b0cf6-7ee9-44fb-b18d-0a3e5bf6ad06","604CCE8C953A485586C040F40060E90C","DSNY_004.mammalGrid.mam","D03","DSNY","DSNY_004","2013-09-05","2013-09-05",,"Severe storms, traps not set",
"6d50ac73-968a-4d31-8910-bfcb3ca05b1d","B06A2FF476C54923B36B5897A77CB3C8","DSNY_005.mammalGrid.mam","D03","DSNY","DSNY_005","2013-09-25","2013-09-25",,,
"54a58633-06a0-4c3c-b39b-c2e515bc8615","F69A42B8AFF8492D8D8CF550C15CF516","DSNY_005.mammalGrid.mam","D03","DSNY","DSNY_005","2013-09-26","2013-09-26",,,
"c6ba6bf5-3dcd-44b2-9a07-b7f9ce9df546","B6DF19C7BBCF4800B1CD637840A8CD62","DSNY_005.mammalGrid.mam","D03","DSNY","DSNY_005","2013-09-27","2013-09-27",,,
