uid,nightuid,namedLocation,domainID,siteID,plotID,collectDate,endDate,samplingProtocolVersion,remarks,dataQF
"c370e02f-5012-4fff-b55f-db8cca420a1d","1337AD9C67714D81B0D626AF974A5039","TREE_019.mammalGrid.mam","D05","TREE","TREE_019","2016-07-10","2016-07-10","NEON.DOC.000481vH",,
"87d881f3-bd92-46e5-9711-a50636c96a05","33DE607103EE4882A9B43849C0A58D5E","TREE_028.mammalGrid.mam","D05","TREE","TREE_028","2016-07-10","2016-07-10","NEON.DOC.000481vH","Saw bear near grid on way & found many traps disturbed. While checking grid, bear returned & began eating seed out of traps. Could not scare away so we left the grid & returned 2 hours later to finish. 81 traps were disturbed by bear but none destroyed.",
"4fbb5cf4-6f67-4ec6-bf42-4f0da488f6e1","B90680A6D01B40B1AAF04DCB21BC1459","TREE_016.mammalGrid.mam","D05","TREE","TREE_016","2016-07-10","2016-07-10","NEON.DOC.000481vH",,
"17579186-f753-4104-99b5-01d60bb4d99d","D2E2255F7BC14DD381B7340A0B7C7B0E","TREE_028.mammalGrid.mam","D05","TREE","TREE_028","2016-07-11","2016-07-11","NEON.DOC.000481vH","Grid was closed early due to bear disturbance.",
"14b71af4-e496-4ca9-adcc-fb41e4230a2d","ACC2C97691974AF2AD6998DD5A130AAA","TREE_016.mammalGrid.mam","D05","TREE","TREE_016","2016-07-11","2016-07-11","NEON.DOC.000481vH",,
"82e15a8e-0992-407a-89ce-3bd78a7fc034","1509DF4F83804FF7914B225DA8113AFA","TREE_019.mammalGrid.mam","D05","TREE","TREE_019","2016-07-11","2016-07-11","NEON.DOC.000481vH",,
"60cec1f2-a098-4b16-a246-a23819dd11f2","8363A2236A694F6D8EAAC6379AE0835D","TREE_016.mammalGrid.mam","D05","TREE","TREE_016","2016-07-12","2016-07-12","NEON.DOC.000481vH",,
"f92ba61e-1a85-4a84-9e9d-dfa6a5c2c32c","9488C3C6201648639537C85D1D32E89D","TREE_019.mammalGrid.mam","D05","TREE","TREE_019","2016-07-12","2016-07-12","NEON.DOC.000481vH",,
"73458e4b-a8b9-406e-90a6-31c7b3ec7f35","9C42E5D330834213BD1EF87B877F7C2D","TREE_004.mammalGrid.mam","D05","TREE","TREE_004","2016-07-12","2016-07-12","NEON.DOC.000481vH",,
"b48d0a7f-809b-4cfb-9f79-7d4b1332b746","6DC6DDFFF6E144E686DD38B53ADFAF14","TREE_028.mammalGrid.mam","D05","TREE","TREE_028","2016-07-12","2016-07-12","NEON.DOC.000481vH","Grid closed early due to bear disturbance.",
"1480015e-b05f-4cf9-a7cd-6938c3c01145","CDEA314E2BFD4727B83C9A7B33AC33BC","TREE_002.mammalGrid.mam","D05","TREE","TREE_002","2016-07-13","2016-07-13","NEON.DOC.000481vH","No captures",
"b89eee5f-587e-4b95-ab8f-dbd60ec83a7f","D9E5735BAA6F43D79716B7CA53BF8EE4","TREE_027.mammalGrid.mam","D05","TREE","TREE_027","2016-07-13","2016-07-13","NEON.DOC.000481vH",,
