uid,nightuid,namedLocation,domainID,siteID,plotID,collectDate,endDate,samplingProtocolVersion,remarks,dataQF
"7e13844c-56a4-4262-9bcc-24a49ffce23f","7C0EE05973FB40F8B19D760CF983F032","JORN_017.mammalGrid.mam","D14","JORN","JORN_017","2016-07-08","2016-07-08","NEON.DOC.000481vH",,
"16873d9d-6d3b-4c62-9b48-eae4a9ba9322","606D6E1D360D46648D14432F567A6A9B","JORN_018.mammalGrid.mam","D14","JORN","JORN_018","2016-07-08","2016-07-08","NEON.DOC.000481vH",,
"5f635772-15b7-45ba-8791-7ad94ace7080","A5F6216C6A7D44F3B4310B98DB8C855E","JORN_018.mammalGrid.mam","D14","JORN","JORN_018","2016-07-09","2016-07-09","NEON.DOC.000481vH",,
"25d7072c-4d35-4d85-bd30-3f6aa5200b14","2DDFDEA731A54CBDAB86FFCA35970F8A","JORN_001.mammalGrid.mam","D14","JORN","JORN_001","2016-07-09","2016-07-09","NEON.DOC.000481vH",,
"13742ad4-b8c9-400d-a46b-9054db219df2","EBD1EA010EC84985A69FFA777792AA6C","JORN_017.mammalGrid.mam","D14","JORN","JORN_017","2016-07-09","2016-07-09","NEON.DOC.000481vH",,
"bd7dda12-6c5e-47ff-bfb8-da3641e78a78","DBF7E617BC57402A8BD69C237D94B071","JORN_017.mammalGrid.mam","D14","JORN","JORN_017","2016-07-10","2016-07-10","NEON.DOC.000481vH",,
"70953ca6-3e9b-4481-a7a3-25f2ddde5ea3","ACF559D521DC4535800904AEDCE9D84D","JORN_018.mammalGrid.mam","D14","JORN","JORN_018","2016-07-10","2016-07-10","NEON.DOC.000481vH",,
"5157566c-5152-4b8b-adf2-e988eabfabc8","543F162BD5C4476091DAD2112707A119","JORN_001.mammalGrid.mam","D14","JORN","JORN_001","2016-07-10","2016-07-10","NEON.DOC.000481vH","Several traps not set due to ants",
"e8926542-9b79-4be0-a245-b19c5ae21b94","30AFAD3646E24BB88388C063D09AD159","JORN_011.mammalGrid.mam","D14","JORN","JORN_011","2016-07-11","2016-07-11","NEON.DOC.000481vH",,
"8de4bec8-4284-4ea2-b53c-425159ef3157","B6F7EA872CBB42E29D1977C9E01FCB78","JORN_031.mammalGrid.mam","D14","JORN","JORN_031","2016-07-11","2016-07-11","NEON.DOC.000481vH",,
"0884452e-0a84-4b70-ac8e-782b17192fdc","271C4E76D54044459E74FAACE9362DFE","JORN_007.mammalGrid.mam","D14","JORN","JORN_007","2016-07-11","2016-07-11","NEON.DOC.000481vH",,
