uid,nightuid,namedLocation,domainID,siteID,plotID,collectDate,endDate,samplingProtocolVersion,remarks,dataQF
"a44689fe-9d5d-44af-a27d-b9652d7a9b8d","89d76807-5761-4943-a4f9-ac62a090c303","OAES_029.mammalGrid.mam","D11","OAES","OAES_029","2017-10-10","2017-10-10","NEON.DOC.000481vJ",,
"34be8be7-e037-4b57-b743-9b8743eeb2f8","0d05daea-cc64-4e8d-805e-5c4f78b0d726","OAES_003.mammalGrid.mam","D11","OAES","OAES_003","2017-10-10","2017-10-10","NEON.DOC.000481vJ",,
"929c56dd-87a9-4faf-9a55-59aced4eb5fe","9da89473-6722-48ed-bbc1-a6292c567eb2","OAES_004.mammalGrid.mam","D11","OAES","OAES_004","2017-10-10","2017-10-10","NEON.DOC.000481vJ",,
"163ca755-f28d-44e8-b98c-9745884fe13b","45b49e8c-fefa-423a-8d93-9573893cec14","OAES_002.mammalGrid.mam","D11","OAES","OAES_002","2017-10-11","2017-10-11","NEON.DOC.000481vJ",,
"830a0456-a0f7-4e2b-bee2-86190a8b022a","f0b7b6ce-b0e9-4bbb-9947-1924ff7f4d89","OAES_001.mammalGrid.mam","D11","OAES","OAES_001","2017-10-11","2017-10-11","NEON.DOC.000481vJ",,
"5d0aea8c-2b47-40e6-b39d-07a42d207545","c931d4f5-ede0-4359-9956-1827f46557c0","OAES_007.mammalGrid.mam","D11","OAES","OAES_007","2017-10-11","2017-10-11","NEON.DOC.000481vJ",,
"9624a3fd-ab14-415b-96c3-0fa7000836a1","242f95b6-4d1b-4ea2-8b46-8cd1012d1cf2","OAES_007.mammalGrid.mam","D11","OAES","OAES_007","2017-10-12","2017-10-12","NEON.DOC.000481vJ",,
"f37c057e-6f00-4d86-8d1b-f0e0b37b4fc9","8737df0b-f8d3-4baf-8629-86e0922a436a","OAES_002.mammalGrid.mam","D11","OAES","OAES_002","2017-10-12","2017-10-12","NEON.DOC.000481vJ",,
"5f76b7f2-f91f-4311-bb85-3848db3abf93","5754370b-24e4-4149-97ca-96b402bfb647","OAES_001.mammalGrid.mam","D11","OAES","OAES_001","2017-10-12","2017-10-12","NEON.DOC.000481vJ",,
"16c66e14-d517-4912-934d-4f8952b87e75","03382705-d584-42da-85cd-3ab5281b8ff8","OAES_007.mammalGrid.mam","D11","OAES","OAES_007","2017-10-13","2017-10-13","NEON.DOC.000481vJ",,
"940f3024-2fc8-4558-ab35-0915d3e6fed3","211acf49-a1cf-4a85-9d9d-f6e10735a55c","OAES_002.mammalGrid.mam","D11","OAES","OAES_002","2017-10-13","2017-10-13","NEON.DOC.000481vJ",,
"59b936ef-f7b9-48ab-8141-a260f553d8f6","950250b2-5929-42c7-a2cc-e8684fdc3033","OAES_001.mammalGrid.mam","D11","OAES","OAES_001","2017-10-13","2017-10-13","NEON.DOC.000481vJ",,
