uid,nightuid,namedLocation,domainID,siteID,plotID,collectDate,endDate,samplingProtocolVersion,remarks,dataQF
"95aaea6b-8b62-4e98-85d1-61cf8ce308d0","55005920737B41D68760E58EAA59922C","TALL_006.mammalGrid.mam","D08","TALL","TALL_006","2014-05-28","2014-05-28",,,
"403f5ddf-6f18-4278-8868-b4cedbf42cd7","369BA7013ED6451B829E6BB4E19450BA","TALL_013.mammalGrid.mam","D08","TALL","TALL_013","2014-05-28","2014-05-28",,,
"6d5108b6-4170-4e60-abdb-11aa24534050","572CB5BE0F754C1C8676133475599393","TALL_005.mammalGrid.mam","D08","TALL","TALL_005","2014-05-28","2014-05-28",,,
"7e2dc5a2-2615-4375-bee7-3f751e6987c4","03AD276C7C5F4189BFD5E63911447D61","TALL_015.mammalGrid.mam","D08","TALL","TALL_015","2014-05-28","2014-05-28",,,
"955eac61-b2d6-4aef-a627-874ceb7658c7","C788029E16FB40C6964EE5BB8957AB7E","TALL_015.mammalGrid.mam","D08","TALL","TALL_015","2014-05-29","2014-05-29",,,
"455a769d-043a-4c99-bccc-896d2f1235f3","1DE9A83809974CD993798FBEF678205A","TALL_013.mammalGrid.mam","D08","TALL","TALL_013","2014-05-29","2014-05-29",,,
"1055217c-fc84-46be-9681-9854f8620fbf","F19BD6612F6349F99E89AE6A6B609F54","TALL_006.mammalGrid.mam","D08","TALL","TALL_006","2014-05-29","2014-05-29",,,
"d1047979-2948-4668-ae17-87d9ed5aab22","7CD0852588B94424B132E23BADAAF289","TALL_005.mammalGrid.mam","D08","TALL","TALL_005","2014-05-29","2014-05-29",,,
"ba43d456-ec9e-452d-8c1a-208702dc9a08","0A46182ECFED495BB2BE16F2E4C3D912","TALL_013.mammalGrid.mam","D08","TALL","TALL_013","2014-05-30","2014-05-30",,,
"f0065293-e2a7-4caa-880e-75cb04903aa1","8168B363ADDB4A45BBA9869C6513AD62","TALL_006.mammalGrid.mam","D08","TALL","TALL_006","2014-05-30","2014-05-30",,,
"330ccabe-b5a1-4e4f-9a9e-55a644c9199c","6A2A9F1B2A0941DD86A0C4F690A5C14D","TALL_005.mammalGrid.mam","D08","TALL","TALL_005","2014-05-30","2014-05-30",,,
"05ef458f-d98a-421d-9cc6-15b2c50b8fde","8B4678347C6F468B885E07227DAA182C","TALL_015.mammalGrid.mam","D08","TALL","TALL_015","2014-05-30","2014-05-30",,,
"31529537-d4a2-4dd8-80c2-1c0177ee54e1","9865E87F775D4C7F8AD16CE2FD2ADE6B","TALL_031.mammalGrid.mam","D08","TALL","TALL_031","2014-05-31","2014-05-31",,,
"c06b3ed3-6003-4583-9c52-20609d96d071","9CBCD4B6BAB14ECCA941CE22F52F4281","TALL_010.mammalGrid.mam","D08","TALL","TALL_010","2014-05-31","2014-05-31",,,
"2b7b7e37-45a8-4993-8524-bdc9791e7a28","962EDDA365284AAD959C470D3A38E7B3","TALL_024.mammalGrid.mam","D08","TALL","TALL_024","2014-05-31","2014-05-31",,,
"d86ad6fd-d28e-4997-a552-a212140abbe5","A2866BF92AFF404CB8C52A56BA226E8D","TALL_012.mammalGrid.mam","D08","TALL","TALL_012","2014-05-31","2014-05-31",,,
