uid,nightuid,namedLocation,domainID,siteID,plotID,collectDate,endDate,samplingProtocolVersion,remarks,dataQF
"40929309-4de1-44b4-9186-05642110ecf8","0705482a-17ee-4ab0-8cdc-6cd0840c9961","UNDE_008.mammalGrid.mam","D05","UNDE","UNDE_008","2017-06-02","2017-06-02","NEON.DOC.000481vJ",,
"a9692f6a-dc24-4918-9b6d-bb8ba9ce9e9c","736565ab-d46e-4ba0-b52b-dd476f10272b","UNDE_003.mammalGrid.mam","D05","UNDE","UNDE_003","2017-06-02","2017-06-02","NEON.DOC.000481vG",,
"8dbab5e5-e224-4551-9357-9c25c5dc4441","35b45cdf-27b0-4e23-9498-8eafc6aca956","UNDE_002.mammalGrid.mam","D05","UNDE","UNDE_002","2017-06-20","2017-06-20","NEON.DOC.000481vG",,
"967870f8-b8dd-4bf2-aecd-5b73c84431db","860175f0-8c79-48ba-b016-ef16d020001e","UNDE_008.mammalGrid.mam","D05","UNDE","UNDE_008","2017-06-20","2017-06-20","NEON.DOC.000481vG",,
"6dbd9aed-c1e0-49e1-867e-c0251d4dd8f5","75331555-0678-4cd8-be4b-45d1ef48dc3e","UNDE_001.mammalGrid.mam","D05","UNDE","UNDE_001","2017-06-21","2017-06-21","NEON.DOC.000481vG",,
"4227f23f-ab59-4226-a6e2-569651023d83","c4ae3cc0-e1f9-491d-966d-1fc6260da4e7","UNDE_003.mammalGrid.mam","D05","UNDE","UNDE_003","2017-06-21","2017-06-21","NEON.DOC.000481vG",,
"177be10c-b959-47ca-9dd6-5c1ec63f30b0","40fdc197-5be2-4a16-9f1c-8845ad595f1d","UNDE_032.mammalGrid.mam","D05","UNDE","UNDE_032","2017-06-22","2017-06-22","NEON.DOC.000481vG",,
"7488e4b7-8606-468f-88f4-ca568207cb09","38cda0b4-dfd6-4589-a379-c0bddc60b496","UNDE_012.mammalGrid.mam","D05","UNDE","UNDE_012","2017-06-22","2017-06-22","NEON.DOC.000481vG",,
"275cf79c-8d4c-45fa-b846-fdbd2d5b477b","04e56de0-f8ea-41bc-8527-69878fa04e84","UNDE_027.mammalGrid.mam","D05","UNDE","UNDE_027","2017-06-22","2017-06-22","NEON.DOC.000481vG",,
"043f0483-e109-4d40-a2ce-f197cd63137d","0c0337ee-e364-472d-a2c1-0dab46677e21","UNDE_012.mammalGrid.mam","D05","UNDE","UNDE_012","2017-06-23","2017-06-23","NEON.DOC.000481vG",,
"c1692427-961b-4906-9a28-90c2c61f821d","2efbaf8d-cc66-48ad-a13b-c151a76e0fd0","UNDE_032.mammalGrid.mam","D05","UNDE","UNDE_032","2017-06-23","2017-06-23","NEON.DOC.000481vG",,
"4309d529-1b7c-44a1-9af0-b1e73ffdc3bb","c435a255-29e8-4877-8ec9-0199e12e3a3c","UNDE_027.mammalGrid.mam","D05","UNDE","UNDE_027","2017-06-23","2017-06-23","NEON.DOC.000481vG",,
"479fd31f-7d17-4315-b488-6ef226439782","4536dabd-b3dc-41af-bd2f-954f414d3e90","UNDE_012.mammalGrid.mam","D05","UNDE","UNDE_012","2017-06-24","2017-06-24","NEON.DOC.000481vG",,
"5fe3a843-f387-4405-a21a-0073cba44d9a","44f0e5ec-282e-478f-a38e-33a8a3f49d06","UNDE_032.mammalGrid.mam","D05","UNDE","UNDE_032","2017-06-24","2017-06-24","NEON.DOC.000481vG",,
"e7e441dd-d976-4656-92e2-5f66de5ef865","4a0faa06-39fc-480c-8c1b-214507bea460","UNDE_027.mammalGrid.mam","D05","UNDE","UNDE_027","2017-06-24","2017-06-24","NEON.DOC.000481vG",,
