uid,nightuid,namedLocation,domainID,siteID,plotID,collectDate,endDate,samplingProtocolVersion,remarks,dataQF
"be2aeb7b-ddd6-423c-a4f0-bc0ee90566b1","4786C5FB20BF4F338696363167932C0E","NOGP_002.mammalGrid.mam","D09","NOGP","NOGP_002","2016-05-10","2016-05-10","NEON.DOC.000481vG",,
"e28b6af4-27ac-49f8-9443-b267df7231ac","9EE2582A9A57437F8D05D2B3BD3A48BB","NOGP_009.mammalGrid.mam","D09","NOGP","NOGP_009","2016-05-10","2016-05-10","NEON.DOC.000481vG",,
"0eee3da6-7787-47b1-a82c-c4a587f2c227","6277CD61681045FFBFEB708E9BCC103F","NOGP_010.mammalGrid.mam","D09","NOGP","NOGP_010","2016-05-10","2016-05-10","NEON.DOC.000481vG",,
"a727eeaf-4477-4749-96a6-97c127b9b51b","8461ED711182483D991C29898DF7E367","NOGP_002.mammalGrid.mam","D09","NOGP","NOGP_002","2016-05-10","2016-05-10","NEON.DOC.000481vG",,
"fb569f4a-3e3f-492f-9ed3-4e4fc655dfa7","B7BAEB9561D6453082F840B3DD3B3B18","NOGP_017.mammalGrid.mam","D09","NOGP","NOGP_017","2016-05-10","2016-05-10","NEON.DOC.000481vG",,
"527684b8-3d10-4fd6-a5ab-10da267a17fc","65F8DE25605045A79C77F49325E1FD2E","NOGP_010.mammalGrid.mam","D09","NOGP","NOGP_010","2016-05-10","2016-05-10","NEON.DOC.000481vG",,
"716cd377-d9d4-45cf-a6a8-96d48a88120a","261669D36FDA4AEEA091840F5D469809","NOGP_009.mammalGrid.mam","D09","NOGP","NOGP_009","2016-05-10","2016-05-10","NEON.DOC.000481vG","No captures",
"518945de-2c59-4b4e-92c0-575eb042ec12","F921EAB04C3D409A9931903E6808231B","NOGP_017.mammalGrid.mam","D09","NOGP","NOGP_017","2016-05-10","2016-05-10","NEON.DOC.000481vG",,
"595d18b8-4de8-4a18-ba32-5912698db3aa","27CDB5288CC249A88763BD8904D7DE33","NOGP_010.mammalGrid.mam","D09","NOGP","NOGP_010","2016-05-11","2016-05-11","NEON.DOC.000481vG",,
"690f631d-fcd7-43ff-ad6a-63ed6791c104","44C4DA12D4FD42F5825AEDDBC6D95435","NOGP_005.mammalGrid.mam","D09","NOGP","NOGP_005","2016-05-11","2016-05-11","NEON.DOC.000481vG",,
"c988534e-84ea-49b2-874d-2c85fe957f9e","F7A545B90A6D4D74ADAD55B48EA3A0D9","NOGP_002.mammalGrid.mam","D09","NOGP","NOGP_002","2016-05-11","2016-05-11","NEON.DOC.000481vG",,
"4946b3de-b14d-4185-846b-9e65e946a29c","17989A1420074509AE48EDC533D99B5A","NOGP_017.mammalGrid.mam","D09","NOGP","NOGP_017","2016-05-11","2016-05-11","NEON.DOC.000481vG",,
"40bd7d58-a78f-4272-a5ee-725930c1a26a","D1E4A3F879914EC882888A443A2B4C42","NOGP_010.mammalGrid.mam","D09","NOGP","NOGP_010","2016-05-11","2016-05-11","NEON.DOC.000481vG",,
"e8e0c8c1-68c3-4c31-8ced-3ed080acb72c","F475F6F3B5874B849B1FD5E5906F1B0D","NOGP_017.mammalGrid.mam","D09","NOGP","NOGP_017","2016-05-11","2016-05-11","NEON.DOC.000481vG",,
"9f0e9d2e-cbc7-4568-b79e-c3907b92880a","5D7371F7B94F4F59BB83E0F475225634","NOGP_005.mammalGrid.mam","D09","NOGP","NOGP_005","2016-05-11","2016-05-11","NEON.DOC.000481vG",,
"f1071620-89f5-4642-869e-4643d073a4f6","19F0CB17196D48E29976BBD1E51970AF","NOGP_002.mammalGrid.mam","D09","NOGP","NOGP_002","2016-05-11","2016-05-11","NEON.DOC.000481vG",,
"f1af4ecc-284f-425f-9e78-b688e1ca03b7","2F1639FA8AAF427098F72181AA2A0046","NOGP_002.mammalGrid.mam","D09","NOGP","NOGP_002","2016-05-12","2016-05-12","NEON.DOC.000481vG",,
"6fc71d33-f9f2-4b60-a38a-da09bdf256ac","A7A0D5C57D33470A8BC0173209ADA347","NOGP_010.mammalGrid.mam","D09","NOGP","NOGP_010","2016-05-12","2016-05-12","NEON.DOC.000481vG",,
"cea70bfd-efdf-4523-b253-91308682e1de","38BFF13C2567488F9DC548A1BEF4C582","NOGP_007.mammalGrid.mam","D09","NOGP","NOGP_007","2016-05-12","2016-05-12","NEON.DOC.000481vG",,
"de71b318-10aa-4556-b9fd-198405992fea","521D259EABA3418D9BAD3DDF347E0095","NOGP_017.mammalGrid.mam","D09","NOGP","NOGP_017","2016-05-12","2016-05-12","NEON.DOC.000481vG",,
"7cf4247d-2be1-45f3-ad18-d9fc877127bd","DD50FF9FE4884D389E03618CCEC1F280","NOGP_007.mammalGrid.mam","D09","NOGP","NOGP_007","2016-05-12","2016-05-12","NEON.DOC.000481vG",,
"ba69c5ba-71bb-460c-b844-5b2fd727c43a","18BBB28E71AA46D2AE06146A43D829C6","NOGP_010.mammalGrid.mam","D09","NOGP","NOGP_010","2016-05-12","2016-05-12","NEON.DOC.000481vG",,
"782c393c-0a2d-496a-9e73-072ff3269716","2060AFA72B54483CA8863147D558DBBF","NOGP_017.mammalGrid.mam","D09","NOGP","NOGP_017","2016-05-12","2016-05-12","NEON.DOC.000481vG",,
"5fd5f829-5fce-4ade-b4c1-985258b66953","763F1F87599548A5B6D0D2F9D71C56D9","NOGP_002.mammalGrid.mam","D09","NOGP","NOGP_002","2016-05-12","2016-05-12","NEON.DOC.000481vG",,
