uid,nightuid,namedLocation,domainID,siteID,plotID,collectDate,endDate,samplingProtocolVersion,remarks,dataQF
"4bbaf80c-2f09-4f93-afd6-4bc99361c3d4","8f9d7005-4494-4189-b423-516b5d27d7d3","CLBJ_040.mammalGrid.mam","D11","CLBJ","CLBJ_040","2018-03-20","2018-03-20","NEON.DOC.000481vK",,
"5936a3ee-2f6e-4224-9691-9f3b136e2dc3","f8013db9-4886-4a2d-b0a7-735a587f2520","CLBJ_033.mammalGrid.mam","D11","CLBJ","CLBJ_033","2018-03-20","2018-03-20","NEON.DOC.000481vK",,
"b8593621-91d1-4bc1-b878-7ac9954cd20c","fefe85e0-e79d-4423-9db4-8bb1eb0b922d","CLBJ_057.mammalGrid.mam","D11","CLBJ","CLBJ_057","2018-03-20","2018-03-20","NEON.DOC.000481vK",,
"45ad440a-df0d-45ff-b571-3bcf75944585","ffce53b2-06d0-425a-8660-2f57ffe3f367","CLBJ_041.mammalGrid.mam","D11","CLBJ","CLBJ_041","2018-03-20","2018-03-20","NEON.DOC.000481vK",,
"9efba357-ea21-46c3-990b-68f988140c26","44b19830-b3ae-46fb-b0fe-96ab6b5d20f2","CLBJ_042.mammalGrid.mam","D11","CLBJ","CLBJ_042","2018-03-21","2018-03-21","NEON.DOC.000481vK",,
"413a5cb5-fff7-4532-9c6e-54df2a50be7d","b33fbbb8-0e1a-4447-8659-d044e4640674","CLBJ_033.mammalGrid.mam","D11","CLBJ","CLBJ_033","2018-03-21","2018-03-21","NEON.DOC.000481vK",,
"856fde41-cb64-49c6-81fd-3227786cb815","55162f36-3c8a-4110-b455-05599e27c87f","CLBJ_041.mammalGrid.mam","D11","CLBJ","CLBJ_041","2018-03-21","2018-03-21","NEON.DOC.000481vK",,
"75076072-abab-4962-a1fb-026de37e849e","626934e3-ec33-4966-aa16-ce53aa82684b","CLBJ_033.mammalGrid.mam","D11","CLBJ","CLBJ_033","2018-03-22","2018-03-22","NEON.DOC.000481vK",,
"189a97af-9eed-4db5-8cbe-b22790625157","a045b3cc-94c6-4554-a7f9-487383036ee8","CLBJ_042.mammalGrid.mam","D11","CLBJ","CLBJ_042","2018-03-22","2018-03-22","NEON.DOC.000481vK",,
"1dafcf6e-7ff6-408f-96e6-c174fccba35e","a5baff8d-813a-4142-9c94-9f458ab7290b","CLBJ_041.mammalGrid.mam","D11","CLBJ","CLBJ_041","2018-03-22","2018-03-22","NEON.DOC.000481vK",,
"e2e358f1-59db-4b34-87f5-dc50a644adc8","2043cb75-0d74-40af-aaf1-085f6c122abe","CLBJ_042.mammalGrid.mam","D11","CLBJ","CLBJ_042","2018-03-23","2018-03-23","NEON.DOC.000481vK",,
"617766bf-3a95-466e-8ee1-ab83c7e94979","c9a26a23-8325-4685-a02e-0f7eb5635c14","CLBJ_037.mammalGrid.mam","D11","CLBJ","CLBJ_037","2018-03-23","2018-03-23","NEON.DOC.000481vK",,
"05f42b34-33b6-4ab6-a2fe-71f6b91622ef","7aff3576-53d2-4a05-b687-87a98abc05d9","CLBJ_039.mammalGrid.mam","D11","CLBJ","CLBJ_039","2018-03-23","2018-03-23","NEON.DOC.000481vK",,
"4a9a3243-414c-432f-a891-cd46faa31869","3f57318c-2df3-4cb0-b80a-55b4b7bace30","CLBJ_034.mammalGrid.mam","D11","CLBJ","CLBJ_034","2018-03-23","2018-03-23","NEON.DOC.000481vK",,
