uid,nightuid,namedLocation,domainID,siteID,plotID,collectDate,endDate,samplingProtocolVersion,remarks,dataQF
"26bde146-df70-4a5a-86e9-c08756380a42","3B2775636C8449769DF03C7451520928","STER_031.mammalGrid.mam","D10","STER","STER_031","2015-03-24","2015-03-24",,,
"8d04992d-f823-452b-8b80-871f74f8ebfb","FB4097F8A8774F6B9DCE23C8DF9AEBC3","STER_029.mammalGrid.mam","D10","STER","STER_029","2015-03-24","2015-03-24",,"used protocol vF",
"ef0ac4b7-03e2-4a1a-a266-8e87e52f181b","CFC77324D03F4E5690910BBC757BA03F","STER_006.mammalGrid.mam","D10","STER","STER_006","2015-03-24","2015-03-24",,"Used sampling protocol vF",
"7503f4e0-0837-4525-af78-d6b48d367073","9A1EC14B15804DAA822613253BD6562A","STER_006.mammalGrid.mam","D10","STER","STER_006","2015-03-25","2015-03-25",,"Used sampling protocol vF Remaining captures ( 16) were released due to logistics. 2 animals died and several were suffering cold stress and the weather was a wintery mix of precipation.",
"a9280649-0d82-45b8-9033-015362fe9fd4","508DF22E4D994C1DAD68DC591B94A9B3","STER_029.mammalGrid.mam","D10","STER","STER_029","2015-03-26","2015-03-26",,"used protocol vF",
"9939b8be-6935-4681-9866-7ac4b1e7c95a","104096BBCBE04E57B523CFB8F8F96BF2","STER_006.mammalGrid.mam","D10","STER","STER_006","2015-03-26","2015-03-26",,,
"87d9ed37-0dcb-4c01-9953-76e86c1ad7d0","B45B2D59FE3E4E588AA24A6580AD5A3F","STER_031.mammalGrid.mam","D10","STER","STER_031","2015-03-26","2015-03-26",,"used protocol vF",
