uid,nightuid,namedLocation,domainID,siteID,plotID,collectDate,endDate,samplingProtocolVersion,remarks,dataQF
"4fc8801f-6b32-4028-ab12-ef2a7289426f","4a8a6e1f-0953-4b41-99c8-a5bbef330bd6","TALL_012.mammalGrid.mam","D08","TALL","TALL_012","2017-03-21","2017-03-21","NEON.DOC.000481vJ",,
"e0e5df9d-64b1-4168-9241-155469c9b8d4","1fefeb17-131d-4b7e-92c0-4b31333dc3bf","TALL_015.mammalGrid.mam","D08","TALL","TALL_015","2017-03-21","2017-03-21",,,
"2713cdc0-6edd-4d71-8a7a-83f8f6bef324","d8a9c610-8b43-438a-94b3-493041d99608","TALL_024.mammalGrid.mam","D08","TALL","TALL_024","2017-03-21","2017-03-21","NEON.DOC.000481vJ",,
"8e238769-50c2-46d1-9776-dd2969bdd138","a12c3691-581b-4301-a5fe-811997fbd97c","TALL_010.mammalGrid.mam","D08","TALL","TALL_010","2017-03-21","2017-03-21","NEON.DOC.000481vJ",,
"f31a8312-939a-4770-a942-635b7320a504","8ccce753-01df-49b6-bb3c-634e50d2c0d7","TALL_015.mammalGrid.mam","D08","TALL","TALL_015","2017-03-22","2017-03-22","NEON.DOC.000481vJ",,
"4aba1689-5654-4577-9df3-cd7ec7d19a9b","4695d5f5-2a3b-4ba7-91bf-1a5dd5455832","TALL_010.mammalGrid.mam","D08","TALL","TALL_010","2017-03-22","2017-03-22","NEON.DOC.000481vJ",,
"2f3c6278-c052-4a36-a747-a9898e594814","1299a22b-8548-400a-825f-b591cc39432b","TALL_012.mammalGrid.mam","D08","TALL","TALL_012","2017-03-22","2017-03-22","NEON.DOC.000481vJ",,
"3802fe9d-46a5-4ffa-961c-c60720328aa8","93ab1824-b855-4121-b3be-19faf28a47fb","TALL_024.mammalGrid.mam","D08","TALL","TALL_024","2017-03-22","2017-03-22","NEON.DOC.000481vJ",,
"a2c5939c-08a8-4325-8137-a3c01ea72cde","7fc67f4c-7b6f-4dbe-812f-6b53e9c22a5a","TALL_024.mammalGrid.mam","D08","TALL","TALL_024","2017-03-23","2017-03-23","NEON.DOC.000481vJ",,
"47fe6e22-86a1-4e32-9025-380837d38a54","fcd7150e-6291-4035-b32e-4b4f2e425605","TALL_010.mammalGrid.mam","D08","TALL","TALL_010","2017-03-23","2017-03-23","NEON.DOC.000481vJ",,
"f4defb21-5e7d-4c41-8103-14c34080fb65","9109705d-dbe5-4312-95e2-09983e31e2d6","TALL_015.mammalGrid.mam","D08","TALL","TALL_015","2017-03-23","2017-03-23","NEON.DOC.000481vJ",,
"6a53851e-993c-4ad3-97ad-94889b2ac52a","3d1bb0cf-9d3a-4695-9bf0-f2fc8356d8ab","TALL_012.mammalGrid.mam","D08","TALL","TALL_012","2017-03-23","2017-03-23","NEON.DOC.000481vJ",,
"55460121-3600-46d9-9567-dcc086260ddc","f29468b2-f4fc-4f19-89c1-2b2629d7e389","TALL_005.mammalGrid.mam","D08","TALL","TALL_005","2017-03-24","2017-03-24","NEON.DOC.000481vJ",,
"5df00322-278a-4de6-82b0-adc02dcaac9b","f6654a83-5a19-42c8-ab92-40f16d07da81","TALL_031.mammalGrid.mam","D08","TALL","TALL_031","2017-03-24","2017-03-24","NEON.DOC.000481vJ",,
"b855f2c3-ab9d-4b49-ae47-749467d58ec6","83012ed7-55dd-4dc1-9c88-7e13c1b78981","TALL_013.mammalGrid.mam","D08","TALL","TALL_013","2017-03-24","2017-03-24","NEON.DOC.000481vJ",,
