uid,nightuid,namedLocation,domainID,siteID,plotID,trapCoordinate,plotType,nlcdClass,decimalLatitude,decimalLongitude,geodeticDatum,coordinateUncertainty,elevation,elevationUncertainty,trapStatus,trapType,collectDate,endDate,tagID,individualCode,taxonID,scientificName,taxonRank,identificationQualifier,identificationReferences,nativeStatusCode,sex,recapture,fate,replacedTag,lifeStage,testes,nipples,pregnancyStatus,vagina,hindfootLength,earLength,tailLength,totalLength,weight,larvalTicksAttached,nymphalTicksAttached,adultTicksAttached,bloodSampleID,bloodSampleBarcode,bloodSampleMethod,fecalSampleID,fecalSampleBarcode,fecalSampleCondition,earSampleID,earSampleBarcode,hairSampleID,hairSampleBarcode,hairSampleContents,voucherSampleID,voucherSampleBarcode,measuredBy,recordedBy,remarks,dataQF
"6d8943aa-6d88-43bd-93db-35c004520af2","E3C11D0434BE42DF88BF01955BB9161F","SRER_007.mammalGrid.mam","D14","SRER","SRER_007","I8","distributed","shrubScrub",31.898586,-110.876603,"WGS84",45.1,933.6,0.1,"6 - trap set and empty","ShermanXLF","2016-11-30","2016-11-30",,,,,,,,,,,,,,,,,,,,,,,,,,,,,,,,,,,,,,,"kharris@neoninc.org","ewashburne@field-ops.org",,
"a51331af-b48d-4d08-a4e5-14bb4f427901","E3C11D0434BE42DF88BF01955BB9161F","SRER_007.mammalGrid.mam","D14","SRER","SRER_007","C1","distributed","shrubScrub",31.898586,-110.876603,"WGS84",45.1,933.6,0.1,"6 - trap set and empty","ShermanXLF","2016-11-30","2016-11-30",,,,,,,,,,,,,,,,,,,,,,,,,,,,,,,,,,,,,,,"kharris@neoninc.org","ewashburne@field-ops.org",,
"98954481-6019-4723-b15a-6e46fce54130","E3C11D0434BE42DF88BF01955BB9161F","SRER_007.mammalGrid.mam","D14","SRER","SRER_007","J5","distributed","shrubScrub",31.898586,-110.876603,"WGS84",45.1,933.6,0.1,"5 - capture","ShermanXLF","2016-11-30","2016-11-30",,,"OTHE","Mammalia sp.","class",,"Reid, F. 2006. A field guide to mammals of North America, north of Mexico. 4th ed. Houghton Mifflin Company, Boston.","UNK","U",,"released",,"unknown",,,,,,,,,,"U","U","U",,,,,,,,,,,,,,"kharris@neoninc.org","ewashburne@field-ops.org",,
"cfadf734-7bee-4957-8d07-bff2b7aacebb","E3C11D0434BE42DF88BF01955BB9161F","SRER_007.mammalGrid.mam","D14","SRER","SRER_007","H5","distributed","shrubScrub",31.898586,-110.876603,"WGS84",45.1,933.6,0.1,"5 - capture","ShermanXLF","2016-11-30","2016-11-30",,,"OTHE","Mammalia sp.","class",,"Reid, F. 2006. A field guide to mammals of North America, north of Mexico. 4th ed. Houghton Mifflin Company, Boston.","UNK","U",,"released",,"unknown",,,,,,,,,,"U","U","U",,,,,,,,,,,,,,"kharris@neoninc.org","ewashburne@field-ops.org",,
"8b479ef9-569f-49da-8c53-a07ce50e0433","E3C11D0434BE42DF88BF01955BB9161F","SRER_007.mammalGrid.mam","D14","SRER","SRER_007","B6","distributed","shrubScrub",31.898586,-110.876603,"WGS84",45.1,933.6,0.1,"6 - trap set and empty","ShermanXLF","2016-11-30","2016-11-30",,,,,,,,,,,,,,,,,,,,,,,,,,,,,,,,,,,,,,,"kharris@neoninc.org","ewashburne@field-ops.org",,
"984df55b-386b-49f2-9e74-e4da8970e29f","E3C11D0434BE42DF88BF01955BB9161F","SRER_007.mammalGrid.mam","D14","SRER","SRER_007","E2","distributed","shrubScrub",31.898586,-110.876603,"WGS84",45.1,933.6,0.1,"6 - trap set and empty","ShermanXLF","2016-11-30","2016-11-30",,,,,,,,,,,,,,,,,,,,,,,,,,,,,,,,,,,,,,,"kharris@neoninc.org","ewashburne@field-ops.org",,
"d80c251a-33b6-43f0-98d9-1925fd7dc0c4","E3C11D0434BE42DF88BF01955BB9161F","SRER_007.mammalGrid.mam","D14","SRER","SRER_007","G6","distributed","shrubScrub",31.898586,-110.876603,"WGS84",45.1,933.6,0.1,"5 - capture","ShermanXLF","2016-11-30","2016-11-30",,,"OTHE","Mammalia sp.","class",,"Reid, F. 2006. A field guide to mammals of North America, north of Mexico. 4th ed. Houghton Mifflin Company, Boston.","UNK","U",,"released",,"unknown",,,,,,,,,,"U","U","U",,,,,,,,,,,,,,"kharris@neoninc.org","ewashburne@field-ops.org",,
"51934684-2473-492b-a0c6-de983e74b36e","E3C11D0434BE42DF88BF01955BB9161F","SRER_007.mammalGrid.mam","D14","SRER","SRER_007","B7","distributed","shrubScrub",31.898586,-110.876603,"WGS84",45.1,933.6,0.1,"5 - capture","ShermanXLF","2016-11-30","2016-11-30","NEON.MAM.D14.L2107",,"DIME","Dipodomys merriami","species",,"Reid, F. 2006. A field guide to mammals of North America, north of Mexico. 4th ed. Houghton Mifflin Company, Boston.","N","F","N",,,"adult",,"nonenlarged","not","neither",,,,,,"N","N","N",,,,,,,,,,,,,,"kharris@neoninc.org","ewashburne@field-ops.org",,
"777f953e-6725-49ba-9a78-88b60df9ea92","E3C11D0434BE42DF88BF01955BB9161F","SRER_007.mammalGrid.mam","D14","SRER","SRER_007","G2","distributed","shrubScrub",31.898586,-110.876603,"WGS84",45.1,933.6,0.1,"6 - trap set and empty","ShermanXLF","2016-11-30","2016-11-30",,,,,,,,,,,,,,,,,,,,,,,,,,,,,,,,,,,,,,,"kharris@neoninc.org","ewashburne@field-ops.org",,
"fc70333d-6250-4345-9dce-d8fa8e9c8859","E3C11D0434BE42DF88BF01955BB9161F","SRER_007.mammalGrid.mam","D14","SRER","SRER_007","I5","distributed","shrubScrub",31.898586,-110.876603,"WGS84",45.1,933.6,0.1,"6 - trap set and empty","ShermanXLF","2016-11-30","2016-11-30",,,,,,,,,,,,,,,,,,,,,,,,,,,,,,,,,,,,,,,"kharris@neoninc.org","ewashburne@field-ops.org",,
"6e451b85-b078-44bc-923c-139c7a503fbc","E3C11D0434BE42DF88BF01955BB9161F","SRER_007.mammalGrid.mam","D14","SRER","SRER_007","A4","distributed","shrubScrub",31.898586,-110.876603,"WGS84",45.1,933.6,0.1,"5 - capture","ShermanXLF","2016-11-30","2016-11-30","NEON.MAM.D14.R1838",,"PEER","Peromyscus eremicus","species",,"Reid, F. 2006. A field guide to mammals of North America, north of Mexico. 4th ed. Houghton Mifflin Company, Boston.","N","F","Y",,,"adult",,"nonenlarged","not","neither",,,,,,"N","N","N","SRER.20161130.R1838.B",,"mandibular",,,,,,,,,,,"kharris@neoninc.org","ewashburne@field-ops.org",,
"07c6fa25-c937-4349-ab36-4246c82d0f70","E3C11D0434BE42DF88BF01955BB9161F","SRER_007.mammalGrid.mam","D14","SRER","SRER_007","C8","distributed","shrubScrub",31.898586,-110.876603,"WGS84",45.1,933.6,0.1,"6 - trap set and empty","ShermanXLF","2016-11-30","2016-11-30",,,,,,,,,,,,,,,,,,,,,,,,,,,,,,,,,,,,,,,"kharris@neoninc.org","ewashburne@field-ops.org",,
"76dd20ca-e247-4493-acba-cbbdc1b8bc6d","E3C11D0434BE42DF88BF01955BB9161F","SRER_007.mammalGrid.mam","D14","SRER","SRER_007","G4","distributed","shrubScrub",31.898586,-110.876603,"WGS84",45.1,933.6,0.1,"5 - capture","ShermanXLF","2016-11-30","2016-11-30","NEON.MAM.D14.R2137",,"SISP","Sigmodon sp.","genus",,"Reid, F. 2006. A field guide to mammals of North America, north of Mexico. 4th ed. Houghton Mifflin Company, Boston.","N","F","N",,,"adult",,"nonenlarged","not","neither",,,,,,"N","N","N","SRER.20161130.R2137.B",,"mandibular",,,,,,,,,,,"kharris@neoninc.org","ewashburne@field-ops.org",,
"089e3e24-89f8-4c89-a741-9e7a8f3eba01","E3C11D0434BE42DF88BF01955BB9161F","SRER_007.mammalGrid.mam","D14","SRER","SRER_007","D1","distributed","shrubScrub",31.898586,-110.876603,"WGS84",45.1,933.6,0.1,"5 - capture","ShermanXLF","2016-11-30","2016-11-30","NEON.MAM.D14.R2129",,"DIME","Dipodomys merriami","species",,"Reid, F. 2006. A field guide to mammals of North America, north of Mexico. 4th ed. Houghton Mifflin Company, Boston.","N","M","N",,,"adult","nonscrotal",,,,,,,,,"N","N","N",,,,,,,,,,,,,,"kharris@neoninc.org","ewashburne@field-ops.org",,
"4a898d50-f4a4-4f6f-801f-e29de274a3c3","E3C11D0434BE42DF88BF01955BB9161F","SRER_007.mammalGrid.mam","D14","SRER","SRER_007","E9","distributed","shrubScrub",31.898586,-110.876603,"WGS84",45.1,933.6,0.1,"6 - trap set and empty","ShermanXLF","2016-11-30","2016-11-30",,,,,,,,,,,,,,,,,,,,,,,,,,,,,,,,,,,,,,,"kharris@neoninc.org","ewashburne@field-ops.org",,
"605a7e93-683e-4980-b6bb-af2cb9850553","E3C11D0434BE42DF88BF01955BB9161F","SRER_007.mammalGrid.mam","D14","SRER","SRER_007","C7","distributed","shrubScrub",31.898586,-110.876603,"WGS84",45.1,933.6,0.1,"5 - capture","ShermanXLF","2016-11-30","2016-11-30","NEON.MAM.D14.R2125",,"REFU","Reithrodontomys fulvescens","species",,"Reid, F. 2006. A field guide to mammals of North America, north of Mexico. 4th ed. Houghton Mifflin Company, Boston.","N","M","N",,,"adult","nonscrotal",,,,,,,,,"N","N","N","SRER.20161130.R2125.B",,"mandibular",,,,,,,,,,,"kharris@neoninc.org","ewashburne@field-ops.org",,
"0ea0dd6c-2d6f-473d-aeeb-90ae434128ea","E3C11D0434BE42DF88BF01955BB9161F","SRER_007.mammalGrid.mam","D14","SRER","SRER_007","E8","distributed","shrubScrub",31.898586,-110.876603,"WGS84",45.1,933.6,0.1,"5 - capture","ShermanXLF","2016-11-30","2016-11-30","NEON.MAM.D14.O007E8",,"REFU","Reithrodontomys fulvescens","species",,"Reid, F. 2006. A field guide to mammals of North America, north of Mexico. 4th ed. Houghton Mifflin Company, Boston.","N","U","N","dead",,"unknown",,,,,,,,,,"U","U","U",,,,,,,,,,,,"SRER.20161130.O007E8.V",,"kharris@neoninc.org","ewashburne@field-ops.org",,
"be42e0ef-b90c-4ca8-84a2-f5e6158a4ee2","E3C11D0434BE42DF88BF01955BB9161F","SRER_007.mammalGrid.mam","D14","SRER","SRER_007","E1","distributed","shrubScrub",31.898586,-110.876603,"WGS84",45.1,933.6,0.1,"6 - trap set and empty","ShermanXLF","2016-11-30","2016-11-30",,,,,,,,,,,,,,,,,,,,,,,,,,,,,,,,,,,,,,,"kharris@neoninc.org","ewashburne@field-ops.org",,
"6d307922-2c51-4d20-866d-cba67fcd64df","E3C11D0434BE42DF88BF01955BB9161F","SRER_007.mammalGrid.mam","D14","SRER","SRER_007","J1","distributed","shrubScrub",31.898586,-110.876603,"WGS84",45.1,933.6,0.1,"5 - capture","ShermanXLF","2016-11-30","2016-11-30",,,"OTHE","Mammalia sp.","class",,"Reid, F. 2006. A field guide to mammals of North America, north of Mexico. 4th ed. Houghton Mifflin Company, Boston.","UNK","U",,"released",,"unknown",,,,,,,,,,"U","U","U",,,,,,,,,,,,,,"kharris@neoninc.org","ewashburne@field-ops.org",,
"ddd134ac-0d5d-4741-8304-7badd7918ecd","E3C11D0434BE42DF88BF01955BB9161F","SRER_007.mammalGrid.mam","D14","SRER","SRER_007","F7","distributed","shrubScrub",31.898586,-110.876603,"WGS84",45.1,933.6,0.1,"6 - trap set and empty","ShermanXLF","2016-11-30","2016-11-30",,,,,,,,,,,,,,,,,,,,,,,,,,,,,,,,,,,,,,,"kharris@neoninc.org","ewashburne@field-ops.org",,
"0aba525e-6187-48af-80b0-21784acc7bd2","E3C11D0434BE42DF88BF01955BB9161F","SRER_007.mammalGrid.mam","D14","SRER","SRER_007","F9","distributed","shrubScrub",31.898586,-110.876603,"WGS84",45.1,933.6,0.1,"5 - capture","ShermanXLF","2016-11-30","2016-11-30","NEON.MAM.D14.R1883",,"NEAL","Neotoma albigula","species",,"Reid, F. 2006. A field guide to mammals of North America, north of Mexico. 4th ed. Houghton Mifflin Company, Boston.","N","F","Y",,,"adult",,"enlarged","not","neither",,,,,,"N","N","N","SRER.20161130.R1883.B",,"mandibular",,,,,,,,,,,"kharris@neoninc.org","ewashburne@field-ops.org",,
"77b5d912-8a98-4e27-ad42-b12e25bfc58c","E3C11D0434BE42DF88BF01955BB9161F","SRER_007.mammalGrid.mam","D14","SRER","SRER_007","I10","distributed","shrubScrub",31.898586,-110.876603,"WGS84",45.1,933.6,0.1,"6 - trap set and empty","ShermanXLF","2016-11-30","2016-11-30",,,,,,,,,,,,,,,,,,,,,,,,,,,,,,,,,,,,,,,"kharris@neoninc.org","ewashburne@field-ops.org",,
"8f681644-e1e7-4084-b932-295e152a284f","E3C11D0434BE42DF88BF01955BB9161F","SRER_007.mammalGrid.mam","D14","SRER","SRER_007","D6","distributed","shrubScrub",31.898586,-110.876603,"WGS84",45.1,933.6,0.1,"2 - trap disturbed/door closed but empty","ShermanXLF","2016-11-30","2016-11-30",,,,,,,,,,,,,,,,,,,,,,,,,,,,,,,,,,,,,,,"kharris@neoninc.org","ewashburne@field-ops.org",,
"40db7c7c-dbde-4dcf-8857-f0f0472361d4","E3C11D0434BE42DF88BF01955BB9161F","SRER_007.mammalGrid.mam","D14","SRER","SRER_007","E3","distributed","shrubScrub",31.898586,-110.876603,"WGS84",45.1,933.6,0.1,"6 - trap set and empty","ShermanXLF","2016-11-30","2016-11-30",,,,,,,,,,,,,,,,,,,,,,,,,,,,,,,,,,,,,,,"kharris@neoninc.org","ewashburne@field-ops.org",,
"75810f50-e294-4ab3-869e-3001d1bcdf73","E3C11D0434BE42DF88BF01955BB9161F","SRER_007.mammalGrid.mam","D14","SRER","SRER_007","H6","distributed","shrubScrub",31.898586,-110.876603,"WGS84",45.1,933.6,0.1,"6 - trap set and empty","ShermanXLF","2016-11-30","2016-11-30",,,,,,,,,,,,,,,,,,,,,,,,,,,,,,,,,,,,,,,"kharris@neoninc.org","ewashburne@field-ops.org",,
"89e84289-ca0c-4eb5-9985-37a2f5c03729","E3C11D0434BE42DF88BF01955BB9161F","SRER_007.mammalGrid.mam","D14","SRER","SRER_007","H7","distributed","shrubScrub",31.898586,-110.876603,"WGS84",45.1,933.6,0.1,"5 - capture","ShermanXLF","2016-11-30","2016-11-30",,,"OTHE","Mammalia sp.","class",,"Reid, F. 2006. A field guide to mammals of North America, north of Mexico. 4th ed. Houghton Mifflin Company, Boston.","UNK","U",,"released",,"unknown",,,,,,,,,,"U","U","U",,,,,,,,,,,,,,"kharris@neoninc.org","ewashburne@field-ops.org",,
"11a0b297-553e-43be-8bfa-b4119852cb01","E3C11D0434BE42DF88BF01955BB9161F","SRER_007.mammalGrid.mam","D14","SRER","SRER_007","I4","distributed","shrubScrub",31.898586,-110.876603,"WGS84",45.1,933.6,0.1,"6 - trap set and empty","ShermanXLF","2016-11-30","2016-11-30",,,,,,,,,,,,,,,,,,,,,,,,,,,,,,,,,,,,,,,"kharris@neoninc.org","ewashburne@field-ops.org",,
"bd97c38e-05b4-446b-a254-c16ba650de4d","E3C11D0434BE42DF88BF01955BB9161F","SRER_007.mammalGrid.mam","D14","SRER","SRER_007","E5","distributed","shrubScrub",31.898586,-110.876603,"WGS84",45.1,933.6,0.1,"6 - trap set and empty","ShermanXLF","2016-11-30","2016-11-30",,,,,,,,,,,,,,,,,,,,,,,,,,,,,,,,,,,,,,,"kharris@neoninc.org","ewashburne@field-ops.org",,
"5d7ad5a6-5c0d-45bc-a812-8d3921ae632e","E3C11D0434BE42DF88BF01955BB9161F","SRER_007.mammalGrid.mam","D14","SRER","SRER_007","H2","distributed","shrubScrub",31.898586,-110.876603,"WGS84",45.1,933.6,0.1,"6 - trap set and empty","ShermanXLF","2016-11-30","2016-11-30",,,,,,,,,,,,,,,,,,,,,,,,,,,,,,,,,,,,,,,"kharris@neoninc.org","ewashburne@field-ops.org",,
"9b11330b-6add-4807-a13c-a3a1afb968e3","E3C11D0434BE42DF88BF01955BB9161F","SRER_007.mammalGrid.mam","D14","SRER","SRER_007","E4","distributed","shrubScrub",31.898586,-110.876603,"WGS84",45.1,933.6,0.1,"5 - capture","ShermanXLF","2016-11-30","2016-11-30","NEON.MAM.D14.R1608",,"DIME","Dipodomys merriami","species",,"Reid, F. 2006. A field guide to mammals of North America, north of Mexico. 4th ed. Houghton Mifflin Company, Boston.","N","F","Y",,,"adult",,"nonenlarged","not","swollen",,,,,,"N","N","N",,,,,,,,,,,,,,"kharris@neoninc.org","ewashburne@field-ops.org",,
"ba481b5c-807a-40e6-804b-2dc825eb7b90","E3C11D0434BE42DF88BF01955BB9161F","SRER_007.mammalGrid.mam","D14","SRER","SRER_007","B3","distributed","shrubScrub",31.898586,-110.876603,"WGS84",45.1,933.6,0.1,"6 - trap set and empty","ShermanXLF","2016-11-30","2016-11-30",,,,,,,,,,,,,,,,,,,,,,,,,,,,,,,,,,,,,,,"kharris@neoninc.org","ewashburne@field-ops.org",,
"fc9a2ef4-ed23-4cc2-8465-9fd16ad70f4e","E3C11D0434BE42DF88BF01955BB9161F","SRER_007.mammalGrid.mam","D14","SRER","SRER_007","G8","distributed","shrubScrub",31.898586,-110.876603,"WGS84",45.1,933.6,0.1,"6 - trap set and empty","ShermanXLF","2016-11-30","2016-11-30",,,,,,,,,,,,,,,,,,,,,,,,,,,,,,,,,,,,,,,"kharris@neoninc.org","ewashburne@field-ops.org",,
"a0f4cfec-4eb3-4ca6-9244-389233ed3b4f","E3C11D0434BE42DF88BF01955BB9161F","SRER_007.mammalGrid.mam","D14","SRER","SRER_007","A6","distributed","shrubScrub",31.898586,-110.876603,"WGS84",45.1,933.6,0.1,"6 - trap set and empty","ShermanXLF","2016-11-30","2016-11-30",,,,,,,,,,,,,,,,,,,,,,,,,,,,,,,,,,,,,,,"kharris@neoninc.org","ewashburne@field-ops.org",,
"817e53b6-5797-4cbd-ade7-f938d7b8aa59","E3C11D0434BE42DF88BF01955BB9161F","SRER_007.mammalGrid.mam","D14","SRER","SRER_007","J2","distributed","shrubScrub",31.898586,-110.876603,"WGS84",45.1,933.6,0.1,"6 - trap set and empty","ShermanXLF","2016-11-30","2016-11-30",,,,,,,,,,,,,,,,,,,,,,,,,,,,,,,,,,,,,,,"kharris@neoninc.org","ewashburne@field-ops.org",,
"2839408d-71fc-41d2-a6e1-d331937961b7","E3C11D0434BE42DF88BF01955BB9161F","SRER_007.mammalGrid.mam","D14","SRER","SRER_007","C9","distributed","shrubScrub",31.898586,-110.876603,"WGS84",45.1,933.6,0.1,"5 - capture","ShermanXLF","2016-11-30","2016-11-30","NEON.MAM.D14.R1696",,"DIME","Dipodomys merriami","species",,"Reid, F. 2006. A field guide to mammals of North America, north of Mexico. 4th ed. Houghton Mifflin Company, Boston.","N","F","Y",,,"adult",,"nonenlarged","not","swollen",,,,,,"N","N","N",,,,,,,,,,,,,,"kharris@neoninc.org","ewashburne@field-ops.org",,
"1074d28e-3589-49f5-9eec-504c819abfa0","E3C11D0434BE42DF88BF01955BB9161F","SRER_007.mammalGrid.mam","D14","SRER","SRER_007","G5","distributed","shrubScrub",31.898586,-110.876603,"WGS84",45.1,933.6,0.1,"5 - capture","ShermanXLF","2016-11-30","2016-11-30",,,"OTHE","Mammalia sp.","class",,"Reid, F. 2006. A field guide to mammals of North America, north of Mexico. 4th ed. Houghton Mifflin Company, Boston.","UNK","U",,"released",,"unknown",,,,,,,,,,"U","U","U",,,,,,,,,,,,,,"kharris@neoninc.org","ewashburne@field-ops.org",,
"8285c9bc-5ebe-46b7-886c-f45cb3f36837","E3C11D0434BE42DF88BF01955BB9161F","SRER_007.mammalGrid.mam","D14","SRER","SRER_007","A1","distributed","shrubScrub",31.898586,-110.876603,"WGS84",45.1,933.6,0.1,"5 - capture","ShermanXLF","2016-11-30","2016-11-30","NEON.MAM.D14.R2139",,"DIME","Dipodomys merriami","species",,"Reid, F. 2006. A field guide to mammals of North America, north of Mexico. 4th ed. Houghton Mifflin Company, Boston.","N","F","N",,,"adult",,"nonenlarged","not","neither",,,,,,"N","Y","N",,,,,,,,,,,,,,"kharris@neoninc.org","ewashburne@field-ops.org",,
"edb5f50f-e8ed-4a1e-978c-eb936a3e9913","E3C11D0434BE42DF88BF01955BB9161F","SRER_007.mammalGrid.mam","D14","SRER","SRER_007","B8","distributed","shrubScrub",31.898586,-110.876603,"WGS84",45.1,933.6,0.1,"5 - capture","ShermanXLF","2016-11-30","2016-11-30","NEON.MAM.D14.138733",,"CHBA","Chaetodipus baileyi","species",,"Reid, F. 2006. A field guide to mammals of North America, north of Mexico. 4th ed. Houghton Mifflin Company, Boston.","N","F","Y",,,"adult",,"nonenlarged","not","neither",,,,,,"N","N","N",,,,,,,,,,,,,,"kharris@neoninc.org","ewashburne@field-ops.org",,
"2611aef9-b5ef-436b-881a-9ae649aa9bf3","E3C11D0434BE42DF88BF01955BB9161F","SRER_007.mammalGrid.mam","D14","SRER","SRER_007","A3","distributed","shrubScrub",31.898586,-110.876603,"WGS84",45.1,933.6,0.1,"5 - capture","ShermanXLF","2016-11-30","2016-11-30","NEON.MAM.D14.R1991",,"DIME","Dipodomys merriami","species",,"Reid, F. 2006. A field guide to mammals of North America, north of Mexico. 4th ed. Houghton Mifflin Company, Boston.","N","M","Y",,,"adult","scrotal",,,,,,,,,"N","N","N",,,,,,,,,,,,,,"kharris@neoninc.org","ewashburne@field-ops.org",,
"04a2c39a-0cfb-48d9-9502-028debebb23c","E3C11D0434BE42DF88BF01955BB9161F","SRER_007.mammalGrid.mam","D14","SRER","SRER_007","D7","distributed","shrubScrub",31.898586,-110.876603,"WGS84",45.1,933.6,0.1,"2 - trap disturbed/door closed but empty","ShermanXLF","2016-11-30","2016-11-30",,,,,,,,,,,,,,,,,,,,,,,,,,,,,,,,,,,,,,,"kharris@neoninc.org","ewashburne@field-ops.org",,
"1ef94a45-7fbd-42ac-aeb8-c0e90c5c89f4","E3C11D0434BE42DF88BF01955BB9161F","SRER_007.mammalGrid.mam","D14","SRER","SRER_007","C3","distributed","shrubScrub",31.898586,-110.876603,"WGS84",45.1,933.6,0.1,"6 - trap set and empty","ShermanXLF","2016-11-30","2016-11-30",,,,,,,,,,,,,,,,,,,,,,,,,,,,,,,,,,,,,,,"kharris@neoninc.org","ewashburne@field-ops.org",,
"3517f4d4-50f0-4436-86ed-25a2901f5755","E3C11D0434BE42DF88BF01955BB9161F","SRER_007.mammalGrid.mam","D14","SRER","SRER_007","I2","distributed","shrubScrub",31.898586,-110.876603,"WGS84",45.1,933.6,0.1,"5 - capture","ShermanXLF","2016-11-30","2016-11-30",,,"OTHE","Mammalia sp.","class",,"Reid, F. 2006. A field guide to mammals of North America, north of Mexico. 4th ed. Houghton Mifflin Company, Boston.","UNK","U",,"released",,"unknown",,,,,,,,,,"U","U","U",,,,,,,,,,,,,,"kharris@neoninc.org","ewashburne@field-ops.org",,
"f7065312-2169-481e-9933-d55646f3e38d","E3C11D0434BE42DF88BF01955BB9161F","SRER_007.mammalGrid.mam","D14","SRER","SRER_007","H8","distributed","shrubScrub",31.898586,-110.876603,"WGS84",45.1,933.6,0.1,"5 - capture","ShermanXLF","2016-11-30","2016-11-30",,,"OTHE","Mammalia sp.","class",,"Reid, F. 2006. A field guide to mammals of North America, north of Mexico. 4th ed. Houghton Mifflin Company, Boston.","UNK","U",,"released",,"unknown",,,,,,,,,,"U","U","U",,,,,,,,,,,,,,"kharris@neoninc.org","ewashburne@field-ops.org",,
"e4d71116-66b3-4ec6-95c8-b6e1913d7501","E3C11D0434BE42DF88BF01955BB9161F","SRER_007.mammalGrid.mam","D14","SRER","SRER_007","A10","distributed","shrubScrub",31.898586,-110.876603,"WGS84",45.1,933.6,0.1,"5 - capture","ShermanXLF","2016-11-30","2016-11-30","NEON.MAM.D14.R1831",,"ONTO","Onychomys torridus","species",,"Reid, F. 2006. A field guide to mammals of North America, north of Mexico. 4th ed. Houghton Mifflin Company, Boston.","N","M","Y",,,"adult","nonscrotal",,,,,,,,,"N","N","N","SRER.20161130.R1831.B",,"mandibular",,,,,,,,,,,"kharris@neoninc.org","ewashburne@field-ops.org",,
"070e0d4d-3b80-4471-b86c-d218c9129acd","E3C11D0434BE42DF88BF01955BB9161F","SRER_007.mammalGrid.mam","D14","SRER","SRER_007","H9","distributed","shrubScrub",31.898586,-110.876603,"WGS84",45.1,933.6,0.1,"5 - capture","ShermanXLF","2016-11-30","2016-11-30",,,"OTHE","Mammalia sp.","class",,"Reid, F. 2006. A field guide to mammals of North America, north of Mexico. 4th ed. Houghton Mifflin Company, Boston.","UNK","U",,"released",,"unknown",,,,,,,,,,"U","U","U",,,,,,,,,,,,,,"kharris@neoninc.org","ewashburne@field-ops.org",,
"f55d7dfd-5ea6-45f8-9649-784d88f625dd","E3C11D0434BE42DF88BF01955BB9161F","SRER_007.mammalGrid.mam","D14","SRER","SRER_007","J6","distributed","shrubScrub",31.898586,-110.876603,"WGS84",45.1,933.6,0.1,"5 - capture","ShermanXLF","2016-11-30","2016-11-30",,,"OTHE","Mammalia sp.","class",,"Reid, F. 2006. A field guide to mammals of North America, north of Mexico. 4th ed. Houghton Mifflin Company, Boston.","UNK","U",,"released",,"unknown",,,,,,,,,,"U","U","U",,,,,,,,,,,,,,"kharris@neoninc.org","ewashburne@field-ops.org",,
"bc804513-b62d-4b22-9c9e-295a808a0695","E3C11D0434BE42DF88BF01955BB9161F","SRER_007.mammalGrid.mam","D14","SRER","SRER_007","A8","distributed","shrubScrub",31.898586,-110.876603,"WGS84",45.1,933.6,0.1,"5 - capture","ShermanXLF","2016-11-30","2016-11-30","NEON.MAM.D14.R2135",,"DIME","Dipodomys merriami","species",,"Reid, F. 2006. A field guide to mammals of North America, north of Mexico. 4th ed. Houghton Mifflin Company, Boston.","N","F","N",,,"adult",,"nonenlarged","not","neither",,,,,,"N","N","N",,,,,,,,,,,,,,"kharris@neoninc.org","ewashburne@field-ops.org",,
"2c9a2c4c-f16f-4c37-9a82-0e564af6f272","E3C11D0434BE42DF88BF01955BB9161F","SRER_007.mammalGrid.mam","D14","SRER","SRER_007","H1","distributed","shrubScrub",31.898586,-110.876603,"WGS84",45.1,933.6,0.1,"6 - trap set and empty","ShermanXLF","2016-11-30","2016-11-30",,,,,,,,,,,,,,,,,,,,,,,,,,,,,,,,,,,,,,,"kharris@neoninc.org","ewashburne@field-ops.org",,
"4468f15a-4c67-4af5-b5c7-2a67187e7a6a","E3C11D0434BE42DF88BF01955BB9161F","SRER_007.mammalGrid.mam","D14","SRER","SRER_007","G3","distributed","shrubScrub",31.898586,-110.876603,"WGS84",45.1,933.6,0.1,"5 - capture","ShermanXLF","2016-11-30","2016-11-30","NEON.MAM.D14.R1837",,"ONTO","Onychomys torridus","species",,"Reid, F. 2006. A field guide to mammals of North America, north of Mexico. 4th ed. Houghton Mifflin Company, Boston.","N","F","Y",,,"adult",,"nonenlarged","not","neither",,,,,,"N","N","N","SRER.20161130.R1837.B",,"mandibular",,,,,,,,,,,"kharris@neoninc.org","ewashburne@field-ops.org",,
"3f326638-50f3-49cc-8d96-e20be36648a3","E3C11D0434BE42DF88BF01955BB9161F","SRER_007.mammalGrid.mam","D14","SRER","SRER_007","C6","distributed","shrubScrub",31.898586,-110.876603,"WGS84",45.1,933.6,0.1,"5 - capture","ShermanXLF","2016-11-30","2016-11-30","NEON.MAM.D14.R1924",,"ONTO","Onychomys torridus","species",,"Reid, F. 2006. A field guide to mammals of North America, north of Mexico. 4th ed. Houghton Mifflin Company, Boston.","N","F","Y",,,"adult",,"nonenlarged","not","neither",,,,,,"N","N","N","SRER.20161130.R1924.B",,"mandibular",,,,,,,,,,,"kharris@neoninc.org","ewashburne@field-ops.org",,
"1df6afbb-ad8b-4f69-b556-2c0aa5827c76","E3C11D0434BE42DF88BF01955BB9161F","SRER_007.mammalGrid.mam","D14","SRER","SRER_007","F1","distributed","shrubScrub",31.898586,-110.876603,"WGS84",45.1,933.6,0.1,"6 - trap set and empty","ShermanXLF","2016-11-30","2016-11-30",,,,,,,,,,,,,,,,,,,,,,,,,,,,,,,,,,,,,,,"kharris@neoninc.org","ewashburne@field-ops.org",,
"36890e86-6003-4594-af6b-8dd4d637c388","E3C11D0434BE42DF88BF01955BB9161F","SRER_007.mammalGrid.mam","D14","SRER","SRER_007","J4","distributed","shrubScrub",31.898586,-110.876603,"WGS84",45.1,933.6,0.1,"5 - capture","ShermanXLF","2016-11-30","2016-11-30",,,"OTHE","Mammalia sp.","class",,"Reid, F. 2006. A field guide to mammals of North America, north of Mexico. 4th ed. Houghton Mifflin Company, Boston.","UNK","U",,"released",,"unknown",,,,,,,,,,"U","U","U",,,,,,,,,,,,,,"kharris@neoninc.org","ewashburne@field-ops.org",,
"06df5337-fd59-4da6-a063-77048cf23941","E3C11D0434BE42DF88BF01955BB9161F","SRER_007.mammalGrid.mam","D14","SRER","SRER_007","B10","distributed","shrubScrub",31.898586,-110.876603,"WGS84",45.1,933.6,0.1,"6 - trap set and empty","ShermanXLF","2016-11-30","2016-11-30",,,,,,,,,,,,,,,,,,,,,,,,,,,,,,,,,,,,,,,"kharris@neoninc.org","ewashburne@field-ops.org",,
"99f0face-f175-40ab-aa5e-7782ad8a17ea","E3C11D0434BE42DF88BF01955BB9161F","SRER_007.mammalGrid.mam","D14","SRER","SRER_007","B2","distributed","shrubScrub",31.898586,-110.876603,"WGS84",45.1,933.6,0.1,"5 - capture","ShermanXLF","2016-11-30","2016-11-30","NEON.MAM.D14.R1692",,"DIME","Dipodomys merriami","species",,"Reid, F. 2006. A field guide to mammals of North America, north of Mexico. 4th ed. Houghton Mifflin Company, Boston.","N","M","Y",,,"adult","scrotal",,,,,,,,,"N","Y","N",,,,,,,,,,,,,,"kharris@neoninc.org","ewashburne@field-ops.org",,
"3f304b7f-0386-4563-9c7a-8ef9166fdfcc","E3C11D0434BE42DF88BF01955BB9161F","SRER_007.mammalGrid.mam","D14","SRER","SRER_007","G9","distributed","shrubScrub",31.898586,-110.876603,"WGS84",45.1,933.6,0.1,"6 - trap set and empty","ShermanXLF","2016-11-30","2016-11-30",,,,,,,,,,,,,,,,,,,,,,,,,,,,,,,,,,,,,,,"kharris@neoninc.org","ewashburne@field-ops.org",,
"36c864ed-ab88-4616-89a3-4799ed37e13c","E3C11D0434BE42DF88BF01955BB9161F","SRER_007.mammalGrid.mam","D14","SRER","SRER_007","C4","distributed","shrubScrub",31.898586,-110.876603,"WGS84",45.1,933.6,0.1,"6 - trap set and empty","ShermanXLF","2016-11-30","2016-11-30",,,,,,,,,,,,,,,,,,,,,,,,,,,,,,,,,,,,,,,"kharris@neoninc.org","ewashburne@field-ops.org",,
"c4b2a94c-2284-410e-ba36-4dbed1878595","E3C11D0434BE42DF88BF01955BB9161F","SRER_007.mammalGrid.mam","D14","SRER","SRER_007","D3","distributed","shrubScrub",31.898586,-110.876603,"WGS84",45.1,933.6,0.1,"6 - trap set and empty","ShermanXLF","2016-11-30","2016-11-30",,,,,,,,,,,,,,,,,,,,,,,,,,,,,,,,,,,,,,,"kharris@neoninc.org","ewashburne@field-ops.org",,
"ba071844-4c22-4b02-967a-7759e3e18a22","E3C11D0434BE42DF88BF01955BB9161F","SRER_007.mammalGrid.mam","D14","SRER","SRER_007","A9","distributed","shrubScrub",31.898586,-110.876603,"WGS84",45.1,933.6,0.1,"6 - trap set and empty","ShermanXLF","2016-11-30","2016-11-30",,,,,,,,,,,,,,,,,,,,,,,,,,,,,,,,,,,,,,,"kharris@neoninc.org","ewashburne@field-ops.org",,
"9149c25a-c904-4077-b2c3-c5aa0ec693f2","E3C11D0434BE42DF88BF01955BB9161F","SRER_007.mammalGrid.mam","D14","SRER","SRER_007","F4","distributed","shrubScrub",31.898586,-110.876603,"WGS84",45.1,933.6,0.1,"5 - capture","ShermanXLF","2016-11-30","2016-11-30","NEON.MAM.D14.R1401",,"DIME","Dipodomys merriami","species",,"Reid, F. 2006. A field guide to mammals of North America, north of Mexico. 4th ed. Houghton Mifflin Company, Boston.","N","M","Y",,,"adult","scrotal",,,,,,,,,"N","N","N",,,,,,,,,,,,,,"kharris@neoninc.org","ewashburne@field-ops.org",,
"39d2057b-786d-4da2-a1ed-6963294d10d6","E3C11D0434BE42DF88BF01955BB9161F","SRER_007.mammalGrid.mam","D14","SRER","SRER_007","D10","distributed","shrubScrub",31.898586,-110.876603,"WGS84",45.1,933.6,0.1,"6 - trap set and empty","ShermanXLF","2016-11-30","2016-11-30",,,,,,,,,,,,,,,,,,,,,,,,,,,,,,,,,,,,,,,"kharris@neoninc.org","ewashburne@field-ops.org",,
"fe2adaa1-5527-4c65-9e60-97166664cf44","E3C11D0434BE42DF88BF01955BB9161F","SRER_007.mammalGrid.mam","D14","SRER","SRER_007","I9","distributed","shrubScrub",31.898586,-110.876603,"WGS84",45.1,933.6,0.1,"6 - trap set and empty","ShermanXLF","2016-11-30","2016-11-30",,,,,,,,,,,,,,,,,,,,,,,,,,,,,,,,,,,,,,,"kharris@neoninc.org","ewashburne@field-ops.org",,
"d1c23eb3-1226-43d7-8803-42dfeb8dbc01","E3C11D0434BE42DF88BF01955BB9161F","SRER_007.mammalGrid.mam","D14","SRER","SRER_007","F6","distributed","shrubScrub",31.898586,-110.876603,"WGS84",45.1,933.6,0.1,"6 - trap set and empty","ShermanXLF","2016-11-30","2016-11-30",,,,,,,,,,,,,,,,,,,,,,,,,,,,,,,,,,,,,,,"kharris@neoninc.org","ewashburne@field-ops.org",,
"b1d2f921-4fa5-4b64-affa-21d3da94a754","E3C11D0434BE42DF88BF01955BB9161F","SRER_007.mammalGrid.mam","D14","SRER","SRER_007","H3","distributed","shrubScrub",31.898586,-110.876603,"WGS84",45.1,933.6,0.1,"5 - capture","ShermanXLF","2016-11-30","2016-11-30",,,"OTHE","Mammalia sp.","class",,"Reid, F. 2006. A field guide to mammals of North America, north of Mexico. 4th ed. Houghton Mifflin Company, Boston.","UNK","U",,"released",,"unknown",,,,,,,,,,"U","U","U",,,,,,,,,,,,,,"kharris@neoninc.org","ewashburne@field-ops.org",,
"2f58742d-c397-4b9a-8ebb-557b96777278","E3C11D0434BE42DF88BF01955BB9161F","SRER_007.mammalGrid.mam","D14","SRER","SRER_007","C5","distributed","shrubScrub",31.898586,-110.876603,"WGS84",45.1,933.6,0.1,"5 - capture","ShermanXLF","2016-11-30","2016-11-30","NEON.MAM.D14.R1835",,"DIME","Dipodomys merriami","species",,"Reid, F. 2006. A field guide to mammals of North America, north of Mexico. 4th ed. Houghton Mifflin Company, Boston.","N","U","Y",,,"adult",,,,,,,,,,"U","U","U",,,,,,,,,,,,,,"kharris@neoninc.org","ewashburne@field-ops.org",,
"5a8cc9c1-fced-42c8-8261-957d61c310d2","E3C11D0434BE42DF88BF01955BB9161F","SRER_007.mammalGrid.mam","D14","SRER","SRER_007","E6","distributed","shrubScrub",31.898586,-110.876603,"WGS84",45.1,933.6,0.1,"6 - trap set and empty","ShermanXLF","2016-11-30","2016-11-30",,,,,,,,,,,,,,,,,,,,,,,,,,,,,,,,,,,,,,,"kharris@neoninc.org","ewashburne@field-ops.org",,
"b7bf8f6d-be96-4e7f-aacc-96a043713022","E3C11D0434BE42DF88BF01955BB9161F","SRER_007.mammalGrid.mam","D14","SRER","SRER_007","A2","distributed","shrubScrub",31.898586,-110.876603,"WGS84",45.1,933.6,0.1,"5 - capture","ShermanXLF","2016-11-30","2016-11-30","NEON.MAM.D14.R1969",,"DIME","Dipodomys merriami","species",,"Reid, F. 2006. A field guide to mammals of North America, north of Mexico. 4th ed. Houghton Mifflin Company, Boston.","N","M","N",,,"adult","scrotal",,,,,,,,,"N","N","N",,,,,,,,,,,,,,"kharris@neoninc.org","ewashburne@field-ops.org",,
"76f6ae47-a43d-4c68-9937-910710d061da","E3C11D0434BE42DF88BF01955BB9161F","SRER_007.mammalGrid.mam","D14","SRER","SRER_007","E10","distributed","shrubScrub",31.898586,-110.876603,"WGS84",45.1,933.6,0.1,"5 - capture","ShermanXLF","2016-11-30","2016-11-30","NEON.MAM.D14.R1847",,"ONTO","Onychomys torridus","species",,"Reid, F. 2006. A field guide to mammals of North America, north of Mexico. 4th ed. Houghton Mifflin Company, Boston.","N","M","Y",,,"adult","nonscrotal",,,,,,,,,"U","U","U","SRER.20161130.R1847.B",,"mandibular",,,,,,,,,,,"kharris@neoninc.org","ewashburne@field-ops.org",,
"49e719f8-4fb9-4669-9ca2-13bae2fc58ef","E3C11D0434BE42DF88BF01955BB9161F","SRER_007.mammalGrid.mam","D14","SRER","SRER_007","B5","distributed","shrubScrub",31.898586,-110.876603,"WGS84",45.1,933.6,0.1,"5 - capture","ShermanXLF","2016-11-30","2016-11-30","NEON.MAM.D14.056082",,"CHBA","Chaetodipus baileyi","species",,"Reid, F. 2006. A field guide to mammals of North America, north of Mexico. 4th ed. Houghton Mifflin Company, Boston.","N","F","Y",,,"adult",,"nonenlarged","not","neither",,,,,,"N","N","N",,,,,,,,,,,,,,"kharris@neoninc.org","ewashburne@field-ops.org",,
"897d2b30-86f5-4274-bd59-c23052c20026","E3C11D0434BE42DF88BF01955BB9161F","SRER_007.mammalGrid.mam","D14","SRER","SRER_007","G7","distributed","shrubScrub",31.898586,-110.876603,"WGS84",45.1,933.6,0.1,"6 - trap set and empty","ShermanXLF","2016-11-30","2016-11-30",,,,,,,,,,,,,,,,,,,,,,,,,,,,,,,,,,,,,,,"kharris@neoninc.org","ewashburne@field-ops.org",,
"159d3c84-f73f-447f-979a-a5934c66af84","E3C11D0434BE42DF88BF01955BB9161F","SRER_007.mammalGrid.mam","D14","SRER","SRER_007","I7","distributed","shrubScrub",31.898586,-110.876603,"WGS84",45.1,933.6,0.1,"5 - capture","ShermanXLF","2016-11-30","2016-11-30",,,"OTHE","Mammalia sp.","class",,"Reid, F. 2006. A field guide to mammals of North America, north of Mexico. 4th ed. Houghton Mifflin Company, Boston.","UNK","U",,"released",,"unknown",,,,,,,,,,"U","U","U",,,,,,,,,,,,,,"kharris@neoninc.org","ewashburne@field-ops.org",,
"07ce8eb6-1016-4808-a22a-b8f771893302","E3C11D0434BE42DF88BF01955BB9161F","SRER_007.mammalGrid.mam","D14","SRER","SRER_007","J9","distributed","shrubScrub",31.898586,-110.876603,"WGS84",45.1,933.6,0.1,"2 - trap disturbed/door closed but empty","ShermanXLF","2016-11-30","2016-11-30",,,,,,,,,,,,,,,,,,,,,,,,,,,,,,,,,,,,,,,"kharris@neoninc.org","ewashburne@field-ops.org",,
"899dca1c-554d-4041-9575-70fc920b5c81","E3C11D0434BE42DF88BF01955BB9161F","SRER_007.mammalGrid.mam","D14","SRER","SRER_007","F8","distributed","shrubScrub",31.898586,-110.876603,"WGS84",45.1,933.6,0.1,"6 - trap set and empty","ShermanXLF","2016-11-30","2016-11-30",,,,,,,,,,,,,,,,,,,,,,,,,,,,,,,,,,,,,,,"kharris@neoninc.org","ewashburne@field-ops.org",,
"739d4710-ec1c-4bb8-a347-f606fce82969","E3C11D0434BE42DF88BF01955BB9161F","SRER_007.mammalGrid.mam","D14","SRER","SRER_007","I6","distributed","shrubScrub",31.898586,-110.876603,"WGS84",45.1,933.6,0.1,"6 - trap set and empty","ShermanXLF","2016-11-30","2016-11-30",,,,,,,,,,,,,,,,,,,,,,,,,,,,,,,,,,,,,,,"kharris@neoninc.org","ewashburne@field-ops.org",,
"18e908be-358c-4d81-9916-b47519c1e818","E3C11D0434BE42DF88BF01955BB9161F","SRER_007.mammalGrid.mam","D14","SRER","SRER_007","J8","distributed","shrubScrub",31.898586,-110.876603,"WGS84",45.1,933.6,0.1,"6 - trap set and empty","ShermanXLF","2016-11-30","2016-11-30",,,,,,,,,,,,,,,,,,,,,,,,,,,,,,,,,,,,,,,"kharris@neoninc.org","ewashburne@field-ops.org",,
"8ed8838b-f6d4-49fd-b0cb-eef77c34f242","E3C11D0434BE42DF88BF01955BB9161F","SRER_007.mammalGrid.mam","D14","SRER","SRER_007","B4","distributed","shrubScrub",31.898586,-110.876603,"WGS84",45.1,933.6,0.1,"6 - trap set and empty","ShermanXLF","2016-11-30","2016-11-30",,,,,,,,,,,,,,,,,,,,,,,,,,,,,,,,,,,,,,,"kharris@neoninc.org","ewashburne@field-ops.org",,
"4306ad54-0442-40fc-8f96-e00b0f7e31be","E3C11D0434BE42DF88BF01955BB9161F","SRER_007.mammalGrid.mam","D14","SRER","SRER_007","D9","distributed","shrubScrub",31.898586,-110.876603,"WGS84",45.1,933.6,0.1,"6 - trap set and empty","ShermanXLF","2016-11-30","2016-11-30",,,,,,,,,,,,,,,,,,,,,,,,,,,,,,,,,,,,,,,"kharris@neoninc.org","ewashburne@field-ops.org",,
"78686464-6d7c-4a22-9f23-aa53a20c423a","E3C11D0434BE42DF88BF01955BB9161F","SRER_007.mammalGrid.mam","D14","SRER","SRER_007","C2","distributed","shrubScrub",31.898586,-110.876603,"WGS84",45.1,933.6,0.1,"6 - trap set and empty","ShermanXLF","2016-11-30","2016-11-30",,,,,,,,,,,,,,,,,,,,,,,,,,,,,,,,,,,,,,,"kharris@neoninc.org","ewashburne@field-ops.org",,
"91a97253-d6f5-4b61-99a0-4fd7edc8af2a","E3C11D0434BE42DF88BF01955BB9161F","SRER_007.mammalGrid.mam","D14","SRER","SRER_007","C10","distributed","shrubScrub",31.898586,-110.876603,"WGS84",45.1,933.6,0.1,"6 - trap set and empty","ShermanXLF","2016-11-30","2016-11-30",,,,,,,,,,,,,,,,,,,,,,,,,,,,,,,,,,,,,,,"kharris@neoninc.org","ewashburne@field-ops.org",,
"8d8199bd-ebbd-4468-84da-bde6dcf4c698","E3C11D0434BE42DF88BF01955BB9161F","SRER_007.mammalGrid.mam","D14","SRER","SRER_007","B1","distributed","shrubScrub",31.898586,-110.876603,"WGS84",45.1,933.6,0.1,"5 - capture","ShermanXLF","2016-11-30","2016-11-30","NEON.MAM.D14.056029",,"CHBA","Chaetodipus baileyi","species",,"Reid, F. 2006. A field guide to mammals of North America, north of Mexico. 4th ed. Houghton Mifflin Company, Boston.","N","M","Y",,,"adult","nonscrotal",,,,,,,,,"N","N","N",,,,,,,,,,,,,,"kharris@neoninc.org","ewashburne@field-ops.org",,
"efa2da90-8a53-4c78-83fc-44d73d427218","E3C11D0434BE42DF88BF01955BB9161F","SRER_007.mammalGrid.mam","D14","SRER","SRER_007","G10","distributed","shrubScrub",31.898586,-110.876603,"WGS84",45.1,933.6,0.1,"5 - capture","ShermanXLF","2016-11-30","2016-11-30",,,"OTHE","Mammalia sp.","class",,"Reid, F. 2006. A field guide to mammals of North America, north of Mexico. 4th ed. Houghton Mifflin Company, Boston.","UNK","U",,"released",,"unknown",,,,,,,,,,"U","U","U",,,,,,,,,,,,,,"kharris@neoninc.org","ewashburne@field-ops.org",,
"86c1bb63-8869-4d6b-94a4-770120f0c08e","E3C11D0434BE42DF88BF01955BB9161F","SRER_007.mammalGrid.mam","D14","SRER","SRER_007","H4","distributed","shrubScrub",31.898586,-110.876603,"WGS84",45.1,933.6,0.1,"5 - capture","ShermanXLF","2016-11-30","2016-11-30",,,"OTHE","Mammalia sp.","class",,"Reid, F. 2006. A field guide to mammals of North America, north of Mexico. 4th ed. Houghton Mifflin Company, Boston.","UNK","U",,"released",,"unknown",,,,,,,,,,"U","U","U",,,,,,,,,,,,,,"kharris@neoninc.org","ewashburne@field-ops.org",,
"4ac6fd90-9a29-4f9b-82a4-7da8c8dac5cc","E3C11D0434BE42DF88BF01955BB9161F","SRER_007.mammalGrid.mam","D14","SRER","SRER_007","D8","distributed","shrubScrub",31.898586,-110.876603,"WGS84",45.1,933.6,0.1,"6 - trap set and empty","ShermanXLF","2016-11-30","2016-11-30",,,,,,,,,,,,,,,,,,,,,,,,,,,,,,,,,,,,,,,"kharris@neoninc.org","ewashburne@field-ops.org",,
"02d7713a-f888-4334-82ac-50c687570896","E3C11D0434BE42DF88BF01955BB9161F","SRER_007.mammalGrid.mam","D14","SRER","SRER_007","J10","distributed","shrubScrub",31.898586,-110.876603,"WGS84",45.1,933.6,0.1,"5 - capture","ShermanXLF","2016-11-30","2016-11-30",,,"OTHE","Mammalia sp.","class",,"Reid, F. 2006. A field guide to mammals of North America, north of Mexico. 4th ed. Houghton Mifflin Company, Boston.","UNK","U",,"released",,"unknown",,,,,,,,,,"U","U","U",,,,,,,,,,,,,,"kharris@neoninc.org","ewashburne@field-ops.org",,
"1772ea6d-4d7d-4205-b8c5-c01714e10295","E3C11D0434BE42DF88BF01955BB9161F","SRER_007.mammalGrid.mam","D14","SRER","SRER_007","F10","distributed","shrubScrub",31.898586,-110.876603,"WGS84",45.1,933.6,0.1,"6 - trap set and empty","ShermanXLF","2016-11-30","2016-11-30",,,,,,,,,,,,,,,,,,,,,,,,,,,,,,,,,,,,,,,"kharris@neoninc.org","ewashburne@field-ops.org",,
"ccbe1f7a-ecca-45ea-80df-35a94062e218","E3C11D0434BE42DF88BF01955BB9161F","SRER_007.mammalGrid.mam","D14","SRER","SRER_007","I3","distributed","shrubScrub",31.898586,-110.876603,"WGS84",45.1,933.6,0.1,"6 - trap set and empty","ShermanXLF","2016-11-30","2016-11-30",,,,,,,,,,,,,,,,,,,,,,,,,,,,,,,,,,,,,,,"kharris@neoninc.org","ewashburne@field-ops.org",,
"45dce677-cf9b-4728-bc1b-03d3cc40c882","E3C11D0434BE42DF88BF01955BB9161F","SRER_007.mammalGrid.mam","D14","SRER","SRER_007","F2","distributed","shrubScrub",31.898586,-110.876603,"WGS84",45.1,933.6,0.1,"6 - trap set and empty","ShermanXLF","2016-11-30","2016-11-30",,,,,,,,,,,,,,,,,,,,,,,,,,,,,,,,,,,,,,,"kharris@neoninc.org","ewashburne@field-ops.org",,
"0d7b606e-9fe0-4049-ba6b-d51a984fd5cd","E3C11D0434BE42DF88BF01955BB9161F","SRER_007.mammalGrid.mam","D14","SRER","SRER_007","D4","distributed","shrubScrub",31.898586,-110.876603,"WGS84",45.1,933.6,0.1,"6 - trap set and empty","ShermanXLF","2016-11-30","2016-11-30",,,,,,,,,,,,,,,,,,,,,,,,,,,,,,,,,,,,,,,"kharris@neoninc.org","ewashburne@field-ops.org",,
"71e26eef-fd77-46ad-9619-0b508e41d507","E3C11D0434BE42DF88BF01955BB9161F","SRER_007.mammalGrid.mam","D14","SRER","SRER_007","J7","distributed","shrubScrub",31.898586,-110.876603,"WGS84",45.1,933.6,0.1,"5 - capture","ShermanXLF","2016-11-30","2016-11-30",,,"OTHE","Mammalia sp.","class",,"Reid, F. 2006. A field guide to mammals of North America, north of Mexico. 4th ed. Houghton Mifflin Company, Boston.","UNK","U",,"released",,"unknown",,,,,,,,,,"U","U","U",,,,,,,,,,,,,,"kharris@neoninc.org","ewashburne@field-ops.org",,
"19ee152d-bd55-4951-aeb0-19fcbdecca03","E3C11D0434BE42DF88BF01955BB9161F","SRER_007.mammalGrid.mam","D14","SRER","SRER_007","D2","distributed","shrubScrub",31.898586,-110.876603,"WGS84",45.1,933.6,0.1,"5 - capture","ShermanXLF","2016-11-30","2016-11-30","NEON.MAM.D14.R1600",,"DIME","Dipodomys merriami","species",,"Reid, F. 2006. A field guide to mammals of North America, north of Mexico. 4th ed. Houghton Mifflin Company, Boston.","N","F","Y",,,"adult",,"nonenlarged","not","swollen",,,,,,"N","N","N",,,,,,,,,,,,,,"kharris@neoninc.org","ewashburne@field-ops.org",,
"95705f90-1e06-40a1-997e-42f25ffc4e9d","E3C11D0434BE42DF88BF01955BB9161F","SRER_007.mammalGrid.mam","D14","SRER","SRER_007","J3","distributed","shrubScrub",31.898586,-110.876603,"WGS84",45.1,933.6,0.1,"5 - capture","ShermanXLF","2016-11-30","2016-11-30","NEON.MAM.D14.135701",,"CHBA","Chaetodipus baileyi","species",,"Reid, F. 2006. A field guide to mammals of North America, north of Mexico. 4th ed. Houghton Mifflin Company, Boston.","N","U","Y","dead",,"unknown",,,,,,,,,,"U","U","U",,,,,,,,,,,,"SRER.20161130.135701.V",,"kharris@neoninc.org","ewashburne@field-ops.org",,
"14ae9212-472b-4b56-b41d-9fd219bc2908","E3C11D0434BE42DF88BF01955BB9161F","SRER_007.mammalGrid.mam","D14","SRER","SRER_007","F3","distributed","shrubScrub",31.898586,-110.876603,"WGS84",45.1,933.6,0.1,"5 - capture","ShermanXLF","2016-11-30","2016-11-30","NEON.MAM.D14.R1884",,"NEAL","Neotoma albigula","species",,"Reid, F. 2006. A field guide to mammals of North America, north of Mexico. 4th ed. Houghton Mifflin Company, Boston.","N","M","Y",,,"adult","scrotal",,,,,,,,,"U","U","U",,,"unsuccessful",,,,,,,,,,,"kharris@neoninc.org","ewashburne@field-ops.org",,
"6b5354a4-2abe-4ad5-a0bc-ab5ccd71dc42","E3C11D0434BE42DF88BF01955BB9161F","SRER_007.mammalGrid.mam","D14","SRER","SRER_007","A7","distributed","shrubScrub",31.898586,-110.876603,"WGS84",45.1,933.6,0.1,"6 - trap set and empty","ShermanXLF","2016-11-30","2016-11-30",,,,,,,,,,,,,,,,,,,,,,,,,,,,,,,,,,,,,,,"kharris@neoninc.org","ewashburne@field-ops.org",,
"4e96b6ae-74b9-4ecf-ad99-771e35e9839b","E3C11D0434BE42DF88BF01955BB9161F","SRER_007.mammalGrid.mam","D14","SRER","SRER_007","D5","distributed","shrubScrub",31.898586,-110.876603,"WGS84",45.1,933.6,0.1,"5 - capture","ShermanXLF","2016-11-30","2016-11-30","NEON.MAM.D14.796403",,"CHBA","Chaetodipus baileyi","species",,"Reid, F. 2006. A field guide to mammals of North America, north of Mexico. 4th ed. Houghton Mifflin Company, Boston.","N","M","N",,,"adult","nonscrotal",,,,,,,,,"N","N","N",,,,,,,,,,,,,,"kharris@neoninc.org","ewashburne@field-ops.org",,
"719df4d9-74d8-4dec-b308-ec23f7be33f6","E3C11D0434BE42DF88BF01955BB9161F","SRER_007.mammalGrid.mam","D14","SRER","SRER_007","B9","distributed","shrubScrub",31.898586,-110.876603,"WGS84",45.1,933.6,0.1,"5 - capture","ShermanXLF","2016-11-30","2016-11-30","NEON.MAM.D14.056032",,"CHBA","Chaetodipus baileyi","species",,"Reid, F. 2006. A field guide to mammals of North America, north of Mexico. 4th ed. Houghton Mifflin Company, Boston.","N","M","Y",,,"adult","nonscrotal",,,,,,,,,"N","N","N",,,,,,,,,,,,,,"kharris@neoninc.org","ewashburne@field-ops.org",,
"32a6b885-09c1-4504-9a28-cab54dba9cf1","E3C11D0434BE42DF88BF01955BB9161F","SRER_007.mammalGrid.mam","D14","SRER","SRER_007","F5","distributed","shrubScrub",31.898586,-110.876603,"WGS84",45.1,933.6,0.1,"5 - capture","ShermanXLF","2016-11-30","2016-11-30","NEON.MAM.D14.R1925",,"DIME","Dipodomys merriami","species",,"Reid, F. 2006. A field guide to mammals of North America, north of Mexico. 4th ed. Houghton Mifflin Company, Boston.","N","F","Y",,,"adult",,"nonenlarged","not","neither",,,,,,"N","N","N",,,,,,,,,,,,,,"kharris@neoninc.org","ewashburne@field-ops.org",,
"803127fa-667c-449e-9596-e3523bbebe88","E3C11D0434BE42DF88BF01955BB9161F","SRER_007.mammalGrid.mam","D14","SRER","SRER_007","E7","distributed","shrubScrub",31.898586,-110.876603,"WGS84",45.1,933.6,0.1,"5 - capture","ShermanXLF","2016-11-30","2016-11-30","NEON.MAM.D14.R1629",,"DIME","Dipodomys merriami","species",,"Reid, F. 2006. A field guide to mammals of North America, north of Mexico. 4th ed. Houghton Mifflin Company, Boston.","N","M","Y",,,"adult","scrotal",,,,,,,,,"N","N","N",,,,,,,,,,,,,,"kharris@neoninc.org","ewashburne@field-ops.org",,
"7863ae37-abd6-4483-bdc9-802e1d4b1328","E3C11D0434BE42DF88BF01955BB9161F","SRER_007.mammalGrid.mam","D14","SRER","SRER_007","I1","distributed","shrubScrub",31.898586,-110.876603,"WGS84",45.1,933.6,0.1,"5 - capture","ShermanXLF","2016-11-30","2016-11-30",,,"OTHE","Mammalia sp.","class",,"Reid, F. 2006. A field guide to mammals of North America, north of Mexico. 4th ed. Houghton Mifflin Company, Boston.","UNK","U",,"released",,"unknown",,,,,,,,,,"U","U","U",,,,,,,,,,,,,,"kharris@neoninc.org","ewashburne@field-ops.org",,
"3526f262-8408-4c36-8323-cd30ca70ca24","E3C11D0434BE42DF88BF01955BB9161F","SRER_007.mammalGrid.mam","D14","SRER","SRER_007","A5","distributed","shrubScrub",31.898586,-110.876603,"WGS84",45.1,933.6,0.1,"5 - capture","ShermanXLF","2016-11-30","2016-11-30","NEON.MAM.D14.R2127",,"DIME","Dipodomys merriami","species",,"Reid, F. 2006. A field guide to mammals of North America, north of Mexico. 4th ed. Houghton Mifflin Company, Boston.","N","M","N","dead",,"adult","scrotal",,,,,,,,,"N","N","N",,,,,,,,,,,,"SRER.20161130.R2127.V",,"kharris@neoninc.org","ewashburne@field-ops.org",,
"65345065-827d-48c7-b031-47e85ab7d07b","E3C11D0434BE42DF88BF01955BB9161F","SRER_007.mammalGrid.mam","D14","SRER","SRER_007","G1","distributed","shrubScrub",31.898586,-110.876603,"WGS84",45.1,933.6,0.1,"5 - capture","ShermanXLF","2016-11-30","2016-11-30",,,"CHBA","Chaetodipus baileyi","species",,"Reid, F. 2006. A field guide to mammals of North America, north of Mexico. 4th ed. Houghton Mifflin Company, Boston.","N","U",,,,"unknown",,,,,,,,,,"U","U","U",,,,,,,,,,,,,,"kharris@neoninc.org","ewashburne@field-ops.org",,
"7f61ea4c-4bd2-4a8f-8a47-e60f13f0ab15","E3C11D0434BE42DF88BF01955BB9161F","SRER_007.mammalGrid.mam","D14","SRER","SRER_007","H10","distributed","shrubScrub",31.898586,-110.876603,"WGS84",45.1,933.6,0.1,"5 - capture","ShermanXLF","2016-11-30","2016-11-30",,,"OTHE","Mammalia sp.","class",,"Reid, F. 2006. A field guide to mammals of North America, north of Mexico. 4th ed. Houghton Mifflin Company, Boston.","UNK","U",,"released",,"unknown",,,,,,,,,,"U","U","U",,,,,,,,,,,,,,"kharris@neoninc.org","ewashburne@field-ops.org",,
"45a315c1-8795-4c4b-938b-0ff2dbb5c7d7","93830106D7C04E228217FDC6535AFE85","SRER_012.mammalGrid.mam","D14","SRER","SRER_012","B8","distributed","shrubScrub",31.871302,-110.848939,"WGS84",45.1,1052.2,0.1,"5 - capture","ShermanXLF","2016-11-30","2016-11-30","NEON.MAM.D14.R1516",,"DIME","Dipodomys merriami","species",,"Reid, F. 2006. A field guide to mammals of North America, north of Mexico. 4th ed. Houghton Mifflin Company, Boston.","N","M","Y",,,"adult","scrotal",,,,,,,,,"U","U","U",,,,,,,,,,,,,,"tmull@field-ops.org","kbailey@field-ops.org",,
"857eaff0-092a-4a01-a35c-8cc2963f89b3","93830106D7C04E228217FDC6535AFE85","SRER_012.mammalGrid.mam","D14","SRER","SRER_012","A5","distributed","shrubScrub",31.871302,-110.848939,"WGS84",45.1,1052.2,0.1,"5 - capture","ShermanXLF","2016-11-30","2016-11-30","NEON.MAM.D14.R1477",,"NEAL","Neotoma albigula","species",,"Reid, F. 2006. A field guide to mammals of North America, north of Mexico. 4th ed. Houghton Mifflin Company, Boston.","N","F","Y",,,"adult",,"enlarged","not","neither",,,,,,"U","U","U","SRER.20161130.R1477.B",,"mandibular",,,,,,,,,,,"tmull@field-ops.org","kbailey@field-ops.org",,
"8a9e3282-432c-44f4-bf74-32a29ca734bb","93830106D7C04E228217FDC6535AFE85","SRER_012.mammalGrid.mam","D14","SRER","SRER_012","I8","distributed","shrubScrub",31.871302,-110.848939,"WGS84",45.1,1052.2,0.1,"6 - trap set and empty","ShermanXLF","2016-11-30","2016-11-30",,,,,,,,,,,,,,,,,,,,,,,,,,,,,,,,,,,,,,,"tmull@field-ops.org","kbailey@field-ops.org",,
"50645830-e0a4-48b7-a5d0-7bedcceaba77","93830106D7C04E228217FDC6535AFE85","SRER_012.mammalGrid.mam","D14","SRER","SRER_012","D5","distributed","shrubScrub",31.871302,-110.848939,"WGS84",45.1,1052.2,0.1,"5 - capture","ShermanXLF","2016-11-30","2016-11-30","NEON.MAM.D14.R1558",,"NEAL","Neotoma albigula","species",,"Reid, F. 2006. A field guide to mammals of North America, north of Mexico. 4th ed. Houghton Mifflin Company, Boston.","N","F","Y",,,"adult",,,,,,,,,,"U","U","U","SRER.20161130.R1558.B",,"mandibular",,,,,,,,,,,"tmull@field-ops.org","kbailey@field-ops.org",,
"29936950-a7d4-4f63-a9b0-0f8a9d8a188d","93830106D7C04E228217FDC6535AFE85","SRER_012.mammalGrid.mam","D14","SRER","SRER_012","D4","distributed","shrubScrub",31.871302,-110.848939,"WGS84",45.1,1052.2,0.1,"6 - trap set and empty","ShermanXLF","2016-11-30","2016-11-30",,,,,,,,,,,,,,,,,,,,,,,,,,,,,,,,,,,,,,,"tmull@field-ops.org","kbailey@field-ops.org",,
"2a2d26e5-c572-450f-9975-e762a2f7fd41","93830106D7C04E228217FDC6535AFE85","SRER_012.mammalGrid.mam","D14","SRER","SRER_012","C7","distributed","shrubScrub",31.871302,-110.848939,"WGS84",45.1,1052.2,0.1,"6 - trap set and empty","ShermanXLF","2016-11-30","2016-11-30",,,,,,,,,,,,,,,,,,,,,,,,,,,,,,,,,,,,,,,"tmull@field-ops.org","kbailey@field-ops.org",,
"3a64cbb1-39f4-4203-a43e-100f5c893596","93830106D7C04E228217FDC6535AFE85","SRER_012.mammalGrid.mam","D14","SRER","SRER_012","B7","distributed","shrubScrub",31.871302,-110.848939,"WGS84",45.1,1052.2,0.1,"5 - capture","ShermanXLF","2016-11-30","2016-11-30","NEON.MAM.D14.R2074",,"ONTO","Onychomys torridus","species",,"Reid, F. 2006. A field guide to mammals of North America, north of Mexico. 4th ed. Houghton Mifflin Company, Boston.","N","M","N",,,"adult","nonscrotal",,,,,,,,,"U","U","U","SRER.20161130.R2074.B",,"mandibular",,,,,,,,,,,"tmull@field-ops.org","kbailey@field-ops.org",,
"8921e3f8-5352-46d5-8898-f2e81da10802","93830106D7C04E228217FDC6535AFE85","SRER_012.mammalGrid.mam","D14","SRER","SRER_012","G7","distributed","shrubScrub",31.871302,-110.848939,"WGS84",45.1,1052.2,0.1,"6 - trap set and empty","ShermanXLF","2016-11-30","2016-11-30",,,,,,,,,,,,,,,,,,,,,,,,,,,,,,,,,,,,,,,"tmull@field-ops.org","kbailey@field-ops.org",,
"faa4af8e-91e9-4560-a3e3-1e172870e7e2","93830106D7C04E228217FDC6535AFE85","SRER_012.mammalGrid.mam","D14","SRER","SRER_012","J5","distributed","shrubScrub",31.871302,-110.848939,"WGS84",45.1,1052.2,0.1,"5 - capture","ShermanXLF","2016-11-30","2016-11-30",,,"DIME","Dipodomys merriami","species",,"Reid, F. 2006. A field guide to mammals of North America, north of Mexico. 4th ed. Houghton Mifflin Company, Boston.","N","U",,"released",,"subadult",,,,,,,,,,"U","U","U",,,,,,,,,,,,,,"tmull@field-ops.org","kbailey@field-ops.org",,
"20916682-2d51-4c24-83e6-53fa1475d790","93830106D7C04E228217FDC6535AFE85","SRER_012.mammalGrid.mam","D14","SRER","SRER_012","E10","distributed","shrubScrub",31.871302,-110.848939,"WGS84",45.1,1052.2,0.1,"5 - capture","ShermanXLF","2016-11-30","2016-11-30","NEON.MAM.D14.L1579",,"DIME","Dipodomys merriami","species",,"Reid, F. 2006. A field guide to mammals of North America, north of Mexico. 4th ed. Houghton Mifflin Company, Boston.","N","M","Y",,,"adult","scrotal",,,,,,,,,"U","U","U",,,,,,,,,,,,,,"tmull@field-ops.org","kbailey@field-ops.org",,
"e5620034-9e7e-4a31-ac71-52baaf8739e0","93830106D7C04E228217FDC6535AFE85","SRER_012.mammalGrid.mam","D14","SRER","SRER_012","J1","distributed","shrubScrub",31.871302,-110.848939,"WGS84",45.1,1052.2,0.1,"5 - capture","ShermanXLF","2016-11-30","2016-11-30",,,"ONTO","Onychomys torridus","species",,"Reid, F. 2006. A field guide to mammals of North America, north of Mexico. 4th ed. Houghton Mifflin Company, Boston.","N","U",,"released",,"adult",,,,,,,,,,"U","U","U",,,,,,,,,,,,,,"tmull@field-ops.org","kbailey@field-ops.org",,
"b5779adc-b13a-4610-9b91-a7860b0e1a97","93830106D7C04E228217FDC6535AFE85","SRER_012.mammalGrid.mam","D14","SRER","SRER_012","F5","distributed","shrubScrub",31.871302,-110.848939,"WGS84",45.1,1052.2,0.1,"6 - trap set and empty","ShermanXLF","2016-11-30","2016-11-30",,,,,,,,,,,,,,,,,,,,,,,,,,,,,,,,,,,,,,,"tmull@field-ops.org","kbailey@field-ops.org",,
"f7ce39f2-01c1-4879-894e-963617443c5d","93830106D7C04E228217FDC6535AFE85","SRER_012.mammalGrid.mam","D14","SRER","SRER_012","A3","distributed","shrubScrub",31.871302,-110.848939,"WGS84",45.1,1052.2,0.1,"5 - capture","ShermanXLF","2016-11-30","2016-11-30","NEON.MAM.D14.809446",,"CHBA","Chaetodipus baileyi","species",,"Reid, F. 2006. A field guide to mammals of North America, north of Mexico. 4th ed. Houghton Mifflin Company, Boston.","N","U","Y",,,"unknown",,,,,,,,,,"U","U","U",,,,,,,,,,,,,,"tmull@field-ops.org","kbailey@field-ops.org",,
"e0166bce-6035-4a6d-b9fb-0b7e202309c0","93830106D7C04E228217FDC6535AFE85","SRER_012.mammalGrid.mam","D14","SRER","SRER_012","D1","distributed","shrubScrub",31.871302,-110.848939,"WGS84",45.1,1052.2,0.1,"5 - capture","ShermanXLF","2016-11-30","2016-11-30","NEON.MAM.D14.R1592",,"ONTO","Onychomys torridus","species",,"Reid, F. 2006. A field guide to mammals of North America, north of Mexico. 4th ed. Houghton Mifflin Company, Boston.","N","U","Y",,,"adult",,,,,,,,,,"U","U","U","SRER.20161130.R1592.B",,"mandibular",,,,,,,,,,,"tmull@field-ops.org","kbailey@field-ops.org",,
"2751b0d6-ac27-4639-9d63-907c12c95d7a","93830106D7C04E228217FDC6535AFE85","SRER_012.mammalGrid.mam","D14","SRER","SRER_012","C9","distributed","shrubScrub",31.871302,-110.848939,"WGS84",45.1,1052.2,0.1,"6 - trap set and empty","ShermanXLF","2016-11-30","2016-11-30",,,,,,,,,,,,,,,,,,,,,,,,,,,,,,,,,,,,,,,"tmull@field-ops.org","kbailey@field-ops.org",,
"e6c62204-574e-4086-ac23-7763b58f7af3","93830106D7C04E228217FDC6535AFE85","SRER_012.mammalGrid.mam","D14","SRER","SRER_012","E4","distributed","shrubScrub",31.871302,-110.848939,"WGS84",45.1,1052.2,0.1,"5 - capture","ShermanXLF","2016-11-30","2016-11-30","NEON.MAM.D14.497678",,"CHBA","Chaetodipus baileyi","species",,"Reid, F. 2006. A field guide to mammals of North America, north of Mexico. 4th ed. Houghton Mifflin Company, Boston.","N","U","Y",,,"unknown",,,,,,,,,,"U","U","U",,,,,,,,,,,,,,"tmull@field-ops.org","kbailey@field-ops.org",,
"d9a5bc0c-1906-4c60-b486-3373ba6013f5","93830106D7C04E228217FDC6535AFE85","SRER_012.mammalGrid.mam","D14","SRER","SRER_012","I7","distributed","shrubScrub",31.871302,-110.848939,"WGS84",45.1,1052.2,0.1,"5 - capture","ShermanXLF","2016-11-30","2016-11-30",,,"CHBA","Chaetodipus baileyi","species",,"Reid, F. 2006. A field guide to mammals of North America, north of Mexico. 4th ed. Houghton Mifflin Company, Boston.","N","U",,"released",,"adult",,,,,,,,,,"U","U","U",,,,,,,,,,,,,,"tmull@field-ops.org","kbailey@field-ops.org",,
"1d3576a0-af98-4d47-b5cf-957f0b4f817d","93830106D7C04E228217FDC6535AFE85","SRER_012.mammalGrid.mam","D14","SRER","SRER_012","F4","distributed","shrubScrub",31.871302,-110.848939,"WGS84",45.1,1052.2,0.1,"6 - trap set and empty","ShermanXLF","2016-11-30","2016-11-30",,,,,,,,,,,,,,,,,,,,,,,,,,,,,,,,,,,,,,,"tmull@field-ops.org","kbailey@field-ops.org",,
"63371f1c-cc4b-4f2e-b16b-4f53cc8e2e31","93830106D7C04E228217FDC6535AFE85","SRER_012.mammalGrid.mam","D14","SRER","SRER_012","E8","distributed","shrubScrub",31.871302,-110.848939,"WGS84",45.1,1052.2,0.1,"6 - trap set and empty","ShermanXLF","2016-11-30","2016-11-30",,,,,,,,,,,,,,,,,,,,,,,,,,,,,,,,,,,,,,,"tmull@field-ops.org","kbailey@field-ops.org",,
"69b824f0-caae-45de-8dbf-bd883d223526","93830106D7C04E228217FDC6535AFE85","SRER_012.mammalGrid.mam","D14","SRER","SRER_012","G4","distributed","shrubScrub",31.871302,-110.848939,"WGS84",45.1,1052.2,0.1,"6 - trap set and empty","ShermanXLF","2016-11-30","2016-11-30",,,,,,,,,,,,,,,,,,,,,,,,,,,,,,,,,,,,,,,"tmull@field-ops.org","kbailey@field-ops.org",,
"947b80f6-0a0d-455c-92e0-164ff67e4f77","93830106D7C04E228217FDC6535AFE85","SRER_012.mammalGrid.mam","D14","SRER","SRER_012","E3","distributed","shrubScrub",31.871302,-110.848939,"WGS84",45.1,1052.2,0.1,"6 - trap set and empty","ShermanXLF","2016-11-30","2016-11-30",,,,,,,,,,,,,,,,,,,,,,,,,,,,,,,,,,,,,,,"tmull@field-ops.org","kbailey@field-ops.org",,
"bd17a8c7-fbe3-4d7b-8ff7-c004f4cc56d8","93830106D7C04E228217FDC6535AFE85","SRER_012.mammalGrid.mam","D14","SRER","SRER_012","H5","distributed","shrubScrub",31.871302,-110.848939,"WGS84",45.1,1052.2,0.1,"5 - capture","ShermanXLF","2016-11-30","2016-11-30",,,"PEER","Peromyscus eremicus","species",,"Reid, F. 2006. A field guide to mammals of North America, north of Mexico. 4th ed. Houghton Mifflin Company, Boston.","N","U",,"released",,"adult",,,,,,,,,,"U","U","U",,,,,,,,,,,,,,"tmull@field-ops.org","kbailey@field-ops.org",,
"713717d5-7f26-47af-93c1-810bbffe7b30","93830106D7C04E228217FDC6535AFE85","SRER_012.mammalGrid.mam","D14","SRER","SRER_012","J6","distributed","shrubScrub",31.871302,-110.848939,"WGS84",45.1,1052.2,0.1,"5 - capture","ShermanXLF","2016-11-30","2016-11-30",,,"CHBA","Chaetodipus baileyi","species",,"Reid, F. 2006. A field guide to mammals of North America, north of Mexico. 4th ed. Houghton Mifflin Company, Boston.","N","U",,"released",,"adult",,,,,,,,,,"U","U","U",,,,,,,,,,,,,,"tmull@field-ops.org","kbailey@field-ops.org",,
"34a38fb6-7ea0-4098-90ae-a3a19d3525d8","93830106D7C04E228217FDC6535AFE85","SRER_012.mammalGrid.mam","D14","SRER","SRER_012","I2","distributed","shrubScrub",31.871302,-110.848939,"WGS84",45.1,1052.2,0.1,"5 - capture","ShermanXLF","2016-11-30","2016-11-30","NEON.MAM.D14.299274",,"CHBA","Chaetodipus baileyi","species",,"Reid, F. 2006. A field guide to mammals of North America, north of Mexico. 4th ed. Houghton Mifflin Company, Boston.","N","M","Y","dead",,"adult","scrotal",,,,,,,,,"U","U","U",,,,,,,,,,,,"SRER.20161130.299274.V",,"tmull@field-ops.org","kbailey@field-ops.org",,
"18b2dce2-c66a-47e5-b081-2ff46a89cc76","93830106D7C04E228217FDC6535AFE85","SRER_012.mammalGrid.mam","D14","SRER","SRER_012","J2","distributed","shrubScrub",31.871302,-110.848939,"WGS84",45.1,1052.2,0.1,"6 - trap set and empty","ShermanXLF","2016-11-30","2016-11-30",,,,,,,,,,,,,,,,,,,,,,,,,,,,,,,,,,,,,,,"tmull@field-ops.org","kbailey@field-ops.org",,
"72d723e7-7384-49ee-bcb5-52ca73d66879","93830106D7C04E228217FDC6535AFE85","SRER_012.mammalGrid.mam","D14","SRER","SRER_012","D2","distributed","shrubScrub",31.871302,-110.848939,"WGS84",45.1,1052.2,0.1,"5 - capture","ShermanXLF","2016-11-30","2016-11-30",,,"DIME","Dipodomys merriami","species",,"Reid, F. 2006. A field guide to mammals of North America, north of Mexico. 4th ed. Houghton Mifflin Company, Boston.","N","U",,"released",,"unknown",,,,,,,,,,"U","U","U",,,,,,,,,,,,,,"tmull@field-ops.org","kbailey@field-ops.org",,
"b7fff287-354e-492b-a603-fc7b2ad6065f","93830106D7C04E228217FDC6535AFE85","SRER_012.mammalGrid.mam","D14","SRER","SRER_012","J7","distributed","shrubScrub",31.871302,-110.848939,"WGS84",45.1,1052.2,0.1,"5 - capture","ShermanXLF","2016-11-30","2016-11-30",,,"DIME","Dipodomys merriami","species",,"Reid, F. 2006. A field guide to mammals of North America, north of Mexico. 4th ed. Houghton Mifflin Company, Boston.","N","U",,"released",,"adult",,,,,,,,,,"U","U","U",,,,,,,,,,,,,,"tmull@field-ops.org","kbailey@field-ops.org",,
"54abbfcb-a5f3-4df1-b667-e9729c1c910b","93830106D7C04E228217FDC6535AFE85","SRER_012.mammalGrid.mam","D14","SRER","SRER_012","E6","distributed","shrubScrub",31.871302,-110.848939,"WGS84",45.1,1052.2,0.1,"6 - trap set and empty","ShermanXLF","2016-11-30","2016-11-30",,,,,,,,,,,,,,,,,,,,,,,,,,,,,,,,,,,,,,,"tmull@field-ops.org","kbailey@field-ops.org",,
"6a50f551-5ad6-49df-a39e-b1f28930ce0e","93830106D7C04E228217FDC6535AFE85","SRER_012.mammalGrid.mam","D14","SRER","SRER_012","E2","distributed","shrubScrub",31.871302,-110.848939,"WGS84",45.1,1052.2,0.1,"5 - capture","ShermanXLF","2016-11-30","2016-11-30","NEON.MAM.D14.497705",,"CHBA","Chaetodipus baileyi","species",,"Reid, F. 2006. A field guide to mammals of North America, north of Mexico. 4th ed. Houghton Mifflin Company, Boston.","N","U","Y",,,"unknown",,,,,,,,,,"U","U","U",,,,,,,,,,,,,,"tmull@field-ops.org","kbailey@field-ops.org",,
"a228bbab-3691-47be-94b0-e0ebfcbe58d0","93830106D7C04E228217FDC6535AFE85","SRER_012.mammalGrid.mam","D14","SRER","SRER_012","C1","distributed","shrubScrub",31.871302,-110.848939,"WGS84",45.1,1052.2,0.1,"5 - capture","ShermanXLF","2016-11-30","2016-11-30","NEON.MAM.D14.056115",,"CHBA","Chaetodipus baileyi","species",,"Reid, F. 2006. A field guide to mammals of North America, north of Mexico. 4th ed. Houghton Mifflin Company, Boston.","N","F","Y","dead",,"adult",,,,,,,,,,"U","U","U",,,,,,,,,,,,"SRER.20161130.056115.V",,"tmull@field-ops.org","kbailey@field-ops.org",,
"97cc8ec8-df88-4443-89b7-36ed9f590f3b","93830106D7C04E228217FDC6535AFE85","SRER_012.mammalGrid.mam","D14","SRER","SRER_012","I4","distributed","shrubScrub",31.871302,-110.848939,"WGS84",45.1,1052.2,0.1,"1 - trap not set","ShermanXLF","2016-11-30","2016-11-30",,,,,,,,,,,,,,,,,,,,,,,,,,,,,,,,,,,,,,,"tmull@field-ops.org","kbailey@field-ops.org",,
"9d784193-d00f-48a6-b651-f868c9c4ae90","93830106D7C04E228217FDC6535AFE85","SRER_012.mammalGrid.mam","D14","SRER","SRER_012","A8","distributed","shrubScrub",31.871302,-110.848939,"WGS84",45.1,1052.2,0.1,"5 - capture","ShermanXLF","2016-11-30","2016-11-30","NEON.MAM.D14.R1719",,"DIME","Dipodomys merriami","species",,"Reid, F. 2006. A field guide to mammals of North America, north of Mexico. 4th ed. Houghton Mifflin Company, Boston.","N","F","Y",,,"adult",,,,,,,,,,"U","U","U",,,,,,,,,,,,,,"tmull@field-ops.org","kbailey@field-ops.org",,
"e4b413a4-0914-4e69-93c5-56c8d209f82a","93830106D7C04E228217FDC6535AFE85","SRER_012.mammalGrid.mam","D14","SRER","SRER_012","G8","distributed","shrubScrub",31.871302,-110.848939,"WGS84",45.1,1052.2,0.1,"6 - trap set and empty","ShermanXLF","2016-11-30","2016-11-30",,,,,,,,,,,,,,,,,,,,,,,,,,,,,,,,,,,,,,,"tmull@field-ops.org","kbailey@field-ops.org",,
"dbae1e1b-3e4b-4f42-a096-8e4de0b8ebdf","93830106D7C04E228217FDC6535AFE85","SRER_012.mammalGrid.mam","D14","SRER","SRER_012","H3","distributed","shrubScrub",31.871302,-110.848939,"WGS84",45.1,1052.2,0.1,"5 - capture","ShermanXLF","2016-11-30","2016-11-30",,,"DIME","Dipodomys merriami","species",,"Reid, F. 2006. A field guide to mammals of North America, north of Mexico. 4th ed. Houghton Mifflin Company, Boston.","N","U",,"released",,"adult",,,,,,,,,,"U","U","U",,,,,,,,,,,,,,"tmull@field-ops.org","kbailey@field-ops.org",,
"8390b66c-0ce2-47c8-813d-1ff10c3812de","93830106D7C04E228217FDC6535AFE85","SRER_012.mammalGrid.mam","D14","SRER","SRER_012","G10","distributed","shrubScrub",31.871302,-110.848939,"WGS84",45.1,1052.2,0.1,"2 - trap disturbed/door closed but empty","ShermanXLF","2016-11-30","2016-11-30",,,,,,,,,,,,,,,,,,,,,,,,,,,,,,,,,,,,,,,"tmull@field-ops.org","kbailey@field-ops.org",,
"6d52b877-6293-4c38-9ca5-a486ebfbde62","93830106D7C04E228217FDC6535AFE85","SRER_012.mammalGrid.mam","D14","SRER","SRER_012","A10","distributed","shrubScrub",31.871302,-110.848939,"WGS84",45.1,1052.2,0.1,"5 - capture","ShermanXLF","2016-11-30","2016-11-30","NEON.MAM.D14.R2070",,"PEER","Peromyscus eremicus","species",,"Reid, F. 2006. A field guide to mammals of North America, north of Mexico. 4th ed. Houghton Mifflin Company, Boston.","N","M","N",,,"adult","nonscrotal",,,,,,,,,"U","U","U","SRER.20161130.R2070.B",,"mandibular",,,,,,,,,,,"tmull@field-ops.org","kbailey@field-ops.org",,
"0e82287b-6671-4327-83ef-033a48adb357","93830106D7C04E228217FDC6535AFE85","SRER_012.mammalGrid.mam","D14","SRER","SRER_012","D10","distributed","shrubScrub",31.871302,-110.848939,"WGS84",45.1,1052.2,0.1,"5 - capture","ShermanXLF","2016-11-30","2016-11-30",,,"DIME","Dipodomys merriami","species",,"Reid, F. 2006. A field guide to mammals of North America, north of Mexico. 4th ed. Houghton Mifflin Company, Boston.","N","U","N","released",,"unknown",,,,,,,,,,"U","U","U",,,,,,,,,,,,,,"tmull@field-ops.org","kbailey@field-ops.org",,
"36b2a485-e41d-4c51-8270-e1210b74771e","93830106D7C04E228217FDC6535AFE85","SRER_012.mammalGrid.mam","D14","SRER","SRER_012","J3","distributed","shrubScrub",31.871302,-110.848939,"WGS84",45.1,1052.2,0.1,"5 - capture","ShermanXLF","2016-11-30","2016-11-30",,,"CHBA","Chaetodipus baileyi","species",,"Reid, F. 2006. A field guide to mammals of North America, north of Mexico. 4th ed. Houghton Mifflin Company, Boston.","N","U",,"released",,"adult",,,,,,,,,,"U","U","U",,,,,,,,,,,,,,"tmull@field-ops.org","kbailey@field-ops.org",,
"e57486ea-bde4-404d-98f3-c0e238fa0e2d","93830106D7C04E228217FDC6535AFE85","SRER_012.mammalGrid.mam","D14","SRER","SRER_012","B10","distributed","shrubScrub",31.871302,-110.848939,"WGS84",45.1,1052.2,0.1,"5 - capture","ShermanXLF","2016-11-30","2016-11-30","NEON.MAM.D14.R1720",,"DIME","Dipodomys merriami","species",,"Reid, F. 2006. A field guide to mammals of North America, north of Mexico. 4th ed. Houghton Mifflin Company, Boston.","N","M","Y",,,"adult","scrotal",,,,,,,,,"U","U","U",,,,,,,,,,,,,,"tmull@field-ops.org","kbailey@field-ops.org",,
"b4df2e28-5b0a-440e-9157-c984018afe01","93830106D7C04E228217FDC6535AFE85","SRER_012.mammalGrid.mam","D14","SRER","SRER_012","J8","distributed","shrubScrub",31.871302,-110.848939,"WGS84",45.1,1052.2,0.1,"5 - capture","ShermanXLF","2016-11-30","2016-11-30",,,"CHBA","Chaetodipus baileyi","species",,"Reid, F. 2006. A field guide to mammals of North America, north of Mexico. 4th ed. Houghton Mifflin Company, Boston.","N","U",,"released",,"adult",,,,,,,,,,"U","U","U",,,,,,,,,,,,,,"tmull@field-ops.org","kbailey@field-ops.org",,
"4dcba226-b16a-45a2-986b-d7a00f3304f4","93830106D7C04E228217FDC6535AFE85","SRER_012.mammalGrid.mam","D14","SRER","SRER_012","F8","distributed","shrubScrub",31.871302,-110.848939,"WGS84",45.1,1052.2,0.1,"5 - capture","ShermanXLF","2016-11-30","2016-11-30",,,"CHBA","Chaetodipus baileyi","species",,"Reid, F. 2006. A field guide to mammals of North America, north of Mexico. 4th ed. Houghton Mifflin Company, Boston.","N","U",,"released",,"unknown",,,,,,,,,,"U","U","U",,,,,,,,,,,,,,"tmull@field-ops.org","kbailey@field-ops.org",,
"2f954bce-afab-4fde-9266-86cad4c0b012","93830106D7C04E228217FDC6535AFE85","SRER_012.mammalGrid.mam","D14","SRER","SRER_012","G9","distributed","shrubScrub",31.871302,-110.848939,"WGS84",45.1,1052.2,0.1,"5 - capture","ShermanXLF","2016-11-30","2016-11-30",,,"NEAL","Neotoma albigula","species",,"Reid, F. 2006. A field guide to mammals of North America, north of Mexico. 4th ed. Houghton Mifflin Company, Boston.","N","U",,"released",,"adult",,,,,,,,,,"U","U","U",,,,,,,,,,,,,,"tmull@field-ops.org","kbailey@field-ops.org",,
"3aef984c-5964-4cff-870c-dd727556c2ed","93830106D7C04E228217FDC6535AFE85","SRER_012.mammalGrid.mam","D14","SRER","SRER_012","H10","distributed","shrubScrub",31.871302,-110.848939,"WGS84",45.1,1052.2,0.1,"5 - capture","ShermanXLF","2016-11-30","2016-11-30",,,"CHBA","Chaetodipus baileyi","species",,"Reid, F. 2006. A field guide to mammals of North America, north of Mexico. 4th ed. Houghton Mifflin Company, Boston.","N","U",,"released",,"adult",,,,,,,,,,"U","U","U",,,,,,,,,,,,,,"tmull@field-ops.org","kbailey@field-ops.org",,
"994a5525-3442-48d9-bb66-55bcfd51e746","93830106D7C04E228217FDC6535AFE85","SRER_012.mammalGrid.mam","D14","SRER","SRER_012","D6","distributed","shrubScrub",31.871302,-110.848939,"WGS84",45.1,1052.2,0.1,"6 - trap set and empty","ShermanXLF","2016-11-30","2016-11-30",,,,,,,,,,,,,,,,,,,,,,,,,,,,,,,,,,,,,,,"tmull@field-ops.org","kbailey@field-ops.org",,
"ad699aea-8695-406f-b126-20b05204bb42","93830106D7C04E228217FDC6535AFE85","SRER_012.mammalGrid.mam","D14","SRER","SRER_012","F10","distributed","shrubScrub",31.871302,-110.848939,"WGS84",45.1,1052.2,0.1,"1 - trap not set","ShermanXLF","2016-11-30","2016-11-30",,,,,,,,,,,,,,,,,,,,,,,,,,,,,,,,,,,,,,,"tmull@field-ops.org","kbailey@field-ops.org",,
"c96cb72a-5bd1-4850-b773-daf505398c7c","93830106D7C04E228217FDC6535AFE85","SRER_012.mammalGrid.mam","D14","SRER","SRER_012","A6","distributed","shrubScrub",31.871302,-110.848939,"WGS84",45.1,1052.2,0.1,"5 - capture","ShermanXLF","2016-11-30","2016-11-30","NEON.MAM.D14.R1557",,"ONTO","Onychomys torridus","species",,"Reid, F. 2006. A field guide to mammals of North America, north of Mexico. 4th ed. Houghton Mifflin Company, Boston.","N","M","Y",,,"adult","nonscrotal",,,,,,,,,"U","U","U","SRER.20161130.R1557.B",,"mandibular",,,,,,,,,,,"tmull@field-ops.org","kbailey@field-ops.org",,
"074f57ad-b335-4751-8212-8f6dd7e31607","93830106D7C04E228217FDC6535AFE85","SRER_012.mammalGrid.mam","D14","SRER","SRER_012","H6","distributed","shrubScrub",31.871302,-110.848939,"WGS84",45.1,1052.2,0.1,"5 - capture","ShermanXLF","2016-11-30","2016-11-30",,,"ONTO","Onychomys torridus","species",,"Reid, F. 2006. A field guide to mammals of North America, north of Mexico. 4th ed. Houghton Mifflin Company, Boston.","N","U",,"released",,"adult",,,,,,,,,,"U","U","U",,,,,,,,,,,,,,"tmull@field-ops.org","kbailey@field-ops.org",,
"53108ee8-3426-4d28-9210-a1903d30ab7c","93830106D7C04E228217FDC6535AFE85","SRER_012.mammalGrid.mam","D14","SRER","SRER_012","F9","distributed","shrubScrub",31.871302,-110.848939,"WGS84",45.1,1052.2,0.1,"5 - capture","ShermanXLF","2016-11-30","2016-11-30","NEON.MAM.D14.R2077",,"ONTO","Onychomys torridus","species",,"Reid, F. 2006. A field guide to mammals of North America, north of Mexico. 4th ed. Houghton Mifflin Company, Boston.","N","U","N",,,"adult",,,,,,,,,,"U","U","U","SRER.20161130.R2077.B",,"mandibular",,,,,,,,,,,"tmull@field-ops.org","kbailey@field-ops.org",,
"25c68586-8239-4391-be3f-ba96fa2e6e08","93830106D7C04E228217FDC6535AFE85","SRER_012.mammalGrid.mam","D14","SRER","SRER_012","E5","distributed","shrubScrub",31.871302,-110.848939,"WGS84",45.1,1052.2,0.1,"6 - trap set and empty","ShermanXLF","2016-11-30","2016-11-30",,,,,,,,,,,,,,,,,,,,,,,,,,,,,,,,,,,,,,,"tmull@field-ops.org","kbailey@field-ops.org",,
"2f7b6414-469d-49b6-be54-e5e5cebd3069","93830106D7C04E228217FDC6535AFE85","SRER_012.mammalGrid.mam","D14","SRER","SRER_012","J4","distributed","shrubScrub",31.871302,-110.848939,"WGS84",45.1,1052.2,0.1,"2 - trap disturbed/door closed but empty","ShermanXLF","2016-11-30","2016-11-30",,,,,,,,,,,,,,,,,,,,,,,,,,,,,,,,,,,,,,,"tmull@field-ops.org","kbailey@field-ops.org",,
"ec2c0e59-2b80-48cc-9484-c22b38cd4e69","93830106D7C04E228217FDC6535AFE85","SRER_012.mammalGrid.mam","D14","SRER","SRER_012","I10","distributed","shrubScrub",31.871302,-110.848939,"WGS84",45.1,1052.2,0.1,"6 - trap set and empty","ShermanXLF","2016-11-30","2016-11-30",,,,,,,,,,,,,,,,,,,,,,,,,,,,,,,,,,,,,,,"tmull@field-ops.org","kbailey@field-ops.org",,
"5bb8fa12-2a9e-4f40-a76f-02c004e6cac5","93830106D7C04E228217FDC6535AFE85","SRER_012.mammalGrid.mam","D14","SRER","SRER_012","C2","distributed","shrubScrub",31.871302,-110.848939,"WGS84",45.1,1052.2,0.1,"5 - capture","ShermanXLF","2016-11-30","2016-11-30","NEON.MAM.D14.R2073",,"ONTO","Onychomys torridus","species",,"Reid, F. 2006. A field guide to mammals of North America, north of Mexico. 4th ed. Houghton Mifflin Company, Boston.","N","M","N",,,"adult","nonscrotal",,,,,,,,,"U","U","U","SRER.20161130.R2073.B",,"mandibular",,,,,,,,,,,"tmull@field-ops.org","kbailey@field-ops.org",,
"f804c43a-e4bd-4ff9-8937-14f0d4a5d4b1","93830106D7C04E228217FDC6535AFE85","SRER_012.mammalGrid.mam","D14","SRER","SRER_012","B4","distributed","shrubScrub",31.871302,-110.848939,"WGS84",45.1,1052.2,0.1,"5 - capture","ShermanXLF","2016-11-30","2016-11-30","NEON.MAM.D14.497689",,"CHBA","Chaetodipus baileyi","species",,"Reid, F. 2006. A field guide to mammals of North America, north of Mexico. 4th ed. Houghton Mifflin Company, Boston.","N","U","Y",,,"unknown",,,,,,,,,,"U","U","U",,,,,,,,,,,,,,"tmull@field-ops.org","kbailey@field-ops.org",,
"d633412c-310e-412c-8d99-e165850f995d","93830106D7C04E228217FDC6535AFE85","SRER_012.mammalGrid.mam","D14","SRER","SRER_012","E7","distributed","shrubScrub",31.871302,-110.848939,"WGS84",45.1,1052.2,0.1,"5 - capture","ShermanXLF","2016-11-30","2016-11-30","NEON.MAM.D14.R1455",,"ONTO","Onychomys torridus","species",,"Reid, F. 2006. A field guide to mammals of North America, north of Mexico. 4th ed. Houghton Mifflin Company, Boston.","N","U","Y",,,"unknown",,,,,,,,,,"U","U","U","SRER.20161130.R1455.B",,"mandibular",,,,,,,,,,,"tmull@field-ops.org","kbailey@field-ops.org",,
"78c1ebab-a3cd-44f4-9f98-4336b8a13f4b","93830106D7C04E228217FDC6535AFE85","SRER_012.mammalGrid.mam","D14","SRER","SRER_012","A9","distributed","shrubScrub",31.871302,-110.848939,"WGS84",45.1,1052.2,0.1,"6 - trap set and empty","ShermanXLF","2016-11-30","2016-11-30",,,,,,,,,,,,,,,,,,,,,,,,,,,,,,,,,,,,,,,"tmull@field-ops.org","kbailey@field-ops.org",,
"80328c4c-7df1-4714-b3f0-a7ee9a719cc2","93830106D7C04E228217FDC6535AFE85","SRER_012.mammalGrid.mam","D14","SRER","SRER_012","B5","distributed","shrubScrub",31.871302,-110.848939,"WGS84",45.1,1052.2,0.1,"5 - capture","ShermanXLF","2016-11-30","2016-11-30","NEON.MAM.D14.302062",,"CHBA","Chaetodipus baileyi","species",,"Reid, F. 2006. A field guide to mammals of North America, north of Mexico. 4th ed. Houghton Mifflin Company, Boston.","N","U","Y",,,"unknown",,,,,,,,,,"U","U","U",,,,,,,,,,,,,,"tmull@field-ops.org","kbailey@field-ops.org",,
"662482d3-d0ef-49ba-bb6a-a6089f6edce9","93830106D7C04E228217FDC6535AFE85","SRER_012.mammalGrid.mam","D14","SRER","SRER_012","D7","distributed","shrubScrub",31.871302,-110.848939,"WGS84",45.1,1052.2,0.1,"5 - capture","ShermanXLF","2016-11-30","2016-11-30","NEON.MAM.D14.056182",,"CHBA","Chaetodipus baileyi","species",,"Reid, F. 2006. A field guide to mammals of North America, north of Mexico. 4th ed. Houghton Mifflin Company, Boston.","N","U","Y",,,"unknown",,,,,,,,,,"U","U","U",,,,,,,,,,,,,,"tmull@field-ops.org","kbailey@field-ops.org",,
"bd80c0f3-d0b2-4580-8506-d608adb1831e","93830106D7C04E228217FDC6535AFE85","SRER_012.mammalGrid.mam","D14","SRER","SRER_012","I9","distributed","shrubScrub",31.871302,-110.848939,"WGS84",45.1,1052.2,0.1,"6 - trap set and empty","ShermanXLF","2016-11-30","2016-11-30",,,,,,,,,,,,,,,,,,,,,,,,,,,,,,,,,,,,,,,"tmull@field-ops.org","kbailey@field-ops.org",,
"c835230e-b038-40db-864f-d26ec6b89ad7","93830106D7C04E228217FDC6535AFE85","SRER_012.mammalGrid.mam","D14","SRER","SRER_012","A1","distributed","shrubScrub",31.871302,-110.848939,"WGS84",45.1,1052.2,0.1,"5 - capture","ShermanXLF","2016-11-30","2016-11-30","NEON.MAM.D14.L2069",,"DIME","Dipodomys merriami","species",,"Reid, F. 2006. A field guide to mammals of North America, north of Mexico. 4th ed. Houghton Mifflin Company, Boston.","N","M","N",,"R","adult","scrotal",,,,,,,,,"U","U","U",,,,,,,,,,,,,,"tmull@field-ops.org","kbailey@field-ops.org",,
"eabbe9be-4656-4bf7-8b13-31d0693cb4e8","93830106D7C04E228217FDC6535AFE85","SRER_012.mammalGrid.mam","D14","SRER","SRER_012","I6","distributed","shrubScrub",31.871302,-110.848939,"WGS84",45.1,1052.2,0.1,"1 - trap not set","ShermanXLF","2016-11-30","2016-11-30",,,,,,,,,,,,,,,,,,,,,,,,,,,,,,,,,,,,,,,"tmull@field-ops.org","kbailey@field-ops.org",,
"62d68ee7-acdf-4136-a19e-f087b1a67d79","93830106D7C04E228217FDC6535AFE85","SRER_012.mammalGrid.mam","D14","SRER","SRER_012","A2","distributed","shrubScrub",31.871302,-110.848939,"WGS84",45.1,1052.2,0.1,"6 - trap set and empty","ShermanXLF","2016-11-30","2016-11-30",,,,,,,,,,,,,,,,,,,,,,,,,,,,,,,,,,,,,,,"tmull@field-ops.org","kbailey@field-ops.org",,
"f230dbff-ff47-40a5-a793-1aa708902adb","93830106D7C04E228217FDC6535AFE85","SRER_012.mammalGrid.mam","D14","SRER","SRER_012","F3","distributed","shrubScrub",31.871302,-110.848939,"WGS84",45.1,1052.2,0.1,"5 - capture","ShermanXLF","2016-11-30","2016-11-30","NEON.MAM.D14.R2078",,"ONTO","Onychomys torridus","species",,"Reid, F. 2006. A field guide to mammals of North America, north of Mexico. 4th ed. Houghton Mifflin Company, Boston.","N","U","N",,,"adult",,,,,,,,,,"U","U","U","SRER.20161130.R2078.B",,"mandibular",,,,,,,,,,,"tmull@field-ops.org","kbailey@field-ops.org",,
"0f714d66-5a56-44ee-9cae-d73736a5d1d5","93830106D7C04E228217FDC6535AFE85","SRER_012.mammalGrid.mam","D14","SRER","SRER_012","H4","distributed","shrubScrub",31.871302,-110.848939,"WGS84",45.1,1052.2,0.1,"5 - capture","ShermanXLF","2016-11-30","2016-11-30",,,"ONTO","Onychomys torridus","species",,"Reid, F. 2006. A field guide to mammals of North America, north of Mexico. 4th ed. Houghton Mifflin Company, Boston.","N","U",,"released",,"adult",,,,,,,,,,"U","U","U",,,,,,,,,,,,,,"tmull@field-ops.org","kbailey@field-ops.org",,
"89f11299-21f8-4224-8f2e-27dffb7cfe04","93830106D7C04E228217FDC6535AFE85","SRER_012.mammalGrid.mam","D14","SRER","SRER_012","C10","distributed","shrubScrub",31.871302,-110.848939,"WGS84",45.1,1052.2,0.1,"5 - capture","ShermanXLF","2016-11-30","2016-11-30","NEON.MAM.D14.R2076",,"ONTO","Onychomys torridus","species",,"Reid, F. 2006. A field guide to mammals of North America, north of Mexico. 4th ed. Houghton Mifflin Company, Boston.","N","U","N",,,"adult",,,,,,,,,,"U","U","U","SRER.20161130.R2076.B",,"mandibular",,,,,,,,,,,"tmull@field-ops.org","kbailey@field-ops.org",,
"1f4969e6-3f43-4215-b5f2-a7bad14b4e49","93830106D7C04E228217FDC6535AFE85","SRER_012.mammalGrid.mam","D14","SRER","SRER_012","B6","distributed","shrubScrub",31.871302,-110.848939,"WGS84",45.1,1052.2,0.1,"1 - trap not set","ShermanXLF","2016-11-30","2016-11-30",,,,,,,,,,,,,,,,,,,,,,,,,,,,,,,,,,,,,,,"tmull@field-ops.org","kbailey@field-ops.org",,
"c3ab2522-8e7c-45ff-9879-dd469fb2ac67","93830106D7C04E228217FDC6535AFE85","SRER_012.mammalGrid.mam","D14","SRER","SRER_012","G6","distributed","shrubScrub",31.871302,-110.848939,"WGS84",45.1,1052.2,0.1,"5 - capture","ShermanXLF","2016-11-30","2016-11-30",,,"CHBA","Chaetodipus baileyi","species",,"Reid, F. 2006. A field guide to mammals of North America, north of Mexico. 4th ed. Houghton Mifflin Company, Boston.","N","U",,"released",,"unknown",,,,,,,,,,"U","U","U",,,,,,,,,,,,,,"tmull@field-ops.org","kbailey@field-ops.org",,
"4bd05af4-9048-4a3a-86b9-257881c6a50d","93830106D7C04E228217FDC6535AFE85","SRER_012.mammalGrid.mam","D14","SRER","SRER_012","J9","distributed","shrubScrub",31.871302,-110.848939,"WGS84",45.1,1052.2,0.1,"5 - capture","ShermanXLF","2016-11-30","2016-11-30",,,"DIME","Dipodomys merriami","species",,"Reid, F. 2006. A field guide to mammals of North America, north of Mexico. 4th ed. Houghton Mifflin Company, Boston.","N","U",,"released",,"adult",,,,,,,,,,"U","U","U",,,,,,,,,,,,,,"tmull@field-ops.org","kbailey@field-ops.org",,
"1395c347-4d82-432d-9142-a39d918f2d44","93830106D7C04E228217FDC6535AFE85","SRER_012.mammalGrid.mam","D14","SRER","SRER_012","I3","distributed","shrubScrub",31.871302,-110.848939,"WGS84",45.1,1052.2,0.1,"5 - capture","ShermanXLF","2016-11-30","2016-11-30",,,"CHBA","Chaetodipus baileyi","species",,"Reid, F. 2006. A field guide to mammals of North America, north of Mexico. 4th ed. Houghton Mifflin Company, Boston.","N","U",,"released",,"adult",,,,,,,,,,"U","U","U",,,,,,,,,,,,,,"tmull@field-ops.org","kbailey@field-ops.org",,
"00ce4e58-0b12-4618-9a98-c5d8aaf76164","93830106D7C04E228217FDC6535AFE85","SRER_012.mammalGrid.mam","D14","SRER","SRER_012","J10","distributed","shrubScrub",31.871302,-110.848939,"WGS84",45.1,1052.2,0.1,"5 - capture","ShermanXLF","2016-11-30","2016-11-30",,,"CHBA","Chaetodipus baileyi","species",,"Reid, F. 2006. A field guide to mammals of North America, north of Mexico. 4th ed. Houghton Mifflin Company, Boston.","N","U",,"released",,"adult",,,,,,,,,,"U","U","U",,,,,,,,,,,,,,"tmull@field-ops.org","kbailey@field-ops.org",,
"aac5ed22-54b1-4b3a-b186-43e3df3d69fc","93830106D7C04E228217FDC6535AFE85","SRER_012.mammalGrid.mam","D14","SRER","SRER_012","D8","distributed","shrubScrub",31.871302,-110.848939,"WGS84",45.1,1052.2,0.1,"5 - capture","ShermanXLF","2016-11-30","2016-11-30","NEON.MAM.D14.497623",,"CHPE","Chaetodipus penicillatus","species",,"Reid, F. 2006. A field guide to mammals of North America, north of Mexico. 4th ed. Houghton Mifflin Company, Boston.","N","U","Y",,,"unknown",,,,,,,,,,"U","U","U",,,,,,,,,,,,,,"tmull@field-ops.org","kbailey@field-ops.org",,
"ebc18bc1-b5df-4a66-966c-0b59870542c7","93830106D7C04E228217FDC6535AFE85","SRER_012.mammalGrid.mam","D14","SRER","SRER_012","A7","distributed","shrubScrub",31.871302,-110.848939,"WGS84",45.1,1052.2,0.1,"5 - capture","ShermanXLF","2016-11-30","2016-11-30","NEON.MAM.D14.810810",,"CHBA","Chaetodipus baileyi","species",,"Reid, F. 2006. A field guide to mammals of North America, north of Mexico. 4th ed. Houghton Mifflin Company, Boston.","N","U","Y",,,"unknown",,,,,,,,,,"U","U","U",,,,,,,,,,,,,,"tmull@field-ops.org","kbailey@field-ops.org",,
"99d4b21f-dbe0-4b5c-b6ef-43788c6ba1a7","93830106D7C04E228217FDC6535AFE85","SRER_012.mammalGrid.mam","D14","SRER","SRER_012","C5","distributed","shrubScrub",31.871302,-110.848939,"WGS84",45.1,1052.2,0.1,"6 - trap set and empty","ShermanXLF","2016-11-30","2016-11-30",,,,,,,,,,,,,,,,,,,,,,,,,,,,,,,,,,,,,,,"tmull@field-ops.org","kbailey@field-ops.org",,
"5353d857-b32b-4cd0-b913-2d0fac75e8fa","93830106D7C04E228217FDC6535AFE85","SRER_012.mammalGrid.mam","D14","SRER","SRER_012","G2","distributed","shrubScrub",31.871302,-110.848939,"WGS84",45.1,1052.2,0.1,"6 - trap set and empty","ShermanXLF","2016-11-30","2016-11-30",,,,,,,,,,,,,,,,,,,,,,,,,,,,,,,,,,,,,,,"tmull@field-ops.org","kbailey@field-ops.org",,
"3df93e19-379f-48b6-a44c-500cb54b0b54","93830106D7C04E228217FDC6535AFE85","SRER_012.mammalGrid.mam","D14","SRER","SRER_012","D3","distributed","shrubScrub",31.871302,-110.848939,"WGS84",45.1,1052.2,0.1,"5 - capture","ShermanXLF","2016-11-30","2016-11-30",,,"CHBA","Chaetodipus baileyi","species",,"Reid, F. 2006. A field guide to mammals of North America, north of Mexico. 4th ed. Houghton Mifflin Company, Boston.","N","U",,"released",,"unknown",,,,,,,,,,"U","U","U",,,,,,,,,,,,,,"tmull@field-ops.org","kbailey@field-ops.org",,
"9d67a1f1-1d80-4370-8249-55f8f968ca35","93830106D7C04E228217FDC6535AFE85","SRER_012.mammalGrid.mam","D14","SRER","SRER_012","C3","distributed","shrubScrub",31.871302,-110.848939,"WGS84",45.1,1052.2,0.1,"6 - trap set and empty","ShermanXLF","2016-11-30","2016-11-30",,,,,,,,,,,,,,,,,,,,,,,,,,,,,,,,,,,,,,,"tmull@field-ops.org","kbailey@field-ops.org",,
"b43c2f79-f748-443a-b6a4-e32d7d7db297","93830106D7C04E228217FDC6535AFE85","SRER_012.mammalGrid.mam","D14","SRER","SRER_012","C6","distributed","shrubScrub",31.871302,-110.848939,"WGS84",45.1,1052.2,0.1,"6 - trap set and empty","ShermanXLF","2016-11-30","2016-11-30",,,,,,,,,,,,,,,,,,,,,,,,,,,,,,,,,,,,,,,"tmull@field-ops.org","kbailey@field-ops.org",,
"d548ca60-2348-473b-b48f-b7079f38a526","93830106D7C04E228217FDC6535AFE85","SRER_012.mammalGrid.mam","D14","SRER","SRER_012","D9","distributed","shrubScrub",31.871302,-110.848939,"WGS84",45.1,1052.2,0.1,"5 - capture","ShermanXLF","2016-11-30","2016-11-30","NEON.MAM.D14.R1666",,"ONTO","Onychomys torridus","species",,"Reid, F. 2006. A field guide to mammals of North America, north of Mexico. 4th ed. Houghton Mifflin Company, Boston.","N","U","Y",,,"unknown",,,,,,,,,,"U","U","U","SRER.20161130.R1666.B",,"mandibular",,,,,,,,,,,"tmull@field-ops.org","kbailey@field-ops.org",,
"be7dddc4-151b-48ca-bd50-8f3be9fe15e6","93830106D7C04E228217FDC6535AFE85","SRER_012.mammalGrid.mam","D14","SRER","SRER_012","F2","distributed","shrubScrub",31.871302,-110.848939,"WGS84",45.1,1052.2,0.1,"6 - trap set and empty","ShermanXLF","2016-11-30","2016-11-30",,,,,,,,,,,,,,,,,,,,,,,,,,,,,,,,,,,,,,,"tmull@field-ops.org","kbailey@field-ops.org",,
"2b2a27fb-ec57-4ca5-bbbb-37b6ad629b63","93830106D7C04E228217FDC6535AFE85","SRER_012.mammalGrid.mam","D14","SRER","SRER_012","I1","distributed","shrubScrub",31.871302,-110.848939,"WGS84",45.1,1052.2,0.1,"5 - capture","ShermanXLF","2016-11-30","2016-11-30",,,"CHBA","Chaetodipus baileyi","species",,"Reid, F. 2006. A field guide to mammals of North America, north of Mexico. 4th ed. Houghton Mifflin Company, Boston.","N","U",,"released",,"adult",,,,,,,,,,"U","U","U",,,,,,,,,,,,,,"tmull@field-ops.org","kbailey@field-ops.org",,
"2bd5eec2-4573-452f-b542-e15d977ccbce","93830106D7C04E228217FDC6535AFE85","SRER_012.mammalGrid.mam","D14","SRER","SRER_012","H1","distributed","shrubScrub",31.871302,-110.848939,"WGS84",45.1,1052.2,0.1,"5 - capture","ShermanXLF","2016-11-30","2016-11-30",,,"ONTO","Onychomys torridus","species",,"Reid, F. 2006. A field guide to mammals of North America, north of Mexico. 4th ed. Houghton Mifflin Company, Boston.","N","U",,"released",,"adult",,,,,,,,,,"U","U","U",,,,,,,,,,,,,,"tmull@field-ops.org","kbailey@field-ops.org",,
"69ac7dcd-fe10-46d9-9900-5deab6da5521","93830106D7C04E228217FDC6535AFE85","SRER_012.mammalGrid.mam","D14","SRER","SRER_012","A4","distributed","shrubScrub",31.871302,-110.848939,"WGS84",45.1,1052.2,0.1,"6 - trap set and empty","ShermanXLF","2016-11-30","2016-11-30",,,,,,,,,,,,,,,,,,,,,,,,,,,,,,,,,,,,,,,"tmull@field-ops.org","kbailey@field-ops.org",,
"83119c01-6080-498a-bd96-725e82aa4d59","93830106D7C04E228217FDC6535AFE85","SRER_012.mammalGrid.mam","D14","SRER","SRER_012","B9","distributed","shrubScrub",31.871302,-110.848939,"WGS84",45.1,1052.2,0.1,"5 - capture","ShermanXLF","2016-11-30","2016-11-30","NEON.MAM.D14.R1492",,"NEAL","Neotoma albigula","species",,"Reid, F. 2006. A field guide to mammals of North America, north of Mexico. 4th ed. Houghton Mifflin Company, Boston.","N","M","Y",,,"adult","nonscrotal",,,,,,,,,"U","U","U","SRER.20161130.R1492.B",,"mandibular",,,,,,,,,,,"tmull@field-ops.org","kbailey@field-ops.org",,
"3b96d524-73fe-4c1d-9fd2-c53f09ef4200","93830106D7C04E228217FDC6535AFE85","SRER_012.mammalGrid.mam","D14","SRER","SRER_012","B2","distributed","shrubScrub",31.871302,-110.848939,"WGS84",45.1,1052.2,0.1,"5 - capture","ShermanXLF","2016-11-30","2016-11-30","NEON.MAM.D14.R2072",,"DIME","Dipodomys merriami","species",,"Reid, F. 2006. A field guide to mammals of North America, north of Mexico. 4th ed. Houghton Mifflin Company, Boston.","N","F","N",,,"subadult",,,,,,,,,,"U","U","U",,,,,,,,,,,,,,"tmull@field-ops.org","kbailey@field-ops.org",,
"ec77dba2-9930-4515-b95d-91e70d91227f","93830106D7C04E228217FDC6535AFE85","SRER_012.mammalGrid.mam","D14","SRER","SRER_012","B1","distributed","shrubScrub",31.871302,-110.848939,"WGS84",45.1,1052.2,0.1,"5 - capture","ShermanXLF","2016-11-30","2016-11-30","NEON.MAM.D14.R2071",,"DIME","Dipodomys merriami","species",,"Reid, F. 2006. A field guide to mammals of North America, north of Mexico. 4th ed. Houghton Mifflin Company, Boston.","N","F","N",,,"adult",,"enlarged","not","swollen",,,,,,"U","U","U",,,,,,,,,,,,,,"tmull@field-ops.org","kbailey@field-ops.org",,
"bdbf22b7-fbf0-450d-ab57-babc18df7e07","93830106D7C04E228217FDC6535AFE85","SRER_012.mammalGrid.mam","D14","SRER","SRER_012","F1","distributed","shrubScrub",31.871302,-110.848939,"WGS84",45.1,1052.2,0.1,"5 - capture","ShermanXLF","2016-11-30","2016-11-30",,,"DIME","Dipodomys merriami","species",,"Reid, F. 2006. A field guide to mammals of North America, north of Mexico. 4th ed. Houghton Mifflin Company, Boston.","N","U","Y","released",,"unknown",,,,,,,,,,"U","U","U",,,,,,,,,,,,,,"tmull@field-ops.org","kbailey@field-ops.org",,
"c795624d-32fb-44e8-aa31-4515a2c59dd5","93830106D7C04E228217FDC6535AFE85","SRER_012.mammalGrid.mam","D14","SRER","SRER_012","H9","distributed","shrubScrub",31.871302,-110.848939,"WGS84",45.1,1052.2,0.1,"5 - capture","ShermanXLF","2016-11-30","2016-11-30",,,"ONTO","Onychomys torridus","species",,"Reid, F. 2006. A field guide to mammals of North America, north of Mexico. 4th ed. Houghton Mifflin Company, Boston.","N","U",,"released",,"adult",,,,,,,,,,"U","U","U",,,,,,,,,,,,,,"tmull@field-ops.org","kbailey@field-ops.org",,
"1df8afdd-dde5-4af3-be0c-66b8ccaba03a","93830106D7C04E228217FDC6535AFE85","SRER_012.mammalGrid.mam","D14","SRER","SRER_012","F6","distributed","shrubScrub",31.871302,-110.848939,"WGS84",45.1,1052.2,0.1,"6 - trap set and empty","ShermanXLF","2016-11-30","2016-11-30",,,,,,,,,,,,,,,,,,,,,,,,,,,,,,,,,,,,,,,"tmull@field-ops.org","kbailey@field-ops.org",,
"8737acc8-d2f1-48ef-b7fa-586e06165dad","93830106D7C04E228217FDC6535AFE85","SRER_012.mammalGrid.mam","D14","SRER","SRER_012","I5","distributed","shrubScrub",31.871302,-110.848939,"WGS84",45.1,1052.2,0.1,"5 - capture","ShermanXLF","2016-11-30","2016-11-30",,,"DIME","Dipodomys merriami","species",,"Reid, F. 2006. A field guide to mammals of North America, north of Mexico. 4th ed. Houghton Mifflin Company, Boston.","N","U",,"released",,"subadult",,,,,,,,,,"U","U","U",,,,,,,,,,,,,,"tmull@field-ops.org","kbailey@field-ops.org",,
"1a60a707-9a02-44f5-aa53-2571317a3f0a","93830106D7C04E228217FDC6535AFE85","SRER_012.mammalGrid.mam","D14","SRER","SRER_012","B3","distributed","shrubScrub",31.871302,-110.848939,"WGS84",45.1,1052.2,0.1,"5 - capture","ShermanXLF","2016-11-30","2016-11-30","NEON.MAM.D14.R1532",,"ONTO","Onychomys torridus","species",,"Reid, F. 2006. A field guide to mammals of North America, north of Mexico. 4th ed. Houghton Mifflin Company, Boston.","N","M","Y",,,"adult","nonscrotal",,,,,,,,,"U","U","U","SRER.20161130.R1532.B",,"mandibular",,,,,,,,,,,"tmull@field-ops.org","kbailey@field-ops.org",,
"2ae75777-9a62-4efd-bd5e-3668bc5b10e8","93830106D7C04E228217FDC6535AFE85","SRER_012.mammalGrid.mam","D14","SRER","SRER_012","H8","distributed","shrubScrub",31.871302,-110.848939,"WGS84",45.1,1052.2,0.1,"5 - capture","ShermanXLF","2016-11-30","2016-11-30",,,"ONTO","Onychomys torridus","species",,"Reid, F. 2006. A field guide to mammals of North America, north of Mexico. 4th ed. Houghton Mifflin Company, Boston.","N","U",,"released",,"adult",,,,,,,,,,"U","U","U",,,,,,,,,,,,,,"tmull@field-ops.org","kbailey@field-ops.org",,
"bd99c2b7-9d16-4e14-b207-d634180c6294","93830106D7C04E228217FDC6535AFE85","SRER_012.mammalGrid.mam","D14","SRER","SRER_012","F7","distributed","shrubScrub",31.871302,-110.848939,"WGS84",45.1,1052.2,0.1,"5 - capture","ShermanXLF","2016-11-30","2016-11-30",,,"CHBA","Chaetodipus baileyi","species",,"Reid, F. 2006. A field guide to mammals of North America, north of Mexico. 4th ed. Houghton Mifflin Company, Boston.","N","U",,"released",,"unknown",,,,,,,,,,"U","U","U",,,,,,,,,,,,,,"tmull@field-ops.org","kbailey@field-ops.org",,
"492ebb3b-1437-4433-bba2-5205b1baf334","93830106D7C04E228217FDC6535AFE85","SRER_012.mammalGrid.mam","D14","SRER","SRER_012","G1","distributed","shrubScrub",31.871302,-110.848939,"WGS84",45.1,1052.2,0.1,"5 - capture","ShermanXLF","2016-11-30","2016-11-30",,,"DIME","Dipodomys merriami","species",,"Reid, F. 2006. A field guide to mammals of North America, north of Mexico. 4th ed. Houghton Mifflin Company, Boston.","N","U",,"released",,"adult",,,,,,,,,,"U","U","U",,,,,,,,,,,,,,"tmull@field-ops.org","kbailey@field-ops.org",,
"cdfad609-dc9d-44bb-a946-46388bea624b","93830106D7C04E228217FDC6535AFE85","SRER_012.mammalGrid.mam","D14","SRER","SRER_012","E1","distributed","shrubScrub",31.871302,-110.848939,"WGS84",45.1,1052.2,0.1,"5 - capture","ShermanXLF","2016-11-30","2016-11-30",,,"DIME","Dipodomys merriami","species",,"Reid, F. 2006. A field guide to mammals of North America, north of Mexico. 4th ed. Houghton Mifflin Company, Boston.","N","U","Y","released",,"unknown",,,,,,,,,,"U","U","U",,,,,,,,,,,,,,"tmull@field-ops.org","kbailey@field-ops.org",,
"c722dd8b-df11-4db2-b6d6-92c0311cd954","93830106D7C04E228217FDC6535AFE85","SRER_012.mammalGrid.mam","D14","SRER","SRER_012","C8","distributed","shrubScrub",31.871302,-110.848939,"WGS84",45.1,1052.2,0.1,"6 - trap set and empty","ShermanXLF","2016-11-30","2016-11-30",,,,,,,,,,,,,,,,,,,,,,,,,,,,,,,,,,,,,,,"tmull@field-ops.org","kbailey@field-ops.org",,
"21742fd9-17c3-4b70-8dbc-d0fe260f6a50","93830106D7C04E228217FDC6535AFE85","SRER_012.mammalGrid.mam","D14","SRER","SRER_012","C4","distributed","shrubScrub",31.871302,-110.848939,"WGS84",45.1,1052.2,0.1,"5 - capture","ShermanXLF","2016-11-30","2016-11-30","NEON.MAM.D14.497677",,"CHBA","Chaetodipus baileyi","species",,"Reid, F. 2006. A field guide to mammals of North America, north of Mexico. 4th ed. Houghton Mifflin Company, Boston.","N","U","Y",,,"unknown",,,,,,,,,,"U","U","U",,,,,,,,,,,,,,"tmull@field-ops.org","kbailey@field-ops.org",,
"962fd5bf-7820-4c18-9f43-23dcb648e17d","93830106D7C04E228217FDC6535AFE85","SRER_012.mammalGrid.mam","D14","SRER","SRER_012","H2","distributed","shrubScrub",31.871302,-110.848939,"WGS84",45.1,1052.2,0.1,"5 - capture","ShermanXLF","2016-11-30","2016-11-30",,,"CHBA","Chaetodipus baileyi","species",,"Reid, F. 2006. A field guide to mammals of North America, north of Mexico. 4th ed. Houghton Mifflin Company, Boston.","N","U",,"released",,"adult",,,,,,,,,,"U","U","U",,,,,,,,,,,,,,"tmull@field-ops.org","kbailey@field-ops.org",,
"737263b7-fb13-4d48-b7bc-74cfb804e676","93830106D7C04E228217FDC6535AFE85","SRER_012.mammalGrid.mam","D14","SRER","SRER_012","H7","distributed","shrubScrub",31.871302,-110.848939,"WGS84",45.1,1052.2,0.1,"5 - capture","ShermanXLF","2016-11-30","2016-11-30",,,"REFU","Reithrodontomys fulvescens","species",,"Reid, F. 2006. A field guide to mammals of North America, north of Mexico. 4th ed. Houghton Mifflin Company, Boston.","N","U",,"released",,"adult",,,,,,,,,,"U","U","U",,,,,,,,,,,,,,"tmull@field-ops.org","kbailey@field-ops.org",,
"1caa869d-229d-4ad2-800b-467aff3b020f","93830106D7C04E228217FDC6535AFE85","SRER_012.mammalGrid.mam","D14","SRER","SRER_012","G5","distributed","shrubScrub",31.871302,-110.848939,"WGS84",45.1,1052.2,0.1,"5 - capture","ShermanXLF","2016-11-30","2016-11-30","NEON.MAM.D14.L1560",,"DIME","Dipodomys merriami","species",,"Reid, F. 2006. A field guide to mammals of North America, north of Mexico. 4th ed. Houghton Mifflin Company, Boston.","N","M","Y","dead",,"adult","scrotal",,,,,,,,,"U","U","U",,,,,,,,,,,,"SRER.20161130.L1560.V",,"tmull@field-ops.org","kbailey@field-ops.org",,
"d875e740-fe4c-428b-bfb7-6ec0f678554b","93830106D7C04E228217FDC6535AFE85","SRER_012.mammalGrid.mam","D14","SRER","SRER_012","G3","distributed","shrubScrub",31.871302,-110.848939,"WGS84",45.1,1052.2,0.1,"6 - trap set and empty","ShermanXLF","2016-11-30","2016-11-30",,,,,,,,,,,,,,,,,,,,,,,,,,,,,,,,,,,,,,,"tmull@field-ops.org","kbailey@field-ops.org",,
"0a7a201a-2189-4d86-bf2f-3367a2df25d1","93830106D7C04E228217FDC6535AFE85","SRER_012.mammalGrid.mam","D14","SRER","SRER_012","E9","distributed","shrubScrub",31.871302,-110.848939,"WGS84",45.1,1052.2,0.1,"6 - trap set and empty","ShermanXLF","2016-11-30","2016-11-30",,,,,,,,,,,,,,,,,,,,,,,,,,,,,,,,,,,,,,,"tmull@field-ops.org","kbailey@field-ops.org",,
