uid,nightuid,namedLocation,domainID,siteID,plotID,collectDate,endDate,samplingProtocolVersion,remarks,dataQF
"a48739c6-dd9b-4119-bf81-d00e49391820","3f924b80-9d07-40e1-ba52-2169f633c62d","JORN_001.mammalGrid.mam","D14","JORN","JORN_001","2017-07-01","2017-07-01","NEON.DOC.000481vH",,
"d9304d1b-8a8f-45da-8b4a-73ea0f135848","53f9dbd3-7266-4e3e-adb1-d100acbc8b9f","JORN_011.mammalGrid.mam","D14","JORN","JORN_011","2017-07-01","2017-07-01","NEON.DOC.000481vH",,
"e234e8e6-631d-4a84-9af0-8e3f0311743e","cd313950-db69-498d-bd2a-9ef2a263fdcc","JORN_007.mammalGrid.mam","D14","JORN","JORN_007","2017-07-02","2017-07-02","NEON.DOC.000481vH",,
"96714b26-7d19-4880-a055-03e17897b08a","1003d63c-7b0f-460d-a101-fe19986ce070","JORN_001.mammalGrid.mam","D14","JORN","JORN_001","2017-07-02","2017-07-02","NEON.DOC.000481vH",,
"9ef702a3-d160-4d03-8e95-810e10c87abb","e2370e77-57f5-42b7-b537-f8f8b0b68bf0","JORN_031.mammalGrid.mam","D14","JORN","JORN_031","2017-07-03","2017-07-03","NEON.DOC.000481vH",,
"de8f9b27-fd31-4fad-996f-09632b66bccf","2ce86fdd-6b23-4418-8878-270ef15defd4","JORN_001.mammalGrid.mam","D14","JORN","JORN_001","2017-07-03","2017-07-03","NEON.DOC.000481vH",,
