uid,nightuid,namedLocation,domainID,siteID,plotID,collectDate,endDate,samplingProtocolVersion,remarks,dataQF
"71f532c4-9d9a-4f9a-bc4b-b050ac4545fb","276f6c01-7537-4197-ae74-9f7d911b4305","SJER_032.mammalGrid.mam","D17","SJER","SJER_032","2017-11-14","2017-11-14","NEON.DOC.000481vJ",,
"5e21e6ca-a4c9-4342-80aa-edeed46ee5c7","f7eeca14-1166-4d07-8995-8aca40215d41","SJER_033.mammalGrid.mam","D17","SJER","SJER_033","2017-11-14","2017-11-14","NEON.DOC.000481vJ",,
"ae0f377b-3fd3-4453-85ef-a27575e27316","c23c3b49-92ab-4e41-bdb2-43731bc365f1","SJER_013.mammalGrid.mam","D17","SJER","SJER_013","2017-11-14","2017-11-14","NEON.DOC.000481vJ",,
"9eef32cb-d9c6-45fa-b0cf-14bbdf2a78c1","2a092cc7-9d31-46e4-9b7b-0029743f1ef4","SJER_033.mammalGrid.mam","D17","SJER","SJER_033","2017-11-15","2017-11-15","NEON.DOC.000481vJ",,
"288bc115-651f-4462-a706-4750f0431ef0","cfcf0eec-b241-4a84-aba7-41dcb9e31f25","SJER_006.mammalGrid.mam","D17","SJER","SJER_006","2017-11-15","2017-11-15","NEON.DOC.000481vJ",,
"f1ad21e3-2f99-4290-90c3-9c3a359139fe","bfa53d86-dd77-43c7-8666-ae9e02da0164","SJER_032.mammalGrid.mam","D17","SJER","SJER_032","2017-11-15","2017-11-15","NEON.DOC.000481vJ",,
"2e8ff927-f45c-4323-be2b-dd1503a63ea4","6c0f577b-e6fc-4419-b57d-c3b95e19f31b","SJER_002.mammalGrid.mam","D17","SJER","SJER_002","2017-11-15","2017-11-15","NEON.DOC.000481vJ",,
"4fc6be86-7927-4f60-be92-001bc88b838c","056412c9-1e19-4d33-8889-cfd786aca2d5","SJER_006.mammalGrid.mam","D17","SJER","SJER_006","2017-11-16","2017-11-16","NEON.DOC.000481vJ",,
"9e031731-b80e-47ee-99fc-5d65a6a348c9","dbb19cef-2683-4046-8192-13a54270a0f3","SJER_032.mammalGrid.mam","D17","SJER","SJER_032","2017-11-16","2017-11-16","NEON.DOC.000481vJ",,
"e9bf6703-313e-42a2-bbeb-49fc68d6bea8","8932a90f-3de9-4cfa-8893-8693dd480098","SJER_007.mammalGrid.mam","D17","SJER","SJER_007","2017-11-16","2017-11-16","NEON.DOC.000481vJ",,
"b2837a31-6aa3-4701-87cb-c57d6bc8002c","fea24f7e-8511-469a-8232-6838cf6c913c","SJER_033.mammalGrid.mam","D17","SJER","SJER_033","2017-11-16","2017-11-16","NEON.DOC.000481vJ",,
"d9264d8f-9c7d-4766-8997-3b5846ce84f6","d7c62455-eceb-4263-b79f-ad42ba3d61b4","SJER_010.mammalGrid.mam","D17","SJER","SJER_010","2017-11-17","2017-11-17","NEON.DOC.000481vJ",,
"c554e555-4463-4251-aeff-2bac2690dcf5","dc2966e7-f21f-411f-9d05-d0e98ca2601a","SJER_006.mammalGrid.mam","D17","SJER","SJER_006","2017-11-17","2017-11-17","NEON.DOC.000481vJ",,
"86050410-226c-4d43-a92e-8c953f4f999c","e11839cb-6ca9-4744-9140-cabc0457df45","SJER_009.mammalGrid.mam","D17","SJER","SJER_009","2017-11-17","2017-11-17","NEON.DOC.000481vJ",,
