uid,nightuid,namedLocation,domainID,siteID,plotID,collectDate,endDate,samplingProtocolVersion,remarks,dataQF
"b593e754-b0eb-44f5-b6b4-727c89573768","5e7bf052-e56d-4b84-a57e-c4067a9f620f","DSNY_005.mammalGrid.mam","D03","DSNY","DSNY_005","2018-06-19","2018-06-19","NEON.DOC.000481vK",,
"83a56e6a-a7fb-4d5f-8b7d-3afa6dd67a5e","d26f8f57-7519-44e6-a619-0d7ddcc0ab62","DSNY_004.mammalGrid.mam","D03","DSNY","DSNY_004","2018-06-19","2018-06-19","NEON.DOC.000481vK",,
"5dbd334e-fbdf-47d6-a38a-f98617c27705","57784496-43c6-4416-8a8c-53b0328167d1","DSNY_001.mammalGrid.mam","D03","DSNY","DSNY_001","2018-06-19","2018-06-19","NEON.DOC.000481vK",,
"010b7db3-831b-459b-8e27-302f19a6a046","854bf622-9b2d-405f-8326-eb315ddd1f15","DSNY_010.mammalGrid.mam","D03","DSNY","DSNY_010","2018-06-19","2018-06-19","NEON.DOC.000481vK",,
"b592e620-fa7a-4d2a-9394-60a9a9ef1e45","4ca81787-ca93-4587-b1a3-7607b5fa22c6","DSNY_016.mammalGrid.mam","D03","DSNY","DSNY_016","2018-06-20","2018-06-20","NEON.DOC.000481vK",,
"9b3eee72-37c2-46f7-b6c3-23aaf0e8543c","bc0aab7a-38e6-4501-9d00-a2e881be1c8d","DSNY_005.mammalGrid.mam","D03","DSNY","DSNY_005","2018-06-20","2018-06-20","NEON.DOC.000481vK",,
"efcbc19e-bd80-465f-af12-323bc628fe64","5f0e6c34-96f8-4d06-aaf4-8629cd086913","DSNY_004.mammalGrid.mam","D03","DSNY","DSNY_004","2018-06-20","2018-06-20","NEON.DOC.000481vK",,
"8160e441-b165-49a4-817c-9691692cde59","597c39c5-0f81-44e4-95e2-59e95920bb37","DSNY_001.mammalGrid.mam","D03","DSNY","DSNY_001","2018-06-20","2018-06-20","NEON.DOC.000481vK",,
"5f17666f-fd24-4027-a7c1-0e59a2e5b5a9","b83ffcd0-f618-426b-aa29-7b0a3f697eb6","DSNY_004.mammalGrid.mam","D03","DSNY","DSNY_004","2018-06-21","2018-06-21","NEON.DOC.000481vK",,
"01dd7f7d-52f7-4f86-b1bd-5b3cd86bb0e2","0eee9350-2ccb-470a-afc1-6e2cbf1a8186","DSNY_006.mammalGrid.mam","D03","DSNY","DSNY_006","2018-06-21","2018-06-21","NEON.DOC.000481vK",,
"7e90a4c1-c60b-43ae-a999-9f667359a7fe","dccb267d-5606-42b9-9f25-72a96666cb8f","DSNY_001.mammalGrid.mam","D03","DSNY","DSNY_001","2018-06-21","2018-06-21","NEON.DOC.000481vK",,
"5560b04e-5b5c-49c9-9e0a-e44581697682","1da061bf-e2e5-4c0f-b0a4-0dab67d96881","DSNY_005.mammalGrid.mam","D03","DSNY","DSNY_005","2018-06-21","2018-06-21","NEON.DOC.000481vK",,
