uid,nightuid,namedLocation,domainID,siteID,plotID,collectDate,endDate,samplingProtocolVersion,remarks,dataQF
"b9977d85-c387-4337-8298-c32cdec43d61","8acf33ed-864b-4e82-b421-c10ee60a3b50","CLBJ_040.mammalGrid.mam","D11","CLBJ","CLBJ_040","2017-06-20","2017-06-20","NEON.DOC.000481vJ",,
"55b9532c-4de1-43e9-8deb-a419d38c31c3","7da0fae6-63ab-4c7d-a3ff-f5e47b77512b","CLBJ_057.mammalGrid.mam","D11","CLBJ","CLBJ_057","2017-06-20","2017-06-20","NEON.DOC.000481vJ",,
"4e9e7c14-11c7-4194-a5ec-c14e49b3969a","6af68c40-4359-4c71-972f-aa3053458e23","CLBJ_033.mammalGrid.mam","D11","CLBJ","CLBJ_033","2017-06-20","2017-06-20","NEON.DOC.000481vJ",,
"e0dbe268-4b33-4fa5-9b1a-ddf917419211","8b53a197-e979-4c2e-a5da-28b676b9a74b","CLBJ_041.mammalGrid.mam","D11","CLBJ","CLBJ_041","2017-06-20","2017-06-20","NEON.DOC.000481vJ",,
"6981260d-e464-46c2-80ea-2572796f8933","b97fedbc-0e79-4c13-80cd-60107e05e1d1","CLBJ_041.mammalGrid.mam","D11","CLBJ","CLBJ_041","2017-06-21","2017-06-21","NEON.DOC.000481vJ",,
"86debe9e-261c-4eba-840c-1cf448755f7e","15f1d096-6616-49f1-a455-51a453644703","CLBJ_042.mammalGrid.mam","D11","CLBJ","CLBJ_042","2017-06-21","2017-06-21","NEON.DOC.000481vJ",,
"5cf60a7c-8b1f-4eb2-b4e4-a1a216b162e4","9f24085c-b4d5-4436-9e4c-4e227a298d20","CLBJ_033.mammalGrid.mam","D11","CLBJ","CLBJ_033","2017-06-21","2017-06-21","NEON.DOC.000481vJ",,
"d00412de-8da4-404f-a783-8efca53cb06a","debc619d-0a83-4d2a-b2f0-141d6c348a37","CLBJ_042.mammalGrid.mam","D11","CLBJ","CLBJ_042","2017-06-22","2017-06-22","NEON.DOC.000481vJ",,
"be468426-97dd-4c71-be6f-3cd4bc9fd815","323088df-191f-4550-86b7-3c00c985b6b1","CLBJ_033.mammalGrid.mam","D11","CLBJ","CLBJ_033","2017-06-22","2017-06-22","NEON.DOC.000481vJ",,
"071abdec-62ec-4631-bb5d-dc87432fa2e2","6d7ecb92-6612-4510-8494-ce2caa1826c1","CLBJ_041.mammalGrid.mam","D11","CLBJ","CLBJ_041","2017-06-22","2017-06-22","NEON.DOC.000481vJ",,
"fe86662d-879a-4d29-85fc-920e711902e0","c5e9ef67-151f-4e97-bb09-2aa055235f71","CLBJ_034.mammalGrid.mam","D11","CLBJ","CLBJ_034","2017-06-23","2017-06-23","NEON.DOC.000481vJ",,
"aa9c4a32-642d-44ed-939f-5b1a4c03e971","9c291cc3-1078-4d9a-a821-1602cf9dc535","CLBJ_037.mammalGrid.mam","D11","CLBJ","CLBJ_037","2017-06-23","2017-06-23","NEON.DOC.000481vJ",,
"e5cc460f-4ec9-4d7b-9c61-994bde50551d","a31a5699-7637-4be4-9f85-02de6ee45343","CLBJ_042.mammalGrid.mam","D11","CLBJ","CLBJ_042","2017-06-23","2017-06-23","NEON.DOC.000481vJ",,
"ffb15fd8-f5e0-4507-9368-4e9bd5dcf606","19c6af5a-c937-4897-be0f-29c29fd1d75f","CLBJ_039.mammalGrid.mam","D11","CLBJ","CLBJ_039","2017-06-23","2017-06-23","NEON.DOC.000481vJ","Traps covered in fire ants along with two animals being covered in fire ants. Talstar was used.",
