uid,nightuid,namedLocation,domainID,siteID,plotID,collectDate,endDate,samplingProtocolVersion,remarks,dataQF
"03ef4015-04be-4651-bce1-0863ba50dd26","AF3B323D22474195B95DF053EFCCAD33","UNDE_012.mammalGrid.mam","D05","UNDE","UNDE_012","2015-05-18","2015-05-18",,,
"1d135179-c826-4b73-969c-809b414e19ea","87C5AD7C01B440A2920819FEE9B0B1E6","UNDE_032.mammalGrid.mam","D05","UNDE","UNDE_032","2015-05-18","2015-05-18",,,
"2eca733e-6476-48fd-b648-d4fd8a21375b","DE36D45B2F554CF6902D6BF802A536AF","UNDE_027.mammalGrid.mam","D05","UNDE","UNDE_027","2015-05-18","2015-05-18",,,
"b300730a-fbd1-43fa-b31d-dcab569fcb23","343847AC0E284B1292222DCCD3A67B1C","UNDE_032.mammalGrid.mam","D05","UNDE","UNDE_032","2015-05-20","2015-05-20",,,
"c45b5d7c-6c85-4b3b-92ac-ea7b8df950f3","0F27E7274CF94849A510077F4C1BE53E","UNDE_012.mammalGrid.mam","D05","UNDE","UNDE_012","2015-05-20","2015-05-20",,"no captures",
"f0ebdf8a-0f1d-4d14-b0f6-453a46b6de1d","A79B2020F335478B9EA6338693F378E7","UNDE_027.mammalGrid.mam","D05","UNDE","UNDE_027","2015-05-20","2015-05-20",,,
"a8e2aa9f-9ff8-4bd5-994f-0f377014b699","356AF80EB4B047079CAF5460C646BDA3","UNDE_012.mammalGrid.mam","D05","UNDE","UNDE_012","2015-05-20","2015-05-20",,,
"088ebf1a-4f0d-4416-ad16-c0125cc4ac9c","78FBB1BB87404EE89A9E2A61EB7C8B07","UNDE_012.mammalGrid.mam","D05","UNDE","UNDE_012","2015-05-21","2015-05-21",,,
"2f3c426b-99b0-4d4d-a436-08fb6dcdb26e","7318623CDC764D3993C4237808A55D86","UNDE_032.mammalGrid.mam","D05","UNDE","UNDE_032","2015-05-21","2015-05-21",,,
"67b19981-a908-4d79-b072-5327310e53fa","40F2558C4BD344BD904516D4AA454D17","UNDE_027.mammalGrid.mam","D05","UNDE","UNDE_027","2015-05-21","2015-05-21",,,
"14311bed-af40-4283-93dd-7ea5b3b11c0b","966EF3F03948469EB7FC51659AE5E831","UNDE_002.mammalGrid.mam","D05","UNDE","UNDE_002","2015-05-22","2015-05-22",,,
"82a8f59b-5ed5-4deb-bd09-382f7f368695","396820FB0B934BB8B7E51524499FF0F0","UNDE_001.mammalGrid.mam","D05","UNDE","UNDE_001","2015-05-22","2015-05-22",,,
"c9014243-d15d-427c-805b-57c2430f077f","7ABB83F52F334ECA9B2772CCA28C1BEE","UNDE_003.mammalGrid.mam","D05","UNDE","UNDE_003","2015-05-22","2015-05-22",,,
"80fc5075-f1f7-4c24-b2a5-2725fdf0eab5","2C33F6CE0DB345D898A13CA5D6C4CE0D","UNDE_008.mammalGrid.mam","D05","UNDE","UNDE_008","2015-05-22","2015-05-22",,,
