uid,nightuid,namedLocation,domainID,siteID,plotID,collectDate,endDate,samplingProtocolVersion,remarks,dataQF
"54eae7c4-9477-43ee-835b-2eb25ffe85f2","59411aba-0a8b-470a-ac25-e1ea6fadf3a3","OSBS_023.mammalGrid.mam","D03","OSBS","OSBS_023","2017-04-18","2017-04-18","NEON.DOC.000481vH",,
"10e50575-4068-4829-8545-9bc4f4bf27b5","2bded111-df04-4d48-8ec2-64f13281f1f0","OSBS_012.mammalGrid.mam","D03","OSBS","OSBS_012","2017-04-18","2017-04-18",,,
"3a7677dc-dec1-4d41-a136-751a3db17196","b98d40e4-30f4-43c3-aeed-241596e6ece4","OSBS_003.mammalGrid.mam","D03","OSBS","OSBS_003","2017-04-18","2017-04-18","NEON.DOC.000481vG",,
"e2067c70-eeb2-4ecc-9bf4-1dfcc14e9957","41d3a5f1-1290-4e9c-84b1-3f550475e2e3","OSBS_004.mammalGrid.mam","D03","OSBS","OSBS_004","2017-04-18","2017-04-18","NEON.DOC.000481vG",,
"db47c6cc-7d05-4e49-aaf8-847f0ae41458","fffbcf43-104b-47d1-a1b1-bb1d0933ffc9","OSBS_003.mammalGrid.mam","D03","OSBS","OSBS_003","2017-04-19","2017-04-19","NEON.DOC.000481vH",,
"0dbd72ab-40d9-40b1-b45c-e0b7cf1d72c2","017ac6a7-4e38-4544-9afd-23ba40e2e983","OSBS_004.mammalGrid.mam","D03","OSBS","OSBS_004","2017-04-19","2017-04-19","NEON.DOC.000481vH",,
"22689624-68a5-4882-8021-058ac8e8aad3","4199795c-45ef-4720-9776-a2551f60900e","OSBS_023.mammalGrid.mam","D03","OSBS","OSBS_023","2017-04-19","2017-04-19","NEON.DOC.000481vH",,
"0d287130-8e2f-4010-8602-c16342e5573d","f97e2f77-ea15-40ca-8691-a1adc72d35b7","OSBS_002.mammalGrid.mam","D03","OSBS","OSBS_002","2017-04-19","2017-04-19","NEON.DOC.000481vH",,
"2c0f3603-4c55-4770-87c7-0745d913234f","c324adc6-6224-4bf0-8024-b3bc3088b130","OSBS_004.mammalGrid.mam","D03","OSBS","OSBS_004","2017-04-20","2017-04-20",,,
"dca7a956-ba4a-452b-8a33-fbc0684b6288","f043722a-b47b-44a9-bccd-b7930c3d7431","OSBS_003.mammalGrid.mam","D03","OSBS","OSBS_003","2017-04-20","2017-04-20","NEON.DOC.000481vG",,
"07816777-ff95-4070-85c1-79532db65886","e8a1ffd0-426e-4da4-a9c0-b3b00c775f34","OSBS_023.mammalGrid.mam","D03","OSBS","OSBS_023","2017-04-20","2017-04-20",,,
"7defc0b3-b63d-4f78-8c17-c8414caeef2f","eec57bea-9de8-4247-928b-cc7ffac0da58","OSBS_004.mammalGrid.mam","D03","OSBS","OSBS_004","2017-04-20","2017-04-20",,,
"fe53ef3c-14dd-4b02-b82c-7dd23dc3592e","11fe315f-75d2-48a9-8582-690754119219","OSBS_005.mammalGrid.mam","D03","OSBS","OSBS_005","2017-04-20","2017-04-20",,,
"6da512f0-af2f-4617-89eb-eb355cf82aa0","ac806ff4-ecec-4bd2-afc3-f05b53f16a9b","OSBS_003.mammalGrid.mam","D03","OSBS","OSBS_003","2017-04-20","2017-04-20",,,
