uid,nightuid,namedLocation,domainID,siteID,plotID,collectDate,endDate,samplingProtocolVersion,remarks,dataQF
"e028a2f4-eaf7-4566-bfc6-0bc26c5fdae0","3378fabe-233a-4ad4-a629-c30e4ede3987","RMNP_014.mammalGrid.mam","D10","RMNP","RMNP_014","2017-06-21","2017-06-21","NEON.DOC.000481vJ",,
"b13731c0-ae2d-4488-9e52-26205a2b55ba","ec074eaf-a2a5-4b64-9b67-54e90b3d8158","RMNP_004.mammalGrid.mam","D10","RMNP","RMNP_004","2017-06-21","2017-06-21","NEON.DOC.000481vJ",,
"b07bf7d2-439d-41e4-a8f8-9fabd07b9bca","1b5a4c38-8566-4477-bf96-71c51b8a1ea8","RMNP_014.mammalGrid.mam","D10","RMNP","RMNP_014","2017-06-22","2017-06-22",,,
"b9074a25-501a-4bc6-84e3-78646a51cf23","6c6cf1d4-e3cd-4713-8dd6-e5f6d6833eb6","RMNP_005.mammalGrid.mam","D10","RMNP","RMNP_005","2017-06-22","2017-06-22","NEON.DOC.000481vJ",,
"1a9a94ee-727f-4fad-9fc3-9839ceb734ba","2c887b1d-aa11-40da-8fb2-4a6f1b3c6732","RMNP_004.mammalGrid.mam","D10","RMNP","RMNP_004","2017-06-22","2017-06-22",,,
"deea5f64-8060-4e66-984e-6585531dfd1c","20d88d97-2c52-48d4-8127-617134493a5b","RMNP_014.mammalGrid.mam","D10","RMNP","RMNP_014","2017-06-23","2017-06-23",,,
"d7f8e7b4-d10f-440e-9dc5-ef3063ceb531","833e8e2d-7db8-4219-bbef-b07fde8df841","RMNP_004.mammalGrid.mam","D10","RMNP","RMNP_004","2017-06-23","2017-06-23",,,
