uid,nightuid,namedLocation,domainID,siteID,plotID,collectDate,endDate,samplingProtocolVersion,remarks,dataQF
"69c4a112-e355-45d4-bbdd-a4e497c44ab6","454257A706354D81A0B1F8C04DDBFD85","BLAN_009.mammalGrid.mam","D02","BLAN","BLAN_009","2015-07-15","2015-07-15",,"Heavy rain after setting.",
"571e6f9d-3a6d-4c0f-9b2f-d07656716725","F4771E1A2A9F44FC970BB9F847792B73","BLAN_001.mammalGrid.mam","D02","BLAN","BLAN_001","2015-07-15","2015-07-15",,"Rained heavy after setting.",
"23f8cbc1-af57-488e-9312-e2ef67ce36da","F4E8C5EAEF1C44A2A42149831A35395B","BLAN_002.mammalGrid.mam","D02","BLAN","BLAN_002","2015-07-16","2015-07-16",,,
"564317f9-0763-4573-b9a2-7fa68d072dcf","FA772C8752BA4CF7B6418A1B6F0D0106","BLAN_003.mammalGrid.mam","D02","BLAN","BLAN_003","2015-07-16","2015-07-16",,,
"5dfa961b-85b3-44dd-bca3-dff6c55ff8af","8432F6C37A4B4C149367558F5FE143A5","BLAN_009.mammalGrid.mam","D02","BLAN","BLAN_009","2015-07-16","2015-07-16",,,
"f7b7aef2-d311-4266-92e5-7056e0a5cfea","20FFF986C9FF4164B76D611C24808E6D","BLAN_001.mammalGrid.mam","D02","BLAN","BLAN_001","2015-07-16","2015-07-16",,"Weather: low temp in upper 50's, clear skies.",
"815df772-8c90-4ac9-9ce4-10d18fd59d42","CA4143013FF945ADADF44941D9F14848","BLAN_003.mammalGrid.mam","D02","BLAN","BLAN_003","2015-07-17","2015-07-17",,,
"877e3fca-a58e-442b-aab4-73fe33a08528","FB5AA54F826D4EC19889A7C23DA7D46D","BLAN_009.mammalGrid.mam","D02","BLAN","BLAN_009","2015-07-17","2015-07-17",,,
"7b382c5e-da06-451d-b22d-0f42cdb79ba5","17D7193105BA47038DDB118F0228B326","BLAN_001.mammalGrid.mam","D02","BLAN","BLAN_001","2015-07-17","2015-07-17",,,
