uid,nightuid,namedLocation,domainID,siteID,plotID,collectDate,endDate,samplingProtocolVersion,remarks,dataQF
"4e5c5add-1274-49df-b00c-757710fde450","8720d015-a87f-48a3-b49d-5a8ab6fa5ecc","CLBJ_040.mammalGrid.mam","D11","CLBJ","CLBJ_040","2017-10-17","2017-10-17","NEON.DOC.000481vJ",,
"8e49c268-33a8-4a83-b317-7c14727ed255","27b30f5e-a5cc-4092-b608-8df649afa816","CLBJ_033.mammalGrid.mam","D11","CLBJ","CLBJ_033","2017-10-17","2017-10-17","NEON.DOC.000481vJ",,
"c30de35e-1547-46af-8ba2-93d8b3250f4b","31e9f520-0d19-47af-a2da-fe5fbea8c83e","CLBJ_041.mammalGrid.mam","D11","CLBJ","CLBJ_041","2017-10-17","2017-10-17","NEON.DOC.000481vJ",,
"808e3be0-cc5d-4a18-a99a-41d75120aeeb","b587cef3-da4f-4946-8db0-d1ccce5df3e4","CLBJ_057.mammalGrid.mam","D11","CLBJ","CLBJ_057","2017-10-17","2017-10-17","NEON.DOC.000481vJ",,
"5e7eaa02-c928-4658-953e-8c710947b1ca","f7ef0c92-2180-4a4b-bafa-c6cffbd5e335","CLBJ_042.mammalGrid.mam","D11","CLBJ","CLBJ_042","2017-10-18","2017-10-18","NEON.DOC.000481vJ",,
"b9fcc569-9381-4de5-81ba-c59b53925353","4170f9a6-04ef-4153-b4e6-3305665ef362","CLBJ_041.mammalGrid.mam","D11","CLBJ","CLBJ_041","2017-10-18","2017-10-18","NEON.DOC.000481vJ",,
"c7bf039c-24f6-4188-8960-808e27194e55","5ab25480-2acc-414f-8ad5-b700ef5f83a8","CLBJ_033.mammalGrid.mam","D11","CLBJ","CLBJ_033","2017-10-18","2017-10-18","NEON.DOC.000481vJ",,
"4bc15c0f-36db-43f2-86ea-7414aa5d54bd","4c60fb16-2b96-4f1f-b0b3-f7649af5b5fc","CLBJ_041.mammalGrid.mam","D11","CLBJ","CLBJ_041","2017-10-19","2017-10-19","NEON.DOC.000481vJ",,
"6b943f17-c0a3-4243-ab01-b06f0abe130a","dbd50fff-6505-49eb-b12a-c23b3b086791","CLBJ_042.mammalGrid.mam","D11","CLBJ","CLBJ_042","2017-10-19","2017-10-19","NEON.DOC.000481vJ",,
"987e1256-be3e-4500-a807-3191f6b1599a","034c2f41-4973-4c34-a249-403702964751","CLBJ_033.mammalGrid.mam","D11","CLBJ","CLBJ_033","2017-10-19","2017-10-19","NEON.DOC.000481vJ",,
"99a3ef17-e9e7-4942-8062-e4b8f7044538","8f674853-5431-454e-9408-2f3eae78ad5c","CLBJ_039.mammalGrid.mam","D11","CLBJ","CLBJ_039","2017-10-20","2017-10-20","NEON.DOC.000481vJ",,
"cf351372-0085-468a-8fff-2e93c75bf5d0","fd9995a5-600c-473e-8c5c-c9b4bf67c9ce","CLBJ_037.mammalGrid.mam","D11","CLBJ","CLBJ_037","2017-10-20","2017-10-20","NEON.DOC.000481vJ",,
"abee24aa-6435-44c7-8727-79bf621f19b3","d09249ca-d2e9-4801-81d1-dee364104bf5","CLBJ_034.mammalGrid.mam","D11","CLBJ","CLBJ_034","2017-10-20","2017-10-20","NEON.DOC.000481vJ",,
"e5a68a44-ef2e-42ec-8ab6-561cbaf43f80","89999701-363e-4055-af36-77af365e961c","CLBJ_042.mammalGrid.mam","D11","CLBJ","CLBJ_042","2017-10-20","2017-10-20","NEON.DOC.000481vJ",,
