uid,nightuid,namedLocation,domainID,siteID,plotID,collectDate,endDate,samplingProtocolVersion,remarks,dataQF
"214d0dda-1272-4fd5-8334-b5eaf4f8859e","50c85874-85a8-4b22-9c94-7442c6fb4bc3","JERC_003.mammalGrid.mam","D03","JERC","JERC_003","2017-08-22","2017-08-22","NEON.DOC.000481vJ","Animals released without fully processing due to protocol changes.",
"c272a2d0-e597-477f-9ff3-9759f8bfda8b","a76101e6-0394-4d37-9f95-ba8e87cc07e1","JERC_019.mammalGrid.mam","D03","JERC","JERC_019","2017-08-22","2017-08-22","NEON.DOC.000481vJ","Animals released without fully processing due to protocol changes.",
"c567544c-7d56-4d17-bf5d-2e22f5d3d6a8","62c0765d-12e5-4077-98e4-fc90ca4299c6","JERC_009.mammalGrid.mam","D03","JERC","JERC_009","2017-08-22","2017-08-22","NEON.DOC.000481vJ","Released without fully processing due to protocol changes.",
"91ab2b47-4e57-41e6-919e-4b8df8a4f4ed","e0407403-dda2-42df-82e4-ff150563c194","JERC_005.mammalGrid.mam","D03","JERC","JERC_005","2017-08-22","2017-08-22","NEON.DOC.000481vJ","Released without fully processed due to changes in the protocol",
"491d0687-9092-449c-9c48-9bfb68d3d009","60294231-019d-48f7-a1f2-38aa49d4936f","JERC_005.mammalGrid.mam","D03","JERC","JERC_005","2017-08-23","2017-08-23",,"Animals released without fully processing due to protocol changes.",
"a3297a64-9c26-44cf-b5bd-65f7b3a0b9c5","6f04c752-baa4-4df1-8827-0f131649ae9b","JERC_002.mammalGrid.mam","D03","JERC","JERC_002","2017-08-23","2017-08-23",,"Animals released without fully processing due to protocol changes.",
"38fbe308-2cb6-4534-8c22-6e4aa7fbf21b","a77e1dc3-b81a-4262-845e-73564ad49cd8","JERC_009.mammalGrid.mam","D03","JERC","JERC_009","2017-08-23","2017-08-23",,"Released without fully processing due to protocol changes.",
"72983ed0-bf43-46d2-868e-b4864d79c011","dddfc57a-92f6-40b6-9a40-ca291fb1a323","JERC_003.mammalGrid.mam","D03","JERC","JERC_003","2017-08-23","2017-08-23",,"Animals released without fully processing due to protocol changes.",
"93c60120-df6d-47ea-a7af-f1eed0f3b52d","8dc96ade-344a-490b-b452-e3c9ea74d207","JERC_006.mammalGrid.mam","D03","JERC","JERC_006","2017-08-24","2017-08-24",,"Animals released without fully processing due to protocol changes.",
"cf87bcc8-52bf-4d15-be21-43576a30dc42","d3d4566f-fd14-4af0-8a4f-5d3e98466f47","JERC_005.mammalGrid.mam","D03","JERC","JERC_005","2017-08-24","2017-08-24",,"Animals released without fully processing due to protocol changes.",
"58fb7fd6-53e6-44d2-a93b-bb37ed1f5ab7","6f48d4f9-f3c0-4d38-bb6d-2ab2b7dd538b","JERC_003.mammalGrid.mam","D03","JERC","JERC_003","2017-08-24","2017-08-24",,"Animals released without fully processing due to protocol changes.",
"bd16a889-90e9-4fc5-8c55-16d2b80c7e7e","1fc1667a-9bc5-42ec-97c5-134660c8bb3f","JERC_009.mammalGrid.mam","D03","JERC","JERC_009","2017-08-24","2017-08-24",,"Released without fully processing due to protocol changes.",
