uid,nightuid,namedLocation,domainID,siteID,plotID,collectDate,endDate,samplingProtocolVersion,remarks,dataQF
"af7fa6c6-ded9-49a8-be4f-dbb98aacdbb9","144c99b0-d535-4451-b14d-46fbe2782835","ONAQ_003.mammalGrid.mam","D15","ONAQ","ONAQ_003","2017-08-01","2017-08-01","NEON.DOC.000481vJ",,
"47b8b9ae-965b-41b7-9e4c-26c08519212a","36256a57-5e2f-46a3-b63c-5f3f6ae78023","ONAQ_003.mammalGrid.mam","D15","ONAQ","ONAQ_003","2017-08-25","2017-08-25","NEON.DOC.000481vJ",,
"ad8ea239-df1d-40df-ae6c-30fe9bafc980","7747c533-51c5-41dd-a1ea-3cf353c7c37f","ONAQ_005.mammalGrid.mam","D15","ONAQ","ONAQ_005","2017-08-25","2017-08-25","NEON.DOC.000481vJ",,
"cbf5ef8b-25f9-4e6d-a461-24829d5d7191","f503514b-dcf4-4c0d-95c7-f81fac709965","ONAQ_020.mammalGrid.mam","D15","ONAQ","ONAQ_020","2017-08-25","2017-08-25","NEON.DOC.000481vJ",,
"ec6da5a3-1c26-4bd3-b2c4-3d001c19009b","0a11a326-a0c5-4dab-9d17-2f3750767caf","ONAQ_020.mammalGrid.mam","D15","ONAQ","ONAQ_020","2017-08-26","2017-08-26","NEON.DOC.000481vJ",,
"b440bd97-6271-4c5f-9f26-7bbba1ed08a8","5e01223c-eb1f-426c-a659-bc52e130ad54","ONAQ_003.mammalGrid.mam","D15","ONAQ","ONAQ_003","2017-08-26","2017-08-26","NEON.DOC.000481vJ",,
"c67dab1b-6f1d-498c-8de7-e943bac2e354","9867f924-5f35-4580-a75a-226789cb22ff","ONAQ_005.mammalGrid.mam","D15","ONAQ","ONAQ_005","2017-08-26","2017-08-26","NEON.DOC.000481vJ",,
"4d0d8a61-91d4-4e93-a22a-671954a2ae4f","2b58ffa2-fdd8-42a1-967a-7fea5860aa69","ONAQ_005.mammalGrid.mam","D15","ONAQ","ONAQ_005","2017-08-27","2017-08-27","NEON.DOC.000481vJ",,
"a80c7b81-3dee-4108-8bc7-840c087e9edd","a73d2d26-be97-437e-a689-e77de7bb1dd7","ONAQ_003.mammalGrid.mam","D15","ONAQ","ONAQ_003","2017-08-27","2017-08-27","NEON.DOC.000481vJ","The original data for this plot was lost after being entered into fulcrum via the tablet. The data recorded here was taken from a handwritten list of captures taken during the initial data collection process. Trap coordinates were not recorded. Therefore all trap coordinates as well as sex life stage and tick status are unknown.",
"0e17c176-3a70-4fce-b741-27b92275c614","ad464676-90d6-4d03-b8ee-4f3058d8d26f","ONAQ_020.mammalGrid.mam","D15","ONAQ","ONAQ_020","2017-08-27","2017-08-27","NEON.DOC.000481vJ",,
"863d8004-a891-4f82-89c7-57e1fdfbff4a","27b53ade-1172-4b01-9364-ca11194751fa","ONAQ_023.mammalGrid.mam","D15","ONAQ","ONAQ_023","2017-08-28","2017-08-28","NEON.DOC.000481vJ",,
"c7571741-6f65-46d8-8d20-6c8f286fecfb","4da4a3bb-6911-41d5-97ed-4f60b0e7c882","ONAQ_004.mammalGrid.mam","D15","ONAQ","ONAQ_004","2017-08-28","2017-08-28","NEON.DOC.000481vJ",,
"972931ab-d548-4773-b41a-1c6bc577a46e","02f88496-a76c-4d07-ad73-abcd0a409134","ONAQ_019.mammalGrid.mam","D15","ONAQ","ONAQ_019","2017-08-28","2017-08-28","NEON.DOC.000481vJ",,
