uid,nightuid,namedLocation,domainID,siteID,plotID,collectDate,endDate,samplingProtocolVersion,remarks,dataQF
"506986bc-8c3d-4fac-9ee3-4efb3aa3db90","cc91cf7d-1421-470e-a1f6-e73b2540a9bb","SRER_007.mammalGrid.mam","D14","SRER","SRER_007","2018-07-15","2018-07-15","NEON.DOC.000481vK","Released all animals due to lightening danger.",
"26669df3-670d-478a-9776-f356de527c94","5bdff22c-8522-4333-9ec5-5e3b63dbebf5","SRER_014.mammalGrid.mam","D14","SRER","SRER_014","2018-07-15","2018-07-15","NEON.DOC.000481vK","All animals released very quickly due to thunderstorm and there were 20 total captures",
"3074195e-8151-42e4-99c7-73860ec5c4b8","27c8d079-d064-4547-9824-ce8d5fac686a","SRER_014.mammalGrid.mam","D14","SRER","SRER_014","2018-07-16","2018-07-16","NEON.DOC.000481vK",,
"81f9027b-6a47-4900-bf70-27b3551252d2","a6612f06-da5a-4c90-a07a-898d117af71b","SRER_007.mammalGrid.mam","D14","SRER","SRER_007","2018-07-16","2018-07-16","NEON.DOC.000481vK",,
"a0dd8270-ae9a-4f5d-9db2-c48fee05a302","bdd71df4-d94e-4c15-872f-3f516406af34","SRER_008.mammalGrid.mam","D14","SRER","SRER_008","2018-07-17","2018-07-17","NEON.DOC.000481vK",,
"3c3ba0d5-aebe-4aa5-99b7-6157e9e3c537","ba0ac175-17d5-4d1d-834a-4e5585411e82","SRER_007.mammalGrid.mam","D14","SRER","SRER_007","2018-07-17","2018-07-17","NEON.DOC.000481vK",,
"c2b66bf9-99d9-459a-8cd2-b66b99bf0a58","014783f4-0f99-40ac-b2c6-bbd36b483642","SRER_009.mammalGrid.mam","D14","SRER","SRER_009","2018-07-17","2018-07-17","NEON.DOC.000481vK",,
"dca8e6de-b49a-4fc6-8323-c76b660b5482","9233f3a2-3a5d-4376-bb07-8f7d9e6ef91e","SRER_005.mammalGrid.mam","D14","SRER","SRER_005","2018-07-18","2018-07-18","NEON.DOC.000481vK",,
"ef4d56d1-4d80-4c7f-93bf-61133fc33c87","3ce00ded-ba64-4273-b61f-f5a010b8dc27","SRER_012.mammalGrid.mam","D14","SRER","SRER_012","2018-07-18","2018-07-18","NEON.DOC.000481vK","Many traps with ants",
"99862052-1aed-4cac-96d1-c6690f85f005","05c0f495-f5aa-4c61-a0c4-927598e250d2","SRER_005.mammalGrid.mam","D14","SRER","SRER_005","2018-07-19","2018-07-19","NEON.DOC.000481vK",,
"0be08ff6-565c-492c-8c8c-71755f68f38b","8396773c-5e56-4b19-a564-10ab05563e4a","SRER_012.mammalGrid.mam","D14","SRER","SRER_012","2018-07-19","2018-07-19","NEON.DOC.000481vK",,
"18d4b408-99fd-4154-94a0-5009244998b8","215a71c3-4620-4246-9dc7-ab1687a53db2","SRER_007.mammalGrid.mam","D14","SRER","SRER_007","2018-07-20","2018-07-20","NEON.DOC.000481vK",,
"f736a7cf-4ba1-4959-8ae3-1f21874debf9","b7f45ed4-9f90-4531-82aa-737401eabc4b","SRER_005.mammalGrid.mam","D14","SRER","SRER_005","2018-07-20","2018-07-20","NEON.DOC.000481vK",,
"94015a0c-897b-4cc7-8176-cec78c040bb6","ef44d95b-1130-466d-8042-3be42aa1f29d","SRER_012.mammalGrid.mam","D14","SRER","SRER_012","2018-07-20","2018-07-20","NEON.DOC.000481vK",,
"c6e1bf10-6c04-4c17-957a-c58badf016b9","e48afbe5-c8c2-46d4-b22d-8f359e4a1bcd","SRER_009.mammalGrid.mam","D14","SRER","SRER_009","2018-07-21","2018-07-21","NEON.DOC.000481vK",,
