uid,nightuid,namedLocation,domainID,siteID,plotID,collectDate,endDate,samplingProtocolVersion,remarks,dataQF
"d31950ea-b4e2-4b8b-a15d-b06a1f5d2a50","a99ac915-08c4-4a91-982c-0eee89606891","SRER_014.mammalGrid.mam","D14","SRER","SRER_014","2018-06-17","2018-06-17","NEON.DOC.000481vK",,
"08a2860d-36e5-44a9-9902-6c891ed17cea","f1cbb178-1b09-4aa5-979f-081478e50afc","SRER_007.mammalGrid.mam","D14","SRER","SRER_007","2018-06-17","2018-06-17","NEON.DOC.000481vK",,
"5c6f290b-7b99-4522-9566-c506b6c968d9","0d3fd11e-7580-4a8e-abb8-a711155e112c","SRER_008.mammalGrid.mam","D14","SRER","SRER_008","2018-06-18","2018-06-18","NEON.DOC.000481vK",,
"174786af-6210-41d0-8e8b-b87761540935","3fb55cf5-166c-4efb-b2cb-0c7127f3e55c","SRER_007.mammalGrid.mam","D14","SRER","SRER_007","2018-06-18","2018-06-18","NEON.DOC.000481vK",,
"f9999dab-a792-4378-9858-91de4e3e8c51","967f2890-6da7-46ff-9b63-70c23133e6fb","SRER_007.mammalGrid.mam","D14","SRER","SRER_007","2018-06-19","2018-06-19","NEON.DOC.000481vK",,
"ad03c197-259f-4351-aaf1-846e09b07ee4","26574930-6512-4e3d-a67c-ea0f52900618","SRER_009.mammalGrid.mam","D14","SRER","SRER_009","2018-06-19","2018-06-19","NEON.DOC.000481vK",,
"1c47d7fb-ff2e-49e4-8a43-4f01b25d4654","8ed471a8-9897-4750-a30b-7ab379c4a3f3","SRER_009.mammalGrid.mam","D14","SRER","SRER_009","2018-06-19","2018-06-19","NEON.DOC.000481vK",,
"0bf8cb51-1f31-4e9d-b5e5-7095bdc72411","4e68d829-db15-4384-9475-899ae9856500","SRER_007.mammalGrid.mam","D14","SRER","SRER_007","2018-06-19","2018-06-19","NEON.DOC.000481vK",,
"62713d0d-3904-4228-845e-841ffcfc5c44","0ed7eeb9-eb3a-4f6b-a860-98f5c3d6492d","SRER_012.mammalGrid.mam","D14","SRER","SRER_012","2018-06-20","2018-06-20","NEON.DOC.000481vK",,
"a3a17a1d-1b6c-47b9-8266-45adffdefba2","2685a4c0-223a-4f50-9128-581687c9d9b4","SRER_005.mammalGrid.mam","D14","SRER","SRER_005","2018-06-20","2018-06-20","NEON.DOC.000481vK","Alot of traps with little to no seed from ants taking seed",
"b0867f51-c259-43c1-94d8-f94e8625f66b","16ae0bfa-8e47-4c9e-a6a0-fb8d4553e2f9","SRER_012.mammalGrid.mam","D14","SRER","SRER_012","2018-06-21","2018-06-21","NEON.DOC.000481vK","Over 33% of traps disturbed by ants with bait reduced or gone",
"5f50a490-9849-4838-896d-efe83cd47d09","fa8a7507-49cf-4af5-bc84-652ec0e45738","SRER_005.mammalGrid.mam","D14","SRER","SRER_005","2018-06-21","2018-06-21","NEON.DOC.000481vK","Couple traps with min to no seed because of ant disturbance",
"81429a19-8097-476a-b3da-92787267de6d","dffaa347-a157-4909-acb3-8b64af1a17f2","SRER_005.mammalGrid.mam","D14","SRER","SRER_005","2018-06-22","2018-06-22","NEON.DOC.000481vK",,
"79b70e07-adf2-4238-829b-122cb261b14f","5aee812d-9734-4820-9868-23919321de97","SRER_012.mammalGrid.mam","D14","SRER","SRER_012","2018-06-22","2018-06-22","NEON.DOC.000481vK",,
