uid,nightuid,namedLocation,domainID,siteID,plotID,collectDate,endDate,samplingProtocolVersion,remarks,dataQF
"b741e379-16e2-4044-966b-e48db54d1ada","C6991EBE7AF7447E9AA7782B40F6CD4A","DELA_007.mammalGrid.mam","D08","DELA","DELA_007","2016-06-29","2016-06-29","NEON.DOC.000481vH",,
"b6e77506-dd58-4cf2-8a77-80db61be7ad8","F5A671AEDD5D43EBBDB0D95493B62D33","DELA_002.mammalGrid.mam","D08","DELA","DELA_002","2016-06-29","2016-06-29","NEON.DOC.000481vH",,
"bee04eec-998f-4a40-bd7f-701034b38d82","0D52B38BFE7C423EBDFC3049B734B4C6","DELA_001.mammalGrid.mam","D08","DELA","DELA_001","2016-06-29","2016-06-29","NEON.DOC.000481vH",,
"8a11f439-789c-466a-92b3-1788e8f686bf","55D1490254DA4431B57E1498B2B6DA42","DELA_007.mammalGrid.mam","D08","DELA","DELA_007","2016-06-30","2016-06-30","NEON.DOC.000481vH",,
"853e78a6-851c-4cc5-a5d0-a85bce49db8e","439A66D1D11F409C8EAC7E20C00868E4","DELA_002.mammalGrid.mam","D08","DELA","DELA_002","2016-06-30","2016-06-30","NEON.DOC.000481vH",,
"2b270cd0-fd02-497d-a527-213b92a9083c","7BD3D306F4B84650B3110F3C441FFE9D","DELA_001.mammalGrid.mam","D08","DELA","DELA_001","2016-06-30","2016-06-30","NEON.DOC.000481vH",,
