uid,nightuid,namedLocation,domainID,siteID,plotID,collectDate,endDate,samplingProtocolVersion,remarks,dataQF
"22ca1852-4410-49f0-aa02-31226f666603","50b74092-1ecb-4091-9c5b-8224a7669cee","TOOL_077.mammalGrid.mam","D18","TOOL","TOOL_077","2017-08-16","2017-08-16","NEON.DOC.000481vG",,
"e40aceaf-c5f5-4de9-948d-b1c894a22614","75cef0f7-d1d9-4de9-9be5-d750bffb3732","TOOL_076.mammalGrid.mam","D18","TOOL","TOOL_076","2017-08-16","2017-08-16","NEON.DOC.000481vJ",,
"9a4a73e3-3122-4fea-a813-30bad305ea85","fc9c6d81-4610-48f8-9cdb-758f2f4ab27c","TOOL_007.mammalGrid.mam","D18","TOOL","TOOL_007","2017-08-16","2017-08-16","NEON.DOC.000481vG",,
"772f3946-105f-49ac-9fb9-c0a9dfd81d16","986fdb04-cde4-46a5-b6ba-5808a042244d","TOOL_078.mammalGrid.mam","D18","TOOL","TOOL_078","2017-08-16","2017-08-16","NEON.DOC.000481vJ",,
"54661176-1f44-40bc-8fde-37f9cdc42574","a476bd9e-5ea2-443b-a619-ad4aed783faf","TOOL_002.mammalGrid.mam","D18","TOOL","TOOL_002","2017-08-16","2017-08-16","NEON.DOC.000481vG",,
"c2b144d2-8e0f-4c7d-be3c-e88a6d9d1512","1e1b0ada-88e7-46ce-8de0-a751fe3976ed","TOOL_073.mammalGrid.mam","D18","TOOL","TOOL_073","2017-08-16","2017-08-16","NEON.DOC.000481vJ",,
"fcedc988-88a0-4774-a1c5-740a073e6281","b4718cf6-6c42-4fe4-ac86-11394fabe4ce","TOOL_073.mammalGrid.mam","D18","TOOL","TOOL_073","2017-08-17","2017-08-17","NEON.DOC.000481vG",,
"25f3481e-e527-4474-9761-978647ef4820","d9d16426-3eaf-44f2-97b4-ff5ed1ef5cd9","TOOL_076.mammalGrid.mam","D18","TOOL","TOOL_076","2017-08-17","2017-08-17","NEON.DOC.000481vG",,
"febc68f6-a600-4f12-bc95-f4847b8b381f","8342f815-9735-4984-9980-79934008b01d","TOOL_071.mammalGrid.mam","D18","TOOL","TOOL_071","2017-08-17","2017-08-17","NEON.DOC.000481vG",,
"2ea4a604-33a0-40c7-bb33-ba326d4f6a25","e99a8d4d-b122-4b66-bac1-93f159bff024","TOOL_078.mammalGrid.mam","D18","TOOL","TOOL_078","2017-08-17","2017-08-17","NEON.DOC.000481vG",,
"f07f94ef-d8a6-4432-9cf3-5bd25916e405","838ce6cb-1609-4b8c-82f1-c76c9173b7ea","TOOL_031.mammalGrid.mam","D18","TOOL","TOOL_031","2017-08-17","2017-08-17","NEON.DOC.000481vG",,
"63dae04b-8eb2-4c70-a0f6-3344b92fad95","db0880a6-c1a7-4007-a127-28e1000d4570","TOOL_076.mammalGrid.mam","D18","TOOL","TOOL_076","2017-08-18","2017-08-18","NEON.DOC.000481vG",,
"8ca53956-2d74-4f34-b444-a912645a29ec","e1ce577d-8e86-4270-ad46-a110f0313303","TOOL_073.mammalGrid.mam","D18","TOOL","TOOL_073","2017-08-18","2017-08-18","NEON.DOC.000481vG","Plot very wet",
"b3fad7b4-2d1d-468c-82ae-bb99e92dde70","f1af8b12-92ee-46af-8513-5ea1ee51922f","TOOL_078.mammalGrid.mam","D18","TOOL","TOOL_078","2017-08-18","2017-08-18","NEON.DOC.000481vG",,
