uid,nightuid,namedLocation,domainID,siteID,plotID,collectDate,endDate,samplingProtocolVersion,remarks,dataQF
"80bf1df3-519c-4295-9d5d-c43b7ef2f25a","34ea7a94-694f-4a49-8741-06bccf576e8a","KONZ_002.mammalGrid.mam","D06","KONZ","KONZ_002","2018-08-06","2018-08-06","NEON.DOC.000481vK",,
"c7fa80ce-e558-4a52-9da4-792b4ad2cdaa","bafa5280-349b-4ae0-8f20-f1205c2509c0","KONZ_003.mammalGrid.mam","D06","KONZ","KONZ_003","2018-08-06","2018-08-06","NEON.DOC.000481vK",,
"8815d853-b95e-4b25-907b-7f1ae1293277","b19f6f83-f7c7-465f-995c-7a957b02a291","KONZ_005.mammalGrid.mam","D06","KONZ","KONZ_005","2018-08-06","2018-08-06","NEON.DOC.000481vK",,
"617c5d82-c2dd-41c1-8afc-158650ca1acb","0fca2ac4-b052-4717-9f91-8e42bdeb5e25","KONZ_006.mammalGrid.mam","D06","KONZ","KONZ_006","2018-08-08","2018-08-08","NEON.DOC.000481vK",,
"9a3f96c8-7b48-4a4a-8891-9fede0225a84","0882c1da-7a09-4d47-9f60-ebf81b89ed12","KONZ_027.mammalGrid.mam","D06","KONZ","KONZ_027","2018-08-08","2018-08-08","NEON.DOC.000481vK",,
"26368bed-a6dc-411d-9f59-cb2001383924","ba28fc0a-982d-4964-9c4f-4dd1a929996f","KONZ_001.mammalGrid.mam","D06","KONZ","KONZ_001","2018-08-08","2018-08-08","NEON.DOC.000481vK",,
"aeb2a70c-6e3a-4496-8c9f-834b4e101d30","9f11bf0c-fda5-4e26-963e-2790d981489d","KONZ_001.mammalGrid.mam","D06","KONZ","KONZ_001","2018-08-09","2018-08-09","NEON.DOC.000481vK",,
"54078d1c-8d7e-4fb8-ae38-a9d5d8bf5421","263337f0-f179-46e9-9239-85dc1983378d","KONZ_027.mammalGrid.mam","D06","KONZ","KONZ_027","2018-08-09","2018-08-09","NEON.DOC.000481vK",,
"84d013ef-7833-4883-9ddb-7498ba66506a","6095d883-be01-41a0-94fc-2b01d3b9ef4a","KONZ_006.mammalGrid.mam","D06","KONZ","KONZ_006","2018-08-09","2018-08-09","NEON.DOC.000481vK",,
"5473c6ef-68f9-4f87-bd57-e62fb0379581","9f5a9d44-9aa8-4ceb-a0a6-7571581ffc98","KONZ_006.mammalGrid.mam","D06","KONZ","KONZ_006","2018-08-10","2018-08-10","NEON.DOC.000481vK",,
"0d1d8e12-1cab-400b-bd72-84ac9f939055","762dc0c3-1971-4a5c-bab2-9d29c3c887ee","KONZ_001.mammalGrid.mam","D06","KONZ","KONZ_001","2018-08-10","2018-08-10","NEON.DOC.000481vK",,
"bf84101e-6bbc-438a-a640-74135e0945b1","f76e2376-f071-4fd8-b774-9289fd36dca9","KONZ_027.mammalGrid.mam","D06","KONZ","KONZ_027","2018-08-10","2018-08-10","NEON.DOC.000481vK",,
