uid,nightuid,namedLocation,domainID,siteID,plotID,collectDate,endDate,samplingProtocolVersion,remarks,dataQF
"4fc67650-9bfa-4581-8106-258e4a4fc627","a014dff7-1c21-49a7-9cb7-de68962f6e27","OAES_001.mammalGrid.mam","D11","OAES","OAES_001","2018-09-06","2018-09-06","NEON.DOC.000481vK",,
"e037a99e-af33-4763-a68b-57610fdb504b","53ae365f-2d0d-45f6-844c-c129bc46dc4f","OAES_029.mammalGrid.mam","D11","OAES","OAES_029","2018-09-06","2018-09-06","NEON.DOC.000481vK",,
"73a7946f-bac6-4f61-bae0-120c09ade509","05996d91-ad47-4a56-a982-b6520f4b9b4b","OAES_007.mammalGrid.mam","D11","OAES","OAES_007","2018-09-06","2018-09-06","NEON.DOC.000481vK",,
"d885c318-f7f3-4404-be50-d69187aa0e73","f1d7129f-6fa9-4799-95e9-04e11db4f3a6","OAES_002.mammalGrid.mam","D11","OAES","OAES_002","2018-09-06","2018-09-06","NEON.DOC.000481vK",,
"67d9d6bf-3404-4aca-bf37-0128345aff97","3129bb7a-db1f-434a-88b3-dcddabf6a4a3","OAES_003.mammalGrid.mam","D11","OAES","OAES_003","2018-09-07","2018-09-07","NEON.DOC.000481vK",,
"c959b7a1-d001-43f9-a0ff-cac653f23a9b","54f1f830-4d57-4bb0-96c2-caeb13b9cdda","OAES_002.mammalGrid.mam","D11","OAES","OAES_002","2018-09-07","2018-09-07","NEON.DOC.000481vK",,
"e81fcd62-821d-420f-b0ad-317ef5ca6f59","714645d3-d8f7-4b1d-a662-7f95e462f56b","OAES_004.mammalGrid.mam","D11","OAES","OAES_004","2018-09-07","2018-09-07","NEON.DOC.000481vK",,
"562ab08d-21b3-4b40-bc5a-4e57045f9240","84efae61-d7fe-4231-a4a9-55bf54eca379","OAES_007.mammalGrid.mam","D11","OAES","OAES_007","2018-09-07","2018-09-07","NEON.DOC.000481vK",,
"1a5434b6-4666-40e8-b302-c87aafaaebf3","e3b88da2-d624-4225-a886-42dc7ab86964","OAES_001.mammalGrid.mam","D11","OAES","OAES_001","2018-09-07","2018-09-07","NEON.DOC.000481vK",,
