uid,nightuid,namedLocation,domainID,siteID,plotID,collectDate,endDate,samplingProtocolVersion,remarks,dataQF
"d1db8e1f-be90-4e0e-a080-0370ed1bce81","d6ec9e8b-c343-486f-920d-14809f76bc0d","MOAB_003.mammalGrid.mam","D13","MOAB","MOAB_003","2017-05-19","2017-05-19","NEON.DOC.000481vJ",,
"e93d9e1e-8cad-4084-a99d-4c0899e0414f","188d1764-d39f-4374-a010-b2491cdea39d","MOAB_003.mammalGrid.mam","D13","MOAB","MOAB_003","2017-05-20","2017-05-20","NEON.DOC.000481vJ",,
"662633ab-c91a-4cd5-85c3-0694f95a3251","ca1eac45-395c-4e45-9010-60a749d0dc02","MOAB_003.mammalGrid.mam","D13","MOAB","MOAB_003","2017-05-21","2017-05-21","NEON.DOC.000481vJ",,
"7a857aa0-e3cb-47d5-9daf-e33be54df2ac","90092d82-8720-45e0-8995-5d5cb51ac5e6","MOAB_025.mammalGrid.mam","D13","MOAB","MOAB_025","2017-05-22","2017-05-22","NEON.DOC.000481vJ",,
"ae65bb84-0483-42b5-9e41-491b5c135789","bc31386a-081c-4248-b896-67721c65c019","MOAB_006.mammalGrid.mam","D13","MOAB","MOAB_006","2017-05-22","2017-05-22","NEON.DOC.000481vJ",,
"a885f4b4-1328-4af7-be7f-0f6a5f6a6f4f","e0a65915-7ad5-4eb0-b223-f46a72499297","MOAB_009.mammalGrid.mam","D13","MOAB","MOAB_009","2017-05-22","2017-05-22","NEON.DOC.000481vJ",,
"e9638397-6157-492b-aeae-18bd0421e261","1571f03c-6262-47fa-b50d-a804bfbccad2","MOAB_002.mammalGrid.mam","D13","MOAB","MOAB_002","2017-05-23","2017-05-23","NEON.DOC.000481vJ",,
"9fdd3ab0-193d-4537-8bbe-20e3a55d067d","04b7a175-f838-4f0b-9c13-9f5e14365831","MOAB_006.mammalGrid.mam","D13","MOAB","MOAB_006","2017-05-23","2017-05-23","NEON.DOC.000481vJ",,
"6e419f8d-0743-40f6-983b-86177b2f50a2","6e65a169-a245-4c2e-861f-12f635d35a51","MOAB_025.mammalGrid.mam","D13","MOAB","MOAB_025","2017-05-23","2017-05-23","NEON.DOC.000481vJ",,
"2eef3004-09b3-4eef-aef1-e246101918c0","9db4f8dc-538d-4bbb-b3e3-08e38d0966c5","MOAB_006.mammalGrid.mam","D13","MOAB","MOAB_006","2017-05-24","2017-05-24","NEON.DOC.000481vJ",,
"96cc9404-6eea-4d18-91a9-9c03357ca673","629bcc4b-cd7d-4e6c-9866-b4259acab199","MOAB_004.mammalGrid.mam","D13","MOAB","MOAB_004","2017-05-24","2017-05-24","NEON.DOC.000481vJ",,
"b15fa8a8-073f-4544-bd19-f64aae499bc1","02f4b059-6c6c-4168-b9fe-06c0e7b6a3e3","MOAB_025.mammalGrid.mam","D13","MOAB","MOAB_025","2017-05-24","2017-05-24","NEON.DOC.000481vJ",,
