uid,nightuid,namedLocation,domainID,siteID,plotID,collectDate,endDate,samplingProtocolVersion,remarks,dataQF
"7839ef27-158c-4a7a-b3a6-d478e61ace7e","56E556EBA8254CAFBCCFA2ACBC8395F3","DELA_002.mammalGrid.mam","D08","DELA","DELA_002","2016-10-05","2016-10-05","NEON.DOC.000481vH",,
"f804aee0-1203-49e7-9c48-75ebfcf29dc8","5B5D4BAE721C4478827578CCB1891D23","DELA_001.mammalGrid.mam","D08","DELA","DELA_001","2016-10-05","2016-10-05","NEON.DOC.000481vH",,
"f6376314-100a-4b21-a279-2629f705618e","37ED588763CB4E8C9F25EF2092ECC403","DELA_007.mammalGrid.mam","D08","DELA","DELA_007","2016-10-05","2016-10-05","NEON.DOC.000481vH",,
"91977c35-526b-485c-ac4f-9f7aec3ac2c3","BA914C45CC2D47B9BB501F373CFD1E2D","DELA_001.mammalGrid.mam","D08","DELA","DELA_001","2016-10-06","2016-10-06","NEON.DOC.000481vH",,
"fbc27d3d-c333-4398-aab3-36ab82b83c06","5E3F3B94581044DDB9B7E5C8962374D7","DELA_002.mammalGrid.mam","D08","DELA","DELA_002","2016-10-06","2016-10-06","NEON.DOC.000481vH",,
"8830e814-8d22-45c1-8d9b-6f6b3f8ee869","7D11EB8353A54FFA821DAF5ED1D46354","DELA_007.mammalGrid.mam","D08","DELA","DELA_007","2016-10-06","2016-10-06","NEON.DOC.000481vH",,
"1c22616c-3d4d-4507-8e7c-a604f95b491e","53723E5282D84293866DFE92234FC703","DELA_002.mammalGrid.mam","D08","DELA","DELA_002","2016-10-07","2016-10-07","NEON.DOC.000481vH",,
"692a22d5-15ea-4ea8-80cd-2d6037ddddaa","700A6BCC25AB49779167A92CCAC4069F","DELA_001.mammalGrid.mam","D08","DELA","DELA_001","2016-10-07","2016-10-07","NEON.DOC.000481vH",,
"98f0f5e0-91f8-4932-b6e2-d7b444b26ddc","E194BABF1CFB4A6EA4022558CB586B26","DELA_007.mammalGrid.mam","D08","DELA","DELA_007","2016-10-07","2016-10-07","NEON.DOC.000481vH",,
