uid,nightuid,namedLocation,domainID,siteID,plotID,collectDate,endDate,samplingProtocolVersion,remarks,dataQF
"6a97e54a-aeb9-4857-98f0-39834400ffc7","4a7c3bc3-20ee-4fa3-a919-a6961a99425e","SJER_032.mammalGrid.mam","D17","SJER","SJER_032","2019-04-02","2019-04-02","NEON.DOC.000481vK",,
"7f0becee-56b6-49c0-98d4-afcf52bcca24","86c7c3be-4360-4cd0-ac48-22dd44caad2f","SJER_009.mammalGrid.mam","D17","SJER","SJER_009","2019-04-02","2019-04-02","NEON.DOC.000481vK",,
"1491a3a7-ab98-471c-bd08-83a3c04844e9","38b3d026-7f96-4c14-9e97-305443191a61","SJER_033.mammalGrid.mam","D17","SJER","SJER_033","2019-04-02","2019-04-02","NEON.DOC.000481vK",,
"6f4c645f-afdb-47b1-9904-083f0e513993","367238d4-76e2-45a8-93d3-d2df6b214791","SJER_006.mammalGrid.mam","D17","SJER","SJER_006","2019-04-03","2019-04-03","NEON.DOC.000481vK",,
"47417b04-0edb-4d1d-af94-43a103ba6ec9","933cc429-ef44-4a23-93fc-41b91c2c2f00","SJER_033.mammalGrid.mam","D17","SJER","SJER_033","2019-04-03","2019-04-03","NEON.DOC.000481vK",,
"95ff704e-c375-4bba-afc7-7cb85f07fc96","c617e470-e358-4626-9cf3-8490d0a8a61d","SJER_032.mammalGrid.mam","D17","SJER","SJER_032","2019-04-03","2019-04-03","NEON.DOC.000481vK",,
"736ad6fc-6a30-471e-a7bd-7d3a0f871c2a","b9df3e3c-fac8-46d2-bc65-07f99edf2ebe","SJER_010.mammalGrid.mam","D17","SJER","SJER_010","2019-04-03","2019-04-03","NEON.DOC.000481vK",,
"ab76f903-74b5-480f-8735-32b585caec66","f507d91c-4b48-4d0c-9add-5476f3594838","SJER_033.mammalGrid.mam","D17","SJER","SJER_033","2019-04-04","2019-04-04","NEON.DOC.000481vK",,
"9bc5ffb0-61c8-4148-bd26-1ab67b3735f2","06d6e05c-a033-42a4-9f82-e0bcde0cd86e","SJER_006.mammalGrid.mam","D17","SJER","SJER_006","2019-04-04","2019-04-04","NEON.DOC.000481vK",,
"3a3d0634-d508-497f-bb39-b5950cb1e7c8","d5bb94cd-1cd9-4a97-80a2-e24e59237988","SJER_032.mammalGrid.mam","D17","SJER","SJER_032","2019-04-04","2019-04-04","NEON.DOC.000481vK",,
"0188ba61-7fb4-440c-a804-698f153ea658","6e162d8f-1910-4df1-be28-84db8575a76b","SJER_007.mammalGrid.mam","D17","SJER","SJER_007","2019-04-04","2019-04-04","NEON.DOC.000481vK",,
"2e1da5c2-68da-4f32-a3c7-2cbbda7970ed","c006399f-ddf9-4ea6-9039-e003761da973","SJER_006.mammalGrid.mam","D17","SJER","SJER_006","2019-04-05","2019-04-05","NEON.DOC.000481vK",,
"4ea22185-7824-4c13-ae61-7c982fe839f8","cc967681-7bbf-4477-a44c-14aee6aa3579","SJER_012.mammalGrid.mam","D17","SJER","SJER_012","2019-04-05","2019-04-05","NEON.DOC.000481vK","Mules present",
"755c8109-907a-474c-a42f-33fd862dd72f","3bfb4fbb-0a7f-434a-9bd9-600779ccdaf9","SJER_002.mammalGrid.mam","D17","SJER","SJER_002","2019-04-05","2019-04-05","NEON.DOC.000481vK",,
