uid,nightuid,namedLocation,domainID,siteID,plotID,collectDate,endDate,samplingProtocolVersion,remarks,dataQF
"3eb8b327-5666-4d25-9c24-1a2c2229189d","49859b2b-3db2-442f-bf49-f121562ba556","WREF_012.mammalGrid.mam","D16","WREF","WREF_012","2018-06-14","2018-06-14","NEON.DOC.000481vK",,
"fe0b53fd-bc1a-45a7-aa1f-76ea0ae13c2b","0452a5bf-6e44-49b8-8caf-f71921cc5004","WREF_011.mammalGrid.mam","D16","WREF","WREF_011","2018-06-14","2018-06-14","NEON.DOC.000481vK",,
"a39bab9e-421d-4a0a-beb0-10993986fbdd","eb9eddee-344f-4141-8c6f-4f6717b7219e","WREF_011.mammalGrid.mam","D16","WREF","WREF_011","2018-06-15","2018-06-15","NEON.DOC.000481vK",,
"af86c7d8-6acf-4582-b27d-fe49a4ebd179","7d9eb063-281e-476b-b8c2-5456ed40a2e9","WREF_001.mammalGrid.mam","D16","WREF","WREF_001","2018-06-15","2018-06-15","NEON.DOC.000481vK",,
"4abb6d5b-1d8e-4edf-a140-61d4609899d5","a2e61abd-fc1f-4ab8-be6b-3fdb85eeba38","WREF_010.mammalGrid.mam","D16","WREF","WREF_010","2018-06-15","2018-06-15","NEON.DOC.000481vK",,
"9a38e7a1-a21a-44cf-9369-cc8f26595251","76f1e752-a805-4e97-b4d8-3a552cb84817","WREF_012.mammalGrid.mam","D16","WREF","WREF_012","2018-06-15","2018-06-15","NEON.DOC.000481vK",,
"07ee7be0-be9c-4228-8e10-37b0dbd399d2","97b627c9-cbdd-4ad3-9475-97dd1b61da1c","WREF_012.mammalGrid.mam","D16","WREF","WREF_012","2018-06-16","2018-06-16","NEON.DOC.000481vK",,
"d9f1152e-b6f9-46fe-89bd-6ab2d47ed513","047465da-d798-499c-832c-620dea32ec49","WREF_004.mammalGrid.mam","D16","WREF","WREF_004","2018-06-16","2018-06-16","NEON.DOC.000481vK",,
"5327e3d3-cfe0-471b-b50b-e1666375ac18","ee09d9e9-5ead-41b9-967d-ab8f2c4b61cf","WREF_005.mammalGrid.mam","D16","WREF","WREF_005","2018-06-16","2018-06-16","NEON.DOC.000481vK",,
"ba61a38b-9fd6-4175-b4d5-5380349f5af6","05ce0899-bfc1-43c1-a1a5-1394781cce27","WREF_011.mammalGrid.mam","D16","WREF","WREF_011","2018-06-16","2018-06-16","NEON.DOC.000481vK",,
"ca68f071-56b6-4407-9806-d0b58fe08507","92a8064d-9a24-423c-a242-715dd79d279e","WREF_007.mammalGrid.mam","D16","WREF","WREF_007","2018-06-18","2018-06-18","NEON.DOC.000481vK",,
"bf8e7220-61a5-4bd2-bef6-0fe7768995ff","d91653c1-c6d6-41f1-8156-334c8b7668cc","WREF_003.mammalGrid.mam","D16","WREF","WREF_003","2018-06-18","2018-06-18","NEON.DOC.000481vK",,
"8fcb7f18-4180-4c0f-bdc2-f95cc6226c56","ccc17cd4-fdcb-47c2-99dc-dc9dc0b8cb59","WREF_003.mammalGrid.mam","D16","WREF","WREF_003","2018-06-19","2018-06-19","NEON.DOC.000481vK",,
"3a5ef1f1-61c1-492f-ae91-68eed495b2bf","2a42eee9-d129-4865-9f84-7465b721a205","WREF_003.mammalGrid.mam","D16","WREF","WREF_003","2018-06-20","2018-06-20","NEON.DOC.000481vK",,
