uid,nightuid,namedLocation,domainID,siteID,plotID,collectDate,endDate,samplingProtocolVersion,remarks,dataQF
"6aadde7d-a4eb-43bd-9c89-a1e0e57f22bb","8248c91f-e57f-4171-a099-21e4a65fc499","ABBY_010.mammalGrid.mam","D16","ABBY","ABBY_010","2018-06-06","2018-06-06","NEON.DOC.000481vK",,
"0661f2f9-a794-4b0a-be8b-97144afab17c","cf836631-baf3-4291-9d37-351cb63d7b4a","ABBY_002.mammalGrid.mam","D16","ABBY","ABBY_002","2018-06-06","2018-06-06","NEON.DOC.000481vK","99 traps set; no trap at I3; trap at G3 missing pole.",
"f466ff1f-7ff3-4ee6-97a7-e45ec59f31d3","a1bc10cf-7841-41e0-93d4-05e3f2fae65c","ABBY_002.mammalGrid.mam","D16","ABBY","ABBY_002","2018-06-07","2018-06-07","NEON.DOC.000481vK",,
"7d66d561-6590-4f28-8bcf-81b4640110ed","98171ffb-6aee-4ab4-be54-d6c686d00c77","ABBY_010.mammalGrid.mam","D16","ABBY","ABBY_010","2018-06-07","2018-06-07","NEON.DOC.000481vK","100 traps set",
"f8575500-8664-4473-9b46-6708cbc87423","845a8c2e-c6da-4a42-a10e-42c55d032645","ABBY_004.mammalGrid.mam","D16","ABBY","ABBY_004","2018-06-07","2018-06-07","NEON.DOC.000481vK",,
"002a5602-84b2-4105-9b60-e47bb38eb9cc","3d28eea1-5ad3-40e3-833b-7dc4fbd34756","ABBY_010.mammalGrid.mam","D16","ABBY","ABBY_010","2018-06-08","2018-06-08","NEON.DOC.000481vK","100 traps set",
"9f771e0f-52e2-4af4-ad7c-03760e07db4d","d55cf30a-e3e0-4417-8a10-5589eaa89e23","ABBY_002.mammalGrid.mam","D16","ABBY","ABBY_002","2018-06-08","2018-06-08","NEON.DOC.000481vK","100 set",
"1d9ef0bf-7eba-4057-857c-d8106d7e085e","4162ed32-d072-4067-91c9-528584b48e35","ABBY_007.mammalGrid.mam","D16","ABBY","ABBY_007","2018-06-08","2018-06-08","NEON.DOC.000481vK","100 traps set",
"50991e06-ab9d-4ab3-8526-c1689e6c04df","82a0de43-f611-455f-beb2-99a18979f7a2","ABBY_004.mammalGrid.mam","D16","ABBY","ABBY_004","2018-06-08","2018-06-08","NEON.DOC.000481vK","100 set",
"b75883b5-9bca-4f76-b263-4df8836d7169","4b6209a3-a073-447c-8ca0-3b25535158a9","ABBY_023.mammalGrid.mam","D16","ABBY","ABBY_023","2018-06-11","2018-06-11","NEON.DOC.000481vK",,
"145aa9dd-f65d-4568-9318-11224652e5a2","cdb1428a-a184-4738-98b7-90335c6f0224","ABBY_004.mammalGrid.mam","D16","ABBY","ABBY_004","2018-06-11","2018-06-11","NEON.DOC.000481vK",,
"09ed463c-62ce-4195-8e58-7c7def5aecb8","2b834209-29b1-4c68-bee5-867a10732286","ABBY_014.mammalGrid.mam","D16","ABBY","ABBY_014","2018-06-11","2018-06-11","NEON.DOC.000481vK",,
