uid,nightuid,namedLocation,domainID,siteID,plotID,collectDate,endDate,samplingProtocolVersion,remarks,dataQF
"099a4aab-ba42-4ec2-bf33-e56bbfea4781","d45de207-7374-4b04-8a24-8533750f71ff","OSBS_003.mammalGrid.mam","D03","OSBS","OSBS_003","2019-03-27","2019-03-27","NEON.DOC.000481vK",,
"116fbc41-46aa-44f2-885f-a45b56d6434e","fea6c20f-9050-40d1-b9e7-76478c6e17ce","OSBS_004.mammalGrid.mam","D03","OSBS","OSBS_004","2019-03-27","2019-03-27","NEON.DOC.000481vK",,
"d8e5fd15-e271-4300-afed-6d8922187f7c","bf1fa997-b94a-4ba9-a8c0-6683578dcffc","OSBS_005.mammalGrid.mam","D03","OSBS","OSBS_005","2019-03-27","2019-03-27","NEON.DOC.000481vK",,
"dce136d8-9ae9-441b-94d1-f44d25f525a9","82713fbb-5d79-423f-87ac-35997638c7e0","OSBS_002.mammalGrid.mam","D03","OSBS","OSBS_002","2019-03-28","2019-03-28","NEON.DOC.000481vK",,
"33ed0d83-1197-4802-b632-e4a31cf88671","89db65e5-044e-434e-9038-53d3044dfeba","OSBS_004.mammalGrid.mam","D03","OSBS","OSBS_004","2019-03-28","2019-03-28","NEON.DOC.000481vK",,
"1fdc56fb-eac3-4cb5-af76-a25b4cb5233e","f85ce6c7-0c1a-4b8a-9d03-48e5b1a24429","OSBS_003.mammalGrid.mam","D03","OSBS","OSBS_003","2019-03-29","2019-03-29","NEON.DOC.000481vK",,
"ffa026e6-312d-4197-b215-d0bc17af3961","5b0687f0-353c-4a93-89fc-bd6f2759fe3d","OSBS_004.mammalGrid.mam","D03","OSBS","OSBS_004","2019-03-29","2019-03-29","NEON.DOC.000481vK",,
"8a603432-dc96-4899-bb94-f4fdace79280","1a56da5b-98ab-4d82-ad05-961c8d4f9222","OSBS_003.mammalGrid.mam","D03","OSBS","OSBS_003","2019-03-30","2019-03-30","NEON.DOC.000481vK",,
