uid,nightuid,namedLocation,domainID,siteID,plotID,collectDate,endDate,samplingProtocolVersion,remarks,dataQF
"0b8c1803-01b1-4766-934a-9bcd9e9d7359","F8DA8738E33C49D4A88752C49D7C07BF","CPER_008.mammalGrid.mam","D10","CPER","CPER_008","2013-08-04","2013-08-04",,,
"b079a57d-bbff-48b9-aa55-71c35190bb47","C81181D3F6BD4C37AACE73EBED1CECE6","CPER_002.mammalGrid.mam","D10","CPER","CPER_002","2013-08-04","2013-08-04",,"No captures or disturbed traps.",
"6e04b779-8763-487c-b89f-50e63ae7b774","8F40D88D1FC44030A05C6BB55CCF0F64","CPER_009.mammalGrid.mam","D10","CPER","CPER_009","2013-08-04","2013-08-04",,,
"9a594b40-68ea-4022-a5ed-80d6b570621f","23F8F3F5F5BA4DE38462D7173240A6B1","CPER_006.mammalGrid.mam","D10","CPER","CPER_006","2013-08-04","2013-08-04",,"No captures or disturbed traps.",
"b926fd95-607f-442d-922b-cfafa2304bad","6B7C4485D0014E6487D251C6429E034E","CPER_008.mammalGrid.mam","D10","CPER","CPER_008","2013-08-05","2013-08-05",,"No captures or disturbed traps.",
"a59e940a-2d72-4b51-b11a-32ccfd1b2149","895390C33C3D407CA6E062CF5DEDC2A7","CPER_006.mammalGrid.mam","D10","CPER","CPER_006","2013-08-05","2013-08-05",,,
"22c7334f-243a-4426-bf9a-b84e20134eb0","93208ED4DA964B0AA1DF2E4FC4C69C94","CPER_009.mammalGrid.mam","D10","CPER","CPER_009","2013-08-05","2013-08-05",,"No captures or disturbed traps.",
"ca3a95b5-bd04-4c02-b39d-5b205fcf65d5","DC63DA9E50824BE5B869C00BC03813CC","CPER_008.mammalGrid.mam","D10","CPER","CPER_008","2013-08-06","2013-08-06",,"No captures or disturbed traps.",
"9e3416aa-58c2-488f-af3e-4c5485088805","150F833FB4AC468A82097834FF0AA1FA","CPER_009.mammalGrid.mam","D10","CPER","CPER_009","2013-08-06","2013-08-06",,"No captures or disturbed traps.",
"d9db76e9-1571-4110-955b-27a68cdb2d7d","7CDF0D334AAF4ABABC3D4FF6154366C0","CPER_002.mammalGrid.mam","D10","CPER","CPER_002","2013-08-06","2013-08-06",,"No captures or disturbed traps.",
"45f3a75d-7390-4d3c-bfa8-833c5dc152cd","073C248D02244099800FDEFF8B429F14","CPER_006.mammalGrid.mam","D10","CPER","CPER_006","2013-08-06","2013-08-06",,"No captures or disturbed traps.",
"9f040b3b-2e52-4dc4-82c6-78a607127717","1BE902AC669F401AB37B2DE1E308B032","CPER_011.mammalGrid.mam","D10","CPER","CPER_011","2013-08-07","2013-08-07",,,
"07a76654-a07b-4e01-b5af-c2c09e228549","486C0B5569114DF4884C0F3D1134E0C1","CPER_004.mammalGrid.mam","D10","CPER","CPER_004","2013-08-07","2013-08-07",,"No captures or disturbed traps.",
"1dcfda8c-9541-451e-bdd4-0898d435da06","E3657743015C414F932B7556D7730409","CPER_015.mammalGrid.mam","D10","CPER","CPER_015","2013-08-07","2013-08-07",,"No captures or disturbed traps.",
"b1474201-94bf-4a76-a54b-1cae61d8502c","66CD66B627B74DDEADB47F7151EF63A9","CPER_005.mammalGrid.mam","D10","CPER","CPER_005","2013-08-07","2013-08-07",,"No captures or disturbed traps.",
"bdfd996a-2d3d-47ca-a58d-32ec03e11a5b","7AA6482B789E4C0298FB266EC446EE59","CPER_015.mammalGrid.mam","D10","CPER","CPER_015","2013-08-08","2013-08-08",,,
"442c3261-f6f0-4ef0-81bc-32f838a72bd3","59896234A1FE4A90B084559B186117AD","CPER_011.mammalGrid.mam","D10","CPER","CPER_011","2013-08-08","2013-08-08",,,
"fc41219a-9602-422f-8a77-6f5d14dc87e2","5499A52D1A9B455B941BF9E1466AE0D0","CPER_005.mammalGrid.mam","D10","CPER","CPER_005","2013-08-08","2013-08-08",,,
"b54089fd-d793-4d42-936f-5718c8630c6f","0423256F42424B8CA262F0CD552A1BC1","CPER_004.mammalGrid.mam","D10","CPER","CPER_004","2013-08-08","2013-08-08",,,
"16962359-3ea4-492d-bca9-18790fd2be08","6EE2E0EA3AE14A609BC73F293C97ECD9","CPER_004.mammalGrid.mam","D10","CPER","CPER_004","2013-08-09","2013-08-09",,"No captures or disturbed traps.",
"095bd124-b57c-4896-8720-1e189a475b41","FC8FC042A9BD40E3840E58C6DB940E81","CPER_011.mammalGrid.mam","D10","CPER","CPER_011","2013-08-09","2013-08-09",,,
"37509f75-3557-4a28-a21a-47866ac287fd","0668A56327D64338AA108D930B57F798","CPER_005.mammalGrid.mam","D10","CPER","CPER_005","2013-08-09","2013-08-09",,"No captures or disturbed traps.",
"d398ca01-77ac-4420-a914-94cd8debf0f2","CFF135F0A8034CD8B5AF7E23D961F7EC","CPER_015.mammalGrid.mam","D10","CPER","CPER_015","2013-08-09","2013-08-09",,"No captures or disturbed traps.",
