uid,nightuid,namedLocation,domainID,siteID,plotID,collectDate,endDate,samplingProtocolVersion,remarks,dataQF
"d6a4624a-645b-40aa-aa59-77406ce01e1c","5dcfb784-66e8-4c7e-8ddd-f5cf71bdaca3","STER_031.mammalGrid.mam","D10","STER","STER_031","2018-08-18","2018-08-18","NEON.DOC.000481vK",,
"5ebecc7c-f10f-47d9-bbad-4ab5799c9e59","15c030d4-48fe-4ed0-8c67-d815c7e48a6c","STER_029.mammalGrid.mam","D10","STER","STER_029","2018-08-18","2018-08-18","NEON.DOC.000481vK",,
"982d79ca-b66f-4881-bfe2-eb35bf72d978","907fb109-3e29-47cc-8cd6-f164a68ac609","STER_027.mammalGrid.mam","D10","STER","STER_027","2018-08-18","2018-08-18","NEON.DOC.000481vK",,
"d1f5b7e6-e61f-446e-840f-a527877a7f9c","9eac7e37-8426-47c8-8af2-b8cb72d5339b","STER_006.mammalGrid.mam","D10","STER","STER_006","2018-08-18","2018-08-18","NEON.DOC.000481vK",,
"53e4b1fe-128a-4ea1-b1c2-5a8fc6fe708f","1ca3c8b1-cfc7-42ae-b963-81d033910769","STER_028.mammalGrid.mam","D10","STER","STER_028","2018-08-19","2018-08-19","NEON.DOC.000481vK",,
"f5fe4817-1b5e-47fc-9cc7-955bc1c85738","b505637c-342e-4dfb-938a-912c1dfa1de2","STER_006.mammalGrid.mam","D10","STER","STER_006","2018-08-19","2018-08-19","NEON.DOC.000481vK",,
"174bc49c-3a8c-4c3b-b7fd-6df15715b941","ccc60b28-a444-4c2a-9cf8-80543505bf20","STER_026.mammalGrid.mam","D10","STER","STER_026","2018-08-19","2018-08-19","NEON.DOC.000481vK",,
"85e77c09-e065-4699-9e7a-27a38d35b40c","7deb9f3f-a025-46d1-8d12-4223b182df25","STER_029.mammalGrid.mam","D10","STER","STER_029","2018-08-19","2018-08-19","NEON.DOC.000481vK",,
"c1893a51-988a-418a-8e83-ed5408153964","20e8e34d-8179-45e2-aeaf-735db67b6f2f","STER_031.mammalGrid.mam","D10","STER","STER_031","2018-08-19","2018-08-19","NEON.DOC.000481vK",,
"cbb23bfc-068c-496a-96a4-b689da3b67f5","63838d11-e7b3-40f6-9205-8a5fa0bc14a7","STER_031.mammalGrid.mam","D10","STER","STER_031","2018-08-20","2018-08-20","NEON.DOC.000481vK",,
"3d158e39-56c0-4878-8805-160a6f6e7353","488a84a6-6033-45bf-902b-26e725a9b83c","STER_006.mammalGrid.mam","D10","STER","STER_006","2018-08-20","2018-08-20","NEON.DOC.000481vK",,
"ea56c395-d66e-465c-8913-02c9a5ed5e40","7d1f0f15-cf2f-4a06-af98-9417311afbbb","STER_029.mammalGrid.mam","D10","STER","STER_029","2018-08-20","2018-08-20","NEON.DOC.000481vK",,
