uid,nightuid,namedLocation,domainID,siteID,plotID,collectDate,endDate,samplingProtocolVersion,remarks,dataQF
"2d8a67ca-fbe6-4a01-ba70-5b42ec3ff285","B374621D921F4A0082E92E2CC7834E25","ORNL_003.mammalGrid.mam","D07","ORNL","ORNL_003","2014-10-21","2014-10-21",,,
"77d573dc-6a09-4774-9a8d-236c569a4c10","E575E5B6D767406297EC91AB6F4F3152","ORNL_002.mammalGrid.mam","D07","ORNL","ORNL_002","2014-10-21","2014-10-21",,,
"4d14ff00-dba2-43a7-a420-709a4d8d6ec5","04E1CBB321E94F6E96CC257DE5BBFCF7","ORNL_027.mammalGrid.mam","D07","ORNL","ORNL_027","2014-10-21","2014-10-21",,,
"15c346e0-7b2f-477e-afc1-b443c7a84f41","A4CFD38A530241A584BD973160234DEB","ORNL_001.mammalGrid.mam","D07","ORNL","ORNL_001","2014-10-22","2014-10-22",,"no catpures",
"8593f068-1acc-479a-bc95-619bdd2ff636","755C4736267F4B7AB6A4DE9566DD25BA","ORNL_027.mammalGrid.mam","D07","ORNL","ORNL_027","2014-10-22","2014-10-22",,"no captures",
"6d98d965-e55b-406e-b76e-9c3f6cce1488","692453C9A00C45A585896452E2378C06","ORNL_007.mammalGrid.mam","D07","ORNL","ORNL_007","2014-10-22","2014-10-22",,"no captures",
"67b1fe48-805c-4393-bc1a-77f6e21cc999","F73CB257270647BF802BD0619ACAFF1D","ORNL_003.mammalGrid.mam","D07","ORNL","ORNL_003","2014-10-22","2014-10-22",,,
"52b54794-02c4-4b9a-bcc9-7b426f7362ac","10DBB8AFEA71447CA31682B2F8A895BA","ORNL_002.mammalGrid.mam","D07","ORNL","ORNL_002","2014-10-22","2014-10-22",,,
"d0cea6fa-92b1-49e7-8995-4757734a6c89","6C33382F4D0A452BB5CA6C8872CEEDB9","ORNL_039.mammalGrid.mam","D07","ORNL","ORNL_039","2014-10-22","2014-10-22",,"Grid not set; fallen tree on road prevented us from sampling this plot.",
"5cd5094e-085f-45e3-986d-924285aab16f","6EDB1C44FD5C40C8B2752A892FA1A32B","ORNL_002.mammalGrid.mam","D07","ORNL","ORNL_002","2014-10-23","2014-10-23",,,
"5e300a58-6495-473f-b75d-9326bfd63bfb","A7D77CA04F7B48D6A4A9E00796BC8F4E","ORNL_003.mammalGrid.mam","D07","ORNL","ORNL_003","2014-10-23","2014-10-23",,,
"5a052b8e-d596-4523-80fd-abb00763e726","69AEAAA04A054FDC9A96F30BA2BFA96C","ORNL_007.mammalGrid.mam","D07","ORNL","ORNL_007","2014-10-23","2014-10-23",,"no captures",
"9b646695-e6e9-445c-8215-c48ac376a572","57E3867F2F704D6C861DD276A2EDE50C","ORNL_001.mammalGrid.mam","D07","ORNL","ORNL_001","2014-10-23","2014-10-23",,"no captures",
"ce7a53dd-f0ed-49dd-a5ef-35e547a74ad2","2F6CDF9B7F534A35AF3D45CE50FEC2C8","ORNL_039.mammalGrid.mam","D07","ORNL","ORNL_039","2014-10-23","2014-10-23",,"Grid not set; fallen tree on road prevented us from sampling this plot.",
"928d2a70-4626-4a2e-8323-823738ad84c9","A50A1392ECAC41B9BE1FAB7288AA8753","ORNL_027.mammalGrid.mam","D07","ORNL","ORNL_027","2014-10-23","2014-10-23",,,
"1d8a1b67-0b3b-4604-96ab-8ee2650b0f9b","9332CDB4351442438313EB80E06C43C2","ORNL_001.mammalGrid.mam","D07","ORNL","ORNL_001","2014-10-24","2014-10-24",,"no captures",
"b38982ed-90af-41bf-8e3d-d87f550f04d4","B6EA65877709421FB10ED62E674814B7","ORNL_039.mammalGrid.mam","D07","ORNL","ORNL_039","2014-10-24","2014-10-24",,"Grid not set; fallen tree on road prevented us from sampling this plot.",
"f136a4ca-c5c6-493d-a70e-35662bfa2687","C88B20AA114E46E2BE258F09B292789A","ORNL_007.mammalGrid.mam","D07","ORNL","ORNL_007","2014-10-24","2014-10-24",,,
