uid,nightuid,namedLocation,domainID,siteID,plotID,collectDate,endDate,samplingProtocolVersion,remarks,dataQF
"5f954030-ab78-415a-905f-80e877ac8e3a","067D1C148DC64DF6B92C28C44A98065A","ONAQ_020.mammalGrid.mam","D15","ONAQ","ONAQ_020","2016-10-04","2016-10-04","NEON.DOC.000481vH","No samples other than hair and whiskers taken today because we forgot to bring dry ice to preserve them.",
"79f2ee8f-a633-40ac-94ae-776fb0eabeda","27EE5B514BA2442F96F2947BF3E380EE","ONAQ_005.mammalGrid.mam","D15","ONAQ","ONAQ_005","2016-10-04","2016-10-04","NEON.DOC.000481vH","No samples taken because we forgot the cooler with dry ice.",
"3216b747-ce4f-4b3b-891c-60442dd479b0","1E17E55EA5364FD896643ACC0AFE6265","ONAQ_003.mammalGrid.mam","D15","ONAQ","ONAQ_003","2016-10-04","2016-10-04","NEON.DOC.000481vH","No dry ice, no samples taken (blood, fecal or tissue)",
"1ad5286a-2c66-4fc2-aea0-56608ec74a30","B2FFB6C87C0043A5BF559CB14354F98C","ONAQ_020.mammalGrid.mam","D15","ONAQ","ONAQ_020","2016-10-07","2016-10-07","NEON.DOC.000481vH",,
"7a31a9d9-9abb-47ce-9a93-c712f3c7dbfd","345CD551B63D4C9DA72852147CDC7416","ONAQ_005.mammalGrid.mam","D15","ONAQ","ONAQ_005","2016-10-07","2016-10-07","NEON.DOC.000481vH",,
"39fbe087-b7b3-4c31-be65-c00df58c1d46","51CDEE85756D4590A1A1D64BF2580CA3","ONAQ_003.mammalGrid.mam","D15","ONAQ","ONAQ_003","2016-10-07","2016-10-07","NEON.DOC.000481vH",,
"6d2befcb-f9f2-40ac-8108-8a364c86cd29","AE04B87443694297B85761958EB877B0","ONAQ_004.mammalGrid.mam","D15","ONAQ","ONAQ_004","2016-10-08","2016-10-08","NEON.DOC.000481vH",,
"992d7a20-a5b6-47bd-a449-94e5229ba844","A599E25C5A154F7799E8354EF6C38D0C","ONAQ_019.mammalGrid.mam","D15","ONAQ","ONAQ_019","2016-10-08","2016-10-08","NEON.DOC.000481vH",,
"3f0e8213-afe3-4db3-b2aa-07292a037cfc","1B3D857AA5FF435AA1E3A7EE3870AB07","ONAQ_023.mammalGrid.mam","D15","ONAQ","ONAQ_023","2016-10-08","2016-10-08","NEON.DOC.000481vH",,
"56dd2eff-f931-437e-9997-a04559777059","CF926A0650B0490FA896A8F4F334FE41","ONAQ_004.mammalGrid.mam","D15","ONAQ","ONAQ_004","2016-10-30","2016-10-30","NEON.DOC.000481vH",,
"be992eb6-417a-4414-ad71-eef158294e72","C3011F677DE34C2E9A063BE0BDB03F75","ONAQ_023.mammalGrid.mam","D15","ONAQ","ONAQ_023","2016-10-30","2016-10-30","NEON.DOC.000481vH",,
"576f0641-8db0-4b25-8c9e-c891362fa30c","ECD00FCFE98442E4B78345D7501AFA18","ONAQ_019.mammalGrid.mam","D15","ONAQ","ONAQ_019","2016-10-30","2016-10-30","NEON.DOC.000481vH",,
