uid,nightuid,namedLocation,domainID,siteID,plotID,collectDate,endDate,samplingProtocolVersion,remarks,dataQF
"13bb7e5b-1fbe-44a8-9e6b-fa232e18f352","c69f3c42-9d0a-426f-a4be-152ae6dd115a","ONAQ_019.mammalGrid.mam","D15","ONAQ","ONAQ_019","2017-05-01","2017-05-01","NEON.DOC.000481vJ",,
"bc028007-b858-4be9-9057-733e88630d50","208a1d48-edae-456b-b730-1b9ea990941d","ONAQ_023.mammalGrid.mam","D15","ONAQ","ONAQ_023","2017-05-01","2017-05-01","NEON.DOC.000481vJ",,
"52af8c23-4756-46cd-a30a-e4eeb88250bb","161ffb54-daad-4e71-89a7-2981415cac43","ONAQ_004.mammalGrid.mam","D15","ONAQ","ONAQ_004","2017-05-01","2017-05-01","NEON.DOC.000481vJ",,
"efd747b6-e67f-4cb4-8261-f9faf3ade04c","3e331ee2-ca64-41f6-b5dc-4b5f247712da","ONAQ_020.mammalGrid.mam","D15","ONAQ","ONAQ_020","2017-05-02","2017-05-02","NEON.DOC.000481vJ",,
"e4c00c16-eb4c-4071-8a6e-585fe31c866a","ba2c46bb-61a8-4a04-9f1e-1c2df1837e08","ONAQ_005.mammalGrid.mam","D15","ONAQ","ONAQ_005","2017-05-02","2017-05-02","NEON.DOC.000481vJ",,
"fe5a4aa0-969c-4b9f-bbc3-84d99fc4cb10","86359191-7d9e-4413-b1ee-b484e20bdef1","ONAQ_003.mammalGrid.mam","D15","ONAQ","ONAQ_003","2017-05-02","2017-05-02","NEON.DOC.000481vJ",,
"91ba6cb3-25bb-4275-ae48-6a530cdece2c","bf316950-a29e-4f6b-996d-22e0cd7b689a","ONAQ_020.mammalGrid.mam","D15","ONAQ","ONAQ_020","2017-05-03","2017-05-03","NEON.DOC.000481vJ",,
"ca8c7abe-9b43-468c-862e-af8fbc4318ae","2ac32a5b-9e37-4429-8a03-d2fb3979a986","ONAQ_005.mammalGrid.mam","D15","ONAQ","ONAQ_005","2017-05-03","2017-05-03","NEON.DOC.000481vJ",,
"35bba2fd-e74a-4a5a-ad73-b6b37093031b","d912e59e-108c-468b-8158-2041e1ebb00a","ONAQ_003.mammalGrid.mam","D15","ONAQ","ONAQ_003","2017-05-03","2017-05-03","NEON.DOC.000481vJ",,
"a99cd968-2f55-4098-b350-07d5342d6410","b4483ffc-7b63-463a-a9b4-c3dbb2e235fc","ONAQ_005.mammalGrid.mam","D15","ONAQ","ONAQ_005","2017-05-04","2017-05-04","NEON.DOC.000481vJ",,
"46e1640d-736e-4388-9b61-1c461d528c95","91f54f75-652e-453d-8477-8baeecc1256d","ONAQ_020.mammalGrid.mam","D15","ONAQ","ONAQ_020","2017-05-04","2017-05-04","NEON.DOC.000481vJ",,
"29f43f0f-08a9-4697-b2bd-02c2b5ef5962","eba64324-0742-4bf9-baff-f5d9a8d1c513","ONAQ_003.mammalGrid.mam","D15","ONAQ","ONAQ_003","2017-05-04","2017-05-04","NEON.DOC.000481vJ",,
"a98ae96b-95ad-448e-b855-face593d5b34","239f4d66-d6b8-4ea5-849d-84fa64703919","ONAQ_020.mammalGrid.mam","D15","ONAQ","ONAQ_020","2017-05-28","2017-05-28","NEON.DOC.000481vJ",,
"9c729737-6992-421a-b629-22ba7272d175","27d06008-15e3-4cf6-b3cb-55e87306279f","ONAQ_005.mammalGrid.mam","D15","ONAQ","ONAQ_005","2017-05-28","2017-05-28","NEON.DOC.000481vJ",,
"a86c3667-e50c-4a6c-88ad-fd4109b87314","259dc4fd-23ac-4877-96e9-ec50ec6d8f73","ONAQ_003.mammalGrid.mam","D15","ONAQ","ONAQ_003","2017-05-28","2017-05-28","NEON.DOC.000481vJ",,
"57031623-4527-4d1a-b261-3f76e36f858b","6a03a727-4995-47ae-b528-239fdf347f1a","ONAQ_020.mammalGrid.mam","D15","ONAQ","ONAQ_020","2017-05-29","2017-05-29","NEON.DOC.000481vJ",,
"6ef5bff7-e6f0-4ebf-9e22-8afc286a0ddb","54d2bfe1-a44b-4912-92b8-220a9290a68f","ONAQ_005.mammalGrid.mam","D15","ONAQ","ONAQ_005","2017-05-29","2017-05-29","NEON.DOC.000481vJ",,
"425e9c6f-bdc9-4dc3-ba96-344e150abf98","9e799733-b9de-4144-a430-6bfce2f003b1","ONAQ_003.mammalGrid.mam","D15","ONAQ","ONAQ_003","2017-05-29","2017-05-29","NEON.DOC.000481vJ",,
"9610e82d-9dc1-4ec1-9001-d154e0ddfb12","3d9e9ffa-b50e-49dc-a0bf-fb47bc9dc498","ONAQ_005.mammalGrid.mam","D15","ONAQ","ONAQ_005","2017-05-30","2017-05-30","NEON.DOC.000481vJ",,
"7d42f43c-39d4-400f-a010-a0b1e32e4d49","c5232678-08be-4a16-b221-e35b2baa2d07","ONAQ_003.mammalGrid.mam","D15","ONAQ","ONAQ_003","2017-05-30","2017-05-30","NEON.DOC.000481vJ",,
"8f00c2ee-fe30-4be2-9b34-6542aa306925","ba43dc00-feb2-4295-a76d-c9cb636d87cb","ONAQ_020.mammalGrid.mam","D15","ONAQ","ONAQ_020","2017-05-30","2017-05-30","NEON.DOC.000481vJ",,
"4bf44307-9f16-41ad-bedc-1765049bcf87","068b0eb0-d4fa-4970-8aae-5c7bb5a3f010","ONAQ_019.mammalGrid.mam","D15","ONAQ","ONAQ_019","2017-05-31","2017-05-31","NEON.DOC.000481vJ",,
"a5826809-074b-4d0a-b6cb-5589e490ce9a","f20fde52-88d7-4c73-87eb-202633c466e0","ONAQ_004.mammalGrid.mam","D15","ONAQ","ONAQ_004","2017-05-31","2017-05-31","NEON.DOC.000481vJ",,
"1c5bffe6-5add-4d64-be93-ad2e80ad9b88","d7c1dd17-06aa-4d03-8d7f-671de96b9ae1","ONAQ_023.mammalGrid.mam","D15","ONAQ","ONAQ_023","2017-05-31","2017-05-31","NEON.DOC.000481vJ",,
