uid,nightuid,namedLocation,domainID,siteID,plotID,collectDate,endDate,samplingProtocolVersion,remarks,dataQF
"5ef9e2ae-4ee9-4737-a378-ec09e9d6972a","B14269B985B2470EB1F8C9BCF124C376","WOOD_009.mammalGrid.mam","D09","WOOD","WOOD_009","2016-09-01","2016-09-01","NEON.DOC.000481vH",,
"be963d4c-d01e-4bd0-8ec6-bb38cd54e7cd","7D33637698084381B6F4CE3E7179604E","WOOD_001.mammalGrid.mam","D09","WOOD","WOOD_001","2016-09-01","2016-09-01","NEON.DOC.000481vH",,
"9bfb4664-808f-4e4d-be74-6cc3d44714d3","35D3C0CC35654C3A9EAB6001D844F1D3","WOOD_002.mammalGrid.mam","D09","WOOD","WOOD_002","2016-09-01","2016-09-01","NEON.DOC.000481vH",,
"6cc01f8e-0cbe-433f-9d1e-40c99903847a","FEB275C3954143DE8F3AA363D1F71760","WOOD_013.mammalGrid.mam","D09","WOOD","WOOD_013","2016-09-01","2016-09-01","NEON.DOC.000481vH",,
"62c39b20-dd61-45f6-9de3-f59377b44db2","5084AABF597B4735A36C562B5D9CC489","WOOD_009.mammalGrid.mam","D09","WOOD","WOOD_009","2016-09-02","2016-09-02","NEON.DOC.000481vH",,
"96e8c3b7-a7b4-4c8c-901c-cb8c685c6cf8","C69B7734590E4DB381984D7FA2B5F7ED","WOOD_002.mammalGrid.mam","D09","WOOD","WOOD_002","2016-09-02","2016-09-02","NEON.DOC.000481vH",,
"a2c1d23f-100b-4147-9f1b-9493788658bf","45F7967BF47C434CA81EC8F5EB6C6ABB","WOOD_008.mammalGrid.mam","D09","WOOD","WOOD_008","2016-09-02","2016-09-02","NEON.DOC.000481vH","Cows on grid",
"ffa256b8-132d-43c1-ace2-1a4feab0656a","A3A65363DC504522947CB69E96B70FE7","WOOD_006.mammalGrid.mam","D09","WOOD","WOOD_006","2016-09-26","2016-09-26","NEON.DOC.000481vH",,
"5ae3ec3c-0dee-4cd2-9430-ba9f6b898e49","C261F8B28BAD460CA91B9FBD9B8F5543","WOOD_015.mammalGrid.mam","D09","WOOD","WOOD_015","2016-09-26","2016-09-26","NEON.DOC.000481vH",,
"c5538c59-30c2-4fe4-8166-0a12ccc064c4","B78B8656FDA04FF0B65FB0178A442DDE","WOOD_001.mammalGrid.mam","D09","WOOD","WOOD_001","2016-09-26","2016-09-26","NEON.DOC.000481vH",,
"07261930-5141-47eb-bb0c-e026dd35750a","8863F88095514131BA2FFB60CD096F84","WOOD_011.mammalGrid.mam","D09","WOOD","WOOD_011","2016-09-27","2016-09-27","NEON.DOC.000481vH",,
"9c653950-d03b-40fb-a1a3-630ce033dd50","21A00EB5146B4EF2AFD91276675BDFFC","WOOD_009.mammalGrid.mam","D09","WOOD","WOOD_009","2016-09-27","2016-09-27","NEON.DOC.000481vH",,
"98b351b5-3de3-44a1-a894-922ba45fb9d1","62FCE956D1DA4F7FB41B9AA506445176","WOOD_002.mammalGrid.mam","D09","WOOD","WOOD_002","2016-09-27","2016-09-27","NEON.DOC.000481vH",,
"a16f4a32-3e4f-4373-9ab9-eeb196e362b4","8AF87403FF4C41DFA19F16E918A3DC37","WOOD_001.mammalGrid.mam","D09","WOOD","WOOD_001","2016-09-27","2016-09-27","NEON.DOC.000481vH",,
"5eb33d62-9db7-475e-b7d8-4fc3883b086a","8B776B66FFDA4D03BF44C5BC6106BE99","WOOD_009.mammalGrid.mam","D09","WOOD","WOOD_009","2016-09-28","2016-09-28","NEON.DOC.000481vH",,
"dcfe0b5e-fc8a-46e4-921a-35fed9c522da","FC7F9F0B9A2C40A49CE5648CDF86DF20","WOOD_002.mammalGrid.mam","D09","WOOD","WOOD_002","2016-09-28","2016-09-28","NEON.DOC.000481vH",,
"849a1a51-b7b1-4a1a-ba75-0f4c495be41d","D23B4F43CF2D41848D22E4417F1CF4F7","WOOD_013.mammalGrid.mam","D09","WOOD","WOOD_013","2016-09-28","2016-09-28","NEON.DOC.000481vH",,
"19dbbf93-c76c-48b0-bba8-c2a6006fc4cb","C61B2E327EA445E38131A70A64A31B3D","WOOD_001.mammalGrid.mam","D09","WOOD","WOOD_001","2016-09-28","2016-09-28","NEON.DOC.000481vH",,
"0e2aa6e9-d319-42df-90ea-f94f559739dd","FB8872A015F2478B929940461553A8BC","WOOD_009.mammalGrid.mam","D09","WOOD","WOOD_009","2016-09-29","2016-09-29","NEON.DOC.000481vH",,
"18777257-754a-4b11-9369-3be2b760a6e5","76CE10E678EF4B2BB8F1E0427669F41E","WOOD_002.mammalGrid.mam","D09","WOOD","WOOD_002","2016-09-29","2016-09-29","NEON.DOC.000481vH",,
"8e8cf638-c870-4afe-a4c8-8533b662e452","6B849ABC88264274BC6DC6FADC1106C1","WOOD_008.mammalGrid.mam","D09","WOOD","WOOD_008","2016-09-29","2016-09-29","NEON.DOC.000481vH",,
