uid,nightuid,namedLocation,domainID,siteID,plotID,collectDate,endDate,samplingProtocolVersion,remarks,dataQF
"2913d481-0e9f-4df6-8077-3ac86ccf5fe0","0137B6394C5E44CEB3B6D327E8B26A1D","STER_006.mammalGrid.mam","D10","STER","STER_006","2014-06-19","2014-06-19",,,
"f0b74564-664b-4d69-8ce7-07ebf2d03bff","A16F27F25A054A7A8E9E1AFED2117086","STER_028.mammalGrid.mam","D10","STER","STER_028","2014-06-19","2014-06-19",,"plot disturbed by rain and mud",
"6d23b825-d67f-44fe-98f6-035356e5f6c7","B10DFB775C1E4D839F5BAF4A936F9E37","STER_028.mammalGrid.mam","D10","STER","STER_028","2014-06-20","2014-06-20",,,
"316d37be-690f-4421-bf26-1b6172b12ce4","2E0F4CAFE07F42D28313B98F86E94DE6","STER_006.mammalGrid.mam","D10","STER","STER_006","2014-06-20","2014-06-20",,,
"fbe40bb8-09ab-4d60-b544-5b4412b1efd4","B29B4D567C6848DE958F863B241C3246","STER_026.mammalGrid.mam","D10","STER","STER_026","2014-06-20","2014-06-20",,,
"9a7ca4d7-2329-400e-a433-1a0ca2a6c636","C051E0E2267A49F9A6003E2A13F5F4D3","STER_028.mammalGrid.mam","D10","STER","STER_028","2014-06-21","2014-06-21",,,
"2ac869b1-6dc8-451a-903b-c46a675c2d8d","D19E4AAD5D3149879396840563C9750F","STER_006.mammalGrid.mam","D10","STER","STER_006","2014-06-21","2014-06-21",,,
"af5bfaa9-ad74-486f-963f-4c82ad1ed108","82B1EF75C3D0431A8998E54D9D877BEE","STER_026.mammalGrid.mam","D10","STER","STER_026","2014-06-21","2014-06-21",,,
"fe4a229f-71a9-44f6-ba35-0fcde8beb328","D3B95A31AA0B4EF5AAE4607A953A3C21","STER_026.mammalGrid.mam","D10","STER","STER_026","2014-06-21","2014-06-21",,,
"970ce33c-e414-4e4f-a34a-e4294cd4904e","F726C7229CF147CDA2FDA0516C5AFF90","STER_029.mammalGrid.mam","D10","STER","STER_029","2014-06-22","2014-06-22",,,
"6a97fe81-bc6c-44c4-825c-5cd12f0d49de","A59B1E5D779C4C57BDD545B03A14A6AA","STER_031.mammalGrid.mam","D10","STER","STER_031","2014-06-22","2014-06-22",,,
"8806d14d-7141-48c7-a5c8-32fe649b7e80","C8BC244568484486831C8DBD1EE5D93F","STER_027.mammalGrid.mam","D10","STER","STER_027","2014-06-22","2014-06-22",,,
"ccb89807-38ed-42e2-a443-59cd9b97623a","0556118239E44DC0991555D1D8ACA36A","STER_029.mammalGrid.mam","D10","STER","STER_029","2014-06-23","2014-06-23",,,
"7bbc642d-6625-481f-a52f-1e55cea9ee82","615DD93E156841EBBCE3782C3D9006A4","STER_031.mammalGrid.mam","D10","STER","STER_031","2014-06-23","2014-06-23",,,
"ca16d874-beef-4236-bcf4-418d5bb33564","210E500F267D41D89487714418F62153","STER_027.mammalGrid.mam","D10","STER","STER_027","2014-06-23","2014-06-23",,,
