uid,nightuid,namedLocation,domainID,siteID,plotID,collectDate,endDate,samplingProtocolVersion,remarks,dataQF
"c59b0ee8-3eb8-427d-9605-4b2946258aac","9A5CE510FFA44C11B020B2A92AAF77AD","UNDE_027.mammalGrid.mam","D05","UNDE","UNDE_027","2015-07-20","2015-07-20",,,
"30f74c3a-4d36-4b02-9d8b-f29bdf8b162d","52D0966B2E5E40D3A0A6E302C65C846E","UNDE_012.mammalGrid.mam","D05","UNDE","UNDE_012","2015-07-20","2015-07-20",,,
"b984d273-b725-4f9f-bec8-1766268035b9","766298503D024DF59C10A18F08C5AD20","UNDE_032.mammalGrid.mam","D05","UNDE","UNDE_032","2015-07-20","2015-07-20",,,
"84eabd57-d69c-447b-be44-b6035e8cf876","EF1151B46E9045F1B659B6B640DBBA7F","UNDE_027.mammalGrid.mam","D05","UNDE","UNDE_027","2015-07-21","2015-07-21",,"Many rusty ear tags, some rendering the digits illegible, used quat on paper towel to try and clean some ear tags off, which helped.",
"106152d6-3146-4a04-9f38-bb374e447505","B6CA3592AAAB4FCFA174672A3D2E82DA","UNDE_012.mammalGrid.mam","D05","UNDE","UNDE_012","2015-07-21","2015-07-21",,,
"85e01425-29ab-408d-9980-354d582c8b51","65AE0D712C1F4F4DB651D8630705A9C1","UNDE_032.mammalGrid.mam","D05","UNDE","UNDE_032","2015-07-21","2015-07-21",,,
"ec2c0af1-0103-40f5-b5a3-f6bbe110dda9","978C21CEF7CE481D9537BE0A96219F15","UNDE_012.mammalGrid.mam","D05","UNDE","UNDE_012","2015-07-22","2015-07-22",,,
"4847464b-6c6a-4c27-94d5-456607bcbb92","3F6ED8D727874D1BAEE0B1465D395994","UNDE_032.mammalGrid.mam","D05","UNDE","UNDE_032","2015-07-22","2015-07-22",,,
"2b458ff5-eee6-444a-88a6-43f273b6a635","2F0D035AE1C44F3BAFA905C4F3D9DF40","UNDE_027.mammalGrid.mam","D05","UNDE","UNDE_027","2015-07-22","2015-07-22",,,
"e6264bdf-cf3a-4ad1-9272-d58a6eb68821","3B9D72F999B446488F29334F20A22B1B","UNDE_002.mammalGrid.mam","D05","UNDE","UNDE_002","2015-07-23","2015-07-23",,,
"17985428-4416-44f6-a87f-1c994e28c4a7","AF04508586974009A6D02364C809A1F9","UNDE_001.mammalGrid.mam","D05","UNDE","UNDE_001","2015-07-23","2015-07-23",,,
"a4bd2b64-d586-4e3e-81ab-a2cf5c0c31b0","E78B3D28209E41A1B26B487BFA67676C","UNDE_003.mammalGrid.mam","D05","UNDE","UNDE_003","2015-07-24","2015-07-24",,,
"7f21e74d-7cea-4732-8d3b-3c5d09c21e13","0485F66E316149A0A056EC308B498AC9","UNDE_008.mammalGrid.mam","D05","UNDE","UNDE_008","2015-07-24","2015-07-24",,,
