uid,nightuid,namedLocation,domainID,siteID,plotID,collectDate,endDate,samplingProtocolVersion,remarks,dataQF
"348f7e26-2309-4f20-a380-2b0f51d8b13b","c4206bd0-2a9e-4eb4-997f-639a85576556","DSNY_016.mammalGrid.mam","D03","DSNY","DSNY_016","2017-04-04","2017-04-04",,,
"88a36c97-d7e8-4024-8e16-1e41510b2725","793cb905-e9bd-45dd-be5d-7b562105b5c1","DSNY_005.mammalGrid.mam","D03","DSNY","DSNY_005","2017-04-04","2017-04-04",,,
"5af3c50f-7e60-4d58-9705-c1fdf3820427","5a7cf4de-8ccc-48b6-881e-89a3241cf066","DSNY_004.mammalGrid.mam","D03","DSNY","DSNY_004","2017-04-04","2017-04-04",,,
"43abda89-8cf1-41d3-b1ad-8e522e27b284","d1b64521-c450-4d05-bfc4-906099036e74","DSNY_001.mammalGrid.mam","D03","DSNY","DSNY_001","2017-04-04","2017-04-04",,,
"d8d5829e-894a-490d-b06b-9a720446a4fa","497948ce-b6cf-42b7-bf3a-fdeb9869b4f6","DSNY_006.mammalGrid.mam","D03","DSNY","DSNY_006","2017-04-05","2017-04-05","NEON.DOC.000481vG",,
"c615b0fd-2b94-4b65-b401-5e1b8ec42b1b","a0ac4fba-9e53-41e1-ac42-fab598ab63a6","DSNY_004.mammalGrid.mam","D03","DSNY","DSNY_004","2017-04-05","2017-04-05",,,
"4483b5fc-7f92-46cf-ae5f-fa37fba60aa3","42439a93-4840-47be-8611-9d5488e3cb11","DSNY_001.mammalGrid.mam","D03","DSNY","DSNY_001","2017-04-05","2017-04-05",,,
"7f36329d-f816-4307-855f-88bd857cea44","3850aa44-6f39-43f4-bc14-8f37e031c454","DSNY_005.mammalGrid.mam","D03","DSNY","DSNY_005","2017-04-05","2017-04-05",,,
"90c65cc4-3b11-43ab-95f7-01cc96832b6a","aab01892-a5b6-47d0-b134-d0faa1545a06","DSNY_085.mammalGrid.mam","D03","DSNY","DSNY_085","2017-04-06","2017-04-06",,,
"c42357c4-4472-4d96-9722-25daf8d38d9e","28d0581c-7a9d-4a46-b85b-7879bac91a90","DSNY_005.mammalGrid.mam","D03","DSNY","DSNY_005","2017-04-06","2017-04-06",,,
"8a7f5540-32cb-4392-be9d-6448f12c8ca5","20e96871-e0cf-4484-9a8b-0fbdab276cfe","DSNY_001.mammalGrid.mam","D03","DSNY","DSNY_001","2017-04-06","2017-04-06",,,
"25658e5e-5a97-4df5-be5f-c22523ea5b28","e6cc493b-3eee-4dfb-8173-eb99630d51d3","DSNY_004.mammalGrid.mam","D03","DSNY","DSNY_004","2017-04-06","2017-04-06",,,
