uid,nightuid,namedLocation,domainID,siteID,plotID,collectDate,endDate,samplingProtocolVersion,remarks,dataQF
"57545daf-17c3-4ed3-9597-e627ff86a585","f060ee7f-7552-4919-b915-6db8ac9535c3","CLBJ_042.mammalGrid.mam","D11","CLBJ","CLBJ_042","2019-03-13","2019-03-13","NEON.DOC.000481vK","Night cancelled due to thunderstorms",
"fd7f729e-ca1b-4031-82e2-f40aaca417cb","ffc2f6f8-ab87-4865-928c-fc062b2119da","CLBJ_041.mammalGrid.mam","D11","CLBJ","CLBJ_041","2019-03-13","2019-03-13","NEON.DOC.000481vK","Night cancelled due to thunderstorms",
"40778fbe-b29d-43d4-b04e-9c57b2568217","c653ae1f-1e2f-4173-94b3-ed55c2d49d67","CLBJ_033.mammalGrid.mam","D11","CLBJ","CLBJ_033","2019-03-13","2019-03-13","NEON.DOC.000481vK","Night cancelled due to thunderstorms",
"dd479023-d836-4ab1-9057-e74adf137343","b97bc93f-240a-4db4-b6d2-9d07029fd402","CLBJ_042.mammalGrid.mam","D11","CLBJ","CLBJ_042","2019-03-14","2019-03-14","NEON.DOC.000481vK",,
"312b76e6-7222-4344-ba0c-ef7b7ee8267e","1911dac6-29c6-4c69-a300-1ceaf69b6d07","CLBJ_040.mammalGrid.mam","D11","CLBJ","CLBJ_040","2019-03-14","2019-03-14","NEON.DOC.000481vK",,
"1bca7e75-6151-4882-988b-b21136de0e66","a9896eb4-e3ac-4f22-a9d2-7abf576de004","CLBJ_041.mammalGrid.mam","D11","CLBJ","CLBJ_041","2019-03-14","2019-03-14","NEON.DOC.000481vK",,
"c5e23e25-08d8-42c0-8447-1e079b65ad7a","0632ac71-b8f7-4287-a81c-58fa0285b059","CLBJ_033.mammalGrid.mam","D11","CLBJ","CLBJ_033","2019-03-14","2019-03-14","NEON.DOC.000481vK",,
"1a7cd7c8-9420-4a53-afb5-ea8010c35e4a","1daee854-6668-4a95-9f20-03c14db62f1b","CLBJ_033.mammalGrid.mam","D11","CLBJ","CLBJ_033","2019-03-15","2019-03-15","NEON.DOC.000481vK",,
"5effd39d-4f09-4cac-ae88-c4fc4dd58f31","f39d7e14-d802-42b7-a1fc-32b32a8b069e","CLBJ_057.mammalGrid.mam","D11","CLBJ","CLBJ_057","2019-03-15","2019-03-15","NEON.DOC.000481vK",,
"4871cc21-da0e-4d8b-a1e2-524a7044c4ee","e6134f7c-400f-41ce-87b5-97d188377af2","CLBJ_042.mammalGrid.mam","D11","CLBJ","CLBJ_042","2019-03-15","2019-03-15","NEON.DOC.000481vK",,
"b748284d-a905-4f05-8d67-f876a8299e4f","50e8bcbc-f931-4523-8ddc-25b3d567e0d6","CLBJ_041.mammalGrid.mam","D11","CLBJ","CLBJ_041","2019-03-15","2019-03-15","NEON.DOC.000481vK",,
"6b426ae1-e11e-4a3b-906b-30b939e337a5","b9e24bb0-9bc6-4c9d-bfda-c4f750ca295d","CLBJ_039.mammalGrid.mam","D11","CLBJ","CLBJ_039","2019-03-16","2019-03-16","NEON.DOC.000481vK",,
"1b16c8bf-6ed9-4619-ae88-ee31cf7834be","1b442a7e-ff7e-474c-96aa-4f2a59daeb79","CLBJ_034.mammalGrid.mam","D11","CLBJ","CLBJ_034","2019-03-16","2019-03-16","NEON.DOC.000481vK",,
"68aa006e-3f5d-43c0-a441-65b66c68a253","89b0f332-4996-4e10-a186-beca77fa3b41","CLBJ_037.mammalGrid.mam","D11","CLBJ","CLBJ_037","2019-03-16","2019-03-16","NEON.DOC.000481vK",,
