uid,nightuid,namedLocation,domainID,siteID,plotID,collectDate,endDate,samplingProtocolVersion,remarks,dataQF
"84f3aa4f-4188-47f9-996a-d94af28513d8","4d3db588-117d-4616-851a-f08c895859e2","WOOD_010.mammalGrid.mam","D09","WOOD","WOOD_010","2018-07-10","2018-07-10","NEON.DOC.000481vK",,
"3f01dd3f-097e-42fa-8ff6-931b6b7d1c10","657b8b0c-4e86-4bda-8eb2-718ad2391375","WOOD_007.mammalGrid.mam","D09","WOOD","WOOD_007","2018-07-10","2018-07-10","NEON.DOC.000481vK",,
"dd7470d1-0256-47f6-b7ae-92f5dbbee35b","1945b986-959b-48e3-99ff-081a0afa91f1","WOOD_009.mammalGrid.mam","D09","WOOD","WOOD_009","2018-07-10","2018-07-10","NEON.DOC.000481vK",,
"9d5ddf30-d235-4613-9604-2643582aa946","f0919f20-8125-402c-a93f-979024548284","WOOD_002.mammalGrid.mam","D09","WOOD","WOOD_002","2018-07-10","2018-07-10","NEON.DOC.000481vK",,
"9151d66b-3ad3-4acc-aa9a-b3f22495150e","f78627b1-13ce-411d-91d2-47959521073d","WOOD_008.mammalGrid.mam","D09","WOOD","WOOD_008","2018-07-11","2018-07-11","NEON.DOC.000481vK",,
"4030bfa1-2e0d-4297-9765-47b73b1e9e5c","34b07b0e-8ace-4b5e-9ea5-363dea1025ab","WOOD_002.mammalGrid.mam","D09","WOOD","WOOD_002","2018-07-11","2018-07-11","NEON.DOC.000481vK",,
"8b215eff-a544-4342-8d9d-8f9172460826","26df27e5-57e5-4c91-8546-78d3f5b76e85","WOOD_009.mammalGrid.mam","D09","WOOD","WOOD_009","2018-07-11","2018-07-11","NEON.DOC.000481vK",,
"a561bafc-4671-4c56-8dbb-4b51d75ace5f","0a0cfcb9-d674-4f48-b8f9-b802d940f59a","WOOD_007.mammalGrid.mam","D09","WOOD","WOOD_007","2018-07-11","2018-07-11","NEON.DOC.000481vK",,
"5a3c0fb2-fc62-4123-a341-1bafca20aa22","d63138e0-139d-4dd6-a72b-6168c8dc6a51","WOOD_007.mammalGrid.mam","D09","WOOD","WOOD_007","2018-07-12","2018-07-12","NEON.DOC.000481vK",,
"8f0e89d3-bcba-487f-acb3-f43c5b3d88ed","7ee454fd-6b4c-436e-8991-2ba071826b5d","WOOD_003.mammalGrid.mam","D09","WOOD","WOOD_003","2018-07-12","2018-07-12","NEON.DOC.000481vK",,
"a8dddde3-4e7f-4efe-9540-2914bc0b575d","d97713ae-e87b-4dc1-9586-0f0348f9da28","WOOD_002.mammalGrid.mam","D09","WOOD","WOOD_002","2018-07-12","2018-07-12","NEON.DOC.000481vK",,
"8bfa9df6-1eda-433f-b5cf-34de54ab988b","977cf17e-88fa-443f-8905-8c1c84c4626d","WOOD_009.mammalGrid.mam","D09","WOOD","WOOD_009","2018-07-12","2018-07-12","NEON.DOC.000481vK","Cows in grid",
