uid,nightuid,namedLocation,domainID,siteID,plotID,collectDate,endDate,samplingProtocolVersion,remarks,dataQF
"5690bf4c-fd70-4357-851d-75def98e862d","00C98F19257F4359ABC95CF368165FC5","DELA_001.mammalGrid.mam","D08","DELA","DELA_001","2015-09-09","2015-09-09",,,
"c8a58c37-1edb-423f-8620-1147e5842f6e","DB3A13EEDF03413EB30C078B018F4412","DELA_007.mammalGrid.mam","D08","DELA","DELA_007","2015-09-09","2015-09-09",,,
"aa25095b-3c4d-4585-806b-a9d19e893ba5","A3C15A78ADFE40F5B98760C834348A8E","DELA_002.mammalGrid.mam","D08","DELA","DELA_002","2015-09-09","2015-09-09",,,
"0d981a22-3c47-4a8f-9928-b0f2225803e0","18A7370837334FFB88747429D409F814","DELA_007.mammalGrid.mam","D08","DELA","DELA_007","2015-09-10","2015-09-10",,,
"81ea7ba4-4023-4ad5-8b7a-c4b25c2a3f12","A842E45EDB7644D7A5415C53A3EBCA88","DELA_001.mammalGrid.mam","D08","DELA","DELA_001","2015-09-10","2015-09-10",,,
"959b3a68-a2de-4b1a-b370-180017456b7f","AB6BF33092934D279F1013668A8B4285","DELA_002.mammalGrid.mam","D08","DELA","DELA_002","2015-09-10","2015-09-10",,,
"928d3a88-4d03-4feb-9cbf-283487fe3275","531E2C8E3F39463C9EB7DFD650A5C351","DELA_001.mammalGrid.mam","D08","DELA","DELA_001","2015-09-11","2015-09-11",,,
"53b19a83-5c8b-4ff4-b62d-98fad0a1355c","24F6D433845942ADA4711E33B04CECE3","DELA_007.mammalGrid.mam","D08","DELA","DELA_007","2015-09-11","2015-09-11",,,
"83ae04aa-539f-43e7-b988-7b6175c6f61c","99FAAD0AA69B40EBA3C1B78038578996","DELA_002.mammalGrid.mam","D08","DELA","DELA_002","2015-09-11","2015-09-11",,,
