uid,nightuid,namedLocation,domainID,siteID,plotID,collectDate,endDate,samplingProtocolVersion,remarks,dataQF
"decfda8f-46fe-4aae-b442-858356071db0","aa2fc34d-2a5b-4468-b5c4-d915024cd2ff","SJER_032.mammalGrid.mam","D17","SJER","SJER_032","2017-03-28","2017-03-28","NEON.DOC.000481vH",,
"3161e147-b680-44c1-9b61-60fcd42b28be","8657047e-25f0-4123-86a4-ce3d7368982b","SJER_002.mammalGrid.mam","D17","SJER","SJER_002","2017-03-28","2017-03-28","NEON.DOC.000481vH",,
"2c8805aa-1872-4932-8d60-9a9a341e2aeb","c7bce2ec-fd8a-4aba-9812-44958875724b","SJER_007.mammalGrid.mam","D17","SJER","SJER_007","2017-03-28","2017-03-28","NEON.DOC.000481vH",,
"e0b68c48-6363-41af-ab12-02d163625818","e63b0af2-c769-4785-8ec1-0e9b010be225","SJER_033.mammalGrid.mam","D17","SJER","SJER_033","2017-03-29","2017-03-29","NEON.DOC.000481vH",,
"bb52bcbb-f6ca-40fe-86ad-8cf1eaef09ed","29b9081d-caca-48b9-bbb2-43c7da9a4a1a","SJER_032.mammalGrid.mam","D17","SJER","SJER_032","2017-03-29","2017-03-29","NEON.DOC.000481vH",,
"7e39a0c4-e820-405e-9690-29f5c1468937","68946db1-f6e9-41d7-bd68-bf27c98cb61d","SJER_002.mammalGrid.mam","D17","SJER","SJER_002","2017-03-29","2017-03-29","NEON.DOC.000481vH",,
"2bef5a55-b9cd-4ead-ba06-7370525b048d","2cbd0a43-96e7-47b2-a32a-4e932b3110c4","SJER_013.mammalGrid.mam","D17","SJER","SJER_013","2017-03-29","2017-03-29","NEON.DOC.000481vH",,
"3fecb9c0-020d-434d-8c3c-ad48c942a677","98a7edef-2c53-4a8a-8cac-13526cc38a59","SJER_009.mammalGrid.mam","D17","SJER","SJER_009","2017-03-30","2017-03-30","NEON.DOC.000481vH",,
"f426a0e7-e82b-47ce-ac1c-3f793684e9af","3fde40f8-6544-40cc-a7a6-ea2053027737","SJER_002.mammalGrid.mam","D17","SJER","SJER_002","2017-03-30","2017-03-30",,,
"4f01725b-0bf4-4554-a0c3-208128c4c2a7","97d89adf-b51c-4861-80e5-def2996eb0b0","SJER_032.mammalGrid.mam","D17","SJER","SJER_032","2017-03-30","2017-03-30","NEON.DOC.000481vH",,
"34b38d39-df0e-4397-89ac-6a60a3bca876","4cef2917-706d-45c9-8323-2b457490a934","SJER_033.mammalGrid.mam","D17","SJER","SJER_033","2017-03-30","2017-03-30","NEON.DOC.000481vH",,
"c61c0d11-3c4d-427f-a6bb-3cd0f37ab7af","6f130db9-b980-4f19-9346-e6f7a3728ac4","SJER_010.mammalGrid.mam","D17","SJER","SJER_010","2017-03-31","2017-03-31","NEON.DOC.000481vH",,
"6f3ec22d-9ce3-4418-8390-66eb4f5a4200","0fca194f-f6f5-47ae-8efb-4f36b3c9f873","SJER_006.mammalGrid.mam","D17","SJER","SJER_006","2017-03-31","2017-03-31","NEON.DOC.000481vJ","Record was missing Recorder and Handler: edited EA 20170810",
"d5ca6afb-caff-4f84-8175-e772631da171","626b5d1e-43a3-441d-9896-c6a7b7e89280","SJER_033.mammalGrid.mam","D17","SJER","SJER_033","2017-03-31","2017-03-31","NEON.DOC.000481vJ",,
