uid,nightuid,namedLocation,domainID,siteID,plotID,collectDate,endDate,samplingProtocolVersion,remarks,dataQF
"c706c334-c089-45f5-90c0-e3d64e147333","a189150a-8478-4e51-acb4-a5528b001d4a","CLBJ_033.mammalGrid.mam","D11","CLBJ","CLBJ_033","2018-09-11","2018-09-11","NEON.DOC.000481vK",,
"a0ad9437-c09d-42ff-a2dc-c395601605b5","b32ed0ad-86cb-4222-8018-6f4140cecd19","CLBJ_057.mammalGrid.mam","D11","CLBJ","CLBJ_057","2018-09-11","2018-09-11","NEON.DOC.000481vK",,
"f21fc2f9-4852-4d31-94f5-b311e8df2d67","6df076a6-ecf1-4f8b-b189-7e4d72dbd372","CLBJ_040.mammalGrid.mam","D11","CLBJ","CLBJ_040","2018-09-11","2018-09-11","NEON.DOC.000481vK",,
"ea701452-c44b-42f7-843b-cdc073571ec6","006b7575-e786-4960-bc3a-73f7b6fc1d08","CLBJ_041.mammalGrid.mam","D11","CLBJ","CLBJ_041","2018-09-11","2018-09-11","NEON.DOC.000481vK",,
"29f0f9b1-8579-489a-a7e2-960de2f5d467","02e7656c-d615-4b4f-a52e-35a3dd98702f","CLBJ_033.mammalGrid.mam","D11","CLBJ","CLBJ_033","2018-09-12","2018-09-12","NEON.DOC.000481vK",,
"11351317-f369-43c0-9b80-9bae31cf609a","72f612ca-97cc-4dc7-9427-1ab1040ab77f","CLBJ_042.mammalGrid.mam","D11","CLBJ","CLBJ_042","2018-09-12","2018-09-12","NEON.DOC.000481vK",,
"469a5efe-8300-4f5e-8dca-a0ead00fa2f6","f2723299-cdd9-469c-b52b-a8e37bc92eb9","CLBJ_041.mammalGrid.mam","D11","CLBJ","CLBJ_041","2018-09-12","2018-09-12","NEON.DOC.000481vK",,
"0c7ce4bf-7797-4dd9-bf60-f09d6fadc678","3cccd046-5c5c-4ff0-a32d-418f3e93746a","CLBJ_041.mammalGrid.mam","D11","CLBJ","CLBJ_041","2018-09-13","2018-09-13","NEON.DOC.000481vK",,
"6ad2dca8-4b5a-4439-b6c3-578bd5d0e763","bda7db0b-107e-4f5e-b5ca-69c04809d6b0","CLBJ_042.mammalGrid.mam","D11","CLBJ","CLBJ_042","2018-09-13","2018-09-13","NEON.DOC.000481vK",,
"f7f026e5-53ee-4301-b8d5-7e55ff8e4d8b","7778389b-99c8-48b7-948f-5ad2c86a7a02","CLBJ_033.mammalGrid.mam","D11","CLBJ","CLBJ_033","2018-09-13","2018-09-13","NEON.DOC.000481vK",,
"0adedd60-cf46-4ccf-a00d-88bf6dd57228","0def32da-fd0a-4342-a888-4777aea5e750","CLBJ_037.mammalGrid.mam","D11","CLBJ","CLBJ_037","2018-09-14","2018-09-14","NEON.DOC.000481vK",,
"c0f441c1-655b-4672-adc6-fb4b3e62b825","bc90ec18-8347-4d19-b58e-6307900c07c6","CLBJ_034.mammalGrid.mam","D11","CLBJ","CLBJ_034","2018-09-14","2018-09-14","NEON.DOC.000481vK",,
"7417eb3e-9101-4f64-91e4-ac9b11e96517","a188476c-d0ef-4272-b451-f3f5845c2818","CLBJ_042.mammalGrid.mam","D11","CLBJ","CLBJ_042","2018-09-14","2018-09-14","NEON.DOC.000481vK",,
"24eda54f-69cb-4f51-929a-0db34dbe4da9","d17841ac-e31c-4bd0-a022-747c6019af7d","CLBJ_039.mammalGrid.mam","D11","CLBJ","CLBJ_039","2018-09-14","2018-09-14","NEON.DOC.000481vK",,
