uid,nightuid,namedLocation,domainID,siteID,plotID,collectDate,endDate,samplingProtocolVersion,remarks,dataQF
"089e34dd-00b0-4219-b65c-8202968ae0d9","340691b9-72dd-43ae-8b5d-c38624f4bf04","DEJU_003.mammalGrid.mam","D19","DEJU","DEJU_003","2017-05-23","2017-05-23","NEON.DOC.000481vJ",,
"0df8abb4-3ca4-41ce-bc1f-7cb97062f757","e43371cb-0800-4113-a629-2c6c8b52c3b5","DEJU_001.mammalGrid.mam","D19","DEJU","DEJU_001","2017-05-23","2017-05-23","NEON.DOC.000481vG",,
"8cf992eb-19e2-48cb-99a9-a6b488d94b05","3658d0db-a84d-4d41-98bb-27a42c9006a6","DEJU_005.mammalGrid.mam","D19","DEJU","DEJU_005","2017-05-23","2017-05-23","NEON.DOC.000481vJ",,
"6cb02d23-db5a-4a87-95ad-2d2afc31bc68","6ab9f361-99f8-48c0-b528-e67f92d1d229","DEJU_017.mammalGrid.mam","D19","DEJU","DEJU_017","2017-05-23","2017-05-23","NEON.DOC.000481vJ",,
"740081be-127c-4d41-96e8-bf0e1def7f0a","e5f83ef9-d732-4845-b021-a3f8cfba0c27","DEJU_006.mammalGrid.mam","D19","DEJU","DEJU_006","2017-05-31","2017-05-31","NEON.DOC.000481vJ",,
"0f577977-5d8e-4a21-b0df-797afab8d2e5","2c69afd4-2db6-4e15-b540-11b213bbb384","DEJU_003.mammalGrid.mam","D19","DEJU","DEJU_003","2017-05-31","2017-05-31","NEON.DOC.000481vJ",,
"7c00ae83-0f00-44ad-a423-ef936d978f93","d2687bbc-ac11-4b80-bd96-5097bc740a02","DEJU_005.mammalGrid.mam","D19","DEJU","DEJU_005","2017-05-31","2017-05-31","NEON.DOC.000481vJ",,
"3fea8884-0200-413f-86e8-b8575413331e","688f59fb-919d-4030-9416-8f3468c88846","DEJU_017.mammalGrid.mam","D19","DEJU","DEJU_017","2017-05-31","2017-05-31","NEON.DOC.000481vJ",,
"3f38c1b7-abf8-4075-b25b-4a647f771d95","16892e14-88a6-4585-879f-71b79685c3fa","DEJU_014.mammalGrid.mam","D19","DEJU","DEJU_014","2017-05-31","2017-05-31","NEON.DOC.000481vJ",,
