uid,nightuid,namedLocation,domainID,siteID,plotID,collectDate,endDate,samplingProtocolVersion,remarks,dataQF
"79e0f7af-4700-4da1-9c02-9e1d8871a2de","09F7C2EBE7B545E09B5FFC75F6E52226","SCBI_002.mammalGrid.mam","D02","SCBI","SCBI_002","2015-09-08","2015-09-08",,,
"1ece1fed-65de-4011-9bbe-f93a270c1d19","3D269FC0BCC6479BABCF20FFC7EBF1E6","SCBI_035.mammalGrid.mam","D02","SCBI","SCBI_035","2015-09-08","2015-09-08",,,
"fb8218c4-63a3-49ef-af1a-770bb668a7ed","A90AE41F3BDC406DA9CF9B938F41B4D7","SCBI_008.mammalGrid.mam","D02","SCBI","SCBI_008","2015-09-08","2015-09-08",,,
"9e102d75-4e2a-4d1f-955a-f699eac420d2","2C90A00C847743318E00CA5EDDD499BC","SCBI_008.mammalGrid.mam","D02","SCBI","SCBI_008","2015-09-09","2015-09-09",,,
"74412b1b-929a-4447-948d-9ba4b1d37f10","B768B51F4BC44B33AA42256E77307009","SCBI_035.mammalGrid.mam","D02","SCBI","SCBI_035","2015-09-09","2015-09-09",,,
"ab04530e-c5a5-4e50-af83-1fbfc8ccb0d8","CB56ECF2CB28426990E54E3A173B7D0B","SCBI_002.mammalGrid.mam","D02","SCBI","SCBI_002","2015-09-09","2015-09-09",,,
"8e04808d-98ce-4933-bfaf-4d94499ec3b3","49B2933BF8F64E7F913DDD07D626197D","SCBI_002.mammalGrid.mam","D02","SCBI","SCBI_002","2015-09-11","2015-09-11",,,
"5fcf3d1a-f360-44b4-916a-61e4408daca1","12D084575C784BC389903A399668ECCD","SCBI_035.mammalGrid.mam","D02","SCBI","SCBI_035","2015-09-11","2015-09-11",,,
"505d86d2-de1b-4996-b1c7-40b81d2295c4","3C654B6A00974661A43C6AA8409C245C","SCBI_008.mammalGrid.mam","D02","SCBI","SCBI_008","2015-09-11","2015-09-11",,,
"33e6e417-711d-4f62-bf79-7bbe0f57ef22","477FA67993A44E2BB7BC4B3AB151BFAD","SCBI_039.mammalGrid.mam","D02","SCBI","SCBI_039","2015-09-15","2015-09-15",,,
"3995f3d4-15b9-468e-80a6-e8c4f5e4b368","E9F159DF9B3E45CFB4AB62AA3B316DA3","SCBI_004.mammalGrid.mam","D02","SCBI","SCBI_004","2015-09-15","2015-09-15",,,
"1b03b433-9d58-495b-8761-2dbab4c98036","3632A93BCA2C44DC9D455C989E434F93","SCBI_003.mammalGrid.mam","D02","SCBI","SCBI_003","2015-09-15","2015-09-15",,,
