uid,nightuid,namedLocation,domainID,siteID,plotID,collectDate,endDate,samplingProtocolVersion,remarks,dataQF
"39f4e828-bf5d-4f77-b228-ff7ca06e97a0","b706f488-0c71-40f9-841f-f486815fc96e","SJER_002.mammalGrid.mam","D17","SJER","SJER_002","2017-12-12","2017-12-12","NEON.DOC.000481vJ",,
"e5cb0537-dc50-4ac4-a919-22d32fbfb203","caa79885-ebbb-4c6e-9a32-c1797e606a35","SJER_032.mammalGrid.mam","D17","SJER","SJER_032","2017-12-12","2017-12-12","NEON.DOC.000481vJ",,
"c4a50257-1e2c-4509-801d-cae949ffa338","40724533-a384-46eb-80f4-6538bb6f5619","SJER_033.mammalGrid.mam","D17","SJER","SJER_033","2017-12-12","2017-12-12","NEON.DOC.000481vJ",,
"a9eb56c5-74d6-493a-ae1b-7d73178edcde","d4c4abe3-67e5-490a-b351-3ecc2affc0c6","SJER_033.mammalGrid.mam","D17","SJER","SJER_033","2017-12-13","2017-12-13","NEON.DOC.000481vJ",,
"21fb4c33-7fa9-4272-855f-71a1625dd481","5a836252-adbe-4303-ac72-7d120f6e154a","SJER_007.mammalGrid.mam","D17","SJER","SJER_007","2017-12-13","2017-12-13","NEON.DOC.000481vJ",,
"7812462b-c909-4ac1-9ad6-b51471d4e236","8776f90d-c17a-434f-9a9c-8c1bbec3723d","SJER_006.mammalGrid.mam","D17","SJER","SJER_006","2017-12-13","2017-12-13","NEON.DOC.000481vJ","Duplicate tag # due to entry error; corrected",
"cb753791-5a6a-4627-ade9-40a3ca56cda2","c84db70c-39c2-4b94-8b6e-19cdea6b642c","SJER_032.mammalGrid.mam","D17","SJER","SJER_032","2017-12-13","2017-12-13","NEON.DOC.000481vH",,
"c1d86752-25fb-4f7b-b16d-416ac853b357","07d3e2cd-b1c5-482b-a340-58cb32f01430","SJER_013.mammalGrid.mam","D17","SJER","SJER_013","2017-12-14","2017-12-14","NEON.DOC.000481vJ",,
"25de72a7-5a2f-428a-a323-f0028305e050","39e93e8a-e181-4340-8fa5-68fd87568fc5","SJER_032.mammalGrid.mam","D17","SJER","SJER_032","2017-12-14","2017-12-14","NEON.DOC.000481vH",,
"ac77b886-3cd2-4acb-b91b-b2bbed6e2605","923e7d99-8dde-4c3e-a7b7-540512333095","SJER_006.mammalGrid.mam","D17","SJER","SJER_006","2017-12-14","2017-12-14","NEON.DOC.000481vJ",,
"3a07cad0-db70-42e5-a41a-b05280d615fa","4d21ee00-a6a4-483d-ab2e-eb4e89aa3cb5","SJER_033.mammalGrid.mam","D17","SJER","SJER_033","2017-12-14","2017-12-14","NEON.DOC.000481vJ",,
"0dfc51a0-5e39-4671-aae4-91fb55fcf47f","abfacdb6-32b5-4aaa-93ca-53553541cbf3","SJER_006.mammalGrid.mam","D17","SJER","SJER_006","2017-12-15","2017-12-15","NEON.DOC.000481vJ",,
"d3d2ed40-a7d3-4272-b24d-5884a59667c1","6e291eb3-5e4c-4e51-b194-0deeadc7eab4","SJER_010.mammalGrid.mam","D17","SJER","SJER_010","2017-12-15","2017-12-15","NEON.DOC.000481vJ",,
"80fead5c-8c82-4d07-91b3-e1c579130218","9f9b0fd8-5d54-4538-b06f-7846ef109c84","SJER_009.mammalGrid.mam","D17","SJER","SJER_009","2017-12-15","2017-12-15","NEON.DOC.000481vJ",,
