uid,nightuid,namedLocation,domainID,siteID,plotID,collectDate,endDate,samplingProtocolVersion,remarks,dataQF
"212fb6fa-8ab1-4bc3-9cea-69c4b7940865","777cda59-442d-4664-b99c-573cb769d31d","STEI_019.mammalGrid.mam","D05","STEI","STEI_019","2017-09-12","2017-09-12","NEON.DOC.000481vG",,
"b0758744-1ca4-4c8e-b213-a62bb3f0ac1b","2408c24a-b5ef-4239-b287-234c3b54c095","STEI_022.mammalGrid.mam","D05","STEI","STEI_022","2017-09-12","2017-09-12","NEON.DOC.000481vG",,
"8b1bcc39-03bc-49c9-bd70-474fe1a51f57","83b2924b-b505-4483-9022-f778110d1863","STEI_001.mammalGrid.mam","D05","STEI","STEI_001","2017-09-12","2017-09-12","NEON.DOC.000481vG",,
"2ff90cab-5713-4c08-b62e-c736c2201312","4f28c01c-41f6-4970-b9b3-0c69c0f51e77","STEI_002.mammalGrid.mam","D05","STEI","STEI_002","2017-09-13","2017-09-13","NEON.DOC.000481vG",,
"b965d881-25f8-47b1-a0ee-bf4e75ae8fab","3764e1d2-d433-448f-a790-bc3afef5811a","STEI_012.mammalGrid.mam","D05","STEI","STEI_012","2017-09-13","2017-09-13","NEON.DOC.000481vG",,
"7b2bb24e-5f69-4c21-870d-9036c21405c5","afec450b-c9e4-419c-ba88-744db2b64592","STEI_005.mammalGrid.mam","D05","STEI","STEI_005","2017-09-13","2017-09-13","NEON.DOC.000481vG",,
"ab2204c6-6138-4e49-9f86-7e416ccbf5da","2ca46684-0aeb-4938-8251-b690a5388204","STEI_002.mammalGrid.mam","D05","STEI","STEI_002","2017-09-14","2017-09-14","NEON.DOC.000481vG",,
"d3568bb4-7479-4b0e-b884-f655c4494116","d06e402b-9a76-4ee3-bc90-d9fb5860d641","STEI_005.mammalGrid.mam","D05","STEI","STEI_005","2017-09-14","2017-09-14","NEON.DOC.000481vG",,
"3c3b3965-6435-4305-895a-fd5071342bb1","5a9a8306-a9fe-4d79-a7fb-1b81049bd4fb","STEI_012.mammalGrid.mam","D05","STEI","STEI_012","2017-09-14","2017-09-14","NEON.DOC.000481vG",,
"aeb10040-b17c-4f87-a625-4e2af65050fe","92ab478a-6c0c-4ff1-be63-cf5dbf01a95b","STEI_012.mammalGrid.mam","D05","STEI","STEI_012","2017-09-15","2017-09-15","NEON.DOC.000481vG",,
"fa268151-9b07-4e1d-be6c-b987f5173089","02f75464-3e87-485d-98b3-c963185d5c0e","STEI_002.mammalGrid.mam","D05","STEI","STEI_002","2017-09-15","2017-09-15","NEON.DOC.000481vG",,
"ab0b570b-d6a0-45b8-bc81-c69692380dbd","f5607840-d012-481d-98f0-1e75c7f6baa8","STEI_005.mammalGrid.mam","D05","STEI","STEI_005","2017-09-15","2017-09-15","NEON.DOC.000481vG",,
