uid,nightuid,namedLocation,domainID,siteID,plotID,collectDate,endDate,samplingProtocolVersion,remarks,dataQF
"c1407801-4b45-4bff-aa6f-e7fff2e40a84","5D6E891CF1734B3DA2B7F4029AE6FD1F","BLAN_003.mammalGrid.mam","D02","BLAN","BLAN_003","2016-04-05","2016-04-05","NEON.DOC.000481vG","Low 29 F; windy",
"e224899b-cd4b-45ad-be89-be06065c291e","5F6DBCF982AD41CAB6A6C445E525DC12","BLAN_001.mammalGrid.mam","D02","BLAN","BLAN_001","2016-04-05","2016-04-05","NEON.DOC.000481vG","Low 29 F",
"53caf6c6-d7b5-48e8-9224-7bc1206dd132","3B206208C07B45D8AF298A90CC9FAD48","BLAN_009.mammalGrid.mam","D02","BLAN","BLAN_009","2016-04-05","2016-04-05","NEON.DOC.000481vG","Low 29 F; windy",
"be309834-0ada-435e-a7e8-8c1a2c10bd40","2244541F77A04B2AA7263B985F18F2F5","BLAN_001.mammalGrid.mam","D02","BLAN","BLAN_001","2016-04-06","2016-04-06","NEON.DOC.000481vG","Highly disturbed plot likely raccoon; Low in the 40s",
"e14681c9-cf87-470d-8ec1-0c8ce887b653","8CB328E2E19B4864A73715606B481FDD","BLAN_002.mammalGrid.mam","D02","BLAN","BLAN_002","2016-04-06","2016-04-06","NEON.DOC.000481vG",,
"49847bdb-5c17-42bd-ac41-a5bad03c91e2","F19EC723A4CF4B239E00D540C92EDB42","BLAN_003.mammalGrid.mam","D02","BLAN","BLAN_003","2016-04-06","2016-04-06","NEON.DOC.000481vG",,
"30d8dcb7-b65e-4e2d-9f5f-d57cc4035c35","1EF82C24F4A94960BBA22E259CB6F9E5","BLAN_009.mammalGrid.mam","D02","BLAN","BLAN_009","2016-04-06","2016-04-06","NEON.DOC.000481vG",,
"8da62494-c4a2-4136-8168-5be99dc4bd62","9EB8F5FD7C8F4BE2B058D95231A38730","BLAN_001.mammalGrid.mam","D02","BLAN","BLAN_001","2016-04-07","2016-04-07","NEON.DOC.000481vG","This night was canceled due to very high disturbance rates in previous night",
"bbd3c1f7-d839-48d5-9cba-4d8c6321b9a5","3F7B9D19D18B47AAA0E8E811448CB2F2","BLAN_009.mammalGrid.mam","D02","BLAN","BLAN_009","2016-04-07","2016-04-07","NEON.DOC.000481vG","Heavily disturbed; likely raccoon or skunk",
"9b42ff7e-27c8-45de-8b19-269a8ef8fe38","FB3AB65E2B9F4E9EB7A336EDB218D6FB","BLAN_003.mammalGrid.mam","D02","BLAN","BLAN_003","2016-04-07","2016-04-07","NEON.DOC.000481vG",,
