uid,nightuid,namedLocation,domainID,siteID,plotID,collectDate,endDate,samplingProtocolVersion,remarks,dataQF
"115f357a-22b1-4252-8ede-a6638e73a430","6D074DB4D329408FA517EA32C523D6F6","CPER_008.mammalGrid.mam","D10","CPER","CPER_008","2013-07-06","2013-07-06",,"No captures or trap disturbances.",
"ef7adff8-dbc4-422a-a795-498031881195","7AC36C34B00E460CA79377EB512DF327","CPER_009.mammalGrid.mam","D10","CPER","CPER_009","2013-07-06","2013-07-06",,"Cow disturbance.",
"df9dd4db-0a33-4bbc-9f9f-5a6a99078a46","D10221DDAF5342BC8FAAF72469CEE51C","CPER_006.mammalGrid.mam","D10","CPER","CPER_006","2013-07-06","2013-07-06",,,
"a5a751d5-54d1-43cc-8a77-84fdce4403dc","287D2E34A32A4585B9AEB5143EA09EA3","CPER_002.mammalGrid.mam","D10","CPER","CPER_002","2013-07-06","2013-07-06",,"No captures or disturbed traps.",
"c8c6b420-4738-4554-970e-62f09697e4cf","8E210C6750D6460F99811D45D666817A","CPER_008.mammalGrid.mam","D10","CPER","CPER_008","2013-07-07","2013-07-07",,"No captures or disturbed traps.",
"680d969c-8840-495b-a7d4-8612745fa9fc","B0C0EAD41E2C4E68A946844D4C542F96","CPER_006.mammalGrid.mam","D10","CPER","CPER_006","2013-07-07","2013-07-07",,,
"be3be298-c409-4969-ae3c-85614b73f3e6","79452EFD818A459FBE1093F8759DA177","CPER_009.mammalGrid.mam","D10","CPER","CPER_009","2013-07-07","2013-07-07",,,
"91cfe8fe-bf9f-444c-b123-e6e827def7e0","DEA0E01EE0D845ABBBF77D5A40D973C1","CPER_009.mammalGrid.mam","D10","CPER","CPER_009","2013-07-07","2013-07-07",,,
"bafba065-191a-47ac-be9c-8110d355970d","6986F335555140F2BA8B19C34093302C","CPER_002.mammalGrid.mam","D10","CPER","CPER_002","2013-07-07","2013-07-07",,"No captures or disturbed traps.",
"037db319-a0ac-4b70-93e9-2eba78ce9ff4","E232747D52834239A64B86F86D665944","CPER_009.mammalGrid.mam","D10","CPER","CPER_009","2013-07-08","2013-07-08",,,
"8f6a45d8-feb2-4fbb-8933-681f0dae7f32","D2D62E562C9B4F60BD068284A5AB6E51","CPER_008.mammalGrid.mam","D10","CPER","CPER_008","2013-07-08","2013-07-08",,,
"cc42806a-828a-4424-9648-82c71a8c9727","2DD4C3586EDC4EC395C79F18ADD8BAA2","CPER_002.mammalGrid.mam","D10","CPER","CPER_002","2013-07-08","2013-07-08",,"No captures or disturbed traps.",
"3cb3a071-81c9-4240-aed6-1e0376c4ee2b","3D06853EDA0B4F4D81BACDFF26D3DC0D","CPER_006.mammalGrid.mam","D10","CPER","CPER_006","2013-07-08","2013-07-08",,,
"966f54e5-5d8c-406e-9a9c-c8b0baab77ae","F2A9FC878F014483857514A7FFF1D4E1","CPER_015.mammalGrid.mam","D10","CPER","CPER_015","2013-07-08","2013-07-08",,"No captures or disturbed traps.",
"1ff7d5e3-b04b-4623-bbd6-b3641d3f9ada","A81E7673711849E8897024DC080F4135","CPER_011.mammalGrid.mam","D10","CPER","CPER_011","2013-07-09","2013-07-09",,"No captures or disturbed traps.",
"01565eaf-0a3e-4134-a858-016076a58b47","24FC3A21C3554BD68E14FB22C9525569","CPER_004.mammalGrid.mam","D10","CPER","CPER_004","2013-07-09","2013-07-09",,"Trap line F not set.",
"e89c7374-6091-4418-932c-2c247bd9875b","0FF958090F5D45B2BC3B3BA809499211","CPER_005.mammalGrid.mam","D10","CPER","CPER_005","2013-07-09","2013-07-09",,"No captures or disturbed traps.",
"653fd768-e259-4f4d-9dc2-bf528cc23eae","B21657E220C344F4A2DAB337FE9E48F1","CPER_015.mammalGrid.mam","D10","CPER","CPER_015","2013-07-10","2013-07-10",,"No captures or disturbed traps.",
"2774c2b1-d15a-4051-bf47-703a2e966d7a","79ED2C71533C4FB5B7FC82DF038B35B2","CPER_005.mammalGrid.mam","D10","CPER","CPER_005","2013-07-10","2013-07-10",,"No captures or trap disturbances.",
"df8a2173-38c7-42ae-afdc-b71f6fe25f02","17B46C99C47141E2ABE4DCE7B3A83FE2","CPER_004.mammalGrid.mam","D10","CPER","CPER_004","2013-07-10","2013-07-10",,,
"624484b4-4188-4f8a-bfd0-69bbee64b472","5FEBDF124DEA43AD8546E2C31CD79690","CPER_011.mammalGrid.mam","D10","CPER","CPER_011","2013-07-10","2013-07-10",,"No captures or disturbed traps.",
"3888aacb-f170-4cca-b487-37a3446c4c55","2CCFB7D2F3344188A009F15ABC0E4835","CPER_004.mammalGrid.mam","D10","CPER","CPER_004","2013-07-11","2013-07-11",,,
"4548964b-16d3-4773-854a-9bf6ef1a4ef3","83F9D8B46B6E47DE8ABC47E0407987A5","CPER_011.mammalGrid.mam","D10","CPER","CPER_011","2013-07-11","2013-07-11",,,
"328f7417-1a65-4383-a515-e59a23213810","627CC7696C234AF689EE38FA794CBEDF","CPER_015.mammalGrid.mam","D10","CPER","CPER_015","2013-07-11","2013-07-11",,,
"b49f61e2-050d-4464-8df0-1f227336402d","5E7326C2E26D4ADF99B821E828190EF6","CPER_005.mammalGrid.mam","D10","CPER","CPER_005","2013-07-11","2013-07-11",,"No captures or disturbed traps.",
