uid,nightuid,namedLocation,domainID,siteID,plotID,collectDate,endDate,samplingProtocolVersion,remarks,dataQF
"ca8fe47b-66cd-4cc8-bd3e-fd78a3d10eaf","61AF99D4249041028AE5AC83A2DF3036","HEAL_031.mammalGrid.mam","D19","HEAL","HEAL_031","2015-08-18","2015-08-18","NEON.DOC.000481vG",,
"153662d7-896a-4d01-af00-270e40900deb","7FE1C2A2CAD04907934B112DE3FAE163","HEAL_032.mammalGrid.mam","D19","HEAL","HEAL_032","2015-08-18","2015-08-18",,,
"22121b8b-eef9-4157-a01a-f1c29257e1ba","4B1459F5AEAF4928BAA5B6034EA3F218","HEAL_002.mammalGrid.mam","D19","HEAL","HEAL_002","2015-08-18","2015-08-18",,,
"759877e8-ed6c-48c5-82e6-928bcbe80fd5","5FBA27A527594D2F95D581033F0B7707","HEAL_033.mammalGrid.mam","D19","HEAL","HEAL_033","2015-08-18","2015-08-18",,,
"30f683b8-f9d9-486f-b2d1-92243aa4e2ed","56D65B1591004E1DB4FCA599C468FE50","HEAL_014.mammalGrid.mam","D19","HEAL","HEAL_014","2015-08-18","2015-08-18",,,
"e6721e17-7c26-4e82-867f-18621e30d125","9BB685FD2986472E83BF32830C6078B6","HEAL_031.mammalGrid.mam","D19","HEAL","HEAL_031","2015-08-18","2015-08-18",,,
"6703703a-4a0c-48e7-a3c6-45fed8f9f413","694F0C33F42C4A2C83F57180DDE23F9F","HEAL_002.mammalGrid.mam","D19","HEAL","HEAL_002","2015-08-20","2015-08-20",,,
"4afbb625-bd54-48ba-8ffb-06e893dd5aae","3D17B87676C04562809B54D691675236","HEAL_010.mammalGrid.mam","D19","HEAL","HEAL_010","2015-08-20","2015-08-20",,,
"a9d09c0c-7ea0-43ff-81b9-a66017f5d363","49E27A59B294422AA9FB792C8D696652","HEAL_032.mammalGrid.mam","D19","HEAL","HEAL_032","2015-08-20","2015-08-20",,,
"2b65a2bc-5fc0-4c90-b5c6-12c2fe957db0","7ED50B694ACB48BEA267ADF99C90A81F","HEAL_033.mammalGrid.mam","D19","HEAL","HEAL_033","2015-08-20","2015-08-20",,,
"f4bbab6c-e242-4aed-bec2-3598a151f6c2","E806F97C2B8F47FDA0FF9B59A806BE93","HEAL_034.mammalGrid.mam","D19","HEAL","HEAL_034","2015-08-20","2015-08-20",,,
"5459b41d-64bb-4353-abdb-8f001236a0a1","07AF75F2F6B142999F8961A61A09ECCB","HEAL_016.mammalGrid.mam","D19","HEAL","HEAL_016","2015-08-21","2015-08-21",,,
"a943bcd6-1e5a-4958-98ef-ae67b3cc8e5c","608CD3C214794C6CB58D62FA6035F986","HEAL_033.mammalGrid.mam","D19","HEAL","HEAL_033","2015-08-21","2015-08-21",,,
"3473922d-861a-43f6-8869-1a1b4df3dd4f","80176EAAD9324B8CA1653F39818D31B8","HEAL_032.mammalGrid.mam","D19","HEAL","HEAL_032","2015-08-21","2015-08-21",,,
"fabe1796-bc7b-4129-9def-30b8d6668e26","1D083A2DEA0B4037A0B3125999F9749C","HEAL_002.mammalGrid.mam","D19","HEAL","HEAL_002","2015-08-21","2015-08-21",,,
