uid,nightuid,namedLocation,domainID,siteID,plotID,collectDate,endDate,samplingProtocolVersion,remarks,dataQF
"77a217e5-5302-4730-93d3-b6129d379214","32D67746DB7644B19E342ACA444B31C9","JERC_005.mammalGrid.mam","D03","JERC","JERC_005","2015-08-11","2015-08-11",,,
"70cd1b58-f3dd-4afc-80f9-a1721ca1b320","F6291FD450DE4DB7B95C68E02724F821","JERC_003.mammalGrid.mam","D03","JERC","JERC_003","2015-08-11","2015-08-11",,"14 traps were either disturbed or closed and empty - may be problem with traps closing",
"36ef1c73-92f3-4021-b96a-c64e2e352345","E804C13D06C5434898B8BBB141DDFB75","JERC_009.mammalGrid.mam","D03","JERC","JERC_009","2015-08-11","2015-08-11",,,
"210de849-6dff-40f5-9940-01a94111cad5","E11FD9E890324320B3DA7CAE97849675","JERC_019.mammalGrid.mam","D03","JERC","JERC_019","2015-08-11","2015-08-11",,,
"d1a91a42-6773-4d6f-8d74-4b36f1ad617c","11319EA0A2D64FA4806D6108CA4420B7","JERC_003.mammalGrid.mam","D03","JERC","JERC_003","2015-08-12","2015-08-12",,,
"597dd409-8271-49f8-90d4-9f99dce351d3","2C87BE58D0D6422F8803DE299FAF6A41","JERC_005.mammalGrid.mam","D03","JERC","JERC_005","2015-08-12","2015-08-12",,,
"fc816892-438f-41be-a121-750fbc812a23","DB513AA0E31147F8B762CEC6A1C2B59C","JERC_006.mammalGrid.mam","D03","JERC","JERC_006","2015-08-12","2015-08-12",,"mice are getting smarter or traps are getting worse ; capture at H9 escaped and taxon was not identified",
"e9fb8309-c55d-46a2-b07b-cf919eae6560","E4AC1F2B8F5E4FC1AC7807C2EA14E5FF","JERC_009.mammalGrid.mam","D03","JERC","JERC_009","2015-08-12","2015-08-12",,,
"3b3bb9ff-e09c-4718-bbb1-dda0bef541a5","4834BC0381FA4D1B9D09A38ED8B3046D","JERC_009.mammalGrid.mam","D03","JERC","JERC_009","2015-08-13","2015-08-13",,,
"de3a5459-743d-441b-b660-712ca5d79597","7FFC444A15804AC8B6D33F7B6812F5B6","JERC_005.mammalGrid.mam","D03","JERC","JERC_005","2015-08-13","2015-08-13",,,
"d5b609ae-e4f6-4493-a35a-c16aa8710456","4A7850E6425B402FBA943229C7BE56E4","JERC_003.mammalGrid.mam","D03","JERC","JERC_003","2015-08-13","2015-08-13",,,
