uid,nightuid,namedLocation,domainID,siteID,plotID,collectDate,endDate,samplingProtocolVersion,remarks,dataQF
"73c24a3d-4705-4a63-8a12-00ce4de42e96","27849C288043487BB355B55766741747","OSBS_004.mammalGrid.mam","D03","OSBS","OSBS_004","2016-04-05","2016-04-05","NEON.DOC.000481vG",,
"1a40bf77-7e00-4c88-b305-b9c998469bc3","4BE076D7996846B2A0EA238AEEE312C2","OSBS_012.mammalGrid.mam","D03","OSBS","OSBS_012","2016-04-05","2016-04-05","NEON.DOC.000481vG",,
"ec4af613-77a9-49fe-831f-7cb99ce54e5f","24F9310256B0460EB75CB29B6BD4449B","OSBS_023.mammalGrid.mam","D03","OSBS","OSBS_023","2016-04-05","2016-04-05","NEON.DOC.000481vG",,
"d90db4c4-b5c3-4245-bc26-b9a8c09238df","ABF2ED288C6846B7954641E2E662A5C1","OSBS_003.mammalGrid.mam","D03","OSBS","OSBS_003","2016-04-05","2016-04-05","NEON.DOC.000481vG",,
"8feaa32b-7b0f-47a4-a9c3-e0082bbb9b76","87B229D1E18041FE8345661533F82778","OSBS_023.mammalGrid.mam","D03","OSBS","OSBS_023","2016-04-06","2016-04-06","NEON.DOC.000481vG",,
"d62a8518-7f8c-42f9-95cf-7b0444e2cb4e","BEBCE6EFE1634504B16F242C7822CB5A","OSBS_004.mammalGrid.mam","D03","OSBS","OSBS_004","2016-04-06","2016-04-06","NEON.DOC.000481vG",,
"35836c0e-fe53-403f-bc3d-53e101e46556","E5162D1B06104E379848ECF6EE0BFE53","OSBS_003.mammalGrid.mam","D03","OSBS","OSBS_003","2016-04-06","2016-04-06","NEON.DOC.000481vG",,
"30903258-c1c9-4009-8291-951c9d879715","42124EE390FD4121B5B79FD055127FB6","OSBS_005.mammalGrid.mam","D03","OSBS","OSBS_005","2016-04-06","2016-04-06","NEON.DOC.000481vG",,
"a09284d3-a949-4cb3-91cd-ea9c2314d2a3","702053B416FF479F9E4C81B14EB56B9E","OSBS_004.mammalGrid.mam","D03","OSBS","OSBS_004","2016-04-07","2016-04-07","NEON.DOC.000481vG",,
"85b2bfd6-add2-4184-9cbc-f643f801666f","8F4E583709B34FA687A490D992418B47","OSBS_023.mammalGrid.mam","D03","OSBS","OSBS_023","2016-04-07","2016-04-07","NEON.DOC.000481vG",,
"e92ad5f3-921e-4a92-a870-8b7c1018be3b","70B2BCA01EAA4311901C768712B9C817","OSBS_002.mammalGrid.mam","D03","OSBS","OSBS_002","2016-04-07","2016-04-07","NEON.DOC.000481vG",,
"6932bca1-8916-4248-a5ce-f157674d4e27","CB1149C65856422C99BD29C2B71E4C56","OSBS_003.mammalGrid.mam","D03","OSBS","OSBS_003","2016-04-07","2016-04-07","NEON.DOC.000481vG",,
