uid,nightuid,namedLocation,domainID,siteID,plotID,collectDate,endDate,samplingProtocolVersion,remarks,dataQF
"ef735254-e6b3-4d6d-990f-61374544ef10","505EB447001F469EA0C2546B130703FC","OAES_003.mammalGrid.mam","D11","OAES","OAES_003","2016-06-28","2016-06-28","NEON.DOC.000481vH",,
"7e0e650a-9e58-424a-b76a-91ef7441a569","D208BDA400234BC38F46304481E6418E","OAES_004.mammalGrid.mam","D11","OAES","OAES_004","2016-06-28","2016-06-28","NEON.DOC.000481vH",,
"3994cf64-9675-43b4-b016-81ae164c1ce4","BB9307229D2E4A47A07821AD40B2FEFE","OAES_029.mammalGrid.mam","D11","OAES","OAES_029","2016-06-29","2016-06-29","NEON.DOC.000481vH",,
"c2b836ba-31a7-4c04-b914-c9a2c93d03b5","5BF138E79B7B4D39B9784674FA07941F","OAES_002.mammalGrid.mam","D11","OAES","OAES_002","2016-06-29","2016-06-29","NEON.DOC.000481vH",,
"43888b0d-046b-4208-8250-62371ef9b07b","5BD5C0AA22804D538944FD2D757CEE55","OAES_001.mammalGrid.mam","D11","OAES","OAES_001","2016-06-30","2016-06-30","NEON.DOC.000481vH",,
"c8954867-7eff-4497-a124-a228035b798e","5F3CAE8DA7FC4EF6A18A03E36960AC8F","OAES_010.mammalGrid.mam","D11","OAES","OAES_010","2016-06-30","2016-06-30","NEON.DOC.000481vH",,
