uid,nightuid,namedLocation,domainID,siteID,plotID,collectDate,endDate,samplingProtocolVersion,remarks,dataQF
"a11e6885-e118-4d5d-83d2-68a942763dac","16ABE97E88AE41AFBECFA02F04C4DB7E","SJER_013.mammalGrid.mam","D17","SJER","SJER_013","2016-10-25","2016-10-25","NEON.DOC.000481vH",,
"44886a0b-e868-4cbc-b6d9-6abc33760df4","19EEE9C6A66043FFAC73609E96AED809","SJER_010.mammalGrid.mam","D17","SJER","SJER_010","2016-10-25","2016-10-25","NEON.DOC.000481vH",,
"d7bbd5c1-4761-4001-9cbf-2ed9037dba0a","0B8C0E4BA2894738802E69E1F1AD7DE7","SJER_032.mammalGrid.mam","D17","SJER","SJER_032","2016-10-25","2016-10-25","NEON.DOC.000481vH",,
"3ccc6ba6-8fa3-4621-9323-ab316d27209b","481FD5E8C58945589EA7A1863D2BB48D","SJER_002.mammalGrid.mam","D17","SJER","SJER_002","2016-10-26","2016-10-26","NEON.DOC.000481vH",,
"1eb9f67e-5ba3-49f9-9b2a-72ab75323a22","AB17A9EF93E246C29EAD59A9E64D15B0","SJER_033.mammalGrid.mam","D17","SJER","SJER_033","2016-10-26","2016-10-26","NEON.DOC.000481vH",,
"40eca921-19f0-46a0-8492-0eee712443f2","172BC26912FA4D349C76B1D5CB4EFF4B","SJER_032.mammalGrid.mam","D17","SJER","SJER_032","2016-10-26","2016-10-26","NEON.DOC.000481vH",,
"71292261-aa85-4487-9a01-3dd7f487c1ec","5EE6FD6F8BC74566B83825B13A25CBD4","SJER_009.mammalGrid.mam","D17","SJER","SJER_009","2016-10-26","2016-10-26","NEON.DOC.000481vH",,
"aec4988e-62b5-4085-81f5-d175983ecf4f","53D2F9BAB5F04762AE73FF3524FD77E6","SJER_033.mammalGrid.mam","D17","SJER","SJER_033","2016-10-27","2016-10-27","NEON.DOC.000481vH",,
"2c0a75b8-2df0-458c-8806-5fa39b5b9f25","CE4FED16CB2B481D9052BBAD4CF7DA05","SJER_032.mammalGrid.mam","D17","SJER","SJER_032","2016-10-27","2016-10-27","NEON.DOC.000481vH",,
"37bee492-33fd-4217-a1bc-904bab66bccd","A01ACB1870D747A3B201D4B5490755A1","SJER_007.mammalGrid.mam","D17","SJER","SJER_007","2016-10-27","2016-10-27","NEON.DOC.000481vH",,
"6e7300b1-74e7-49f7-bf0d-e6c343c5f860","EFE0071A385C46CCB2FB4CD74816EDE3","SJER_002.mammalGrid.mam","D17","SJER","SJER_002","2016-10-27","2016-10-27","NEON.DOC.000481vH",,
"283c9989-fc16-4b7a-a1b6-d103821762ad","B89B067E3ABF48548EEC8DA3C8321A26","SJER_002.mammalGrid.mam","D17","SJER","SJER_002","2016-10-28","2016-10-28","NEON.DOC.000481vH",,
"531f2cbe-9b07-40fa-a9bc-4ac5e7479be0","9EB1D2DF7D8A4E6DB087A79D05CA6093","SJER_006.mammalGrid.mam","D17","SJER","SJER_006","2016-10-28","2016-10-28","NEON.DOC.000481vH",,
"485ec766-706c-4199-9ead-8643137cac93","098271071C8F4E2690A23D40909A8719","SJER_033.mammalGrid.mam","D17","SJER","SJER_033","2016-10-28","2016-10-28","NEON.DOC.000481vH",,
