uid,nightuid,namedLocation,domainID,siteID,plotID,collectDate,endDate,samplingProtocolVersion,remarks,dataQF
"8b2758ae-8a53-4d68-b719-2a3b5a4a610a","66F9610B27674C598FB5462018AE98FC","DELA_001.mammalGrid.mam","D08","DELA","DELA_001","2015-10-06","2015-10-06",,,
"da04667d-5769-48cf-8876-e665cddbfea6","45D6D6B9080046EF97225D389AE36559","DELA_007.mammalGrid.mam","D08","DELA","DELA_007","2015-10-06","2015-10-06",,,
"56a5f7ba-e4a8-4fd6-a82f-ea29375d845f","12AC7834487341E194904951AA0D9AAA","DELA_002.mammalGrid.mam","D08","DELA","DELA_002","2015-10-06","2015-10-06",,,
"41002d84-5b13-4599-8c29-b5fbce24cbde","ADB46BF8C7F240AF99B61CFFCF9B5E42","DELA_007.mammalGrid.mam","D08","DELA","DELA_007","2015-10-07","2015-10-07",,,
"9642ee89-2024-4bc7-a2dc-27845b717eca","994E1F5DCCEF404E9DF657F470C8E33F","DELA_001.mammalGrid.mam","D08","DELA","DELA_001","2015-10-07","2015-10-07",,,
"b960183e-0e8c-4a10-80c3-083ee37a5228","C7A44028CEA04C76926D50D949AB4B9D","DELA_002.mammalGrid.mam","D08","DELA","DELA_002","2015-10-07","2015-10-07",,,
"c58af2c6-8bbd-4e63-88a6-e1342cebb4b1","B390EC8D4467425B83CA2451C57AE0D6","DELA_001.mammalGrid.mam","D08","DELA","DELA_001","2015-10-08","2015-10-08",,,
"c3430ec5-0f3f-4fa4-bec0-3784a8984d5c","25C887FE66BC4B96A398808CFEE79307","DELA_007.mammalGrid.mam","D08","DELA","DELA_007","2015-10-08","2015-10-08",,,
"882280d8-e509-4679-b22b-c87118c0c716","C6D6B9F56A2F44E6A5EAC6EFCCE83E50","DELA_002.mammalGrid.mam","D08","DELA","DELA_002","2015-10-08","2015-10-08",,,
