uid,nightuid,namedLocation,domainID,siteID,plotID,collectDate,endDate,samplingProtocolVersion,remarks,dataQF
"8a63bf69-b4a2-44f1-9cb3-e30292b53283","C8BFA14FCCE04FB7ABEC4DD9E779E28F","GUAN_025.mammalGrid.mam","D04","GUAN","GUAN_025","2016-11-29","2016-11-29","NEON.DOC.000481vH",,
"d3f3bccb-81a9-4066-8a7d-dae68a384750","7FC66A251D374D0C83CC1B092082F7D3","GUAN_007.mammalGrid.mam","D04","GUAN","GUAN_007","2016-11-29","2016-11-29","NEON.DOC.000481vH",,
"10f22d8c-4201-4824-b2db-dd40ad41436a","B078E6705AEC4610A8CEF4C56A6E6F39","GUAN_003.mammalGrid.mam","D04","GUAN","GUAN_003","2016-11-29","2016-11-29","NEON.DOC.000481vH",,
"a2708d28-ab7c-46f4-822e-287a969f6e7b","A4A6CFF881864F57B176AE50C1B9665B","GUAN_003.mammalGrid.mam","D04","GUAN","GUAN_003","2016-11-30","2016-11-30","NEON.DOC.000481vH",,
"0dcc53ba-e53c-40a7-8161-289b75d4b4d1","4AAE7E29A5724EBFB03D1DAB593B519A","GUAN_007.mammalGrid.mam","D04","GUAN","GUAN_007","2016-11-30","2016-11-30","NEON.DOC.000481vH","No captures in this plot",
"a5691b4f-5372-4625-a69e-ecd2f3be9aed","475087418BA045FE9BA2B2D0CACD1733","GUAN_025.mammalGrid.mam","D04","GUAN","GUAN_025","2016-11-30","2016-11-30","NEON.DOC.000481vH","No captures in this plot",
