uid,nightuid,namedLocation,domainID,siteID,plotID,collectDate,endDate,samplingProtocolVersion,remarks,dataQF
"231c5d79-b404-43fb-b562-b6f8ccbd8a3d","b719fd5b-f46a-4772-91ed-ab71a5b710a0","ORNL_039.mammalGrid.mam","D07","ORNL","ORNL_039","2017-06-20","2017-06-20","NEON.DOC.000481vJ",,
"b0a419a3-76ce-40f6-9908-a763370215e3","9942e990-9aab-4d79-a823-cdfb575c83e7","ORNL_027.mammalGrid.mam","D07","ORNL","ORNL_027","2017-06-20","2017-06-20","NEON.DOC.000481vJ",,
"36dad009-63a3-481d-9272-d88d214ebc0a","fdd05373-ee10-46df-8421-924adc37c0f3","ORNL_007.mammalGrid.mam","D07","ORNL","ORNL_007","2017-06-20","2017-06-20","NEON.DOC.000481vJ",,
"f1f3396f-02ac-4cc6-997a-009745f8c6bc","9739e32a-933a-4c1e-8403-59d22c4c13fc","ORNL_001.mammalGrid.mam","D07","ORNL","ORNL_001","2017-06-21","2017-06-21","NEON.DOC.000481vJ",,
"9fc44d15-2c9a-4f0f-bb34-fe3f315c7211","b0dfe1b0-8c2c-46e7-b32e-b403b948491c","ORNL_002.mammalGrid.mam","D07","ORNL","ORNL_002","2017-06-21","2017-06-21","NEON.DOC.000481vJ",,
"85009d90-92fa-4110-9e08-25aa577568e2","435bf119-c2e7-4b93-8af2-84e88d312ea8","ORNL_003.mammalGrid.mam","D07","ORNL","ORNL_003","2017-06-21","2017-06-21","NEON.DOC.000481vJ",,
"ea89ac21-e154-4218-866a-fce80fcfc822","4cce0039-d259-4615-bd11-d5224f9b4fb6","ORNL_001.mammalGrid.mam","D07","ORNL","ORNL_001","2017-06-22","2017-06-22","NEON.DOC.000481vJ",,
"a53e0489-c5f9-4a39-94c3-b75d23260512","f231d92f-5a00-4287-8010-41b46a616dc9","ORNL_002.mammalGrid.mam","D07","ORNL","ORNL_002","2017-06-22","2017-06-22","NEON.DOC.000481vJ",,
"6885961b-4c24-4bd4-aa5f-508ae3ebd406","468b2cb6-9117-4e60-97d4-4283201bb62f","ORNL_003.mammalGrid.mam","D07","ORNL","ORNL_003","2017-06-22","2017-06-22","NEON.DOC.000481vJ",,
"372cbc3f-6ff7-496c-a3f7-eed3760deb0d","1dbe482e-b4d5-4669-afaa-29719547b057","ORNL_003.mammalGrid.mam","D07","ORNL","ORNL_003","2017-06-23","2017-06-23","NEON.DOC.000481vH",,
"ad10b21c-6c67-4cfb-a7e6-7edf96bbc371","b7e0766d-c10a-4ed4-8f32-db65d04ab90c","ORNL_002.mammalGrid.mam","D07","ORNL","ORNL_002","2017-06-23","2017-06-23","NEON.DOC.000481vH",,
"b49f0374-6a2c-4b65-96b3-3d7afa4c605e","74b61437-929e-4015-b17e-c478a8c2705d","ORNL_001.mammalGrid.mam","D07","ORNL","ORNL_001","2017-06-23","2017-06-23","NEON.DOC.000481vJ",,
