uid,nightuid,namedLocation,domainID,siteID,plotID,collectDate,endDate,samplingProtocolVersion,remarks,dataQF
"bccda507-8ff6-46a9-a3e8-3572e7484fb2","4B707B2B9A1E4213A23AD53C5DD681FB","SRER_007.mammalGrid.mam","D14","SRER","SRER_007","2016-06-28","2016-06-28","NEON.DOC.000481vH",,
"bf485646-a41b-478b-a730-61aea8ebda1a","C18792888E03432EA3D6EF74EA8D9245","SRER_012.mammalGrid.mam","D14","SRER","SRER_012","2016-06-28","2016-06-28","NEON.DOC.000481vH",,
"e12cc0e4-a7f0-437d-bcce-0abe09bee55f","C2601BAC70A24D54A4A9078EC4323AFC","SRER_007.mammalGrid.mam","D14","SRER","SRER_007","2016-06-29","2016-06-29","NEON.DOC.000481vH",,
"35f3f079-ef53-409c-b1a2-56c2939f8649","1FDC5DEAC4664218B3F796702CFB81CB","SRER_012.mammalGrid.mam","D14","SRER","SRER_012","2016-06-29","2016-06-29","NEON.DOC.000481vH",,
"139d9549-6f35-4303-b21e-4e7b3a8f8bb0","430513C9C53D46FBACA262CDC1D69573","SRER_012.mammalGrid.mam","D14","SRER","SRER_012","2016-06-30","2016-06-30","NEON.DOC.000481vH",,
"ed3ef00a-79f1-4ba0-82bf-b1d50b1491d3","A031B404B33541A2B30A1832D4B923BB","SRER_007.mammalGrid.mam","D14","SRER","SRER_007","2016-06-30","2016-06-30","NEON.DOC.000481vH",,
"bb9e0452-2af7-4aa7-8d1f-1dbc11ef1d1b","2CB7A3744E23496493AD1CB04E83E121","SRER_002.mammalGrid.mam","D14","SRER","SRER_002","2016-06-30","2016-06-30","NEON.DOC.000481vH","Limited samples taken due to time constraints",
