uid,nightuid,namedLocation,domainID,siteID,plotID,collectDate,endDate,samplingProtocolVersion,remarks,dataQF
"a5f41f88-2616-45ca-a227-925f04c9613e","9370A0FADC4B4CCC91014261FBDAFEAE","OSBS_002.mammalGrid.mam","D03","OSBS","OSBS_002","2016-08-09","2016-08-09","NEON.DOC.000481vH",,
"5a2f1c48-c91b-4060-8a70-c6b20ad24574","6DFA41D369E640C59A65A9B649250145","OSBS_004.mammalGrid.mam","D03","OSBS","OSBS_004","2016-08-09","2016-08-09","NEON.DOC.000481vH",,
"46d58265-cc59-4d17-8443-37f8a695c906","C92877E68B2A4D6FB7C4D6723B818CB4","OSBS_003.mammalGrid.mam","D03","OSBS","OSBS_003","2016-08-09","2016-08-09","NEON.DOC.000481vH",,
"54ebad33-6c12-47ab-96a2-03ca2a7df9d6","90DB92805A2C4FB29B4135ACDC2402CC","OSBS_023.mammalGrid.mam","D03","OSBS","OSBS_023","2016-08-09","2016-08-09","NEON.DOC.000481vH",,
"7a2e654b-023b-45e7-bf5e-83f6769949e0","5CC0CE78D02546C29CF14EB09AA3D7C3","OSBS_023.mammalGrid.mam","D03","OSBS","OSBS_023","2016-08-10","2016-08-10","NEON.DOC.000481vH",,
"5de2cd08-be31-45c9-a254-dc00c16cb996","6D8CC9695D274B78B14D83A944E7AD7D","OSBS_012.mammalGrid.mam","D03","OSBS","OSBS_012","2016-08-10","2016-08-10","NEON.DOC.000481vH",,
"a8a36d3e-2ccb-472e-ac83-c5f6c1c81ef9","F5117900C7604E3498B9FD193D415456","OSBS_004.mammalGrid.mam","D03","OSBS","OSBS_004","2016-08-10","2016-08-10","NEON.DOC.000481vH",,
"2ca90aa7-db92-48b2-8aef-162f5666392e","9F7E9D953E034D2FA40079077E2726FA","OSBS_003.mammalGrid.mam","D03","OSBS","OSBS_003","2016-08-10","2016-08-10","NEON.DOC.000481vH",,
"411c5249-8a21-4156-96c0-512da958873f","7809CDE46847444480A001833ECE4DC9","OSBS_003.mammalGrid.mam","D03","OSBS","OSBS_003","2016-08-11","2016-08-11","NEON.DOC.000481vH",,
"feade03b-88b3-48d6-9f75-d9320b9a9f15","6C085AF66579481C991A9211984C6F87","OSBS_005.mammalGrid.mam","D03","OSBS","OSBS_005","2016-08-11","2016-08-11","NEON.DOC.000481vH",,
"84cf1ec8-7028-46de-940c-f044c2bfbca3","E2474A59BB54440CAF6791152ABE7FEF","OSBS_023.mammalGrid.mam","D03","OSBS","OSBS_023","2016-08-11","2016-08-11","NEON.DOC.000481vH",,
"07d33ffa-4070-4af8-8f41-44c0b2a9efe6","296933ADA39E409CADA0D3EC54B5082C","OSBS_004.mammalGrid.mam","D03","OSBS","OSBS_004","2016-08-11","2016-08-11","NEON.DOC.000481vH",,
