uid,nightuid,namedLocation,domainID,siteID,plotID,collectDate,endDate,samplingProtocolVersion,remarks,dataQF
"f6851b84-8c57-4695-a23d-8e5a048b70ba","351caca7-7541-4450-9c81-8e1230d04e54","TALL_024.mammalGrid.mam","D08","TALL","TALL_024","2018-05-15","2018-05-15","NEON.DOC.000481vK",,
"ed3794d1-6637-43f6-adfd-c1c009bc8623","8420464f-8c40-4f79-a48c-1b41ed0df877","TALL_015.mammalGrid.mam","D08","TALL","TALL_015","2018-05-15","2018-05-15","NEON.DOC.000481vK",,
"6a96f21c-354c-4abd-b938-84d2e3f29582","4ae38281-766b-4ac7-9f22-fb68a0d1096b","TALL_010.mammalGrid.mam","D08","TALL","TALL_010","2018-05-15","2018-05-15","NEON.DOC.000481vK",,
"2db8acb3-2cac-4944-a0b7-18cf15e4872e","9ba1a38b-be36-4654-b222-f494db4bf7a5","TALL_010.mammalGrid.mam","D08","TALL","TALL_010","2018-05-16","2018-05-16","NEON.DOC.000481vK",,
"d3a88db9-96e7-4d77-b936-b70995b68cff","4b06b2e1-24ad-4022-90ed-56c5d288baab","TALL_012.mammalGrid.mam","D08","TALL","TALL_012","2018-05-16","2018-05-16","NEON.DOC.000481vK",,
"b49488b2-b57c-4ed8-9758-0e72b73eb26a","7050e416-c24d-4b4a-ac62-7b566da468d8","TALL_024.mammalGrid.mam","D08","TALL","TALL_024","2018-05-16","2018-05-16","NEON.DOC.000481vK",,
"1be5ffc4-224f-491c-8afa-ad0f978f8815","8323c2a6-f428-4fc3-acf2-4a0671fb66f5","TALL_015.mammalGrid.mam","D08","TALL","TALL_015","2018-05-16","2018-05-16","NEON.DOC.000481vK",,
"ccd2c917-8024-4a02-9976-a09d892113be","b3b234cf-207e-445f-a208-e27ff73e3b0d","TALL_012.mammalGrid.mam","D08","TALL","TALL_012","2018-05-17","2018-05-17","NEON.DOC.000481vK",,
"07f2cd48-45fc-4c6c-a506-16e25eeeb275","f4ff7821-d1d3-4e4e-bc7c-c71b62abdab7","TALL_010.mammalGrid.mam","D08","TALL","TALL_010","2018-05-17","2018-05-17","NEON.DOC.000481vK","Heavy rain closed traps",
"696660a4-dcf1-4b86-94c9-ec4f70644b61","319a3ad1-32f8-4c49-8380-4d050eeece20","TALL_024.mammalGrid.mam","D08","TALL","TALL_024","2018-05-17","2018-05-17","NEON.DOC.000481vK","Heavy rain closed traps",
"af29b9de-64d4-4f3f-84a9-8d2c2c824e81","ba9b3400-c066-43a3-ad65-c9a2bd1d4758","TALL_015.mammalGrid.mam","D08","TALL","TALL_015","2018-05-17","2018-05-17","NEON.DOC.000481vK",,
"349498c9-a20a-492b-a968-7351cb2efd69","79d0c121-30dc-4f4d-b304-f55c7e31ac4b","TALL_013.mammalGrid.mam","D08","TALL","TALL_013","2018-05-18","2018-05-18","NEON.DOC.000481vK",,
"8c2057d2-d485-48db-b375-12c5dad4a386","2729ad83-ab17-409a-8a71-2e4d0c8e1efc","TALL_006.mammalGrid.mam","D08","TALL","TALL_006","2018-05-18","2018-05-18","NEON.DOC.000481vK",,
"6791da5b-d976-44a8-8b43-589a67a6fa98","a7d89f93-9235-473a-8dee-538e09f1caa4","TALL_031.mammalGrid.mam","D08","TALL","TALL_031","2018-05-18","2018-05-18","NEON.DOC.000481vK",,
"9f865b6b-0eb3-4339-ad90-8cc1ac1499dd","2558c696-1a0a-4a6f-a80b-19711b8e6f22","TALL_012.mammalGrid.mam","D08","TALL","TALL_012","2018-05-18","2018-05-18","NEON.DOC.000481vK",,
"1a3ac82c-1b07-45f8-ab21-f3710155ae80","857a7be4-6cc0-4dee-b858-142128b1ee2a","TALL_005.mammalGrid.mam","D08","TALL","TALL_005","2018-05-18","2018-05-18","NEON.DOC.000481vK",,
