uid,nightuid,namedLocation,domainID,siteID,plotID,collectDate,endDate,samplingProtocolVersion,remarks,dataQF
"6040f486-224e-4eb7-ae7e-0ee85868da7e","ab2198cb-0c62-4812-997d-23485f0d281d","CLBJ_040.mammalGrid.mam","D11","CLBJ","CLBJ_040","2018-05-15","2018-05-15","NEON.DOC.000481vK",,
"9be0cf6c-4e46-4535-be44-b2b861b0a9e1","35fe7f67-0290-4d6e-b494-1646f45ba40a","CLBJ_041.mammalGrid.mam","D11","CLBJ","CLBJ_041","2018-05-15","2018-05-15","NEON.DOC.000481vK",,
"917cc282-8521-4904-9770-ec719c64a501","11e6b3cb-4c93-4b07-bdfc-09e674e7ece8","CLBJ_033.mammalGrid.mam","D11","CLBJ","CLBJ_033","2018-05-15","2018-05-15","NEON.DOC.000481vK",,
"594f1f18-6446-4667-828f-989dd32fe929","044825bc-4478-467e-832b-a6ef35f3b411","CLBJ_057.mammalGrid.mam","D11","CLBJ","CLBJ_057","2018-05-15","2018-05-15","NEON.DOC.000481vK",,
"4a382937-3d38-4f8b-8c08-3d3a6ae4a106","e6974865-2f58-4956-9321-af5988d69702","CLBJ_041.mammalGrid.mam","D11","CLBJ","CLBJ_041","2018-05-16","2018-05-16","NEON.DOC.000481vK",,
"f1b1db55-2671-496f-a0db-10281f73a494","249b2372-55f3-4cd7-a2c8-033e3988b831","CLBJ_042.mammalGrid.mam","D11","CLBJ","CLBJ_042","2018-05-16","2018-05-16","NEON.DOC.000481vK",,
"2566e79a-13ae-4ffb-a58b-eab198c9bb9d","320733c6-f2d9-49da-9f12-e4d428fc7372","CLBJ_033.mammalGrid.mam","D11","CLBJ","CLBJ_033","2018-05-16","2018-05-16","NEON.DOC.000481vK",,
"a1706949-20e7-4070-aa94-dd2fe94f7123","96d4c9ac-2ffa-4082-9ee3-729dac8f8086","CLBJ_033.mammalGrid.mam","D11","CLBJ","CLBJ_033","2018-05-17","2018-05-17","NEON.DOC.000481vK",,
"805fb35a-73de-4915-9774-8ea343411201","14d3daad-c35b-43d0-9555-04765b92dc7d","CLBJ_041.mammalGrid.mam","D11","CLBJ","CLBJ_041","2018-05-17","2018-05-17","NEON.DOC.000481vK",,
"2e40ed33-bc7c-4854-b52f-82eba43fb5d1","f520b5dc-18e7-43f1-bbe1-001002ffe71b","CLBJ_042.mammalGrid.mam","D11","CLBJ","CLBJ_042","2018-05-17","2018-05-17","NEON.DOC.000481vK",,
"48f4c4e3-40e5-4bf2-a30b-fc72c4575702","74aa8f52-6828-4328-a990-c930b71411cf","CLBJ_042.mammalGrid.mam","D11","CLBJ","CLBJ_042","2018-05-18","2018-05-18","NEON.DOC.000481vK",,
"b0ec8555-f0f4-4d41-b343-0a79f5a5f07e","79164f53-61e2-42b0-b7b4-e2fdfcf505b1","CLBJ_037.mammalGrid.mam","D11","CLBJ","CLBJ_037","2018-05-18","2018-05-18","NEON.DOC.000481vK",,
"93abecc9-6aea-4d6f-a1fc-3475dc04f480","ea048039-0242-4ba4-ac81-c4b7d6c58cf9","CLBJ_034.mammalGrid.mam","D11","CLBJ","CLBJ_034","2018-05-18","2018-05-18","NEON.DOC.000481vK",,
"3da01bd4-19fb-458c-a303-c7ccd0468c8d","f5e76532-eddc-4643-8db1-1d7ea104dc81","CLBJ_039.mammalGrid.mam","D11","CLBJ","CLBJ_039","2018-05-18","2018-05-18","NEON.DOC.000481vK",,
