uid,nightuid,namedLocation,domainID,siteID,plotID,collectDate,endDate,samplingProtocolVersion,remarks,dataQF
"ade8f3e6-1d05-4037-b2de-5a6ddf33bdec","07cc44cf-c013-4933-b032-5a004fb15ab4","TOOL_076.mammalGrid.mam","D18","TOOL","TOOL_076","2018-08-21","2018-08-21","NEON.DOC.000481vK",,
"8a4aeaa4-d30f-4323-a11f-469b099383e0","16e38087-0ad3-467c-8ba8-744366de1022","TOOL_073.mammalGrid.mam","D18","TOOL","TOOL_073","2018-08-21","2018-08-21","NEON.DOC.000481vK",,
"3d7666fa-2bf0-47d5-b516-b4bd6ca1b2d0","5c4903db-1e0d-4dee-b43c-a06624673c4e","TOOL_078.mammalGrid.mam","D18","TOOL","TOOL_078","2018-08-21","2018-08-21","NEON.DOC.000481vK",,
"0d883254-d938-458b-8ecd-c111a2ba9852","02d54d31-e9db-4593-8c11-c64fd3f6a3a4","TOOL_031.mammalGrid.mam","D18","TOOL","TOOL_031","2018-08-22","2018-08-22","NEON.DOC.000481vK",,
"1b84d946-7bbb-4398-a3d6-eac2710dfc11","9d7e9875-3f3a-4065-83f9-981dbcd6adb7","TOOL_073.mammalGrid.mam","D18","TOOL","TOOL_073","2018-08-22","2018-08-22","NEON.DOC.000481vK",,
"3dbb2f19-36f4-4521-a930-62231a35a514","5bbecfa3-0705-494f-9379-1f28701765a9","TOOL_071.mammalGrid.mam","D18","TOOL","TOOL_071","2018-08-22","2018-08-22","NEON.DOC.000481vK",,
"0a8b8094-4648-40d8-b248-7bcd1f6616ca","c1e57dae-203f-4457-ba5a-9c6ed61c80a3","TOOL_078.mammalGrid.mam","D18","TOOL","TOOL_078","2018-08-22","2018-08-22","NEON.DOC.000481vK",,
"35173d0e-5146-4cdf-bd4a-e707e9dc3a5e","03e00d34-d688-43f0-80d3-1252af6c55d6","TOOL_077.mammalGrid.mam","D18","TOOL","TOOL_077","2018-08-23","2018-08-23","NEON.DOC.000481vK",,
"b1862f27-3c35-44f5-8bf1-31702dcedee5","0b8acfc3-8c8c-4ed8-8756-e21034760141","TOOL_073.mammalGrid.mam","D18","TOOL","TOOL_073","2018-08-23","2018-08-23","NEON.DOC.000481vK",,
"5765b279-adbd-4208-a578-e8b22e9084ff","502a0674-4bef-41b2-9322-8cae328ee093","TOOL_076.mammalGrid.mam","D18","TOOL","TOOL_076","2018-08-23","2018-08-23","NEON.DOC.000481vK",,
"5a0dc716-8b15-4f8d-a8e9-31c587cc71cf","34a62310-6f8d-4ec7-8fcd-409cf5fb7958","TOOL_002.mammalGrid.mam","D18","TOOL","TOOL_002","2018-08-23","2018-08-23","NEON.DOC.000481vK",,
"c402dc3f-5507-4bcb-ada2-2b6f6b749413","59f09536-fde7-499e-bf31-a51092afd36e","TOOL_078.mammalGrid.mam","D18","TOOL","TOOL_078","2018-08-23","2018-08-23","NEON.DOC.000481vK","High disturbance likely due to arctic ground squirrels",
"ad696fe7-3f34-4250-8b2f-f16698766969","3f3f6832-c370-4183-9cc5-daff79371127","TOOL_007.mammalGrid.mam","D18","TOOL","TOOL_007","2018-08-23","2018-08-23","NEON.DOC.000481vK",,
