uid,nightuid,namedLocation,domainID,siteID,plotID,collectDate,endDate,samplingProtocolVersion,remarks,dataQF
"6dbe65bc-a77a-4e30-9689-f23c49048e6c","943cb592-af29-4498-a53e-7152491f5c1d","SJER_033.mammalGrid.mam","D17","SJER","SJER_033","2018-03-13","2018-03-13","NEON.DOC.000481vK",,
"10ba79a0-aa2d-4611-b220-45680f5e407e","9410ce3c-0340-49e9-94bc-f5b57cce51b7","SJER_032.mammalGrid.mam","D17","SJER","SJER_032","2018-03-13","2018-03-13","NEON.DOC.000481vK",,
"a64a7f5b-adac-4887-beaf-e4d84a11f58d","698d844b-5842-477e-8593-b3dcc4bb1f1a","SJER_013.mammalGrid.mam","D17","SJER","SJER_013","2018-03-13","2018-03-13","NEON.DOC.000481vK",,
"cde68a44-00d7-4901-aaad-b63ceebcf324","7d18fdc7-68ad-4369-baa8-cca4ac65c22d","SJER_033.mammalGrid.mam","D17","SJER","SJER_033","2018-03-14","2018-03-14","NEON.DOC.000481vK",,
"9c9ecd43-b90f-4a24-b253-72a47eb72940","2d933105-bafe-4593-ae44-63f5ef58e11a","SJER_032.mammalGrid.mam","D17","SJER","SJER_032","2018-03-14","2018-03-14","NEON.DOC.000481vK",,
"14ed0b4b-2cb4-47a8-bc51-497c49cdd1f0","5c358fa8-412f-4a25-8fff-5c305d0ffe99","SJER_007.mammalGrid.mam","D17","SJER","SJER_007","2018-03-14","2018-03-14","NEON.DOC.000481vK",,
"45729110-b3e5-4405-8a56-026aba98c3cf","bac47ab2-c146-4d79-977e-4065cc939632","SJER_006.mammalGrid.mam","D17","SJER","SJER_006","2018-03-14","2018-03-14","NEON.DOC.000481vK",,
"c5e5bc3d-5584-41de-8bac-bf2746a39c99","476bc44d-0e13-4576-ad72-c496177dac68","SJER_032.mammalGrid.mam","D17","SJER","SJER_032","2018-03-15","2018-03-15","NEON.DOC.000481vK",,
"b74a65b3-5268-4b84-a425-e1314c775f21","7bf25a27-05e1-43f9-8c05-657e3a6a2c98","SJER_033.mammalGrid.mam","D17","SJER","SJER_033","2018-03-15","2018-03-15","NEON.DOC.000481vK",,
"34281405-6cb2-4754-ac3a-0b7adcaee038","cf9de5ee-0b1c-4189-bb72-7c10bded599e","SJER_006.mammalGrid.mam","D17","SJER","SJER_006","2018-03-15","2018-03-15","NEON.DOC.000481vK","Additional data measured and recorded by eartz and hbull and rrobinson and jschnebelen",
"b295d7bd-24ab-4758-ac22-49df531ee673","887a9a70-6c6f-4dd3-ba95-9c65a05ce982","SJER_002.mammalGrid.mam","D17","SJER","SJER_002","2018-03-15","2018-03-15","NEON.DOC.000481vK",,
"dd26f12a-9697-466b-903d-5fc6da7b3f35","26cc41fd-7b39-4a7b-993e-9f50956cc0a0","SJER_009.mammalGrid.mam","D17","SJER","SJER_009","2018-03-16","2018-03-16","NEON.DOC.000481vK",,
"21801ed2-dbca-4b5a-a100-0e620ba1dec3","85f1cad9-f59a-48ea-b10a-5c54f91c861b","SJER_010.mammalGrid.mam","D17","SJER","SJER_010","2018-03-16","2018-03-16","NEON.DOC.000481vK",,
"190c1f84-bae9-4ab5-9817-1059afddc6f3","e547e4ad-8415-48ca-af1d-a4f006cffaa2","SJER_006.mammalGrid.mam","D17","SJER","SJER_006","2018-03-16","2018-03-16","NEON.DOC.000481vK",,
