uid,nightuid,namedLocation,domainID,siteID,plotID,collectDate,endDate,samplingProtocolVersion,remarks,dataQF
"86888566-606e-460a-a7f8-e4b6c0bdf9ff","c9e95996-b1ff-4e82-82f6-4df43ea00e93","BARR_044.mammalGrid.mam","D18","BARR","BARR_044","2018-08-20","2018-08-20","NEON.DOC.000481vK",,
"730ef506-171b-44f9-9fe7-bdd2efefeeae","95c20830-2cf8-4c15-90b7-45f332b7a210","BARR_083.mammalGrid.mam","D18","BARR","BARR_083","2018-08-20","2018-08-20","NEON.DOC.000481vK",,
"355c8af2-7d4c-430d-9849-a7815b772e28","8eb8afc8-492c-4cf8-bdf6-e7093e4916fc","BARR_036.mammalGrid.mam","D18","BARR","BARR_036","2018-08-20","2018-08-20","NEON.DOC.000481vK","Many traps not set due to standing water",
"c54e8184-3ef6-4ab2-8a2f-412aac805705","892dc43f-5adc-452b-bdf9-42cd2377b49a","BARR_030.mammalGrid.mam","D18","BARR","BARR_030","2018-08-20","2018-08-20","NEON.DOC.000481vK","Standing water in plot. Several traps not set",
"3fe3b46c-bbcc-43b1-bb87-729b42a2b02b","b3796b12-9fca-41d1-9ed9-0d3571f48599","BARR_084.mammalGrid.mam","D18","BARR","BARR_084","2018-08-21","2018-08-21","NEON.DOC.000481vK",,
"8e3013c8-8820-4ec7-a986-25cb9556ea01","18b6def6-1551-40ef-93dd-c8c3573aa32f","BARR_044.mammalGrid.mam","D18","BARR","BARR_044","2018-08-21","2018-08-21","NEON.DOC.000481vK",,
"4f348222-9b46-4d70-91d0-1cbf9fb1deab","fc474475-b0bb-46ef-8953-0ceff7393a5d","BARR_036.mammalGrid.mam","D18","BARR","BARR_036","2018-08-21","2018-08-21","NEON.DOC.000481vK","Many traps not set due to standing water",
"2a5a0ad1-23d6-4d2e-9680-766c5286d7e6","1185c491-cc77-4ef1-a294-14f8faa382b4","BARR_083.mammalGrid.mam","D18","BARR","BARR_083","2018-08-21","2018-08-21","NEON.DOC.000481vK",,
"49d7c8f2-69dc-4fa6-ab28-34eb847ef3bb","77df5429-375d-4b39-99b1-cf7709241f52","BARR_044.mammalGrid.mam","D18","BARR","BARR_044","2018-08-23","2018-08-23","NEON.DOC.000481vK",,
"ff3165b5-16f0-464a-b09c-7c8daa03e895","79e819b5-7c55-46db-ae6c-1c91dcef717a","BARR_037.mammalGrid.mam","D18","BARR","BARR_037","2018-08-23","2018-08-23","NEON.DOC.000481vK",,
"ead1f871-f2a4-4458-8dd7-ee8ea1dd6499","7e8295fd-4056-430b-8a25-417ce4fde2ee","BARR_083.mammalGrid.mam","D18","BARR","BARR_083","2018-08-23","2018-08-23","NEON.DOC.000481vK",,
"9b2719fb-c36c-46ab-b4c0-1b8b5ee28306","8d272bb9-fe19-4cbd-bea8-71f69e3ca316","BARR_036.mammalGrid.mam","D18","BARR","BARR_036","2018-08-23","2018-08-23","NEON.DOC.000481vK",,
