uid,nightuid,namedLocation,domainID,siteID,plotID,collectDate,endDate,samplingProtocolVersion,remarks,dataQF
"f83cb113-ef7b-49db-a0f4-8faf8cb4c066","F791666353E749C7A9CD3C1FA57FBD51","DSNY_001.mammalGrid.mam","D03","DSNY","DSNY_001","2016-12-01","2016-12-01","NEON.DOC.000481vH",,
"4621a0a4-ccd9-4d34-a8d1-802831de4753","30B8F7471F8B457D824089CF8F66BEAC","DSNY_004.mammalGrid.mam","D03","DSNY","DSNY_004","2016-12-01","2016-12-01","NEON.DOC.000481vH","plot was processed by two teams of two seasonals, abbreviated sampling due to time restraints and capture numbers",
"7dce9cf8-6896-46d2-83d9-35cc3fc8760d","1FBF2E62E3944FF8973B60229505E8E7","DSNY_016.mammalGrid.mam","D03","DSNY","DSNY_016","2016-12-01","2016-12-01","NEON.DOC.000481vH",,
"6b9d423e-1608-4634-bb0d-0cb2176a4d36","F946A4264F4E43709BE6C8E3677BA199","DSNY_005.mammalGrid.mam","D03","DSNY","DSNY_005","2016-12-01","2016-12-01","NEON.DOC.000481vH",,
"d2a6032d-f4ba-4849-9d6e-4498c9f191a0","F2AADB56B7F94235AA49C7EBF4C1C104","DSNY_005.mammalGrid.mam","D03","DSNY","DSNY_005","2016-12-02","2016-12-02","NEON.DOC.000481vH",,
"4d2f2477-2fb4-465a-bb53-4fd2059797ef","4B27014341CA4066AE0DBFEC4B91881B","DSNY_004.mammalGrid.mam","D03","DSNY","DSNY_004","2016-12-02","2016-12-02","NEON.DOC.000481vH","PLOT WAS WORKED BY TWO TEAMS OF TWO SEASONALS, ABBREVIATED SAMPLING WAS CONDUCTED DUE TO TIME CONSTRAINTS/CAPTURE NUMBERS",
"26452a35-4d02-42cc-bac0-6dac91abe50c","6CD5664E2DFF44938F942FCD4D6B0039","DSNY_085.mammalGrid.mam","D03","DSNY","DSNY_085","2016-12-02","2016-12-02","NEON.DOC.000481vH",,
"32e88bf4-1c5b-4d54-af9e-80932f354187","9065B16971614494895C7786D00AAB72","DSNY_001.mammalGrid.mam","D03","DSNY","DSNY_001","2016-12-02","2016-12-02","NEON.DOC.000481vH",,
