uid,nightuid,namedLocation,domainID,siteID,plotID,collectDate,endDate,samplingProtocolVersion,remarks,dataQF
"36990e9d-984d-413c-9b0d-a08148896a88","3d2c6fc9-09dc-451c-b0a1-5f23a2e179e3","STEI_001.mammalGrid.mam","D05","STEI","STEI_001","2018-08-01","2018-08-01","NEON.DOC.000481vK",,
"f7de0051-544c-49b0-95c7-55001a86c269","94465f01-20c7-4ca5-8b18-fe9471ce7610","STEI_019.mammalGrid.mam","D05","STEI","STEI_019","2018-08-01","2018-08-01","NEON.DOC.000481vK",,
"7adbb3e1-8d37-42c6-8fb0-4c1678287fdf","64e715b4-6ea2-4593-85cb-c2d45c810cd8","STEI_022.mammalGrid.mam","D05","STEI","STEI_022","2018-08-01","2018-08-01","NEON.DOC.000481vK",,
"d5514778-417c-4423-a468-b28055056773","79fe7c0d-cdf7-48e7-a1e1-483bb2cb6a72","STEI_002.mammalGrid.mam","D05","STEI","STEI_002","2018-08-02","2018-08-02","NEON.DOC.000481vK",,
"6866fcda-7858-45e4-a40f-21692ca6418b","d377a413-aff9-439c-a656-b35a8d545e5e","STEI_012.mammalGrid.mam","D05","STEI","STEI_012","2018-08-02","2018-08-02","NEON.DOC.000481vK",,
"50fb7204-d943-4bb5-8dee-18c18376aaa8","d6ec674f-8d96-4796-bd46-abeb9376b629","STEI_005.mammalGrid.mam","D05","STEI","STEI_005","2018-08-02","2018-08-02","NEON.DOC.000481vK",,
"64b82e18-6520-4d94-9b58-3ec8d8f16534","ad01de15-b793-444c-9a0b-23b4b183e8ef","STEI_005.mammalGrid.mam","D05","STEI","STEI_005","2018-08-03","2018-08-03","NEON.DOC.000481vK",,
"f993ad52-e828-4816-9513-b4eeee8742d7","a54f26fe-10df-428b-b949-b379948652f3","STEI_005.mammalGrid.mam","D05","STEI","STEI_005","2018-08-04","2018-08-04","NEON.DOC.000481vK",,
"0f6f49e4-8fd6-4c09-a271-7c98d4387852","2fe16847-6c53-42d0-b960-07caef8c0318","STEI_002.mammalGrid.mam","D05","STEI","STEI_002","2018-08-04","2018-08-04","NEON.DOC.000481vK","Arrived at plot late due to unexpected thunderstorms so data collection was reduced to just tagID-species-sex and reproductive condition. No samples were collected.",
"8bdf3e07-01e6-4e45-b954-984e43e6fa4d","c0f9fe69-2849-4e7a-8a1c-f6c7cc5bba64","STEI_012.mammalGrid.mam","D05","STEI","STEI_012","2018-08-04","2018-08-04","NEON.DOC.000481vK",,
"a30126b1-96c0-491d-902a-bfd915627f58","dbfe98f8-f3a2-408c-baf8-163ec6567aaf","STEI_012.mammalGrid.mam","D05","STEI","STEI_012","2018-08-07","2018-08-07","NEON.DOC.000481vK",,
