uid,nightuid,namedLocation,domainID,siteID,plotID,collectDate,endDate,samplingProtocolVersion,remarks,dataQF
"311b0b92-ca6d-44e9-bd8c-ea8bb7ecdff0","b4ceddfb-218b-4a3c-987e-e1e40da66e0b","SRER_007.mammalGrid.mam","D14","SRER","SRER_007","2017-05-17","2017-05-17","NEON.DOC.000481vJ","Only 49 traps set due to high capture rates (7x7)",
"23cc5ebd-f525-4d34-87be-cf19406b911e","f7cbbc20-b83b-4424-801e-eec81be3184c","SRER_014.mammalGrid.mam","D14","SRER","SRER_014","2017-05-17","2017-05-17","NEON.DOC.000481vG","A grid of only 7x7 was set due to high capture rates",
"185d0bed-a100-41a9-acee-6e105604e2f0","fdc527f4-a553-4eb7-a5d3-af6fe494809f","SRER_008.mammalGrid.mam","D14","SRER","SRER_008","2017-05-18","2017-05-18","NEON.DOC.000481vJ","Purposefully set only a 7x7 grid due to high capture rates",
"b552375b-54b8-47d3-9399-dbf5418d7c19","e55c474c-c5a8-44e1-a9ef-7e70c005565b","SRER_007.mammalGrid.mam","D14","SRER","SRER_007","2017-05-18","2017-05-18","NEON.DOC.000481vJ","Only 49 traps set due to high capture rates (7x7)",
"25ca1a46-50a2-4c1f-99a9-4b410e702f7c","1cf867b5-66f8-4320-9cbf-7113fdb7bb86","SRER_007.mammalGrid.mam","D14","SRER","SRER_007","2017-05-19","2017-05-19","NEON.DOC.000481vJ","Double trap method and intentionally set a 7x7 grid due to high capture rates",
"267e381a-dbe3-49e6-88cd-b55355c56415","10b2e83d-40bf-4949-8b75-dc10a6fbb994","SRER_007.mammalGrid.mam","D14","SRER","SRER_007","2017-05-19","2017-05-19","NEON.DOC.000481vJ","Double trap method and intentionally set a 7X7 grid due to high capture rates",
"b1823c08-26cc-4ea1-ac3d-6c1e5f1e8a6f","9b0a077d-f5b9-41cd-b5b2-1aeb211ea2c8","SRER_009.mammalGrid.mam","D14","SRER","SRER_009","2017-05-19","2017-05-19","NEON.DOC.000481vJ","Purposefully set a 7x7 grid due to high capture rates",
"c39fd239-f1b4-4327-a894-263ab78ff2cb","2454e394-f7e8-4067-b70c-021d1a7a2481","SRER_005.mammalGrid.mam","D14","SRER","SRER_005","2017-05-20","2017-05-20","NEON.DOC.000481vJ","Purposefully set a 7x7 grid due to high capture rates",
"1d8b9314-297e-48cb-85a8-fcd74f12b098","3c021cb0-d296-44d8-a708-de126a7cbf36","SRER_012.mammalGrid.mam","D14","SRER","SRER_012","2017-05-20","2017-05-20","NEON.DOC.000481vJ","49 traps set purposefully due to high capture rates (7x7)",
"befbd259-5876-435f-b9a9-b3e7a473b862","1d7daa92-1b3b-4026-9cdc-d2f9d6eaac0e","SRER_005.mammalGrid.mam","D14","SRER","SRER_005","2017-05-21","2017-05-21","NEON.DOC.000481vJ","Purposefully set a 7x7 grid due to high capture rates",
"b516eaa2-4fc5-4d96-ac0d-1327f99cf00c","9a58ae84-2c64-40c0-a5bc-d3cffbc15bed","SRER_012.mammalGrid.mam","D14","SRER","SRER_012","2017-05-21","2017-05-21","NEON.DOC.000481vJ","Set a 7x7 grid due to high capture rates",
"29140981-85aa-4951-9eaa-d8939e2a5dce","8ad8181f-ac24-44c7-aea3-77183624c6ad","SRER_012.mammalGrid.mam","D14","SRER","SRER_012","2017-05-22","2017-05-22","NEON.DOC.000481vJ","Double trap method and intentionally set a 7x7 grid due to high capture rates",
"81a613c4-eb13-480d-a243-1ff3d8fe6cf6","913494bc-e099-4db6-b529-e3c349a115b0","SRER_012.mammalGrid.mam","D14","SRER","SRER_012","2017-05-22","2017-05-22","NEON.DOC.000481vJ","Double trap method and intentionally set a 7x7 grid due to high capture rates",
"fbc2963d-59d2-497c-a7ac-9b81ed4ae7b4","446c0a4b-ed87-4427-8deb-7e64b50283b1","SRER_005.mammalGrid.mam","D14","SRER","SRER_005","2017-05-22","2017-05-22","NEON.DOC.000481vJ","Double trap method and intentionally set a 7x7 grid due to high capture rates",
"9c22ffed-3abe-4b0a-b303-d93fb5de191b","ebc9a63a-6f48-480f-9d61-220badff993c","SRER_005.mammalGrid.mam","D14","SRER","SRER_005","2017-05-22","2017-05-22","NEON.DOC.000481vJ","Double trap method and intentionally set a 7x7 grid due to high capture rates",
