uid,nightuid,namedLocation,domainID,siteID,plotID,collectDate,endDate,samplingProtocolVersion,remarks,dataQF
"839ecd46-baf5-4a5d-9e9a-091c8033baa6","B192EF8899DC47E1B5EBE99C1C69F54C","MOAB_008.mammalGrid.mam","D13","MOAB","MOAB_008","2015-06-08","2015-06-08",,,
"65381bf5-fae3-4757-9166-7d815c3af26b","B1D30A80D05C4BEF99CA8836B3B0D633","MOAB_004.mammalGrid.mam","D13","MOAB","MOAB_004","2015-06-08","2015-06-08",,"Unsure about sex ID for all DIOR based on further experience determining sex for this species in successive bouts. 201506022 AWalker",
"4cb52814-83b6-4d7c-bc5d-3048550b2f27","8C7AB3394F6B492DB76F31CA0EFAA344","MOAB_002.mammalGrid.mam","D13","MOAB","MOAB_002","2015-06-08","2015-06-08",,,
"acb5e78c-c57f-46a0-9f96-7671061b239e","3AE1DEF85B834A15BB3FB29482CB678D","MOAB_006.mammalGrid.mam","D13","MOAB","MOAB_006","2015-06-08","2015-06-08",,"Unsure about sex ID for all DIOR for this plot based on further experience determining sex for this species in successive bouts.",
"a4f73003-0a3d-447c-b353-0d781be94c5a","E1C131BB1AFD43698258B132A08C8897","MOAB_008.mammalGrid.mam","D13","MOAB","MOAB_008","2015-06-08","2015-06-08",,,
"03fdb1e8-0e51-4092-99bc-1abd0ad4f080","644BAD698339423E96A0F85449122D80","MOAB_002.mammalGrid.mam","D13","MOAB","MOAB_002","2015-06-09","2015-06-09",,,
"380b5cd2-9b74-469b-a6f3-f3ca4b4878cb","F7D3E012F7CC492BAC5ED3A5C0B39043","MOAB_025.mammalGrid.mam","D13","MOAB","MOAB_025","2015-06-09","2015-06-09",,,
"a403c63f-8894-47d3-ac6f-285a29a10b94","F99D23BC7FC54F7495339C626A26C246","MOAB_008.mammalGrid.mam","D13","MOAB","MOAB_008","2015-06-10","2015-06-10",,,
