uid,nightuid,namedLocation,domainID,siteID,plotID,collectDate,endDate,samplingProtocolVersion,remarks,dataQF
"471b7629-68b0-4401-8d43-bc4d1d9a4135","4971A0B3AD3B486EAF56AA57B8FD904C","LENO_002.mammalGrid.mam","D08","LENO","LENO_002","2016-07-12","2016-07-12","NEON.DOC.000481vH",,
"40e7a12b-f8b4-4b73-a253-95d42c874733","0DCC0F0D2B504504949A8A38E0FA6522","LENO_008.mammalGrid.mam","D08","LENO","LENO_008","2016-07-12","2016-07-12","NEON.DOC.000481vH",,
"65469549-a32f-4ddd-a285-e700170a5028","D1070CB534E147738EC44688152132B2","LENO_006.mammalGrid.mam","D08","LENO","LENO_006","2016-07-12","2016-07-12","NEON.DOC.000481vH",,
"fe8cee21-f400-41ca-9c5a-4968cb20b380","E3D892D46B7742449BA474D6843C1DBE","LENO_031.mammalGrid.mam","D08","LENO","LENO_031","2016-07-12","2016-07-12","NEON.DOC.000481vH","There were 10 traps in the South East corner that were not set because of flooding.",
"c8ad0311-d3bc-4edd-a7bc-6109ce316cc4","E42DA1BC08584A8980E78E5D97552A9F","LENO_031.mammalGrid.mam","D08","LENO","LENO_031","2016-07-13","2016-07-13","NEON.DOC.000481vH","Some traps were not set due to flooding.",
"081046cf-10f4-454d-bbae-1b5178fd5c74","DD8DD336DDA747C69FEAC4FB83F59DC2","LENO_008.mammalGrid.mam","D08","LENO","LENO_008","2016-07-13","2016-07-13","NEON.DOC.000481vH","Some traps were not set due to flooding.",
"2f6ca67c-ab60-4f6b-888d-0c9ce19e7448","C101AFE1CB77489A87A9322BEEF30A3B","LENO_006.mammalGrid.mam","D08","LENO","LENO_006","2016-07-13","2016-07-13","NEON.DOC.000481vH","There were six traps not set due to flooding.",
"c445c3f4-8709-40b4-bd94-0ca05998900e","7875E74BC8D8408DA2A56D524A80ADDF","LENO_002.mammalGrid.mam","D08","LENO","LENO_002","2016-07-13","2016-07-13","NEON.DOC.000481vH",,
"de049664-7a0b-48cc-ab3b-c56db556f17b","5A2F2CEB06754AC59E4FEA12AE4B8001","LENO_006.mammalGrid.mam","D08","LENO","LENO_006","2016-07-14","2016-07-14","NEON.DOC.000481vH","Some traps were not set due to flooding.",
"50d645e1-33ef-465d-a673-ab0e5b4709e4","2D078BCEADD1459D95B803AFE096F642","LENO_008.mammalGrid.mam","D08","LENO","LENO_008","2016-07-14","2016-07-14","NEON.DOC.000481vH","Some traps were not set due to flooding.",
"8a6bbdee-c4d3-4b97-8313-36285a10f6d7","67712403290D42E4A2A84E719F169C69","LENO_031.mammalGrid.mam","D08","LENO","LENO_031","2016-07-14","2016-07-14","NEON.DOC.000481vH","Some traps were not set due to flooding.",
"f65d0301-86d1-4bab-907e-989903f2e23f","62DE9E23040D4051835ECCE26721349A","LENO_002.mammalGrid.mam","D08","LENO","LENO_002","2016-07-14","2016-07-14","NEON.DOC.000481vH",,
"4b142fa5-5a8a-4eac-ae4f-be9f1310b113","4072C891488742BA9A6440D43134A02E","LENO_003.mammalGrid.mam","D08","LENO","LENO_003","2016-07-15","2016-07-15","NEON.DOC.000481vH",,
"56f42749-8cb7-4f69-ac22-6d52716a189a","B7D6AD2080454065B359384CC3A2F89A","LENO_022.mammalGrid.mam","D08","LENO","LENO_022","2016-07-15","2016-07-15","NEON.DOC.000481vH",,
"8c3738eb-7e28-4260-bca4-1f87d4b7ff8e","4E7E0714202A48A198FEFEF7828AC3E1","LENO_015.mammalGrid.mam","D08","LENO","LENO_015","2016-07-15","2016-07-15","NEON.DOC.000481vH","This plot was not sampled due to safety concerns. See JIRA ticket 3183.",
