uid,nightuid,namedLocation,domainID,siteID,plotID,collectDate,endDate,samplingProtocolVersion,remarks,dataQF
"b2c15677-d844-4410-b609-d0a460a38c3e","1AB9492059604DB4A2E71F2EB49F4413","ORNL_003.mammalGrid.mam","D07","ORNL","ORNL_003","2014-09-23","2014-09-23",,,
"bbdfecca-c071-4da2-accb-46fc49728453","E4813849DC5745F7815555E201275908","ORNL_002.mammalGrid.mam","D07","ORNL","ORNL_002","2014-09-23","2014-09-23",,,
"3ee6c06b-794d-46c8-a027-d74d58774e88","175FECF3CE9D4F25A1001A987B37EA3A","ORNL_027.mammalGrid.mam","D07","ORNL","ORNL_027","2014-09-23","2014-09-23",,"no captures",
"31dc131e-55bf-42a3-b588-a510db122fe2","19371A49AC7F4623B4EDD04C83A691E1","ORNL_039.mammalGrid.mam","D07","ORNL","ORNL_039","2014-09-24","2014-09-24",,,
"e05b40ec-3dea-44cb-8016-ce6485ca9479","6AF80B5E1A234D3C8C433638DE04FF77","ORNL_027.mammalGrid.mam","D07","ORNL","ORNL_027","2014-09-24","2014-09-24",,"no captures",
"d4125553-71a2-4558-adc5-1e03175c723b","0994EA42293E4C2A8C461129CA876BE4","ORNL_007.mammalGrid.mam","D07","ORNL","ORNL_007","2014-09-24","2014-09-24",,,
"747dd954-01db-49d9-9836-1a9badbee105","1BB95359A0434B1E82974B20C1D6880B","ORNL_003.mammalGrid.mam","D07","ORNL","ORNL_003","2014-09-24","2014-09-24",,,
"65142be3-9ef8-4ccc-a14d-a2a3af171716","7BF3BC68D085444F9691356C145B386A","ORNL_002.mammalGrid.mam","D07","ORNL","ORNL_002","2014-09-24","2014-09-24",,,
"653e6022-1f7b-41dd-9a42-6888e8a58e3e","CFE8E6E4F92E42FE8CEFD8D1B82DBBA7","ORNL_001.mammalGrid.mam","D07","ORNL","ORNL_001","2014-09-24","2014-09-24",,"no captures",
"1d21cb23-7eea-4ad0-97b0-b0d32bf0ecce","9B18248EC1DE4B88B69D4E64972B80BC","ORNL_002.mammalGrid.mam","D07","ORNL","ORNL_002","2014-09-25","2014-09-25",,,
"af6b2ba0-5367-4d86-8f25-916926a4c3cf","A2D1828F30264D19A8F6B6E3220324D2","ORNL_003.mammalGrid.mam","D07","ORNL","ORNL_003","2014-09-25","2014-09-25",,,
"09e94292-3f6e-4ac3-8864-310c8ded1a5f","AAB4851D1D6F42C2BD343143F0CF7BC6","ORNL_001.mammalGrid.mam","D07","ORNL","ORNL_001","2014-09-25","2014-09-25",,,
"32cd6703-fc79-43c1-acb5-cbf45b2e4266","1A85D1FB581E43EE9F67E7409475B89A","ORNL_007.mammalGrid.mam","D07","ORNL","ORNL_007","2014-09-25","2014-09-25",,,
"4d0917d3-9d2d-4cf0-af7c-f5b0799aaf9e","168CE70A266B4196A0CC3A1424289B69","ORNL_039.mammalGrid.mam","D07","ORNL","ORNL_039","2014-09-25","2014-09-25",,,
"def97359-259c-4f89-8e73-b01cd06ebf7e","B565436DF4C840F49D694C134254A151","ORNL_027.mammalGrid.mam","D07","ORNL","ORNL_027","2014-09-25","2014-09-25",,"no captures",
"2671d93b-b1c2-41f0-a58a-7e5eb6b85fc3","C0ACF219992A41C4A0E25F71D0029527","ORNL_001.mammalGrid.mam","D07","ORNL","ORNL_001","2014-09-26","2014-09-26",,"no captures",
"6e4e8358-9b2e-484d-a16a-02e0400c1ad6","5D408B67D9E145ED89D93D663F0534A2","ORNL_039.mammalGrid.mam","D07","ORNL","ORNL_039","2014-09-26","2014-09-26",,,
"8044cd38-ed33-4e5a-8026-fe89ad7495dc","6D201DB61D394F2BAFB15B84BC962FE5","ORNL_007.mammalGrid.mam","D07","ORNL","ORNL_007","2014-09-26","2014-09-26",,,
