uid,nightuid,namedLocation,domainID,siteID,plotID,collectDate,endDate,samplingProtocolVersion,remarks,dataQF
"55b294f7-ef1c-4195-9927-e885b3fdba34","EBF44FFC9EB94205911DAD16E3A66C98","SCBI_039.mammalGrid.mam","D02","SCBI","SCBI_039","2014-06-01","2014-06-01",,,
"e5cb95d3-005a-4c04-a75d-eca080784614","1B4E674B5DA6422EB1D6C361BFA5EBFB","SCBI_008.mammalGrid.mam","D02","SCBI","SCBI_008","2014-06-01","2014-06-01",,,
"94efb3b8-6ff0-4a87-ad3e-04c73ce90b04","E4C2F0B9E45F4B4B8B9EB48DB1A87568","SCBI_035.mammalGrid.mam","D02","SCBI","SCBI_035","2014-06-01","2014-06-01",,,
"3111481d-a311-4e7f-8491-e91ad78518bd","457F0ECF034248C98EB51739A8E1C8C9","SCBI_002.mammalGrid.mam","D02","SCBI","SCBI_002","2014-06-23","2014-06-23",,,
"f9def012-b72f-4e60-92a1-e8c6c6212d78","F00989ADD6A84E8B8FC29AEF5D1AA2B6","SCBI_003.mammalGrid.mam","D02","SCBI","SCBI_003","2014-06-23","2014-06-23",,,
"8b4f9942-7c03-4652-b2ac-70f91b4ee640","F60673A0AAA04B9A9AAA6A2ECF35D54D","SCBI_004.mammalGrid.mam","D02","SCBI","SCBI_004","2014-06-23","2014-06-23",,,
"7e601d70-a6bc-4fd3-8ba4-078beb551e61","055C297E7AD641AEBA0BF034C7C6675F","SCBI_004.mammalGrid.mam","D02","SCBI","SCBI_004","2014-06-24","2014-06-24",,,
"760ec3a4-ecf6-4f9e-bba4-4a8856a9ccb8","CDDA9DC328764861ACBE4FF0A998C52C","SCBI_002.mammalGrid.mam","D02","SCBI","SCBI_002","2014-06-24","2014-06-24",,,
"9db50932-b8ee-40f6-9678-3844b994c8b3","452343604A824EF98AE0EF69C038FCF9","SCBI_003.mammalGrid.mam","D02","SCBI","SCBI_003","2014-06-24","2014-06-24",,,
"9a355129-3372-4d32-bf30-76650ddaa013","D7D710E51D68421BA6A553FB738CC60D","SCBI_002.mammalGrid.mam","D02","SCBI","SCBI_002","2014-06-25","2014-06-25",,,
"30529e89-5493-45d9-9fc2-fafbf054ef46","B62F644BEDBF460B8854DDEAEE0F5448","SCBI_004.mammalGrid.mam","D02","SCBI","SCBI_004","2014-06-25","2014-06-25",,,
"4b185bf9-ebf9-42a5-81c7-7fd486e17565","A76DDE0DEBA044BFAC00AC67EF7075F3","SCBI_003.mammalGrid.mam","D02","SCBI","SCBI_003","2014-06-25","2014-06-25",,,
"abae21fa-4d25-4eb1-b5ed-3e5bdce8044e","BC778361FCA94962846C1F2E52AD6C08","SCBI_035.mammalGrid.mam","D02","SCBI","SCBI_035","2014-06-27","2014-06-27",,,
"53d8f5d0-803c-4c24-ab67-7e8af065f57b","138D3F58EA0B4021853D71DEE2CE7ED7","SCBI_008.mammalGrid.mam","D02","SCBI","SCBI_008","2014-06-27","2014-06-27",,,
"2f9f6bd1-dcd4-4d95-98e4-14e50bd13066","B66B7F2030224BA3A2846EB62F5D4A38","SCBI_039.mammalGrid.mam","D02","SCBI","SCBI_039","2014-06-27","2014-06-27",,,
"5abd67da-e689-4ac4-9e2f-406f37ef6504","CC8F23E8CD9C447C8C68D2B9F68949C2","SCBI_039.mammalGrid.mam","D02","SCBI","SCBI_039","2014-06-28","2014-06-28",,,
"cd12ebf3-3320-4ea9-84ec-da649bc9c1d6","91C9418E3DD441E28F1642C44AD620FF","SCBI_008.mammalGrid.mam","D02","SCBI","SCBI_008","2014-06-28","2014-06-28",,,
"209880ac-53cb-4341-85d4-44f512f8fbc7","D875531768B04705828439EEEBFA51C0","SCBI_035.mammalGrid.mam","D02","SCBI","SCBI_035","2014-06-28","2014-06-28",,,
"66c5d4f7-f521-40be-9697-646ec8a82b87","37E7EB3B491C4A1BB29E7C8AAEBDD7B8","SCBI_008.mammalGrid.mam","D02","SCBI","SCBI_008","2014-06-30","2014-06-30",,"Trapping resumed after 1 day delay due to weather. 2 traps set at B10 by accident",
"572ae8c7-bb1e-4e6d-aa88-e4de3c238c7c","CEE8248ECA674DB19B8B7CA47162FBAA","SCBI_035.mammalGrid.mam","D02","SCBI","SCBI_035","2014-06-30","2014-06-30",,"Trapping resumed after 1 day delay due to weather",
"6ff7fb7c-cd90-4ac8-9c38-883bb2a78639","60FD8C8530594A8494170425D0E4E997","SCBI_039.mammalGrid.mam","D02","SCBI","SCBI_039","2014-06-30","2014-06-30",,"trapping resumed after 1 day delay due to weather",
