uid,nightuid,namedLocation,domainID,siteID,plotID,collectDate,endDate,samplingProtocolVersion,remarks,dataQF
"871936d0-5a4a-4755-8ff9-ad7589076980","6ba48875-d600-4c18-9520-fda57cfc8c71","BLAN_009.mammalGrid.mam","D02","BLAN","BLAN_009","2018-07-10","2018-07-10","NEON.DOC.000481vK",,
"8da307d0-9d5b-4ff0-96db-db04ded98250","cc99f7d5-6f25-440e-845f-96160f6225c2","BLAN_003.mammalGrid.mam","D02","BLAN","BLAN_003","2018-07-10","2018-07-10","NEON.DOC.000481vK",,
"063f953e-dd74-4d91-ba18-34acee88bbc3","727b5506-3a2d-445f-9391-8430d2a5350b","BLAN_001.mammalGrid.mam","D02","BLAN","BLAN_001","2018-07-10","2018-07-10","NEON.DOC.000481vK","Many that had spoor left were also disturbed. Many that were disturbed were knocked over and/or had batting out. Suspected animal disturbance.",
"65af6cba-5777-4474-bd67-3ffae3845950","bd5aee8f-3bad-487d-8fdd-3dd132a6eb6e","BLAN_003.mammalGrid.mam","D02","BLAN","BLAN_003","2018-07-11","2018-07-11","NEON.DOC.000481vK","Dewy",
"8549e558-845b-4a07-b4b6-11ee46383350","297d6405-3089-485a-be93-c22567c41b56","BLAN_009.mammalGrid.mam","D02","BLAN","BLAN_009","2018-07-11","2018-07-11","NEON.DOC.000481vK",,
"73a09067-441b-4bca-8501-b219b646d106","0390c5ad-4e6b-4da6-a6d7-b7a2c7aa9d66","BLAN_003.mammalGrid.mam","D02","BLAN","BLAN_003","2018-07-12","2018-07-12","NEON.DOC.000481vK",,
"2ceedcce-4789-4e1b-bff7-63e6a51e3140","c64963fc-17f3-4855-a6a4-10b217fee9a8","BLAN_009.mammalGrid.mam","D02","BLAN","BLAN_009","2018-07-12","2018-07-12","NEON.DOC.000481vK",,
