uid,nightuid,namedLocation,domainID,siteID,plotID,collectDate,endDate,samplingProtocolVersion,remarks,dataQF
"441cff2e-4936-4306-8341-133da1a80152","648d6663-9473-4584-be3d-9a03513e7d3a","BLAN_001.mammalGrid.mam","D02","BLAN","BLAN_001","2018-09-11","2018-09-11","NEON.DOC.000481vK",,
"83b2dca3-0716-4a3f-baaf-3213950ad036","d5f15eeb-e6ef-4b87-a6e5-d5f0599a3ffd","BLAN_009.mammalGrid.mam","D02","BLAN","BLAN_009","2018-09-11","2018-09-11","NEON.DOC.000481vK","only tagged and bled due to lack of time",
"23b27673-2750-4dac-82bd-1ff7eb3b8832","8768e49a-347c-4012-920c-4f8012b5c5ef","BLAN_003.mammalGrid.mam","D02","BLAN","BLAN_003","2018-09-11","2018-09-11","NEON.DOC.000481vK","Not mowed; tall grass 4-5ft tall mostly bent over from rain",
"7fc40a5d-0eb8-4a2c-bd95-4f9640f69591","e44e3621-c507-4083-bad7-843f812d8550","BLAN_003.mammalGrid.mam","D02","BLAN","BLAN_003","2018-09-12","2018-09-12","NEON.DOC.000481vK",,
"ca7cac99-edc6-4f50-833d-160f8d8ed224","411077f1-074c-4620-98df-adac7957e784","BLAN_001.mammalGrid.mam","D02","BLAN","BLAN_001","2018-09-12","2018-09-12","NEON.DOC.000481vK",,
"996051ba-cf5f-4d9a-83f3-6c3e72382361","49e750af-5f28-4030-9b57-4538881ca4ed","BLAN_009.mammalGrid.mam","D02","BLAN","BLAN_009","2018-09-12","2018-09-12","NEON.DOC.000481vK",,
"77203027-a65e-4611-9c8a-38f65d8d327a","2c5e951a-7146-4d6a-8b16-a494e21163e5","BLAN_002.mammalGrid.mam","D02","BLAN","BLAN_002","2018-09-12","2018-09-12","NEON.DOC.000481vK","Tall grass 4ft; cows haven't been in field in a while",
"f7adece0-6c2a-482e-84ed-ac674bb98798","31f344e9-bcc0-4f1e-91b3-17acec3c0217","BLAN_001.mammalGrid.mam","D02","BLAN","BLAN_001","2018-09-13","2018-09-13","NEON.DOC.000481vK",,
"7f63bf07-185e-44cc-b8b7-8287cbe2edad","7a58243d-0578-4af6-84b7-e11873e91dc2","BLAN_003.mammalGrid.mam","D02","BLAN","BLAN_003","2018-09-13","2018-09-13","NEON.DOC.000481vK","Grass 4-6ft tall",
"98f1d25f-5841-4142-b6f7-2f4f7c8499ae","a2ac00a6-21ce-4a16-932e-10dc9617da40","BLAN_009.mammalGrid.mam","D02","BLAN","BLAN_009","2018-09-13","2018-09-13","NEON.DOC.000481vK",,
