uid,nightuid,namedLocation,domainID,siteID,plotID,collectDate,endDate,samplingProtocolVersion,remarks,dataQF
"ecce45fa-dff9-4618-bc11-cde200ab57ef","7C8FDB2EE6F64CF3989BC6C2800BD573","ORNL_003.mammalGrid.mam","D07","ORNL","ORNL_003","2014-08-20","2014-08-20",,,
"aca01d6d-384d-4021-b014-3fb08406389d","9509D0456B6440539356FC9E64EEF905","ORNL_027.mammalGrid.mam","D07","ORNL","ORNL_027","2014-08-20","2014-08-20",,"no captures",
"08b6613c-08ef-4c9c-a046-70164a6b668f","1BB32E9EA4054A0B933DFCFDB60B0E3E","ORNL_002.mammalGrid.mam","D07","ORNL","ORNL_002","2014-08-20","2014-08-20",,,
"bbbc3709-6af1-4cba-b8f4-20be71bf2ccd","A3EF42E4F1464DFA951DB98F10337306","ORNL_003.mammalGrid.mam","D07","ORNL","ORNL_003","2014-08-21","2014-08-21",,,
"2ff6a684-37d8-4467-824c-47ef288bd78c","327DFF1EADFE47CD9E6E15837C88E6BE","ORNL_002.mammalGrid.mam","D07","ORNL","ORNL_002","2014-08-21","2014-08-21",,,
"389aa4f9-f782-4c60-b396-b0b71b4794e1","741EB7D53B344D80A9BCED85CE7B4E3D","ORNL_027.mammalGrid.mam","D07","ORNL","ORNL_027","2014-08-21","2014-08-21",,"no captures",
"0d1f0959-8519-47c3-857f-b14465afe4cf","3CEA802024F04644A58C281A5DAD6284","ORNL_002.mammalGrid.mam","D07","ORNL","ORNL_002","2014-08-22","2014-08-22",,,
"22bf4dd9-0d7b-4b37-9172-45d515eb0e67","564B341350CC401CB2BD57FD2ECCA4F8","ORNL_003.mammalGrid.mam","D07","ORNL","ORNL_003","2014-08-22","2014-08-22",,,
"f2e97476-e2f7-4552-90c9-53e45ab91351","58C8F27AE3AE4E1FA1F18D8C25C15BAB","ORNL_027.mammalGrid.mam","D07","ORNL","ORNL_027","2014-08-22","2014-08-22",,,
