uid,nightuid,namedLocation,domainID,siteID,plotID,collectDate,endDate,samplingProtocolVersion,remarks,dataQF
"5f3142d8-0f01-4f08-92eb-cbb0b2ddf9ff","B081C9ECA66C4EF29772CF5615B255D8","MOAB_006.mammalGrid.mam","D13","MOAB","MOAB_006","2015-05-12","2015-05-12",,"NONE",
"2026640c-bc0c-499f-8ea4-ce36b80baf20","56FA50B149234C23BC5851C761E66069","MOAB_003.mammalGrid.mam","D13","MOAB","MOAB_003","2015-05-12","2015-05-12",,,
"c0866332-29c9-463a-b887-87a2f50462b8","D829364534D24E129510D5344C9A2D3C","MOAB_004.mammalGrid.mam","D13","MOAB","MOAB_004","2015-05-12","2015-05-12",,"NONE",
"dfcf0107-bb7b-4c00-b6ca-997e64fd2d5b","98131F6CF3C54238BA41D94C3B150806","MOAB_006.mammalGrid.mam","D13","MOAB","MOAB_006","2015-05-13","2015-05-13",,,
"d6b66d50-ccae-438f-91b5-21828f5f72ba","0E68BD9382364729B22D7C7C0FEBA529","MOAB_004.mammalGrid.mam","D13","MOAB","MOAB_004","2015-05-13","2015-05-13",,,
"d4e42c2a-6010-4c4b-8d72-51315ad77bc6","D5FB079BF1F843EB9D782CBFDA74BF0C","MOAB_003.mammalGrid.mam","D13","MOAB","MOAB_003","2015-05-13","2015-05-13",,,
"d52d372e-02a7-481e-8f26-d9452706cf5b","AADC687839834E1C855253B27F6F26C9","MOAB_006.mammalGrid.mam","D13","MOAB","MOAB_006","2015-05-14","2015-05-14",,,
"b0356a95-3684-477b-bf55-f189145dcbd0","7C6BB9C471594538860DAB3A4F57B4BD","MOAB_003.mammalGrid.mam","D13","MOAB","MOAB_003","2015-05-14","2015-05-14",,,
"f9802428-e604-412e-b71d-1652a0b3df19","E369928A4D5A46348C003E2C8D8EC7E2","MOAB_004.mammalGrid.mam","D13","MOAB","MOAB_004","2015-05-14","2015-05-14",,"Unsure about sex ID for all DIOR for this plot based on further experience looking at sex in other individuals in successive bouts.",
