uid,nightuid,namedLocation,domainID,siteID,plotID,collectDate,endDate,samplingProtocolVersion,remarks,dataQF
"7fb811f3-a9cc-44c1-ba2a-46e255a40f6d","97311e17-d929-4fb2-8ead-5378d3b792df","SRER_014.mammalGrid.mam","D14","SRER","SRER_014","2017-03-22","2017-03-22","NEON.DOC.000481vJ",,
"214b3644-5ff2-442c-a3e6-4e3f7cf21ab2","b9c781f5-2c8d-45cb-b343-704138a588b5","SRER_007.mammalGrid.mam","D14","SRER","SRER_007","2017-03-22","2017-03-22","NEON.DOC.000481vJ",,
"b09b1cb9-04dd-4a8d-962b-ddd24afec7e9","aed1bca7-6ced-4e08-8d95-6d6b3f411ba4","SRER_007.mammalGrid.mam","D14","SRER","SRER_007","2017-03-23","2017-03-23",,,
"2073012f-8909-4353-ad6e-94150e8f5712","50992142-7ed8-49a6-b749-0400878995da","SRER_008.mammalGrid.mam","D14","SRER","SRER_008","2017-03-23","2017-03-23",,,
"b8b3a630-ac7d-49ce-92aa-0cc096c78639","a473a100-3f32-4768-ac40-efcc89ddf550","SRER_009.mammalGrid.mam","D14","SRER","SRER_009","2017-03-24","2017-03-24",,,
"1b09330a-8d3d-4bf6-bec0-51a67d3373f1","e8f0dda1-cd73-4f79-aa55-fe5f5d6b7f60","SRER_007.mammalGrid.mam","D14","SRER","SRER_007","2017-03-24","2017-03-24",,,
"49bf1a78-c1ff-4cc7-820f-a2a09364c540","ee4f289d-b039-4ed2-880b-9467f62f90fc","SRER_005.mammalGrid.mam","D14","SRER","SRER_005","2017-03-25","2017-03-25",,,
"134e1ed6-a0cf-4e6c-a725-49a44b099011","8e63a6f4-a664-4dbb-9f0b-ab41ed7cfd18","SRER_012.mammalGrid.mam","D14","SRER","SRER_012","2017-03-25","2017-03-25","NEON.DOC.000481vJ",,
"df2040ee-3570-4c9d-bee0-886ca4bd60d9","09722a2e-5019-44f3-ae3f-8628115cd511","SRER_012.mammalGrid.mam","D14","SRER","SRER_012","2017-03-26","2017-03-26",,,
"a5b6b420-ca65-46bb-9e54-4a81050f9c6d","c1b00651-a3dd-45c5-856c-5d4e4c8ce435","SRER_005.mammalGrid.mam","D14","SRER","SRER_005","2017-03-26","2017-03-26","NEON.DOC.000481vJ",,
"e6ef4a9e-6ec8-468c-945a-2fca0bb9167b","ac381ac6-6495-46d8-8b0a-163163a8cec5","SRER_005.mammalGrid.mam","D14","SRER","SRER_005","2017-03-27","2017-03-27","NEON.DOC.000481vJ",,
"125693b6-9def-465f-b84d-89473f68d00b","e0f98202-583b-4ba3-89c8-477aa27c879f","SRER_012.mammalGrid.mam","D14","SRER","SRER_012","2017-03-27","2017-03-27","NEON.DOC.000481vJ","Due to high capture rates we only took taxon ID ear and PIT tag sex repro and HW",
