uid,nightuid,namedLocation,domainID,siteID,plotID,collectDate,endDate,samplingProtocolVersion,remarks,dataQF
"9e834555-f285-4c15-9973-e662643fdc7c","6a8aee02-1634-4204-85f3-616ba1c35dc2","WOOD_010.mammalGrid.mam","D09","WOOD","WOOD_010","2017-09-19","2017-09-19","NEON.DOC.000481vJ",,
"a8bf3a2c-68f4-44ef-9201-9b07714b2838","8facaed4-2be0-46cf-bf9c-5c67a1cb23f2","WOOD_008.mammalGrid.mam","D09","WOOD","WOOD_008","2017-09-19","2017-09-19","NEON.DOC.000481vJ",,
"39fc31a0-0240-4cee-8470-664dd7b5b3fe","e5642657-e148-4ab0-86d7-793725fad19c","WOOD_009.mammalGrid.mam","D09","WOOD","WOOD_009","2017-09-19","2017-09-19","NEON.DOC.000481vJ",,
"3d43aca9-de16-4b8d-b8da-5b1aa1e5570e","accd3ee5-af96-4889-8607-3a0567e1a1d7","WOOD_009.mammalGrid.mam","D09","WOOD","WOOD_009","2017-09-20","2017-09-20","NEON.DOC.000481vJ",,
"d57493a3-7f50-4144-9a9e-2d832b2d6a56","f244998e-af2e-4733-ad42-122e40d7934d","WOOD_007.mammalGrid.mam","D09","WOOD","WOOD_007","2017-09-20","2017-09-20","NEON.DOC.000481vJ",,
"7148f64f-c932-48c4-ac78-900bbee8c39d","bc9050c3-2e9d-4dc8-b164-ddad716876bd","WOOD_002.mammalGrid.mam","D09","WOOD","WOOD_002","2017-09-20","2017-09-20","NEON.DOC.000481vJ",,
"e2cf5316-d924-4aa9-ba3e-7b9b0ea9cfdc","1070f057-4067-4e96-8d57-fc5b80bc1095","WOOD_007.mammalGrid.mam","D09","WOOD","WOOD_007","2017-09-21","2017-09-21",,,
"6fee3d22-bd54-41a1-bbbd-fa51781891f1","2e70e514-e634-43c4-8580-f8fc1da135a0","WOOD_002.mammalGrid.mam","D09","WOOD","WOOD_002","2017-09-21","2017-09-21",,,
"57eb5c2c-92c2-4815-89d0-7510eab463a1","45790740-46fa-4de5-8d36-11a1dbf43569","WOOD_009.mammalGrid.mam","D09","WOOD","WOOD_009","2017-09-21","2017-09-21",,,
"3e0f772d-d4e6-4f18-8c21-66f7023617f5","93ec4d38-94b2-4fc5-829e-5d5b0e648151","WOOD_002.mammalGrid.mam","D09","WOOD","WOOD_002","2017-09-22","2017-09-22","NEON.DOC.000481vJ",,
"18fd1298-8feb-4398-bf84-3de47293f8d6","b78ef657-aff9-40e2-968a-0ee25dfd23aa","WOOD_003.mammalGrid.mam","D09","WOOD","WOOD_003","2017-09-22","2017-09-22","NEON.DOC.000481vJ",,
"75d7f6cb-0b04-43fe-8215-79d0de97d744","25c26c37-9d50-4a90-a4cf-c8afa8e5d8a8","WOOD_007.mammalGrid.mam","D09","WOOD","WOOD_007","2017-09-22","2017-09-22","NEON.DOC.000481vJ",,
