uid,nightuid,namedLocation,domainID,siteID,plotID,collectDate,endDate,samplingProtocolVersion,remarks,dataQF
"0507ec79-b688-4fec-817a-6414e719de66","208CB0A77D4147539863089174DCFA18","ONAQ_003.mammalGrid.mam","D15","ONAQ","ONAQ_003","2016-06-08","2016-06-08","NEON.DOC.000481vH",,
"5822eedf-9ef6-4116-a140-ed2849d8c091","E3A2AABD1F67400BBC328AC2D9703F09","ONAQ_005.mammalGrid.mam","D15","ONAQ","ONAQ_005","2016-06-08","2016-06-08","NEON.DOC.000481vH",,
"88b9a78b-25fd-4d8f-a619-171eb514676d","DEFFE2E372674F018C4C622333288365","ONAQ_020.mammalGrid.mam","D15","ONAQ","ONAQ_020","2016-06-08","2016-06-08","NEON.DOC.000481vH",,
"e53b0afb-e3fa-4747-8417-61db3d15bf17","FEC4BB32AAF842D4951A8279361C33A3","ONAQ_003.mammalGrid.mam","D15","ONAQ","ONAQ_003","2016-06-09","2016-06-09","NEON.DOC.000481vH",,
"e9f892f0-4677-4999-b9d6-d331215c18f7","A2BFD0739FC749D6A7D6D9F721AEF7E9","ONAQ_020.mammalGrid.mam","D15","ONAQ","ONAQ_020","2016-06-09","2016-06-09","NEON.DOC.000481vH",,
"6e959b03-f209-4df2-ab3b-4d8b7da2af46","508946F1C1054854B02095F85237F2A4","ONAQ_005.mammalGrid.mam","D15","ONAQ","ONAQ_005","2016-06-09","2016-06-09","NEON.DOC.000481vH",,
"89831077-fe2c-4eed-a8a0-c5aefe468729","AB71B29385324EC89DAA8CC5DFB39E6C","ONAQ_003.mammalGrid.mam","D15","ONAQ","ONAQ_003","2016-06-10","2016-06-10","NEON.DOC.000481vH",,
"dc962264-be35-4d72-8309-68529e519182","31E266A98E934E6497D14E26AB623FD1","ONAQ_005.mammalGrid.mam","D15","ONAQ","ONAQ_005","2016-06-10","2016-06-10","NEON.DOC.000481vH",,
"740695dc-cbfd-4439-8292-7e42058e41e4","31473BC3EA3A4D1EA4CEA52217DD0511","ONAQ_020.mammalGrid.mam","D15","ONAQ","ONAQ_020","2016-06-10","2016-06-10","NEON.DOC.000481vH",,
"1895cd6e-81a7-407a-8e5d-c186b59fb161","1C0F4B2C26604A2AB5194F9572168CA5","ONAQ_019.mammalGrid.mam","D15","ONAQ","ONAQ_019","2016-06-11","2016-06-11","NEON.DOC.000481vH",,
"88df6866-f33c-4b0e-9ca0-9500696f1ff9","D32C1CD431B548EBB9C204528E4B280A","ONAQ_023.mammalGrid.mam","D15","ONAQ","ONAQ_023","2016-06-11","2016-06-11","NEON.DOC.000481vH",,
"73e42520-3f8a-4476-ba04-3b29189b83f1","1DCA86C26E8C4512814E977E36F453EB","ONAQ_004.mammalGrid.mam","D15","ONAQ","ONAQ_004","2016-06-11","2016-06-11","NEON.DOC.000481vH",,
