uid,nightuid,namedLocation,domainID,siteID,plotID,collectDate,endDate,samplingProtocolVersion,remarks,dataQF
"2e1ff416-3a51-4a19-b004-733d45b4c7a1","d811b6cc-7a7d-4683-82b4-80e78da16304","TOOL_078.mammalGrid.mam","D18","TOOL","TOOL_078","2018-06-25","2018-06-25","NEON.DOC.000481vK",,
"676bbe6e-83d3-4863-a543-bf96a4a5d560","0a2d6424-9724-4be5-83e3-93156ccadb15","TOOL_076.mammalGrid.mam","D18","TOOL","TOOL_076","2018-06-25","2018-06-25","NEON.DOC.000481vK",,
"9e5738f3-2543-4f81-ae3b-7f1831262f36","07419ba2-bc30-4bb6-873a-c64602250f05","TOOL_007.mammalGrid.mam","D18","TOOL","TOOL_007","2018-06-25","2018-06-25","NEON.DOC.000481vK",,
"0f4c1c94-2455-4354-9f77-294491982825","094e8c2b-fef2-4490-a78d-d0c1bb0b2e15","TOOL_073.mammalGrid.mam","D18","TOOL","TOOL_073","2018-06-25","2018-06-25","NEON.DOC.000481vK",,
"51e58cf5-4ea1-4e39-aa57-467194af9b42","2251302b-4ee5-4a80-992c-2fd92f54f1e2","TOOL_073.mammalGrid.mam","D18","TOOL","TOOL_073","2018-06-26","2018-06-26","NEON.DOC.000481vK",,
"51d8abb7-f2bf-4cfa-86fa-f39e40cbcbcc","b1af768c-4b76-4e91-8948-19bc5286717a","TOOL_031.mammalGrid.mam","D18","TOOL","TOOL_031","2018-06-26","2018-06-26","NEON.DOC.000481vK",,
"d33fb359-464c-4b0c-aac9-2eb904149249","6bc4af30-2fc2-43ca-87b2-cf0b889aeb88","TOOL_078.mammalGrid.mam","D18","TOOL","TOOL_078","2018-06-26","2018-06-26","NEON.DOC.000481vK",,
"8cb16496-6cde-4971-81d1-5eafb9177345","bb52367f-28a7-4818-96a9-4910c7d501d6","TOOL_076.mammalGrid.mam","D18","TOOL","TOOL_076","2018-06-26","2018-06-26","NEON.DOC.000481vK",,
"48ce5fcc-cff3-4eca-8344-e226a139143b","10d5dca2-a1de-4007-807d-81fd7d5ec53f","TOOL_071.mammalGrid.mam","D18","TOOL","TOOL_071","2018-06-26","2018-06-26","NEON.DOC.000481vK",,
"b451b64c-8cff-4da9-b01d-84cd5cd93eab","2999121a-55bc-4078-8088-1e3b3cde97ab","TOOL_073.mammalGrid.mam","D18","TOOL","TOOL_073","2018-06-27","2018-06-27","NEON.DOC.000481vK",,
"9bdfc896-7ffd-4d92-ad11-fd655ba69ab4","28b86beb-9e6a-49ca-96af-2eb2547135ef","TOOL_078.mammalGrid.mam","D18","TOOL","TOOL_078","2018-06-27","2018-06-27","NEON.DOC.000481vK",,
"62c338c4-aa35-402e-9c37-125455f5634f","ddbb2497-a972-4a27-a9d9-4d5dd597ce18","TOOL_002.mammalGrid.mam","D18","TOOL","TOOL_002","2018-06-27","2018-06-27","NEON.DOC.000481vK",,
"7721ffbf-36c9-48c6-a1da-86693c1fc662","8914bc0f-e114-4840-bf69-ea3ca00fa050","TOOL_076.mammalGrid.mam","D18","TOOL","TOOL_076","2018-06-27","2018-06-27","NEON.DOC.000481vK",,
"ab263715-4dd0-48ec-b1c2-020b93fa8358","d57ed885-5360-4049-ab15-e7bb904baeb7","TOOL_077.mammalGrid.mam","D18","TOOL","TOOL_077","2018-06-27","2018-06-27","NEON.DOC.000481vK",,
