uid,nightuid,namedLocation,domainID,siteID,plotID,collectDate,endDate,samplingProtocolVersion,remarks,dataQF
"7c992aa9-4ee7-456b-9e73-82f63b1010a8","62139931-6ea7-44d4-a400-037c6d3d6610","BLAN_001.mammalGrid.mam","D02","BLAN","BLAN_001","2017-07-19","2017-07-19","NEON.DOC.000481vJ","some traps not set as impending storm during setting time",
"0687f2ea-d983-4816-a984-24be49550128","eaa2faf1-aca6-44dd-b4e4-74cab308c4a9","BLAN_003.mammalGrid.mam","D02","BLAN","BLAN_003","2017-07-19","2017-07-19","NEON.DOC.000481vJ",,
"80f6f030-2604-435a-b148-30259ca28c67","27333216-3c83-42a9-958a-046252674a1f","BLAN_009.mammalGrid.mam","D02","BLAN","BLAN_009","2017-07-19","2017-07-19","NEON.DOC.000481vJ",,
"b7ed34bc-d6fd-483f-a4b9-3f8aad834c64","63ccac37-99b1-4f2c-aed3-a2e94c7e6013","BLAN_002.mammalGrid.mam","D02","BLAN","BLAN_002","2017-07-20","2017-07-20","NEON.DOC.000481vJ",,
"a0600292-9364-487c-b051-e260f914511e","3a3653f5-b84e-4955-8ff0-d0880295d495","BLAN_009.mammalGrid.mam","D02","BLAN","BLAN_009","2017-07-20","2017-07-20","NEON.DOC.000481vJ",,
"bf8b2e52-96e0-459f-b190-47ef99d917c1","6f9f0cfb-f670-4b69-bdcd-c88d65b833c1","BLAN_001.mammalGrid.mam","D02","BLAN","BLAN_001","2017-07-20","2017-07-20","NEON.DOC.000481vJ",,
"8de7293d-e1d7-4f13-835a-c5d7eefe19cf","fbefcaac-0237-4d87-a263-c1d8eec9d001","BLAN_003.mammalGrid.mam","D02","BLAN","BLAN_003","2017-07-20","2017-07-20","NEON.DOC.000481vJ",,
"5007ea1d-da2e-4fec-aa21-1a7f3f8d2eb2","b7d2669c-31de-4cef-98b7-e20e0de707a1","BLAN_009.mammalGrid.mam","D02","BLAN","BLAN_009","2017-07-21","2017-07-21","NEON.DOC.000481vJ",,
"a18a542d-956b-4ac2-a9a6-89c1491c503f","c07d84c1-c081-4c13-a69f-61d7390a3f7e","BLAN_001.mammalGrid.mam","D02","BLAN","BLAN_001","2017-07-21","2017-07-21","NEON.DOC.000481vJ",,
"45c5f919-45f5-4279-9289-551f006e2366","e88aa17d-54ac-4f48-97d7-7edc93480474","BLAN_003.mammalGrid.mam","D02","BLAN","BLAN_003","2017-07-21","2017-07-21","NEON.DOC.000481vJ",,
