uid,nightuid,namedLocation,domainID,siteID,plotID,collectDate,endDate,samplingProtocolVersion,remarks,dataQF
"0eb82e31-4269-475a-b0b2-9dc356eb30e6","0D14588C8381451895E45041119114BC","UNDE_003.mammalGrid.mam","D05","UNDE","UNDE_003","2014-09-15","2014-09-15",,,
"b7e97a6f-93be-4e02-b349-03e2f9eb8658","ECBE59570F704040AAE397AD27B99E3A","UNDE_002.mammalGrid.mam","D05","UNDE","UNDE_002","2014-09-15","2014-09-15",,,
"f6505512-fe78-43bc-a51a-c47dcc5f334c","E7B5330522C544B682E9C28F36D4E913","UNDE_001.mammalGrid.mam","D05","UNDE","UNDE_001","2014-09-15","2014-09-15",,,
"0f7a10e4-3609-4040-ac08-8f487167e525","740627EEFF484A428C27C58D34628C58","UNDE_027.mammalGrid.mam","D05","UNDE","UNDE_027","2014-09-15","2014-09-15",,,
"3bd248f1-9e3d-479d-ab78-6cbed05c0999","6995D9273FB44A2E926C3D98E5687C0F","UNDE_027.mammalGrid.mam","D05","UNDE","UNDE_027","2014-09-16","2014-09-16",,,
"3af94691-3cba-40eb-93d7-88f1076b6b70","E2AC2B12E1E54D649DDBA4ECBE1EA958","UNDE_003.mammalGrid.mam","D05","UNDE","UNDE_003","2014-09-16","2014-09-16",,,
"60c27697-c178-46be-9bb8-de0e75153cb5","1E371B1A7E2D4C3191A4A87CE88869B9","UNDE_002.mammalGrid.mam","D05","UNDE","UNDE_002","2014-09-16","2014-09-16",,,
"36e30809-039e-4863-b1d5-a00091e79400","617C49169A5E490E86089D06323D6A87","UNDE_001.mammalGrid.mam","D05","UNDE","UNDE_001","2014-09-16","2014-09-16",,,
"5ff93aa9-7038-4d3e-b1f1-ca99bee89af5","D27F6912BD864601B0DE1E6908142109","UNDE_027.mammalGrid.mam","D05","UNDE","UNDE_027","2014-09-17","2014-09-17",,,
"b67e01e3-59ae-49e7-a274-3fc4d647ed54","747235D8ECAE4976AF92E96D8C3D0ECA","UNDE_001.mammalGrid.mam","D05","UNDE","UNDE_001","2014-09-17","2014-09-17",,,
"75b1ebd3-c7a9-4904-8c48-627328aa124c","4DC5AEAA2C174FF2896C17AF61403998","UNDE_003.mammalGrid.mam","D05","UNDE","UNDE_003","2014-09-17","2014-09-17",,,
"9a599570-36b1-4d3d-bfcb-60d21242a023","FBC7D090F90C4D598E299C2E1990CE94","UNDE_002.mammalGrid.mam","D05","UNDE","UNDE_002","2014-09-17","2014-09-17",,,
"4f5c0048-407e-42ab-aa43-03c64996cd74","A5F5138F24E44B7099B78C9D4F8F1040","UNDE_012.mammalGrid.mam","D05","UNDE","UNDE_012","2014-09-18","2014-09-18",,,
"8fd4e312-04a8-4fb7-a386-30027a15c947","93B69678118747ABA3BB798184B76812","UNDE_020.mammalGrid.mam","D05","UNDE","UNDE_020","2014-09-18","2014-09-18",,,
"e7741e74-9320-4943-906b-a3fcad919878","AD57922DB3044D5294E46F5F77D89547","UNDE_032.mammalGrid.mam","D05","UNDE","UNDE_032","2014-09-18","2014-09-18",,,
"6b0b640c-0500-4368-822c-ac1ed9ba5c84","906A1C6932324E24B69E07C7C80661E0","UNDE_008.mammalGrid.mam","D05","UNDE","UNDE_008","2014-09-18","2014-09-18",,,
"c32c5e97-518b-40f9-9bc3-e146f9978445","B5B176BAD61940968DCFD6815F714522","UNDE_012.mammalGrid.mam","D05","UNDE","UNDE_012","2014-09-19","2014-09-19",,,
"d5cbbd06-9260-486b-b6e9-7b953a999fcd","9A69523D31D94A698778931A2E8B6B06","UNDE_020.mammalGrid.mam","D05","UNDE","UNDE_020","2014-09-19","2014-09-19",,,
"3c479e7f-b3fc-4cf1-9e99-ec3749f0e4ca","9DFFCBE96D294259BB6E689EDD715D53","UNDE_032.mammalGrid.mam","D05","UNDE","UNDE_032","2014-09-19","2014-09-19",,"Traps not set due to deaths on 20140918",
"dc6a2f8d-19ab-407c-bbac-49dc1c09e617","132B54A454874C629CACCADB0B82681A","UNDE_008.mammalGrid.mam","D05","UNDE","UNDE_008","2014-09-19","2014-09-19",,"Traps not set due to deaths on 20140918",
"b27695ed-f730-4ec3-8148-b6bb51b1901e","CE12C1CF9837424FB8BFAB0A91F68A47","UNDE_008.mammalGrid.mam","D05","UNDE","UNDE_008","2014-09-20","2014-09-20",,"Traps not set due to deaths on 20140918",
"b3247110-0e42-4935-8804-a534ac3b545f","473F4D668F5B41A49052BA510DDD72DA","UNDE_012.mammalGrid.mam","D05","UNDE","UNDE_012","2014-09-20","2014-09-20",,,
"495801e8-12e7-4a07-b422-8f3e5dbf5fe1","3D392C64669C447FB445C456964480C7","UNDE_020.mammalGrid.mam","D05","UNDE","UNDE_020","2014-09-20","2014-09-20",,,
"568862e3-a485-4c4a-bb80-f017de8181dd","0766C606752B4DABBC4D0FACD9D6234C","UNDE_032.mammalGrid.mam","D05","UNDE","UNDE_032","2014-09-20","2014-09-20",,"Traps not set due to deaths on 20140918",
