uid,nightuid,namedLocation,domainID,siteID,plotID,collectDate,endDate,samplingProtocolVersion,remarks,dataQF
"830322a6-b0ba-447b-938d-ac998bcafd6a","cb09976b-1286-4e58-bc8c-2f2bf3dd911e","DSNY_016.mammalGrid.mam","D03","DSNY","DSNY_016","2017-09-26","2017-09-26","NEON.DOC.000481vG","Hogs at edge of plot",
"4d347f17-15bd-4abc-a1db-a66a5e670017","57019097-ca83-476c-ba73-bfbe8c0e6a48","DSNY_005.mammalGrid.mam","D03","DSNY","DSNY_005","2017-09-26","2017-09-26","NEON.DOC.000481vG",,
"38d1a3d5-d589-4217-b488-abf1bfa4bea2","1110e835-4953-425d-84e8-f838033b3f15","DSNY_004.mammalGrid.mam","D03","DSNY","DSNY_004","2017-09-26","2017-09-26","NEON.DOC.000481vG",,
"858db71f-d95f-462a-b68e-44b5fb1a07a2","578706c3-f682-450d-990f-8b651272c375","DSNY_001.mammalGrid.mam","D03","DSNY","DSNY_001","2017-09-26","2017-09-26","NEON.DOC.000481vG",,
"e38192c7-3d45-422b-acdf-21651b123754","fd960917-fbe8-4115-9646-46cd2a381604","DSNY_085.mammalGrid.mam","D03","DSNY","DSNY_085","2017-09-27","2017-09-27","NEON.DOC.000481vG",,
"75a821ed-9576-4780-b107-8dc19dda5989","2df97cff-4128-4a26-8492-9666802c7cf9","DSNY_001.mammalGrid.mam","D03","DSNY","DSNY_001","2017-09-27","2017-09-27","NEON.DOC.000481vG",,
"03b0fd3d-73fd-4e71-9b96-4347cd67ea1c","3c8391c2-a8bf-4597-873f-5f3cb7cae2c7","DSNY_005.mammalGrid.mam","D03","DSNY","DSNY_005","2017-09-27","2017-09-27","NEON.DOC.000481vJ",,
"19459117-d664-4c41-9c3e-513075aa9ec7","23a5d7ee-b9a2-4f91-959e-e9029af5930c","DSNY_004.mammalGrid.mam","D03","DSNY","DSNY_004","2017-09-27","2017-09-27","NEON.DOC.000481vJ",,
"ef10385c-7356-45a0-b7e3-c0a879fa7c8a","3ec2125a-7e76-4fbd-a98b-2eb37b549396","DSNY_005.mammalGrid.mam","D03","DSNY","DSNY_005","2017-09-28","2017-09-28","NEON.DOC.000481vJ",,
"42cba713-2872-4d3f-8b04-56cced4ee942","0c28a342-0d4a-4858-9b40-64c6ce1c2248","DSNY_004.mammalGrid.mam","D03","DSNY","DSNY_004","2017-09-28","2017-09-28","NEON.DOC.000481vJ",,
"bccc8763-c6f9-4eea-985e-88bc488c6b46","15891429-a92f-4816-9de9-16ecb7d80565","DSNY_006.mammalGrid.mam","D03","DSNY","DSNY_006","2017-09-28","2017-09-28","NEON.DOC.000481vJ",,
"a4f43486-5244-4984-bb3c-3ae0c246badf","9200c471-bf94-4eb6-b486-7ccc988c608f","DSNY_001.mammalGrid.mam","D03","DSNY","DSNY_001","2017-09-28","2017-09-28","NEON.DOC.000481vJ",,
"5a46b494-15c4-4407-9184-cd708064982c","b6e23f4d-5214-4cef-a674-efa8289d54f9","DSNY_001.mammalGrid.mam","D03","DSNY","DSNY_001","2017-09-29","2017-09-29",,,
