uid,nightuid,namedLocation,domainID,siteID,plotID,collectDate,endDate,samplingProtocolVersion,remarks,dataQF
"37e5b003-04ba-4d99-9aec-ad1ea32dc9a2","7244F25908164E07AE7EAF964A0B452C","SCBI_008.mammalGrid.mam","D02","SCBI","SCBI_008","2014-08-18","2014-08-18",,,
"a4f40b2e-12df-440f-bf82-c3f1a83a60fc","1C2C78C0217C4DA69E5030B839DBF734","SCBI_035.mammalGrid.mam","D02","SCBI","SCBI_035","2014-08-18","2014-08-18",,,
"fcfd37d9-5280-44a6-90ef-bdab0c72bf29","EB71CB02124F447EBCA63FB02A76411E","SCBI_002.mammalGrid.mam","D02","SCBI","SCBI_002","2014-08-18","2014-08-18",,,
"77941fa6-3d7f-43fa-abd1-4f60935b9a33","B17ED0DBB5244B9D9635F3905B8F1981","SCBI_002.mammalGrid.mam","D02","SCBI","SCBI_002","2014-08-19","2014-08-19",,,
"99c6832b-fc63-4dd9-9138-001be0b5f5f6","49C89BA71EAD4885BC632102ED710AB2","SCBI_035.mammalGrid.mam","D02","SCBI","SCBI_035","2014-08-19","2014-08-19",,,
"580a2a54-42e6-463d-998d-f04cde4c7fe1","CA31F1CD086B410BA79959D922CCAFC8","SCBI_008.mammalGrid.mam","D02","SCBI","SCBI_008","2014-08-19","2014-08-19",,,
"45e05fd5-70c2-4a74-a261-1d87f44061d6","D7BD7B81BE3C430D8892472FD4B71C41","SCBI_002.mammalGrid.mam","D02","SCBI","SCBI_002","2014-08-20","2014-08-20",,,
"25bc7b47-0841-4e9e-84b3-d688397cc5f2","08DD6BC7D82D4D5A90FB94FABA630EBE","SCBI_008.mammalGrid.mam","D02","SCBI","SCBI_008","2014-08-20","2014-08-20",,,
"c9f2d6ce-e41d-4ca7-bde9-b5bb452094fe","FAC546C464C4462A831B720D3A4E1167","SCBI_035.mammalGrid.mam","D02","SCBI","SCBI_035","2014-08-20","2014-08-20",,,
"8164febf-de02-4798-a06f-b5a20885bd30","5D3D8F5144744896B441FA07D69DB1F9","SCBI_004.mammalGrid.mam","D02","SCBI","SCBI_004","2014-08-21","2014-08-21",,,
"6cadfdbf-2079-4f10-9a16-907b6cf4889d","7DCEA49754C14C23B0DAB34ED5EBC8CC","SCBI_003.mammalGrid.mam","D02","SCBI","SCBI_003","2014-08-21","2014-08-21",,,
"f0e2ddb7-da3e-424a-ad43-83723a6fca2b","904089D9B56148639B31FA31F4AC260E","SCBI_039.mammalGrid.mam","D02","SCBI","SCBI_039","2014-08-21","2014-08-21",,"Only 77 traps set due to impending thunderstorm at setting time",
"20c80a40-d0d1-4117-902d-fab082f33574","4AFA2B30116042C49AA3A52D9100124E","SCBI_039.mammalGrid.mam","D02","SCBI","SCBI_039","2014-08-22","2014-08-22",,,
"aaf01f4d-cedf-49c1-97a2-c5b3d8764afa","934D24880C624EF8AAB43C7F060C9AA7","SCBI_003.mammalGrid.mam","D02","SCBI","SCBI_003","2014-08-22","2014-08-22",,"We did not set traps at this plot due to high disturbance of traps on the first trapping night",
"b0df3cb1-6517-415f-a2c5-43b8f9be3b48","3ECE2C7E27304664A16119D6AC52CEFF","SCBI_004.mammalGrid.mam","D02","SCBI","SCBI_004","2014-08-22","2014-08-22",,,
"9190c894-ce5b-4a9e-b11c-2fbec2cbb0b2","055887D11E5745B291BAD3CEECD181F6","SCBI_039.mammalGrid.mam","D02","SCBI","SCBI_039","2014-08-23","2014-08-23",,,
"4cbec7a8-04c3-4a53-84f2-7fe9a9bb4d7b","4149A6BEDF1F46269BAFAE87BEEBB6C7","SCBI_004.mammalGrid.mam","D02","SCBI","SCBI_004","2014-08-23","2014-08-23",,,
"ce219eb3-d811-4ffb-98eb-f33ee4fbb84c","F15EAC82F1FC4DED8F005F0CCE32A2CE","SCBI_004.mammalGrid.mam","D02","SCBI","SCBI_004","2014-08-23","2014-08-23",,,
"18780fd3-ad7e-4b37-b05a-8ebc5639518c","79BAB03490E74C2C95A6E2D09DA0A8CD","SCBI_003.mammalGrid.mam","D02","SCBI","SCBI_003","2014-08-23","2014-08-23",,"We did not set traps at this plot due to high disturbance of traps on the first trapping night",
