uid,nightuid,namedLocation,domainID,siteID,plotID,collectDate,endDate,samplingProtocolVersion,remarks,dataQF
"d730329a-8e79-42cb-a7e3-9a2f1913f7e4","18FED43F6E7043ACB81FA3359C6C082E","OSBS_012.mammalGrid.mam","D03","OSBS","OSBS_012","2014-10-21","2014-10-21",,,
"716145e9-90e8-47d5-8ac1-466b7c608047","4D199BFB6BA04F4DA0A6BD2D9893D6B3","OSBS_003.mammalGrid.mam","D03","OSBS","OSBS_003","2014-10-21","2014-10-21",,,
"45d12807-1e60-43d6-a822-93aea9c3db2d","655A076666934E8CBAEC1F4B1CA12CCB","OSBS_023.mammalGrid.mam","D03","OSBS","OSBS_023","2014-10-21","2014-10-21",,,
"49a349c0-b46f-4bde-b2c7-5f52ecba02df","E5B436DB880D43FF98EAF360068F0420","OSBS_004.mammalGrid.mam","D03","OSBS","OSBS_004","2014-10-21","2014-10-21",,,
"e6bb8329-44b5-4d4f-97e0-5ecdcd04ab3d","2FA9DD0CBF5841389B63E444FB1C9255","OSBS_005.mammalGrid.mam","D03","OSBS","OSBS_005","2014-10-21","2014-10-21",,,
"9b67dd58-34e5-4c6a-942a-d97baabfdc54","5208CA640D844EF6A7C2AE73D7E12E58","OSBS_002.mammalGrid.mam","D03","OSBS","OSBS_002","2014-10-21","2014-10-21",,,
"1ccfb5f0-52ae-436b-a56d-86ce9200ba75","0782C9C9092F4842B2B196D22B1C7479","OSBS_004.mammalGrid.mam","D03","OSBS","OSBS_004","2014-10-22","2014-10-22",,,
"fa46e486-34c0-48d6-969a-0355353bd263","E376A880DDBE461F9E486C014EB1F07C","OSBS_005.mammalGrid.mam","D03","OSBS","OSBS_005","2014-10-22","2014-10-22",,"Pulled due to raccoon disturbance.",
"4bf0a60e-77e8-47ee-bd65-5adc4050f34d","7F637356EF74490996CEC20774AB8397","OSBS_023.mammalGrid.mam","D03","OSBS","OSBS_023","2014-10-22","2014-10-22",,,
"64430347-c2c4-4485-88e2-0e3f08f93dcd","334F0A6AB6A64589AAB70B8933978F35","OSBS_002.mammalGrid.mam","D03","OSBS","OSBS_002","2014-10-22","2014-10-22",,,
"8300b4c1-55e3-4aee-8fb9-66996c939cdd","8B5F6FD089604DF89A20D21860FEA645","OSBS_003.mammalGrid.mam","D03","OSBS","OSBS_003","2014-10-22","2014-10-22",,,
"a8bd0198-e4a2-47b5-aa24-036f1fe2892b","01A70809D03D43A1ACA7024AC36229C8","OSBS_012.mammalGrid.mam","D03","OSBS","OSBS_012","2014-10-22","2014-10-22",,,
"f177aaad-00ca-496d-b87a-84eab9e4de67","A403281BCC9D4A7087567C4E5D828378","OSBS_003.mammalGrid.mam","D03","OSBS","OSBS_003","2014-10-23","2014-10-23",,,
"c9e945b8-9a47-45c5-8cde-21d6b0822b57","2859220496E54E17B0FA6675442E804A","OSBS_012.mammalGrid.mam","D03","OSBS","OSBS_012","2014-10-23","2014-10-23",,,
"f49b5001-5155-426f-9fdb-34902fbc349b","87C3A7C019FD4C72834024825346D31C","OSBS_005.mammalGrid.mam","D03","OSBS","OSBS_005","2014-10-23","2014-10-23",,"Grid pulled 20141022 due to raccoon disturbance",
"ea60141f-700b-47d2-a5cd-ec16ef8b644f","054DBAAB079B4A33ADEAA72E40E91FEF","OSBS_004.mammalGrid.mam","D03","OSBS","OSBS_004","2014-10-23","2014-10-23",,,
"61972464-cadd-4385-9ce1-90fe8f4ca570","033A9780EB224400AE504525F1277A7B","OSBS_023.mammalGrid.mam","D03","OSBS","OSBS_023","2014-10-23","2014-10-23",,,
"bd38d3d8-a563-4a18-8a8b-51d9a5fe02cc","8BEA7DF826B2413C9269F8B36F6D14FB","OSBS_002.mammalGrid.mam","D03","OSBS","OSBS_002","2014-10-23","2014-10-23",,,
