uid,nightuid,namedLocation,domainID,siteID,plotID,collectDate,endDate,samplingProtocolVersion,remarks,dataQF
"2dbb9250-bf6b-4ccd-a2de-7cf7e0b3e9cf","0BEE0776566D4323BC629F6168D78424","CPER_009.mammalGrid.mam","D10","CPER","CPER_009","2013-09-04","2013-09-04",,,
"8b59ff97-dad2-4c62-8c9d-54d70ccf93e9","666C0A03BC994151A8837FA1FB6A307A","CPER_006.mammalGrid.mam","D10","CPER","CPER_006","2013-09-04","2013-09-04",,,
"58b3d987-1564-4713-8b3c-fe2bb2531975","C75E9D38B2844FAF8109505CFFEA2333","CPER_002.mammalGrid.mam","D10","CPER","CPER_002","2013-09-04","2013-09-04",,,
"5da87b75-8c7c-4184-a9e0-c8b9860a70fc","C6313BAD93AB4E438972C9736A12F5FC","CPER_008.mammalGrid.mam","D10","CPER","CPER_008","2013-09-04","2013-09-04",,,
"2db87ae9-b4fc-425c-8c00-f43673cc0c76","6B254485F83D48EAB2DE3865456A3303","CPER_006.mammalGrid.mam","D10","CPER","CPER_006","2013-09-05","2013-09-05",,"No captures or disturbed traps.",
"5effcada-951c-45ff-ab24-2829763595f5","813DAAD406CD467F99AF731DEAA8EE3C","CPER_002.mammalGrid.mam","D10","CPER","CPER_002","2013-09-05","2013-09-05",,,
"ec29bb0c-ff10-4116-b9b8-03c358a69d70","8E33B774E4AF4DD3A6465C5F9571E954","CPER_008.mammalGrid.mam","D10","CPER","CPER_008","2013-09-05","2013-09-05",,"No captures or disturbed traps.",
"321774d8-1cc6-4682-8c02-69db78f85d11","18F3D91464E049BB9A2DC3D72F3B4958","CPER_009.mammalGrid.mam","D10","CPER","CPER_009","2013-09-05","2013-09-05",,"Cow disturbance.",
"4294c335-85c7-4486-93eb-f0a116463d05","9F6427E0EFF54F1182C980556254B017","CPER_002.mammalGrid.mam","D10","CPER","CPER_002","2013-09-06","2013-09-06",,"No captures or disturbed traps.",
"21d3db7b-6ec4-4236-806f-4f22b7666609","78A39125F24743D480C23D6E86F1BAEF","CPER_008.mammalGrid.mam","D10","CPER","CPER_008","2013-09-06","2013-09-06",,,
"c4c3cc7c-24d2-4b47-bfcc-de433240f3cc","15F0DD20645646E483B6AA9962B46F20","CPER_009.mammalGrid.mam","D10","CPER","CPER_009","2013-09-06","2013-09-06",,"No captures or disturbed traps.",
"6187f8ac-2d15-4d69-b733-9b295d248f03","A6A393FFEBE54B5E9BC0FEE89FC4FA07","CPER_006.mammalGrid.mam","D10","CPER","CPER_006","2013-09-06","2013-09-06",,,
"98c5e8f6-c7a8-4c1c-a204-ba3a29cab113","5B5CC16E2DAE4CAAB3B7370831795372","CPER_015.mammalGrid.mam","D10","CPER","CPER_015","2013-09-07","2013-09-07",,,
"38ac4280-3806-4500-9558-d83e6ede1dfc","C7A1A59DD7DB4A229A362B37AC9755C0","CPER_005.mammalGrid.mam","D10","CPER","CPER_005","2013-09-07","2013-09-07",,"No captures or disturbed traps.",
"1ccd65c0-e6e1-4ef7-8726-44f7789b4ca7","14D7892DFBC7460EB68A8D3180ADCC99","CPER_004.mammalGrid.mam","D10","CPER","CPER_004","2013-09-07","2013-09-07",,,
"385e96c4-b13f-4fa5-aaa4-957ded0eac2d","C5F6733AD901458A9B4FCC02773CD4C7","CPER_011.mammalGrid.mam","D10","CPER","CPER_011","2013-09-07","2013-09-07",,,
"609129de-ac98-4b36-8da7-a2849f22a81f","FBE776EC5FA848B0A414E9044BA76211","CPER_004.mammalGrid.mam","D10","CPER","CPER_004","2013-09-08","2013-09-08",,"No captures or disturbed traps.",
"8cea72c9-2a92-46c2-9259-8823f6493d34","B8D5851C1A2946ED9D7235E7CDA3B67C","CPER_005.mammalGrid.mam","D10","CPER","CPER_005","2013-09-08","2013-09-08",,,
"0fa64894-739f-4614-ae20-72e50b294b7a","C5BDEA2AAAD84F24A4F0C9754237E700","CPER_015.mammalGrid.mam","D10","CPER","CPER_015","2013-09-08","2013-09-08",,,
"aa29ea2f-80c9-43e4-8a3f-ea9f23114dd0","F71B5A83551F4BD5B43148F1D49BF241","CPER_011.mammalGrid.mam","D10","CPER","CPER_011","2013-09-08","2013-09-08",,,
"16656712-fcf2-4887-b785-43c81eca35a8","6287684AE76A45998841D8599BA4E17C","CPER_011.mammalGrid.mam","D10","CPER","CPER_011","2013-09-09","2013-09-09",,,
"875ee76e-c139-4722-aa38-8ba1e3b57de0","C75492934AB3489280CFE78A8F9202A3","CPER_004.mammalGrid.mam","D10","CPER","CPER_004","2013-09-09","2013-09-09",,,
"df7845a9-e572-4161-8d62-fd12a6f3ad7a","8F063E74F72B465BB523920FDBDF62DB","CPER_015.mammalGrid.mam","D10","CPER","CPER_015","2013-09-09","2013-09-09",,,
"8658c255-17ff-4662-a3a1-6b212ff70372","ADDCB4E80EAF4A08A3044E1E1BEFAE43","CPER_005.mammalGrid.mam","D10","CPER","CPER_005","2013-09-09","2013-09-09",,"No captures or disturbed traps.",
