uid,nightuid,namedLocation,domainID,siteID,plotID,collectDate,endDate,samplingProtocolVersion,remarks,dataQF
"4094c902-00c6-420a-abae-faab830b8f4c","4C9876C3D1A8494DACDA797EDB822669","GRSM_013.mammalGrid.mam","D07","GRSM","GRSM_013","2015-05-19","2015-05-19",,"used NEON.DOC.000481vF",
"b6899464-d639-4ca2-b66d-1f008a946cdd","30846E0E917043469EAB00421830F26E","GRSM_003.mammalGrid.mam","D07","GRSM","GRSM_003","2015-05-19","2015-05-19",,"used NEON.DOC.000481vF",
"addf99a4-86ff-4351-9e72-9599805b11f8","F3BA133D8506415B9D60E7F5C614702E","GRSM_014.mammalGrid.mam","D07","GRSM","GRSM_014","2015-05-19","2015-05-19",,"used NEON.DOC.000481vF",
"7fb93620-8267-427f-8a30-3cc079259538","C7F3FEF8696F4B3A923D7D023C2B8380","GRSM_015.mammalGrid.mam","D07","GRSM","GRSM_015","2015-05-20","2015-05-20",,"used NEON.DOC.000481vF",
"70e2c4c7-e275-4f59-b038-595e0454f022","C0BA462A7ED9465DBE8BBBA68E44C05F","GRSM_020.mammalGrid.mam","D07","GRSM","GRSM_020","2015-05-20","2015-05-20",,"used NEON.DOC.000481vF",
"546972dc-3d61-4373-9816-24de78385a7f","295C88AAB2C147FFA3779C55A863327E","GRSM_033.mammalGrid.mam","D07","GRSM","GRSM_033","2015-05-20","2015-05-20",,"used NEON.DOC.000481vF. no captures on grid",
"1c9d60cb-22fd-4e7f-9adf-27edc4ae71f9","55CFFD0605854804B1A86A5908C4554F","GRSM_015.mammalGrid.mam","D07","GRSM","GRSM_015","2015-05-21","2015-05-21",,"used NEON.DOC.000481vF",
"3b96aa74-168f-4a28-9b48-ac1ee1575c6b","12562C91878B4DBAA68F43BA817F2060","GRSM_020.mammalGrid.mam","D07","GRSM","GRSM_020","2015-05-21","2015-05-21",,"used NEON.DOC.000481vF",
"9a75a698-7555-44f7-87eb-1553d615b64a","846370B1C92F4CA29E6558E8538F255C","GRSM_033.mammalGrid.mam","D07","GRSM","GRSM_033","2015-05-21","2015-05-21",,"used NEON.DOC.000481vF",
"165b3f11-f2e5-4d2e-a389-36dea3eeaf4a","A2F7920339DA4B6CA34BE9978F6BAE17","GRSM_015.mammalGrid.mam","D07","GRSM","GRSM_015","2015-05-22","2015-05-22",,"used NEON.DOC.000481vF. Due to bear damage entire grid not set",
"c3926e88-d94d-40c4-ae3d-923f28dd5665","48100B5ECF354BDBB2C16BAE91CF0C22","GRSM_020.mammalGrid.mam","D07","GRSM","GRSM_020","2015-05-22","2015-05-22",,"used NEON.DOC.000481vF",
"48f47cb1-e831-4190-a763-f37faa2c3082","F846A6EBDAF447B2AEB4E09B254456FD","GRSM_033.mammalGrid.mam","D07","GRSM","GRSM_033","2015-05-22","2015-05-22",,"used NEON.DOC.000481vF",
