uid,nightuid,namedLocation,domainID,siteID,plotID,collectDate,endDate,samplingProtocolVersion,remarks,dataQF
"ecdf7616-03cc-4477-b91e-3af878854809","5EF5FEF3E23043568D6FD8BEC9CFDF8E","ORNL_027.mammalGrid.mam","D07","ORNL","ORNL_027","2015-09-09","2015-09-09",,"used NEON.DOC.000481vG",
"eaf0b62a-f9c1-4bec-a847-aaf4589230ba","024BD241E134419D84AE296613678121","ORNL_007.mammalGrid.mam","D07","ORNL","ORNL_007","2015-09-09","2015-09-09",,"used NEON.DOC.000481vG",
"bb717f9e-1947-4c7b-a471-ac16602d3a6b","B759BC17BAC04072B48FAE3D78FC7BC1","ORNL_001.mammalGrid.mam","D07","ORNL","ORNL_001","2015-09-09","2015-09-09",,"used NEON.DOC.000481vG",
"faa1b93d-52c4-432f-bfd7-3ea57ac401f3","249F3A66D3484F77BA45CB93CB4752E5","ORNL_002.mammalGrid.mam","D07","ORNL","ORNL_002","2015-09-09","2015-09-09",,"used NEON.DOC000481vG",
"16f57e70-7588-4fa7-af42-8e9053636da3","F15B1F4F130B4FB0BD4E3C7C25E7E2E2","ORNL_003.mammalGrid.mam","D07","ORNL","ORNL_003","2015-09-09","2015-09-09",,"used NEON.DOC.000481vG",
"9002e436-facf-4a4d-951d-dbbcf74eeeab","EC3EB62F362B4DB4A8968AD217743984","ORNL_039.mammalGrid.mam","D07","ORNL","ORNL_039","2015-09-09","2015-09-09",,"used NEON.DOC.00481vG",
"bd1eed39-f925-4b75-b6e5-df8d8644a0a3","90C86E64F0674D35A97D99EC05DFE70C","ORNL_003.mammalGrid.mam","D07","ORNL","ORNL_003","2015-09-10","2015-09-10",,"used NEON.DOC.000481vG",
"33c2cb33-13c7-44f7-b77e-6eca03cd553f","10EFEA7436B442F2BDB0280FD071A482","ORNL_027.mammalGrid.mam","D07","ORNL","ORNL_027","2015-09-10","2015-09-10",,"used NEON.DOC.000481vG",
"ab6bc3df-fb6a-4a19-b526-9af9d884cf35","D7B1B7EEF02E45CF87E33EF92B861D73","ORNL_002.mammalGrid.mam","D07","ORNL","ORNL_002","2015-09-10","2015-09-10",,"used NEON.DOC.000481vG",
"4c512330-73e2-4c69-9452-da8ffc3458d2","7C5E412E692B407086C15C7EBE62CC18","ORNL_003.mammalGrid.mam","D07","ORNL","ORNL_003","2015-09-11","2015-09-11",,"used NEON.DOC.000481vG",
"fd8baad4-341c-4d13-87b0-0c3921865a7e","D7DC6551D8074BC8B07666DE48C0B5EF","ORNL_027.mammalGrid.mam","D07","ORNL","ORNL_027","2015-09-11","2015-09-11",,"used NEON.DOC.000481vG",
"202ab8f0-32f0-4446-8792-2913da8a996a","9125E81F31BB452583ECE8B247043A7C","ORNL_002.mammalGrid.mam","D07","ORNL","ORNL_002","2015-09-11","2015-09-11",,"used NEON.DOC.000481vG",
