uid,nightuid,namedLocation,domainID,siteID,plotID,collectDate,endDate,samplingProtocolVersion,remarks,dataQF
"14d5799e-5c7b-4fd3-a3c2-13696d430c75","9a4ccdb0-91cf-48e2-ab69-0d1ed773085a","OSBS_004.mammalGrid.mam","D03","OSBS","OSBS_004","2018-03-13","2018-03-13","NEON.DOC.000481vK",,
"f34a5c17-d773-490e-812d-0d824174c5b6","97dbd266-1afa-4819-9864-5156a4858d5d","OSBS_003.mammalGrid.mam","D03","OSBS","OSBS_003","2018-03-13","2018-03-13","NEON.DOC.000481vK",,
"57a37fd5-2664-40fd-a69a-60653794511c","10eca397-3a13-4644-9220-5a7518ed92b5","OSBS_004.mammalGrid.mam","D03","OSBS","OSBS_004","2018-03-14","2018-03-14","NEON.DOC.000481vK",,
"52acee72-7aba-4984-888a-01fa880b89d2","ad545855-317e-4247-b19b-50824f60e6e4","OSBS_005.mammalGrid.mam","D03","OSBS","OSBS_005","2018-03-14","2018-03-14","NEON.DOC.000481vK",,
"4970bd43-8e26-4c46-ba3f-2cb7c487cd3e","9a25a0d0-448c-4811-a54c-19b602d87dcb","OSBS_003.mammalGrid.mam","D03","OSBS","OSBS_003","2018-03-14","2018-03-14","NEON.DOC.000481vK",,
"64fea25c-3cde-43ab-a5e3-6a901ad34ac6","be2bec6b-bfd4-417d-9e91-3594e73d13d2","OSBS_003.mammalGrid.mam","D03","OSBS","OSBS_003","2018-03-15","2018-03-15","NEON.DOC.000481vK",,
"2c4e5941-0011-482a-8b21-1defe8cbda8d","8c5dd82d-d087-49b6-806b-8765d91dc0c3","OSBS_002.mammalGrid.mam","D03","OSBS","OSBS_002","2018-03-15","2018-03-15","NEON.DOC.000481vK",,
"6340af08-07ff-4210-80b0-ce8f227d0543","6d0bf78b-36e3-45b1-afb7-b90f510e935f","OSBS_004.mammalGrid.mam","D03","OSBS","OSBS_004","2018-03-15","2018-03-15","NEON.DOC.000481vK",,
