uid,nightuid,namedLocation,domainID,siteID,plotID,collectDate,endDate,samplingProtocolVersion,remarks,dataQF
"b47f5992-6d56-49d5-9afe-611424a1b271","1FAE309F1D89429E93A6B461FE1ADB53","MOAB_003.mammalGrid.mam","D13","MOAB","MOAB_003","2016-04-02","2016-04-02","NEON.DOC.000481vG","Sampling protocol actually used was NEON.DOC.000481vH but was not an option on database. Min processing, no samples, no measurements, no ticks, ran out of time.",
"ecaec30d-b729-4433-8c19-3c4f0730ac44","E91B685EB04A43FF94F66BC19562ADDA","MOAB_025.mammalGrid.mam","D13","MOAB","MOAB_025","2016-04-02","2016-04-02","NEON.DOC.000481vG","Sampling protocol actually used was NEON.DOC.000481vH but was not an option on database",
"4c072e49-b8a1-4162-a380-acd4905aa754","0E7131ACFA8C4453A24ADEA40751FED5","MOAB_006.mammalGrid.mam","D13","MOAB","MOAB_006","2016-04-02","2016-04-02","NEON.DOC.000481vG","Sampling protocol actually used was NEON.DOC.000481vH but was not an option on database",
"c052747e-d656-49e1-b0f8-350c7fce3be1","A36D230A306447D8ADB781A44EAE7C86","MOAB_003.mammalGrid.mam","D13","MOAB","MOAB_003","2016-04-03","2016-04-03","NEON.DOC.000481vG","Sampling protocol actually used was NEON.DOC.000481vH but was not an option on database",
"e8fec122-4f9d-40ec-84b4-b30a5ac08e45","3C36BC9EEA33471A95272DA3A6DD23C6","MOAB_025.mammalGrid.mam","D13","MOAB","MOAB_025","2016-04-03","2016-04-03","NEON.DOC.000481vG","Sampling protocol actually used was NEON.DOC.000481vH but was not an option on database",
"9e0485ba-9a6b-4458-9c99-816d8b8fee39","4E07211527364A8085DF9373382F9770","MOAB_006.mammalGrid.mam","D13","MOAB","MOAB_006","2016-04-03","2016-04-03","NEON.DOC.000481vG","Sampling protocol actually used was NEON.DOC.000481vH but was not an option on database",
"23a12301-81ff-4cb2-94aa-65ddc6b8cc02","1473FC1F6E1949D6BF1834006A072757","MOAB_006.mammalGrid.mam","D13","MOAB","MOAB_006","2016-04-04","2016-04-04","NEON.DOC.000481vG","Sampling protocol actually used was NEON.DOC.000481vH but was not an option on database.",
"d8fa9a6d-c229-4241-bc01-95674d000a39","D470F900E55544FE8B0EA54A082E2033","MOAB_025.mammalGrid.mam","D13","MOAB","MOAB_025","2016-04-04","2016-04-04","NEON.DOC.000481vG","Sampling protocol actually used was NEON.DOC.000481vH but was not an option on database",
"38e50a8e-43e1-4931-ba6c-12027d24f5d0","00450B6067F547AC9FE6A4395314626F","MOAB_003.mammalGrid.mam","D13","MOAB","MOAB_003","2016-04-04","2016-04-04","NEON.DOC.000481vG","Sampling protocol actually used was NEON.DOC.000481vH but was not an option on database",
"2cebe2ef-d3cf-48bb-b8f2-12c244df6ae7","8F1141DAF98949D9B6BD04F6F0047381","MOAB_004.mammalGrid.mam","D13","MOAB","MOAB_004","2016-04-05","2016-04-05","NEON.DOC.000481vG","Sampling protocol actually used was NEON.DOC.000481vH but was not an option on database",
"f1311b6c-836e-464f-aee5-a5bb514ee43f","56CD4CDC58314B6B811BDC2BBE685E0C","MOAB_002.mammalGrid.mam","D13","MOAB","MOAB_002","2016-04-05","2016-04-05","NEON.DOC.000481vG","Sampling protocol actually used was NEON.DOC.000481vH but was not an option on database.",
"874ac97c-3ef9-44c5-acb0-5577b9cc2934","9D0E63A8910B40C99D24B56C678D83D7","MOAB_009.mammalGrid.mam","D13","MOAB","MOAB_009","2016-04-05","2016-04-05","NEON.DOC.000481vG","Sampling protocol actually used was NEON.DOC.000481vH but was not an option on database",
