uid,nightuid,namedLocation,domainID,siteID,plotID,collectDate,endDate,samplingProtocolVersion,remarks,dataQF
"12c70798-a256-4749-85fc-86eed534836b","F6C430AF134741D1A7D34D2D45A6CD7C","STER_031.mammalGrid.mam","D10","STER","STER_031","2016-09-07","2016-09-07","NEON.DOC.000481vH",,
"442f8234-99c2-45b5-a953-e40e023add2e","165EDC2574A34160AC6196CF095B58C1","STER_006.mammalGrid.mam","D10","STER","STER_006","2016-09-07","2016-09-07","NEON.DOC.000481vH",,
"787c871c-73d8-41a1-8609-46673d302ab7","A9DFD357CD084BAB866AE808BB08207C","STER_027.mammalGrid.mam","D10","STER","STER_027","2016-09-07","2016-09-07","NEON.DOC.000481vH",,
"ca5ba740-6177-4dcf-a596-c44cf3431c3e","B127170DD3B246B791AD8ABC4A7BF1AD","STER_029.mammalGrid.mam","D10","STER","STER_029","2016-09-07","2016-09-07","NEON.DOC.000481vH",,
"733d4394-0779-4f54-8059-3e2309b0de5a","5D1B1BDC1B8F4D6593E7A6DDD5051ACD","STER_031.mammalGrid.mam","D10","STER","STER_031","2016-09-08","2016-09-08","NEON.DOC.000481vH",,
"bcdb0556-592d-492d-813e-5c9a88be9cf5","990AE08628F543E8839847F28D681946","STER_026.mammalGrid.mam","D10","STER","STER_026","2016-09-08","2016-09-08","NEON.DOC.000481vH",,
"0f19dd1a-7e2c-4be8-bbdd-abfa801161ba","F0980FBC2E53489883B353077B33D8A5","STER_006.mammalGrid.mam","D10","STER","STER_006","2016-09-08","2016-09-08","NEON.DOC.000481vH",,
"ae9b2c01-e117-4395-bba7-6ddb50151f52","A02AE61C3BAD4AEC935755BBBC2EDED5","STER_029.mammalGrid.mam","D10","STER","STER_029","2016-09-08","2016-09-08","NEON.DOC.000481vH",,
"a3686d88-0f91-4b37-96e3-bc2584646764","616509A8FA10449196076458DFEE42BC","STER_028.mammalGrid.mam","D10","STER","STER_028","2016-09-09","2016-09-09","NEON.DOC.000481vH",,
"a07c6ed7-3330-4d10-9746-947abbb6a3e9","95FA1C7DEBD047A5B6488E2663C5ED5D","STER_029.mammalGrid.mam","D10","STER","STER_029","2016-09-09","2016-09-09","NEON.DOC.000481vH",,
"1187cfb1-8dfc-4c34-ac64-820200287a9c","A7C2023CB7554C6FBC4E019C82802EBA","STER_031.mammalGrid.mam","D10","STER","STER_031","2016-09-09","2016-09-09","NEON.DOC.000481vH","Traps disturbed by cows overnight and during morning trap checking",
"91052df1-7053-404e-939c-1ced4d037b4e","3C6CB2693A19451CBE054039B77D7060","STER_006.mammalGrid.mam","D10","STER","STER_006","2016-09-09","2016-09-09","NEON.DOC.000481vH",,
