uid,nightuid,namedLocation,domainID,siteID,plotID,collectDate,endDate,samplingProtocolVersion,remarks,dataQF
"649d59fe-9a51-42f9-b034-4f17703f1214","330006C704FC48A6A609852D51499A19","OAES_004.mammalGrid.mam","D11","OAES","OAES_004","2015-10-13","2015-10-13",,,
"87707ce9-2063-42bf-8df5-6056e317d183","F79ABE8D76B9436C9088895A74999F5C","OAES_003.mammalGrid.mam","D11","OAES","OAES_003","2015-10-13","2015-10-13",,,
"09f104c0-2c63-466e-bb56-05a52c8c6a59","E0A9CFD37F3B4A95A29786A3C10F16A4","OAES_029.mammalGrid.mam","D11","OAES","OAES_029","2015-10-13","2015-10-13",,,
"4afcd345-1f38-4148-ae99-51ae425aa1d9","68D87A3DDB694868A0F6311C5E2D2065","OAES_010.mammalGrid.mam","D11","OAES","OAES_010","2015-10-14","2015-10-14",,,
"f32629ab-a167-40ac-a3a4-944201fdd895","7CDD5D8C3C454CAA8D90DE340ED1B434","OAES_001.mammalGrid.mam","D11","OAES","OAES_001","2015-10-14","2015-10-14",,,
"0dc15257-1a92-4e79-8417-d4132f57e0fc","62CE56A0F2154DFCBC927A38557C11F7","OAES_010.mammalGrid.mam","D11","OAES","OAES_010","2015-10-15","2015-10-15",,,
"59e0b993-6f8f-4af4-872c-48883b49fa40","A668AE45C83B4282A7F7A0D2092B9FE2","OAES_002.mammalGrid.mam","D11","OAES","OAES_002","2015-10-15","2015-10-15",,,
"452797b0-0935-47c4-a175-04ea14623bd4","8B699F4F4E3E4A7A8A777BDEE16FA07F","OAES_010.mammalGrid.mam","D11","OAES","OAES_010","2015-10-16","2015-10-16",,,
"d15131ea-55dc-4cb0-a2bd-49b9493e01aa","8EFC1EA4911940DDAE8254838D103D06","OAES_002.mammalGrid.mam","D11","OAES","OAES_002","2015-10-16","2015-10-16",,,
