uid,nightuid,namedLocation,domainID,siteID,plotID,collectDate,endDate,samplingProtocolVersion,remarks,dataQF
"a0eba751-3c48-4a0f-b65a-be1a05035be1","C116535420CC45C491A2353670C6AB1E","BART_062.mammalGrid.mam","D01","BART","BART_062","2015-07-16","2015-07-16",,,
"71ad4207-03d4-4970-bc7a-130197548fbe","02DF3E9261B6443080CDFF33A91E8AAB","BART_012.mammalGrid.mam","D01","BART","BART_012","2015-07-16","2015-07-16",,,
"042c7283-1abc-4732-a83f-0f50feddfb93","82A6AD8AAB494A5E9C5A343334673339","BART_015.mammalGrid.mam","D01","BART","BART_015","2015-07-16","2015-07-16",,,
"b6c722b6-5d2c-4813-9441-a3dae5cc440a","134D5FBC3EC945599879F61965A0E4DC","BART_012.mammalGrid.mam","D01","BART","BART_012","2015-07-17","2015-07-17",,,
"be998638-d4b2-4bf1-bdea-f31e11b4ee7a","F188FDC4B64F4211B630DCCB70C9BA96","BART_062.mammalGrid.mam","D01","BART","BART_062","2015-07-17","2015-07-17",,,
"620752a5-6369-47a6-96a4-36f08dfaba73","FA6FEB93E5CB4F97B487346703EE16A4","BART_015.mammalGrid.mam","D01","BART","BART_015","2015-07-17","2015-07-17",,,
"737277b2-6de8-4422-aa1a-a8ecad28c47d","112113A838FA4B1F8F1E0367A4D70952","BART_015.mammalGrid.mam","D01","BART","BART_015","2015-07-18","2015-07-18",,,
"274e93a8-1b66-4802-a6b8-1cefa1dc17f4","123F9271D9404871BDD47E3A9FC7F02E","BART_012.mammalGrid.mam","D01","BART","BART_012","2015-07-18","2015-07-18",,,
"745d591d-c4e5-4e01-ace4-fb2154c2c1fe","9D057DDA10C0449E8465E541E6DF3119","BART_062.mammalGrid.mam","D01","BART","BART_062","2015-07-18","2015-07-18",,,
"0f763b86-1c38-4ba0-b2dd-f2d0571e67f3","3EF7BCE3E57545AC82202C270669AC4D","BART_001.mammalGrid.mam","D01","BART","BART_001","2015-07-19","2015-07-19",,,
"e28395be-954f-4217-ad5f-48b36f566404","B1A0EFE801DB4BF6BE0A518AF6400937","BART_084.mammalGrid.mam","D01","BART","BART_084","2015-07-19","2015-07-19",,,
"ed92526a-5340-473f-88b4-3f9b2fa66451","DA10598F525A48E596FA33FAA517EE6D","BART_007.mammalGrid.mam","D01","BART","BART_007","2015-07-19","2015-07-19",,,
