uid,nightuid,namedLocation,domainID,siteID,plotID,collectDate,endDate,samplingProtocolVersion,remarks,dataQF
"1597b480-ae9e-4f97-8a86-f622c1b43723","411fbe44-d55a-4dbf-889a-abc89d600d46","LENO_031.mammalGrid.mam","D08","LENO","LENO_031","2017-09-26","2017-09-26","NEON.DOC.000481vJ",,
"a666aa4d-d07d-43f7-8c46-48763e31f207","0d0a0b41-28bd-4242-886d-c07274ff1cea","LENO_008.mammalGrid.mam","D08","LENO","LENO_008","2017-09-26","2017-09-26","NEON.DOC.000481vJ",,
"e91a135d-45fa-4c0f-b4d3-bd9428e09e7a","b7d60b8a-1bba-40e4-9768-8a5404a25f0c","LENO_006.mammalGrid.mam","D08","LENO","LENO_006","2017-09-26","2017-09-26","NEON.DOC.000481vJ",,
"d7e4c782-3147-432c-ac14-27ae348523fb","d363fa56-6483-4f66-b74b-c8d097cb7506","LENO_002.mammalGrid.mam","D08","LENO","LENO_002","2017-09-26","2017-09-26","NEON.DOC.000481vJ",,
"7476f371-f06e-4caa-a684-f302de756ba5","8f3f41c0-b2cd-42e9-b4bc-ceedc4e2231d","LENO_022.mammalGrid.mam","D08","LENO","LENO_022","2017-09-27","2017-09-27","NEON.DOC.000481vJ",,
"dbb4f836-464e-43b5-9448-3b5a719433e4","cbb2a400-69fd-4e84-95b6-4fa23264866f","LENO_008.mammalGrid.mam","D08","LENO","LENO_008","2017-09-27","2017-09-27","NEON.DOC.000481vJ",,
"8019a25f-9fd3-4142-bad1-9b876183ecfc","ce8438d8-337a-478c-ac43-ba4b43bb8389","LENO_006.mammalGrid.mam","D08","LENO","LENO_006","2017-09-27","2017-09-27","NEON.DOC.000481vJ",,
"fab6da35-0ea1-400a-b099-4c210c195bd3","bd3f7091-6517-4699-952e-fa03c873d735","LENO_031.mammalGrid.mam","D08","LENO","LENO_031","2017-09-27","2017-09-27","NEON.DOC.000481vJ",,
"fe89fb42-ba5f-4c83-a077-86664a037a00","992c9bb6-f9a5-40ae-bf24-f85a5f45f55a","LENO_003.mammalGrid.mam","D08","LENO","LENO_003","2017-09-27","2017-09-27","NEON.DOC.000481vJ",,
"d9324b7e-2061-4aa5-9f00-ea81ae543e7c","dc322e50-f828-4c75-b965-e052616f34e6","LENO_002.mammalGrid.mam","D08","LENO","LENO_002","2017-09-27","2017-09-27","NEON.DOC.000481vJ",,
"e935f869-021f-4618-a35c-cd5c2ece4a8e","8d737f56-1c19-470b-847a-4570889efc53","LENO_008.mammalGrid.mam","D08","LENO","LENO_008","2017-09-28","2017-09-28","NEON.DOC.000481vJ",,
"5b695a1a-279d-4ce8-9cb0-441a938935e8","9135b47c-6d57-4a49-9093-640d9e2eb371","LENO_031.mammalGrid.mam","D08","LENO","LENO_031","2017-09-28","2017-09-28","NEON.DOC.000481vJ",,
"9b28fdb2-a0b9-447e-875f-7a7ed5016603","f36cc0dc-6974-4ee2-93e3-cb0d47d52b72","LENO_015.mammalGrid.mam","D08","LENO","LENO_015","2017-09-28","2017-09-28","NEON.DOC.000481vJ",,
"54fd357b-18b3-40f4-b317-1af888f90e95","061c342e-d763-4c77-9626-8a84ea16a311","LENO_002.mammalGrid.mam","D08","LENO","LENO_002","2017-09-28","2017-09-28","NEON.DOC.000481vJ",,
"d3051ae7-e3e2-4f96-9d66-dd36cb4a4ed0","9cd90e69-dd7c-436e-bd3f-5dd32025d2b0","LENO_006.mammalGrid.mam","D08","LENO","LENO_006","2017-09-28","2017-09-28","NEON.DOC.000481vJ",,
