uid,nightuid,namedLocation,domainID,siteID,plotID,collectDate,endDate,samplingProtocolVersion,remarks,dataQF
"69a01821-a96f-4c66-b5aa-6497b5804808","3b108a84-cb08-458f-9d5d-2f0b994aa2c7","TALL_012.mammalGrid.mam","D08","TALL","TALL_012","2018-09-11","2018-09-11","NEON.DOC.000481vK",,
"a0172c8f-d89e-471a-ad09-0a3546b80b7b","f2639b1f-f440-4881-842a-17d9bd6598a1","TALL_024.mammalGrid.mam","D08","TALL","TALL_024","2018-09-11","2018-09-11","NEON.DOC.000481vK",,
"904e65d6-7934-4ebb-8035-b78c9791e1b8","ea9977a9-4e22-4ce5-91e0-1b43cdc959db","TALL_010.mammalGrid.mam","D08","TALL","TALL_010","2018-09-11","2018-09-11","NEON.DOC.000481vK",,
"507dfb54-1ed8-4bba-85b8-a83da78b615e","565e3886-f60e-4a7e-ad3c-413595278d38","TALL_015.mammalGrid.mam","D08","TALL","TALL_015","2018-09-11","2018-09-11","NEON.DOC.000481vK",,
"e997f7a4-b3d4-4c65-9717-20bf2dd108f5","d77d50f7-e25d-40b3-9786-99e06242600c","TALL_024.mammalGrid.mam","D08","TALL","TALL_024","2018-09-12","2018-09-12","NEON.DOC.000481vK",,
"b9a32622-6624-47d2-9a76-a84707e8af4e","a8ce406a-ee20-4444-8080-bf566aec1323","TALL_012.mammalGrid.mam","D08","TALL","TALL_012","2018-09-12","2018-09-12","NEON.DOC.000481vK",,
"a0dc80b3-8fd6-488d-8acc-d861c1bb7f40","8f289d72-c713-4d0a-8e8c-6fea4699ae36","TALL_010.mammalGrid.mam","D08","TALL","TALL_010","2018-09-12","2018-09-12","NEON.DOC.000481vK",,
"24fc1ddb-82b1-426d-ab03-7e7a15424500","8dbcedbf-2bb2-4c26-b73b-a6ce184fda17","TALL_015.mammalGrid.mam","D08","TALL","TALL_015","2018-09-12","2018-09-12","NEON.DOC.000481vK",,
"5604f615-0504-446b-a011-c6dad1eff66d","98d07457-2a3f-44b6-8ac4-4c9b30090d96","TALL_010.mammalGrid.mam","D08","TALL","TALL_010","2018-09-13","2018-09-13","NEON.DOC.000481vK",,
"16fff37b-440b-43c5-91ad-360f3daeb538","0e718b18-e8e3-42dc-b36b-47db99418aa2","TALL_015.mammalGrid.mam","D08","TALL","TALL_015","2018-09-13","2018-09-13","NEON.DOC.000481vK",,
"193b505c-3f95-4cc2-8889-df3bd72c9da0","826fa156-89ee-4b97-a298-46b824f5060a","TALL_012.mammalGrid.mam","D08","TALL","TALL_012","2018-09-13","2018-09-13","NEON.DOC.000481vK",,
"3b0e73f7-6706-4ed2-8eaa-36356f310f51","fc86df09-70a7-4927-a64a-ac4648616989","TALL_024.mammalGrid.mam","D08","TALL","TALL_024","2018-09-13","2018-09-13","NEON.DOC.000481vK",,
"35dea30f-c2d6-4536-90e5-591300e461ba","72e363fb-2c36-404d-8e27-491124483434","TALL_013.mammalGrid.mam","D08","TALL","TALL_013","2018-09-14","2018-09-14","NEON.DOC.000481vK",,
"bb53f32c-d2df-4653-821d-486f7a916b0a","a2384747-a4de-4b89-ac9c-d5c7e9632614","TALL_005.mammalGrid.mam","D08","TALL","TALL_005","2018-09-14","2018-09-14","NEON.DOC.000481vK",,
"1d20348e-9be0-413c-80ad-7f9d8c4960d1","7b7305b7-66e6-4963-a178-f2aa7e425419","TALL_031.mammalGrid.mam","D08","TALL","TALL_031","2018-09-14","2018-09-14","NEON.DOC.000481vK",,
"1357f825-548d-49d8-9952-d3b3cdbe08c6","9ced6c6a-6596-4aa1-8555-565c66cc2f79","TALL_006.mammalGrid.mam","D08","TALL","TALL_006","2018-09-14","2018-09-14","NEON.DOC.000481vK",,
