uid,nightuid,namedLocation,domainID,siteID,plotID,collectDate,endDate,samplingProtocolVersion,remarks,dataQF
"7a3f396d-edd8-4e33-b5db-045e20efccaf","83a5f35d-f0f2-4b30-8094-47624a6a7200","STEI_001.mammalGrid.mam","D05","STEI","STEI_001","2017-07-13","2017-07-13","NEON.DOC.000481vJ",,
"7bb6ce20-f83c-4515-94a0-17233dc711c0","0d4ddf79-d289-4b9c-a500-fcd8415bed95","STEI_022.mammalGrid.mam","D05","STEI","STEI_022","2017-07-13","2017-07-13","NEON.DOC.000481vJ",,
"c26769ca-8dd4-4855-aef3-e4245ee7f6b8","45f4cc7e-8fb7-4863-beb4-875d8802ff01","STEI_019.mammalGrid.mam","D05","STEI","STEI_019","2017-07-13","2017-07-13","NEON.DOC.000481vJ",,
"e97f5b14-51fb-4a2e-99ab-a8273820d4ae","444aecff-f803-47d4-a193-b0a0d528b179","STEI_002.mammalGrid.mam","D05","STEI","STEI_002","2017-07-14","2017-07-14","NEON.DOC.000481vJ",,
"2620b610-5fa8-4a84-87bf-53fc8ec78c60","819271e4-c49f-46a6-be7e-4c997a857c3d","STEI_005.mammalGrid.mam","D05","STEI","STEI_005","2017-07-14","2017-07-14","NEON.DOC.000481vJ",,
"815e25f7-6a85-41e0-935e-75319f0d2a40","03e2ccf5-fec7-4fc0-85f9-82dcd33996f9","STEI_012.mammalGrid.mam","D05","STEI","STEI_012","2017-07-14","2017-07-14","NEON.DOC.000481vJ",,
"78536c44-1da7-4401-bf1a-0746421a1125","d3cf30c9-167c-4e2f-b0cc-c6ba74929abc","STEI_002.mammalGrid.mam","D05","STEI","STEI_002","2017-07-15","2017-07-15","NEON.DOC.000481vJ",,
"e8644900-840f-4df8-86de-717d92cb3b1a","cccb74f9-43e9-4ebd-9426-b58c309c5410","STEI_012.mammalGrid.mam","D05","STEI","STEI_012","2017-07-15","2017-07-15","NEON.DOC.000481vJ",,
"321bef33-e921-4d3f-9fb5-29ee8970f8fb","9f7b997d-5f6a-4be6-bc5d-81d8624e6c4a","STEI_005.mammalGrid.mam","D05","STEI","STEI_005","2017-07-15","2017-07-15","NEON.DOC.000481vJ",,
"c1f136eb-dc94-4c4e-9d68-b8541476d1cf","bc8fe15e-75e1-4481-bcb0-a004e78cf8f8","STEI_002.mammalGrid.mam","D05","STEI","STEI_002","2017-07-16","2017-07-16","NEON.DOC.000481vJ",,
"78a99a6a-2165-4e84-91ed-fbceb5275f4a","4a4d215d-bb47-412d-b170-a26f6ca54a01","STEI_012.mammalGrid.mam","D05","STEI","STEI_012","2017-07-16","2017-07-16","NEON.DOC.000481vJ",,
"ce9791cf-a0cc-4923-b1da-91d13a4d4a5b","339e0de2-a82f-4484-85ad-89cfe8612a3a","STEI_005.mammalGrid.mam","D05","STEI","STEI_005","2017-07-16","2017-07-16","NEON.DOC.000481vJ",,
