uid,nightuid,namedLocation,domainID,siteID,plotID,collectDate,endDate,samplingProtocolVersion,remarks,dataQF
"d692deae-f228-4bfa-ae1f-1a15a9e4c394","CAC72869A89B4C1E8E628781B7B3D5B5","GRSM_015.mammalGrid.mam","D07","GRSM","GRSM_015","2016-06-07","2016-06-07","NEON.DOC.000481vG","Protocol vH",
"841d968c-4b1f-471e-bdcf-b220ae8c99b7","F05E93F870AD481183DCB64EF067D003","GRSM_033.mammalGrid.mam","D07","GRSM","GRSM_033","2016-06-07","2016-06-07","NEON.DOC.000481vG","Protocol vH",
"03596ab3-cbf4-45a9-b03a-c05b17f1a4da","EE7E0411FF104DDA9E2C908B6540CB14","GRSM_013.mammalGrid.mam","D07","GRSM","GRSM_013","2016-06-07","2016-06-07","NEON.DOC.000481vG","Protocol vH",
"5ca3d2ba-71c4-4030-9aa9-c3c01b8ec025","E4464A460FE1458BB021F2C07AF3E8F0","GRSM_020.mammalGrid.mam","D07","GRSM","GRSM_020","2016-06-08","2016-06-08","NEON.DOC.000481vG","Protocol vH",
"a7666325-f652-4a3e-9836-150f04b0d9e6","79036DF3FFDD4AE29E3344C4D0B9A55C","GRSM_003.mammalGrid.mam","D07","GRSM","GRSM_003","2016-06-08","2016-06-08","NEON.DOC.000481vG","Protocol vH",
"336c115b-19d8-4959-9260-0641841ec971","8C808B493C064A7AAAB45D740AE9612B","GRSM_014.mammalGrid.mam","D07","GRSM","GRSM_014","2016-06-08","2016-06-08","NEON.DOC.000481vG","Protocol vH",
"22bd458c-6f66-4fae-9eab-1ee1d4e153eb","F3015ACCEA8E412195882B1E4EDE77DC","GRSM_003.mammalGrid.mam","D07","GRSM","GRSM_003","2016-06-09","2016-06-09","NEON.DOC.000481vG","Protocol vH",
"5fa8a2a7-4aba-467c-971d-7232e3d2cd28","EFB8E3EB8CB04D5981E985546149B736","GRSM_014.mammalGrid.mam","D07","GRSM","GRSM_014","2016-06-09","2016-06-09","NEON.DOC.000481vG","Protocol vH",
"8a445848-1a81-4f91-b316-3f032890bcbb","B47733863B3F4D4FB9B289E29C79EB92","GRSM_020.mammalGrid.mam","D07","GRSM","GRSM_020","2016-06-09","2016-06-09","NEON.DOC.000481vG","Protocol vH",
"f538cd58-beaa-4307-8a6d-d01541da27f2","A08BA3600EF144DAA277A1E3A8C3E60C","GRSM_020.mammalGrid.mam","D07","GRSM","GRSM_020","2016-06-10","2016-06-10","NEON.DOC.000481vG","Protocol vH",
"37d7f1fd-5a81-463a-bd4b-349e72d29901","C616C46F2F654F1298094EC762B1E9AC","GRSM_003.mammalGrid.mam","D07","GRSM","GRSM_003","2016-06-10","2016-06-10","NEON.DOC.000481vG","Protocol vH",
"e5e23bcb-4978-49de-95a4-5c5d8d48a426","7A532519084B42CEA12D5367DB94A8A6","GRSM_014.mammalGrid.mam","D07","GRSM","GRSM_014","2016-06-10","2016-06-10","NEON.DOC.000481vG","Protocol vH",
