uid,nightuid,namedLocation,domainID,siteID,plotID,collectDate,endDate,samplingProtocolVersion,remarks,dataQF
"56e8de27-b1a5-448b-918a-3e853666bc51","a283ffe0-9c10-493d-bf0a-38261fc3df21","CPER_015.mammalGrid.mam","D10","CPER","CPER_015","2017-05-23","2017-05-23","NEON.DOC.000481vJ",,
"d83702a1-eaef-4cc8-b98d-936cc734ef49","cdc3ad55-25f7-4fc0-89f5-fcaf31ff94af","CPER_006.mammalGrid.mam","D10","CPER","CPER_006","2017-05-23","2017-05-23","NEON.DOC.000481vJ","No captures",
"0ec9fb3d-495b-48f6-83d7-54f43692cb66","159b9dd1-8c39-49e2-9b29-63038010f34f","CPER_005.mammalGrid.mam","D10","CPER","CPER_005","2017-05-23","2017-05-23","NEON.DOC.000481vJ",,
"d628b2a0-b301-49cf-a55c-b7ac3d77138a","4021b04b-8995-4e64-bbbb-cd38a87295a8","CPER_009.mammalGrid.mam","D10","CPER","CPER_009","2017-05-23","2017-05-23","NEON.DOC.000481vJ","Cow disturbance",
"5e511c19-0e59-4483-b50e-5f4612d19243","b3a4d1e0-63ae-40a3-bd70-708b26587d80","CPER_011.mammalGrid.mam","D10","CPER","CPER_011","2017-05-23","2017-05-23","NEON.DOC.000481vJ",,
"6e9b88df-d822-4984-b0ff-5570636ee65e","46526df9-940f-4933-bf33-1a1c349c3647","CPER_015.mammalGrid.mam","D10","CPER","CPER_015","2017-05-24","2017-05-24","NEON.DOC.000481vJ","No captures",
"2e2f1e1f-e125-4284-93cc-5359255be2f2","98acf7a3-ea6c-4a00-b86a-0b7fdbc6930b","CPER_005.mammalGrid.mam","D10","CPER","CPER_005","2017-05-24","2017-05-24","NEON.DOC.000481vJ","No captures",
"9cc811d1-16c9-48aa-970e-4dfeaf42ddd0","9e1d9c60-429f-46da-8aa2-a5567edd9110","CPER_011.mammalGrid.mam","D10","CPER","CPER_011","2017-05-24","2017-05-24","NEON.DOC.000481vJ",,
"15895bb9-dceb-422b-99c7-d120397ac35c","5ef2d994-d19f-4bbc-94d8-826650287317","CPER_008.mammalGrid.mam","D10","CPER","CPER_008","2017-05-24","2017-05-24","NEON.DOC.000481vJ","No captures",
"b4b0ddaf-dff2-49a8-b4de-a89b107c0fba","55703568-164d-4f28-918c-0830213424b2","CPER_002.mammalGrid.mam","D10","CPER","CPER_002","2017-05-24","2017-05-24","NEON.DOC.000481vJ","No captures",
"6385ce10-60a4-4e47-9241-e09be84b28e2","964f9e53-41a8-4976-8f20-e8ace9c929b2","CPER_005.mammalGrid.mam","D10","CPER","CPER_005","2017-05-25","2017-05-25","NEON.DOC.000481vJ","No captures",
"e6004b96-f1df-434e-802c-9147401c4249","cc746ecd-f1cf-4504-b856-3a25d0e546b6","CPER_011.mammalGrid.mam","D10","CPER","CPER_011","2017-05-25","2017-05-25","NEON.DOC.000481vJ",,
"bc1b1755-396f-4349-8437-e6bb254f9fac","c4e2de79-4250-463a-8749-d5abbd6a1476","CPER_015.mammalGrid.mam","D10","CPER","CPER_015","2017-05-25","2017-05-25","NEON.DOC.000481vJ",,
"d705662c-5da7-4250-9e9c-698ec47e8177","9086a018-4e9b-4503-b04f-c8c338d0a7a2","CPER_004.mammalGrid.mam","D10","CPER","CPER_004","2017-05-25","2017-05-25","NEON.DOC.000481vJ",,
