uid,nightuid,namedLocation,domainID,siteID,plotID,collectDate,endDate,samplingProtocolVersion,remarks,dataQF
"7fdc6c15-dcc1-44f6-9cd1-1af997ffff5a","207C409A90A04EA8A914AE6E84272288","SCBI_002.mammalGrid.mam","D02","SCBI","SCBI_002","2016-09-27","2016-09-27","NEON.DOC.000481vH",,
"ccdedc57-874a-4079-b427-6d4e0ecfb79c","826C2BD6B8894F988FB4193214533880","SCBI_008.mammalGrid.mam","D02","SCBI","SCBI_008","2016-09-27","2016-09-27","NEON.DOC.000481vH","This plot was closed following this night due to voucher count",
"0d95f445-4f9b-4261-877c-8868003b71eb","CD2D980E6945476DADEF165606474167","SCBI_035.mammalGrid.mam","D02","SCBI","SCBI_035","2016-09-27","2016-09-27","NEON.DOC.000481vH",,
"2f3ce229-34fc-49d6-bfdb-7636f7aa229d","5A605412CA4C4E00B14B0CAA244771CD","SCBI_008.mammalGrid.mam","D02","SCBI","SCBI_008","2016-09-28","2016-09-28","NEON.DOC.000481vH","This plot was not trapped this night due to high voucher count",
"97665e7e-df92-45e9-85ce-16797b1efbff","C38D3839AA3B462EBAA07EDE84A5360B","SCBI_035.mammalGrid.mam","D02","SCBI","SCBI_035","2016-09-28","2016-09-28","NEON.DOC.000481vH",,
"f50ca258-8df4-4a59-a2dc-df768ddfb3ee","CD6324E85FCC4E34AAFEF93296BDF98F","SCBI_002.mammalGrid.mam","D02","SCBI","SCBI_002","2016-09-28","2016-09-28","NEON.DOC.000481vH","52 disturbed traps; plot not reset for final night",
"4e2b189f-30a7-4cb1-893d-2252e5d85d8c","383CA9E01B3C42298CC1F2C3F5698D34","SCBI_039.mammalGrid.mam","D02","SCBI","SCBI_039","2016-09-28","2016-09-28","NEON.DOC.000481vH",,
"fbce9521-d454-4cea-b89c-b0804f2945ae","8B7DBD82E38E4AACA25974A6D4CE78AB","SCBI_004.mammalGrid.mam","D02","SCBI","SCBI_004","2016-09-30","2016-09-30","NEON.DOC.000481vH",,
"2fcab7cc-33f8-4645-9e40-4489c8fc4b7c","385282D68CA54CA4A75016F7AA3ECE51","SCBI_008.mammalGrid.mam","D02","SCBI","SCBI_008","2016-09-30","2016-09-30","NEON.DOC.000481vH","This plot was not trapped this day due to high voucher count first night",
"88b894c9-0bec-4a97-b675-809dfd515df1","4A434F46950C44BF9044F76E119061ED","SCBI_003.mammalGrid.mam","D02","SCBI","SCBI_003","2016-09-30","2016-09-30","NEON.DOC.000481vH","50s F and raining",
"49e774bc-aa06-45cf-82c5-150588ee2162","7FD8E2677009409FA17516CE2E4F5D1C","SCBI_002.mammalGrid.mam","D02","SCBI","SCBI_002","2016-09-30","2016-09-30","NEON.DOC.000481vH","Plot not reset due to high disturbance on N2. No trapping occurred on 20160929 due to expected thunderstorms.",
"990b2650-da07-4140-9b60-22dafb09d2d1","C3B8C5CFC9984AEEA9DEB7BFCE353E4E","SCBI_035.mammalGrid.mam","D02","SCBI","SCBI_035","2016-09-30","2016-09-30","NEON.DOC.000481vH","Not trapped on 20160929 due to thunderstorms",
