uid,nightuid,namedLocation,domainID,siteID,plotID,collectDate,endDate,samplingProtocolVersion,remarks,dataQF
"134349ba-d119-48bb-b154-89a1670b434f","827fbd27-89b6-4b48-b1d4-f2a5e0af85fe","KONZ_002.mammalGrid.mam","D06","KONZ","KONZ_002","2018-10-02","2018-10-02","NEON.DOC.000481vK",,
"2e726823-bb7a-4ffd-b409-aa1039169f51","e2e34129-be10-411d-8448-b412a7731dba","KONZ_005.mammalGrid.mam","D06","KONZ","KONZ_005","2018-10-02","2018-10-02","NEON.DOC.000481vK",,
"f796b7fe-2e0a-4ef0-b9de-25bfd698103f","465e8ef4-f35a-4cc9-98c3-ab71ddd29948","KONZ_003.mammalGrid.mam","D06","KONZ","KONZ_003","2018-10-02","2018-10-02","NEON.DOC.000481vK",,
"ec050471-7109-499a-b968-a11298cba3ff","23e28922-bfa8-485e-b977-9de34993455d","KONZ_027.mammalGrid.mam","D06","KONZ","KONZ_027","2018-10-03","2018-10-03","NEON.DOC.000481vK",,
"776a13a9-a9b9-4bcb-b172-2fba135e751c","df1d9ec2-f7fd-4a3c-b1bb-048e5419283a","KONZ_006.mammalGrid.mam","D06","KONZ","KONZ_006","2018-10-03","2018-10-03","NEON.DOC.000481vK",,
"1641168b-fdce-4857-a56f-bac8a74fa3cf","a69f2df4-64fe-4610-9d61-8655a1c9e522","KONZ_001.mammalGrid.mam","D06","KONZ","KONZ_001","2018-10-03","2018-10-03","NEON.DOC.000481vK",,
"0eda793f-4db8-45b0-8155-bda88d0ca1cf","ffadafde-e86e-4bb8-822d-44ff6f417cbc","KONZ_006.mammalGrid.mam","D06","KONZ","KONZ_006","2018-10-04","2018-10-04","NEON.DOC.000481vK",,
"cdd1ed3e-8740-449c-94f2-1c87e25a519b","5a7518ef-816a-40f8-ba86-7cec81ec7c42","KONZ_001.mammalGrid.mam","D06","KONZ","KONZ_001","2018-10-04","2018-10-04","NEON.DOC.000481vK",,
"41407942-d240-4bd1-bb71-d9c951991ec0","bfca3600-4162-4fbc-8b83-f7804f9a2c50","KONZ_027.mammalGrid.mam","D06","KONZ","KONZ_027","2018-10-04","2018-10-04","NEON.DOC.000481vK",,
"473e8146-c1e3-4444-baba-5667c3941ebb","e46fcd29-fe92-4b0c-aac0-f0ca1074588a","KONZ_001.mammalGrid.mam","D06","KONZ","KONZ_001","2018-10-05","2018-10-05","NEON.DOC.000481vK",,
"3d833cf0-12cb-431b-91c8-6e385b867866","a0e07bac-4d86-49d1-bb89-586691c6b96f","KONZ_006.mammalGrid.mam","D06","KONZ","KONZ_006","2018-10-05","2018-10-05","NEON.DOC.000481vK",,
"fa24cdbc-90a6-4e5c-b5fa-14b61841ba5a","93b1b66b-5c2a-4bac-8a6e-de65cb288334","KONZ_027.mammalGrid.mam","D06","KONZ","KONZ_027","2018-10-05","2018-10-05","NEON.DOC.000481vK",,
