uid,nightuid,namedLocation,domainID,siteID,plotID,collectDate,endDate,samplingProtocolVersion,remarks,dataQF
"65f563f8-30c2-4239-b2bc-07c343092297","e0920e9a-22f1-49db-8032-a16ee3ae1228","KONZ_002.mammalGrid.mam","D06","KONZ","KONZ_002","2017-08-21","2017-08-21","NEON.DOC.000481vJ",,
"17ac5205-bdd1-4f86-9719-94077a8cb186","0fadc0e6-175b-4fd2-b428-9b898ae4488a","KONZ_005.mammalGrid.mam","D06","KONZ","KONZ_005","2017-08-21","2017-08-21","NEON.DOC.000481vJ",,
"6d48de56-aa02-43ac-aa09-6a2a87b786f8","a3281a95-67f1-4a59-9e83-2870c491cd5c","KONZ_003.mammalGrid.mam","D06","KONZ","KONZ_003","2017-08-21","2017-08-21","NEON.DOC.000481vJ",,
"36896aac-2e75-471d-a68b-d90fbf240739","4b442c74-2e99-4cd4-90e2-8c83f06fa158","KONZ_001.mammalGrid.mam","D06","KONZ","KONZ_001","2017-08-23","2017-08-23","NEON.DOC.000481vJ",,
"6b8f83b7-4843-4a45-b5a2-513f7d88936d","9b631ce5-a14f-400c-a833-793662b20673","KONZ_006.mammalGrid.mam","D06","KONZ","KONZ_006","2017-08-23","2017-08-23","NEON.DOC.000481vJ",,
"8d639aca-c0b3-4cac-a7ae-20f71c82bc0f","551016d4-7b1f-439c-990d-a1f547bd8f16","KONZ_027.mammalGrid.mam","D06","KONZ","KONZ_027","2017-08-23","2017-08-23","NEON.DOC.000481vJ",,
"8e3ec170-6bfd-462a-b781-21bc1000c31e","d6703d69-d9af-436d-819c-00b9494a9c71","KONZ_001.mammalGrid.mam","D06","KONZ","KONZ_001","2017-08-24","2017-08-24","NEON.DOC.000481vJ",,
"f12c3b29-0193-43b2-9f57-648248a6122a","28df3646-65c5-490e-9d39-627bc71c85b8","KONZ_006.mammalGrid.mam","D06","KONZ","KONZ_006","2017-08-24","2017-08-24","NEON.DOC.000481vJ",,
"9234efdc-e76b-462a-812c-788041cc4f59","25d7cdb8-fa83-41bd-b2b2-c02d1f8745a7","KONZ_027.mammalGrid.mam","D06","KONZ","KONZ_027","2017-08-24","2017-08-24","NEON.DOC.000481vJ",,
"b1fd22fc-42bf-4ca1-9bec-88290d8701d8","f368570b-916e-4a44-8c6c-54da98d92fc9","KONZ_006.mammalGrid.mam","D06","KONZ","KONZ_006","2017-08-25","2017-08-25","NEON.DOC.000481vJ",,
"869e3884-f843-45be-8c3d-66a7a193aaaa","3cfc744b-0781-4b3e-be4b-f54c099932d3","KONZ_027.mammalGrid.mam","D06","KONZ","KONZ_027","2017-08-25","2017-08-25","NEON.DOC.000481vJ",,
"42027f0a-d8c4-4322-b40a-95404385a1d1","2abe517e-333d-4dab-a09d-4a1518b9106a","KONZ_001.mammalGrid.mam","D06","KONZ","KONZ_001","2017-08-25","2017-08-25","NEON.DOC.000481vJ",,
