uid,nightuid,namedLocation,domainID,siteID,plotID,collectDate,endDate,samplingProtocolVersion,remarks,dataQF
"e8c919ff-5378-482a-99d5-ac565ce2d3ee","4b0658f5-c2c5-4166-9f08-1a21b28b4166","KONZ_002.mammalGrid.mam","D06","KONZ","KONZ_002","2018-07-09","2018-07-09","NEON.DOC.000481vK",,
"6c45b3e5-c3b1-4919-87d0-6f2eab633e26","4561c58f-3e9c-4381-beb4-ee30dc91c047","KONZ_003.mammalGrid.mam","D06","KONZ","KONZ_003","2018-07-09","2018-07-09","NEON.DOC.000481vK",,
"143998c8-8a37-4707-9347-37f0a89a0412","a1473972-a20e-498b-b5c9-8780754e71ac","KONZ_005.mammalGrid.mam","D06","KONZ","KONZ_005","2018-07-09","2018-07-09","NEON.DOC.000481vK",,
"482bf079-f09f-49f2-ad53-f8297c8afec2","28c6368e-aa8d-486a-bec5-0460dd884c43","KONZ_006.mammalGrid.mam","D06","KONZ","KONZ_006","2018-07-11","2018-07-11","NEON.DOC.000481vK",,
"1a502bc1-28a0-4219-b8de-d9a2ef40eb93","931e1c0f-b861-4571-b3b9-2984aba13749","KONZ_001.mammalGrid.mam","D06","KONZ","KONZ_001","2018-07-11","2018-07-11","NEON.DOC.000481vK",,
"d4f7376b-ccba-43f1-a744-693ea41bab15","a21a58ee-4389-4983-a769-bb36de457c31","KONZ_027.mammalGrid.mam","D06","KONZ","KONZ_027","2018-07-11","2018-07-11","NEON.DOC.000481vK",,
"12075b54-82b2-4a0a-a302-993055f894d9","195b159b-b898-4b75-a8a3-0db006201112","KONZ_001.mammalGrid.mam","D06","KONZ","KONZ_001","2018-07-12","2018-07-12","NEON.DOC.000481vK",,
"6640da81-2fa0-45a1-a774-952bbf796431","eccb43df-0150-4b76-a833-9664ccd1d742","KONZ_027.mammalGrid.mam","D06","KONZ","KONZ_027","2018-07-12","2018-07-12","NEON.DOC.000481vK",,
"191a818f-c44c-46b6-ad85-311efe82c42f","28f5fe54-77a7-42f9-9c01-b2d03ae9b54f","KONZ_006.mammalGrid.mam","D06","KONZ","KONZ_006","2018-07-12","2018-07-12","NEON.DOC.000481vK",,
"6f891f23-00d7-485d-aff3-9b112e26c6cc","04799132-c456-4866-a548-7ec708519b1d","KONZ_027.mammalGrid.mam","D06","KONZ","KONZ_027","2018-07-13","2018-07-13","NEON.DOC.000481vK",,
"658ebd1a-a3cb-4374-b707-f6bfebc40cb6","796b2ed7-5fdf-45b8-9a92-fb8365adeb7b","KONZ_001.mammalGrid.mam","D06","KONZ","KONZ_001","2018-07-13","2018-07-13","NEON.DOC.000481vK",,
"5f7882f1-3809-4aaa-91ba-51c03d0fd219","bb714061-cc98-48ec-a526-5ec2a1cd1aa7","KONZ_006.mammalGrid.mam","D06","KONZ","KONZ_006","2018-07-13","2018-07-13","NEON.DOC.000481vK",,
