uid,nightuid,namedLocation,domainID,siteID,plotID,collectDate,endDate,samplingProtocolVersion,remarks,dataQF
"76167174-2923-42da-96a4-23584446a1a2","59d81894-8864-442c-8e98-d080a40e68eb","SCBI_008.mammalGrid.mam","D02","SCBI","SCBI_008","2017-08-15","2017-08-15","NEON.DOC.000481vJ",,
"22524724-bcee-4a4b-a0a4-8b26906062c6","bcf158a1-8cfd-4b23-a32b-8d901d2e4b36","SCBI_035.mammalGrid.mam","D02","SCBI","SCBI_035","2017-08-15","2017-08-15","NEON.DOC.000481vJ",,
"1e5457c8-5f40-4f39-90d9-f05a1a54f694","2a2e8494-9025-4f56-8b9d-11a8d549770a","SCBI_002.mammalGrid.mam","D02","SCBI","SCBI_002","2017-08-15","2017-08-15","NEON.DOC.000481vJ","Plot not reset due to high levels of disturbance",
"24aac54e-21bc-47cc-a709-8922f9267d49","cbd1f2b9-9032-4e4a-9190-339e926e71ae","SCBI_035.mammalGrid.mam","D02","SCBI","SCBI_035","2017-08-16","2017-08-16","NEON.DOC.000481vJ",,
"ea01aecb-e4ba-4d56-83e1-7e4c9801cf24","d9905ba8-86b3-4856-8f47-bac9434966ab","SCBI_008.mammalGrid.mam","D02","SCBI","SCBI_008","2017-08-16","2017-08-16","NEON.DOC.000481vJ",,
"cea225be-c735-4fd4-814d-a6ec33a337cd","0bcb8f9b-b8c8-45f6-a744-dba7d94e0a55","SCBI_039.mammalGrid.mam","D02","SCBI","SCBI_039","2017-08-16","2017-08-16","NEON.DOC.000481vJ",,
"af850812-e9b3-4beb-8a6c-ade1eca5cdc8","72310eff-05a8-41c2-a6e2-b82fc4504bb5","SCBI_035.mammalGrid.mam","D02","SCBI","SCBI_035","2017-08-17","2017-08-17","NEON.DOC.000481vJ",,
"c1c5edce-9724-4d2c-8183-693199aa5c22","07061154-c59e-4212-9b10-694ecd10af5b","SCBI_008.mammalGrid.mam","D02","SCBI","SCBI_008","2017-08-17","2017-08-17","NEON.DOC.000481vJ",,
"2ff09ac1-f529-4d4c-bb9a-e2d5aa5d6090","9aae991a-ba47-4d4d-80a9-1da7a3105462","SCBI_004.mammalGrid.mam","D02","SCBI","SCBI_004","2017-08-17","2017-08-17","NEON.DOC.000481vJ",,
"c536c230-58a0-404b-a510-0b15d5037033","d7094aaf-ad95-46c1-be4f-f24d75e39f4f","SCBI_003.mammalGrid.mam","D02","SCBI","SCBI_003","2017-08-18","2017-08-18","NEON.DOC.000481vJ",,
