uid,nightuid,namedLocation,domainID,siteID,plotID,collectDate,endDate,samplingProtocolVersion,remarks,dataQF
"becd2cbd-8724-4891-8df4-bbed1f562502","12abf9d6-dc5e-4e47-ae24-79193abab847","DELA_001.mammalGrid.mam","D08","DELA","DELA_001","2017-06-20","2017-06-20","NEON.DOC.000481vJ",,
"f21a0b39-c5f0-4252-8c9d-e76f13566ebc","d3721ccb-f7f3-4f49-83b0-079608113bfc","DELA_007.mammalGrid.mam","D08","DELA","DELA_007","2017-06-20","2017-06-20","NEON.DOC.000481vJ",,
"6a0a1b99-c7b0-4c64-abc3-9b84737e70ca","212f6d34-a075-4c19-8a1b-0bc45ac0ae29","DELA_007.mammalGrid.mam","D08","DELA","DELA_007","2017-06-21","2017-06-21","NEON.DOC.000481vJ",,
"79ea53e1-cbce-4195-b408-9d64512fd7b0","3734d49d-9538-49df-94ac-393bd7441ba5","DELA_001.mammalGrid.mam","D08","DELA","DELA_001","2017-06-21","2017-06-21","NEON.DOC.000481vJ",,
