uid,nightuid,namedLocation,domainID,siteID,plotID,collectDate,endDate,samplingProtocolVersion,remarks,dataQF
"ed425622-f426-48fb-bf61-a1aa8b846955","2CC510DAB66E4DD7B27BD316B7117622","HARV_021.mammalGrid.mam","D01","HARV","HARV_021","2015-09-09","2015-09-09",,,
"d111baa8-855e-40f6-a147-11f0d75947f2","FA1F5BA77C424720B79187EBBE929BE2","HARV_023.mammalGrid.mam","D01","HARV","HARV_023","2015-09-09","2015-09-09",,,
"18594a61-6d5a-4a31-8445-8557747deac5","7D1C3FAF46E94EB99D37590516FDCC34","HARV_008.mammalGrid.mam","D01","HARV","HARV_008","2015-09-09","2015-09-09",,,
"50d80385-77ef-4c9f-8e97-c74e763f5cae","F48CE352E4AD4B97BC7F337B3842F7E2","HARV_008.mammalGrid.mam","D01","HARV","HARV_008","2015-09-10","2015-09-10",,,
"688d74b5-4ed9-4100-84c9-3f119851528e","713AC1DDA5AF409D9A6CCE3B520C0A8D","HARV_023.mammalGrid.mam","D01","HARV","HARV_023","2015-09-10","2015-09-10",,,
"d297cad1-eb9f-4fbc-bcb5-64715f22f22e","39BE5484C8EE4DD3BD081A07EEAB08BB","HARV_021.mammalGrid.mam","D01","HARV","HARV_021","2015-09-10","2015-09-10",,,
"a29bb6f5-8ab4-4d74-b4ab-93a5ef715218","C8C0837CAAC5423A9B6D1FAAD788D877","HARV_021.mammalGrid.mam","D01","HARV","HARV_021","2015-09-11","2015-09-11",,,
"f8b7b39a-6837-427f-8c6d-72ee04376994","888146C434FE40AB987B4056EB105556","HARV_008.mammalGrid.mam","D01","HARV","HARV_008","2015-09-11","2015-09-11",,,
"7b8e91ee-2176-4650-80ed-1adf0999f37d","A481300D14A44FB3AD4A5F3057965BA3","HARV_023.mammalGrid.mam","D01","HARV","HARV_023","2015-09-11","2015-09-11",,,
"6c5c0c4b-7b41-481f-ae87-3fbfeafc0047","1214EB84A4504BA88B8AC28392BE35E8","HARV_006.mammalGrid.mam","D01","HARV","HARV_006","2015-09-12","2015-09-12",,,
"1ec2b26c-7951-40c7-81c1-792caca8ce11","15E1CCC4ECCE4855852E3F4B29AD3CB5","HARV_032.mammalGrid.mam","D01","HARV","HARV_032","2015-09-12","2015-09-12",,,
"2a819b40-b03c-4237-a443-5c94b2ff4d48","2F86B2BE86BA4318A4E8AAED8EBC1842","HARV_014.mammalGrid.mam","D01","HARV","HARV_014","2015-09-12","2015-09-12",,,
"f6f95b81-1bb6-4d3f-86a9-026de9f8ecd3","7AA602E1251D478587AB3E95DC5D444E","HARV_001.mammalGrid.mam","D01","HARV","HARV_001","2015-09-13","2015-09-13",,,
"e56011c3-2173-4b88-9b7c-63d89982c8a8","63517E76309D424B8BBF6C840CF6C0EC","HARV_010.mammalGrid.mam","D01","HARV","HARV_010","2015-09-13","2015-09-13",,,
