uid,nightuid,namedLocation,domainID,siteID,plotID,collectDate,endDate,samplingProtocolVersion,remarks,dataQF
"34f50eec-12e1-402c-a2a8-c6b5518fc53c","142dc984-1cd5-44fe-b75f-4c1c5d19e094","TREE_028.mammalGrid.mam","D05","TREE","TREE_028","2018-07-18","2018-07-18","NEON.DOC.000481vK",,
"e0597485-6e3f-4237-9ded-f2ddd1d69305","46e2cdeb-6dc8-47ac-b362-735b1b071d71","TREE_019.mammalGrid.mam","D05","TREE","TREE_019","2018-07-18","2018-07-18","NEON.DOC.000481vK",,
"d79d66b4-7f28-4e1e-a634-0b007239dc34","f900d271-6ed5-497b-b6ce-ee5510ac4772","TREE_016.mammalGrid.mam","D05","TREE","TREE_016","2018-07-18","2018-07-18","NEON.DOC.000481vK",,
"1f708e95-1415-40c1-a5cc-20a85a91aab2","230b9d4c-d46b-4f46-acb5-f3786f0f8d0f","TREE_002.mammalGrid.mam","D05","TREE","TREE_002","2018-07-18","2018-07-18","NEON.DOC.000481vK",,
"3e37b1ad-ac4c-4ab6-85a7-4c090584b592","52098d5d-d6c5-470c-92db-9059c45f1861","TREE_019.mammalGrid.mam","D05","TREE","TREE_019","2018-07-19","2018-07-19","NEON.DOC.000481vK",,
"0be8e122-2a38-45ef-81c6-0f2d091fc5b7","093da0da-1ceb-406b-b2b9-7d30dd770423","TREE_028.mammalGrid.mam","D05","TREE","TREE_028","2018-07-19","2018-07-19","NEON.DOC.000481vK",,
"fd3582c8-e861-4442-b3e0-4f237fa303d7","0d147e59-70b1-48bd-9f61-b1f36460c1f7","TREE_016.mammalGrid.mam","D05","TREE","TREE_016","2018-07-19","2018-07-19","NEON.DOC.000481vK",,
"b6babfd2-75cb-4851-bcc0-c342983239bf","10ac5a60-deef-4849-9b92-a7781cbf1c96","TREE_004.mammalGrid.mam","D05","TREE","TREE_004","2018-07-19","2018-07-19","NEON.DOC.000481vK",,
"31d9cb27-8df9-4fbf-b500-2ae65ffa7988","bd6cc445-d7bc-4966-9dea-e3d23b97c9f8","TREE_027.mammalGrid.mam","D05","TREE","TREE_027","2018-07-20","2018-07-20","NEON.DOC.000481vK",,
"996ad89a-172d-4f50-83b9-8300ca3de56b","25ab29a2-3e05-46b4-83ae-a3aa572525f9","TREE_019.mammalGrid.mam","D05","TREE","TREE_019","2018-07-20","2018-07-20","NEON.DOC.000481vK",,
"ee5e3a52-72d6-4361-8e14-d34668415f6f","c516cf04-2235-4294-820b-ce78d8a7967b","TREE_028.mammalGrid.mam","D05","TREE","TREE_028","2018-07-20","2018-07-20","NEON.DOC.000481vK",,
"01a3b9ea-9907-47df-b8f2-ae97101a985d","63a7a2bf-a480-42b1-a6f0-f6a2eb9693c6","TREE_016.mammalGrid.mam","D05","TREE","TREE_016","2018-07-20","2018-07-20","NEON.DOC.000481vK",,
