uid,nightuid,namedLocation,domainID,siteID,plotID,collectDate,endDate,samplingProtocolVersion,remarks,dataQF
"5d136e75-7160-485d-acb4-fd5634bb0f69","8AD8CF7297E24FDB8D83C14ADD2884E3","UKFS_007.mammalGrid.mam","D06","UKFS","UKFS_007","2016-08-29","2016-08-29","NEON.DOC.000481vH",,
"1ed88960-2cb5-45be-b705-5f81b44db075","D30950768E4441C08AA7F8BFA2FEFE87","UKFS_018.mammalGrid.mam","D06","UKFS","UKFS_018","2016-08-29","2016-08-29","NEON.DOC.000481vH",,
"5dcfbac7-b107-4b29-a9cd-0f8166ef6767","B70AAD2EF7AC4DCC8262F875F939AEC6","UKFS_003.mammalGrid.mam","D06","UKFS","UKFS_003","2016-08-29","2016-08-29","NEON.DOC.000481vH",,
"6f37ef5e-cd27-4522-968a-20d311dcd36d","0B4116C7D0184AA1B02DDECDAF1E0605","UKFS_004.mammalGrid.mam","D06","UKFS","UKFS_004","2016-08-31","2016-08-31","NEON.DOC.000481vH",,
"0af3854c-0fe5-4ca6-bc25-fc5256dd57b9","AAFF9F0565E74D1BBCD1BD9317DDEE5E","UKFS_010.mammalGrid.mam","D06","UKFS","UKFS_010","2016-08-31","2016-08-31","NEON.DOC.000481vH",,
"c10ef27f-ba3a-4cb2-bfd9-a9af57a18de1","E6757A8E28424247B7074466ADCA11C9","UKFS_009.mammalGrid.mam","D06","UKFS","UKFS_009","2016-08-31","2016-08-31","NEON.DOC.000481vH",,
