uid,nightuid,namedLocation,domainID,siteID,plotID,collectDate,endDate,samplingProtocolVersion,remarks,dataQF
"b1f03534-b386-4507-8799-d6b8a1861d29","FCF52D98B7E1489291104DC5BCC5E526","BART_012.mammalGrid.mam","D01","BART","BART_012","2014-08-25","2014-08-25",,,
"9db44f4e-cebb-4319-8363-fdf3b7ac7f91","F4A16158CB1A41AC93A2495C3FE45B22","BART_062.mammalGrid.mam","D01","BART","BART_062","2014-08-25","2014-08-25",,,
"72ddd147-0480-483d-af39-cff804ea426d","E38ADBC4E1EF423B904CE8D49D05205C","BART_001.mammalGrid.mam","D01","BART","BART_001","2014-08-25","2014-08-25",,,
"992b74f7-7687-4703-89cf-480d3722550c","016A7167B34642259947A4B5F5D76206","BART_001.mammalGrid.mam","D01","BART","BART_001","2014-08-26","2014-08-26",,,
"3aeef195-6827-4714-ac26-5925434a485c","F34C836E820F470C87D4354EF3B31747","BART_012.mammalGrid.mam","D01","BART","BART_012","2014-08-26","2014-08-26",,"Many traps destroyed by bear, two traps missing.",
"2e4af2e3-8fe8-4b19-af3f-9042fbcf10ae","A9D235AD888345179C1D5A4573990444","BART_062.mammalGrid.mam","D01","BART","BART_062","2014-08-27","2014-08-27",,,
"214b5358-c3f7-46a8-af29-3984fd31c1d1","822E83F456714DE3B2AC818FEEC23D42","BART_001.mammalGrid.mam","D01","BART","BART_001","2014-08-27","2014-08-27",,,
"322299fe-5ed7-4330-b78c-94e38c227c70","8E1B49A62F5C48BF876D8CE4820B7D82","BART_012.mammalGrid.mam","D01","BART","BART_012","2014-08-27","2014-08-27",,"Grid not set due to extensive bear damage on 8/26",
"6e81240a-dc8f-4a7a-a0a8-d20cb0adab3c","70243528DC7E485B98FE8768F1C9EDCB","BART_015.mammalGrid.mam","D01","BART","BART_015","2014-08-28","2014-08-28",,,
"ff6ac6a0-5770-4ee2-a5fc-bcc3488cc77f","C31042AE98A64CD091EA1EC26CA30726","BART_007.mammalGrid.mam","D01","BART","BART_007","2014-08-28","2014-08-28",,,
"ecabea23-75d6-4034-9546-b9e342ba67a7","CCF6031CA32549958DA993EE00A1F91D","BART_007.mammalGrid.mam","D01","BART","BART_007","2014-08-29","2014-08-29",,,
"4599fa13-5b6e-47d9-8805-0a0d122b623a","DD2B511C33804F0FABADFF5683CD3F66","BART_015.mammalGrid.mam","D01","BART","BART_015","2014-08-29","2014-08-29",,,
"b0b4636d-0d2d-424a-be90-4a6bd8b008d8","15EE49B237E64E41AC1ACACB2F14D9EF","BART_015.mammalGrid.mam","D01","BART","BART_015","2014-08-30","2014-08-30",,,
"895342a0-ebba-4b19-bea7-87b6d3fb2802","8893C2BAD664427791E6E04E3A21A5B6","BART_007.mammalGrid.mam","D01","BART","BART_007","2014-08-30","2014-08-30",,,
