uid,nightuid,namedLocation,domainID,siteID,plotID,collectDate,endDate,samplingProtocolVersion,remarks,dataQF
"68011761-5fb1-4f18-937d-952a4c795593","039CDB38AF3E45469C9A063CD1C0E702","CLBJ_033.mammalGrid.mam","D11","CLBJ","CLBJ_033","2016-10-04","2016-10-04","NEON.DOC.000481vH",,
"35605110-0641-4ae1-adf8-a5edc30b3298","5CB842893DFE4379A80F1E3640C9FAB3","CLBJ_040.mammalGrid.mam","D11","CLBJ","CLBJ_040","2016-10-04","2016-10-04","NEON.DOC.000481vH",,
"fd17b475-cbb2-4acc-8f52-0c53d36c0179","063D54B7AB6D4D388C6366A28C6CB7B3","CLBJ_041.mammalGrid.mam","D11","CLBJ","CLBJ_041","2016-10-04","2016-10-04","NEON.DOC.000481vH",,
"3754ee0c-8582-4a75-a3c2-6143dcaa66ad","BA3DBF7A18C44018A300E83010D0245F","CLBJ_057.mammalGrid.mam","D11","CLBJ","CLBJ_057","2016-10-04","2016-10-04","NEON.DOC.000481vH",,
"612148fe-26f6-4a64-a36c-a0833f035898","0F3D0737EC524786B084E5A17775DAE9","CLBJ_033.mammalGrid.mam","D11","CLBJ","CLBJ_033","2016-10-05","2016-10-05","NEON.DOC.000481vH",,
"d5871f50-e022-449f-a6fc-ed4ceb09edb1","0A7BA4D7E33C4B66B9C8846DDFE6B91A","CLBJ_042.mammalGrid.mam","D11","CLBJ","CLBJ_042","2016-10-05","2016-10-05","NEON.DOC.000481vH",,
"e22a13e1-68cb-4c15-a799-6f7ee8337b26","62C7DD8938C84C43848EF4E85AA138A7","CLBJ_041.mammalGrid.mam","D11","CLBJ","CLBJ_041","2016-10-05","2016-10-05","NEON.DOC.000481vH",,
"b6948645-0e82-499f-a67b-0384ff18c672","80E82CF083E5414C9657C9F5E475FB46","CLBJ_033.mammalGrid.mam","D11","CLBJ","CLBJ_033","2016-10-06","2016-10-06","NEON.DOC.000481vH",,
"536893c2-7090-4e40-8051-997d969c299f","83592FB372FE4F9E9B4B2F1D0BD77422","CLBJ_041.mammalGrid.mam","D11","CLBJ","CLBJ_041","2016-10-06","2016-10-06","NEON.DOC.000481vH",,
"a1fbba3b-08f7-4eff-ba29-345a9adb1369","9F7500D832034557A299DA6EF3EA91E7","CLBJ_042.mammalGrid.mam","D11","CLBJ","CLBJ_042","2016-10-06","2016-10-06","NEON.DOC.000481vH",,
"da231f3c-9809-4157-b55c-29a03297cc52","CE740BCA47B7400B84A1EC848843FFEC","CLBJ_037.mammalGrid.mam","D11","CLBJ","CLBJ_037","2016-10-07","2016-10-07","NEON.DOC.000481vH",,
"97a9ff43-3194-4632-8d17-5b5e321820a7","2CF8A6A2ED084F438528535B3F7A20F3","CLBJ_042.mammalGrid.mam","D11","CLBJ","CLBJ_042","2016-10-07","2016-10-07","NEON.DOC.000481vH",,
"1ed2dade-47a0-418e-ae42-f07921dd0eb4","DC683DF657D44707902ECEADE3523CE0","CLBJ_039.mammalGrid.mam","D11","CLBJ","CLBJ_039","2016-10-07","2016-10-07","NEON.DOC.000481vH",,
"d4155881-a2ab-477e-81a3-4efa3723597c","D907A767B50C4A9295C1444DAE0EAAA9","CLBJ_034.mammalGrid.mam","D11","CLBJ","CLBJ_034","2016-10-07","2016-10-07","NEON.DOC.000481vH","The entire I column was not set because the team setting that night ran out of daylight and it began to thunderstorm.",
