uid,nightuid,namedLocation,domainID,siteID,plotID,collectDate,endDate,samplingProtocolVersion,remarks,dataQF
"f0e228a7-3333-418b-b58b-a1f9ea15f2dd","1390cfcf-4bb1-4026-a829-867258dd321a","KONA_004.mammalGrid.mam","D06","KONA","KONA_004","2018-10-16","2018-10-16","NEON.DOC.000481vK",,
"9a17d2ec-c1b0-48fd-9a5b-65a4ace9a405","aa93ed6f-fd06-4b85-bd67-72ec02e2aef8","KONA_003.mammalGrid.mam","D06","KONA","KONA_003","2018-10-16","2018-10-16","NEON.DOC.000481vK",,
"50b09ddf-2901-430e-935d-03e39e57ce62","2edca28f-f255-438d-827e-5ad83d4d60a1","KONA_006.mammalGrid.mam","D06","KONA","KONA_006","2018-10-16","2018-10-16","NEON.DOC.000481vK",,
"a59747e4-170d-4c23-8702-168b3250ac4f","39daed99-1c62-4d98-b52d-f6599d0b5590","KONA_016.mammalGrid.mam","D06","KONA","KONA_016","2018-10-17","2018-10-17","NEON.DOC.000481vK",,
"fd16fee4-e611-41d4-bd57-65264ea13740","4238ec41-eb6f-4239-b841-ecfec8f48f48","KONA_001.mammalGrid.mam","D06","KONA","KONA_001","2018-10-17","2018-10-17","NEON.DOC.000481vK",,
"67510682-d0dd-4779-aae6-8e1a6c292abd","5c6163ba-8786-458e-97e7-e9acd88317e7","KONA_013.mammalGrid.mam","D06","KONA","KONA_013","2018-10-17","2018-10-17","NEON.DOC.000481vK",,
"2d9e13f2-2ba8-41ea-b59f-dde2d953a75b","41f67d84-05d0-4435-bf44-9228c80ef9fb","KONA_016.mammalGrid.mam","D06","KONA","KONA_016","2018-10-18","2018-10-18","NEON.DOC.000481vK",,
"65e91cfd-467d-42a4-99bc-3dc2345e683e","a0b6bb93-81a2-487a-be74-674e5b5840d5","KONA_013.mammalGrid.mam","D06","KONA","KONA_013","2018-10-18","2018-10-18","NEON.DOC.000481vK",,
"a7ecfaad-8c26-44d5-97a8-2e75818fc4a7","9a8dbf25-4e98-4faa-9ea4-f9f7379e2556","KONA_001.mammalGrid.mam","D06","KONA","KONA_001","2018-10-18","2018-10-18","NEON.DOC.000481vK",,
