uid,nightuid,namedLocation,domainID,siteID,plotID,collectDate,endDate,samplingProtocolVersion,remarks,dataQF
"35a3ea7a-7333-4d99-a865-f918b9e216f8","28569735975E48C49516738E98F7D89B","JORN_017.mammalGrid.mam","D14","JORN","JORN_017","2016-04-06","2016-04-06","NEON.DOC.000481vG",,
"d2f831f6-d8e9-4705-8ec9-a43d526327d0","F0D832DC3C764F1C8AA2A391F11D7639","JORN_018.mammalGrid.mam","D14","JORN","JORN_018","2016-04-06","2016-04-06","NEON.DOC.000481vG",,
"395b491f-2b32-4bba-970a-320d2920e92a","1492307E2CD741D8943FE9FFB1DA4128","JORN_017.mammalGrid.mam","D14","JORN","JORN_017","2016-04-07","2016-04-07","NEON.DOC.000481vG",,
"8c14992a-3436-4eb1-83f2-4108bde5a1e1","29A649AAA8F04E5C86B596B9ACB91594","JORN_018.mammalGrid.mam","D14","JORN","JORN_018","2016-04-07","2016-04-07","NEON.DOC.000481vG",,
"9ad5c6bb-40fa-42c5-a19f-09a69464ea52","E8C5BF01663A4E93B8C2ABAA971BD732","JORN_018.mammalGrid.mam","D14","JORN","JORN_018","2016-04-08","2016-04-08","NEON.DOC.000481vG","Stopped processing and released due to weather and lack of time",
"0812584d-6a93-4e3a-bdfe-9b5b48d466e2","AF02F3046DB6480198715BFA8D4E7625","JORN_017.mammalGrid.mam","D14","JORN","JORN_017","2016-04-08","2016-04-08","NEON.DOC.000481vG","Performed minimal processing due to weather and time constraints",
"6018affd-9f1d-4590-b98a-efdff46a3067","9BDF6D6C90C243C9BD844F3E24B56D4E","JORN_001.mammalGrid.mam","D14","JORN","JORN_001","2016-04-09","2016-04-09","NEON.DOC.000481vG",,
"effa2a0d-73ef-4cce-9386-e6fb2698d00a","C297E6709D7642D994317E4DB96C37A2","JORN_007.mammalGrid.mam","D14","JORN","JORN_007","2016-04-09","2016-04-09","NEON.DOC.000481vG",,
"5839988b-59ef-45eb-a122-75977da1f97f","7AD7F9D469F2483EAD846D3ED06B5ED8","JORN_011.mammalGrid.mam","D14","JORN","JORN_011","2016-04-10","2016-04-10","NEON.DOC.000481vG",,
"a781cfc7-702d-474f-9c4a-ddb857084058","4C050B5BE4A5445E825486837C81E559","JORN_001.mammalGrid.mam","D14","JORN","JORN_001","2016-04-10","2016-04-10","NEON.DOC.000481vG",,
