uid,nightuid,namedLocation,domainID,siteID,plotID,collectDate,endDate,samplingProtocolVersion,remarks,dataQF
"c7f165b3-71eb-484f-adbd-aebb8c3afe1e","8E43736BFA164230A2F53CC11178CCA0","TALL_012.mammalGrid.mam","D08","TALL","TALL_012","2014-09-16","2014-09-16",,,
"db79db1d-23a0-428a-b203-7227a48393b3","CE4B2EBCC6644A2D9F489EA0AFF6E787","TALL_024.mammalGrid.mam","D08","TALL","TALL_024","2014-09-16","2014-09-16",,,
"13efbd63-1260-48bf-8898-8a5d13fa3591","4F244E677CF54E6D9D7DEB7B98183B7E","TALL_031.mammalGrid.mam","D08","TALL","TALL_031","2014-09-16","2014-09-16",,,
"d2094a1e-2dfa-4d2c-b115-de7e9c3e6ccc","217AA0B8732D4F94B4D5D097D0A0BC65","TALL_015.mammalGrid.mam","D08","TALL","TALL_015","2014-09-16","2014-09-16",,,
"08879229-130f-4e3c-881a-daa6982a82ff","39843A5E77244C30887655958242DA94","TALL_024.mammalGrid.mam","D08","TALL","TALL_024","2014-09-17","2014-09-17",,,
"6ee0b8c1-84c5-4a2f-8cf4-58bca2844bd9","EAB546C4CC6447E0B9FD67FB5146C998","TALL_012.mammalGrid.mam","D08","TALL","TALL_012","2014-09-17","2014-09-17",,,
"c4fe7ca0-27c4-44c1-b47b-8cd4b3bda3a3","5484A0E4F0554A4BACC2B08DE6F51C3E","TALL_015.mammalGrid.mam","D08","TALL","TALL_015","2014-09-17","2014-09-17",,,
"1ac36af7-eb54-4f80-8729-9d809ccc4377","ECE7E2A3E9A647638B4C609372685E28","TALL_031.mammalGrid.mam","D08","TALL","TALL_031","2014-09-17","2014-09-17",,,
"39aec8eb-9fa1-4420-b48e-3306916cc30f","0A06EAD43C384058A672C8A1E86AA2E5","TALL_024.mammalGrid.mam","D08","TALL","TALL_024","2014-09-18","2014-09-18",,,
"178ab67a-a512-4a93-83a5-22aed0569119","897E362794A04BB693ABB1886FCEFCB5","TALL_012.mammalGrid.mam","D08","TALL","TALL_012","2014-09-18","2014-09-18",,,
"fb56b741-450f-4abf-ae88-904cefad5102","BBF2A6D36A064C199742C2BD82F27DE8","TALL_015.mammalGrid.mam","D08","TALL","TALL_015","2014-09-18","2014-09-18",,,
"f50246ed-399a-4072-8ebb-5da8288b9f55","3BD94BB0E70041E18ADB94F1B89B5254","TALL_031.mammalGrid.mam","D08","TALL","TALL_031","2014-09-18","2014-09-18",,,
"6a325c40-1da0-49b9-8982-a2b41fc62fde","8D29274E3B74429B9FE57E62A307C3B3","TALL_010.mammalGrid.mam","D08","TALL","TALL_010","2014-09-19","2014-09-19",,,
"4263ef0f-4180-432a-a463-23dd7062ed81","15D30D9955844CC39E9F5C1BB30A9BAE","TALL_013.mammalGrid.mam","D08","TALL","TALL_013","2014-09-19","2014-09-19",,,
"d408741e-6af0-4e08-8ca2-fd729246b043","B5689BD3B44C485CAD9600740897AA19","TALL_005.mammalGrid.mam","D08","TALL","TALL_005","2014-09-19","2014-09-19",,,
"80a94e40-0fc5-4c8c-b1f8-41181c170d41","6E4D143E837D49D39375B13CC0910DED","TALL_006.mammalGrid.mam","D08","TALL","TALL_006","2014-09-19","2014-09-19",,,
"f7f27520-d1d8-401b-9f01-72c8a7801773","141F57A449FD4A72BDA35EB45C27D864","TALL_013.mammalGrid.mam","D08","TALL","TALL_013","2014-09-20","2014-09-20",,,
"6f53c1d4-90ca-4ca2-b41d-90cc97be131e","9902E3AB1CE048668BFBBD96768FB673","TALL_005.mammalGrid.mam","D08","TALL","TALL_005","2014-09-20","2014-09-20",,,
"0250f11e-b1a5-4ab8-ba16-fa890b838862","22F6E2DE297A4F56BDC8EE5FD899E329","TALL_010.mammalGrid.mam","D08","TALL","TALL_010","2014-09-20","2014-09-20",,,
"5fa47192-6a0a-41f3-aa8c-3c3c99f0831c","3B250365DF884699813D2F8970484884","TALL_006.mammalGrid.mam","D08","TALL","TALL_006","2014-09-20","2014-09-20",,,
"5bf658f8-eedc-4f98-91b3-67dc26bb7446","48BA6D54BCE54FEB8E085A7E3132EB3E","TALL_010.mammalGrid.mam","D08","TALL","TALL_010","2014-09-21","2014-09-21",,,
"fe70b82a-66e9-4176-954d-04bd76daaf6c","D3B5E9A99B9842AD81784573BA9AC573","TALL_006.mammalGrid.mam","D08","TALL","TALL_006","2014-09-21","2014-09-21",,,
"ce43c913-3ed5-4553-8300-d8455caf512f","FA49C36FF7A04CC88E76E9828BBB8FF2","TALL_013.mammalGrid.mam","D08","TALL","TALL_013","2014-09-21","2014-09-21",,,
"54c47375-acce-418e-8543-5749ccbe067e","145A462AE7C24CD8B3109176C719A3B3","TALL_005.mammalGrid.mam","D08","TALL","TALL_005","2014-09-21","2014-09-21",,,
