uid,nightuid,namedLocation,domainID,siteID,plotID,trapCoordinate,plotType,nlcdClass,decimalLatitude,decimalLongitude,geodeticDatum,coordinateUncertainty,elevation,elevationUncertainty,trapStatus,trapType,collectDate,endDate,tagID,individualCode,taxonID,scientificName,taxonRank,identificationQualifier,identificationReferences,nativeStatusCode,sex,recapture,fate,replacedTag,lifeStage,testes,nipples,pregnancyStatus,vagina,hindfootLength,earLength,tailLength,totalLength,weight,larvalTicksAttached,nymphalTicksAttached,adultTicksAttached,bloodSampleID,bloodSampleBarcode,bloodSampleMethod,fecalSampleID,fecalSampleBarcode,fecalSampleCondition,earSampleID,earSampleBarcode,hairSampleID,hairSampleBarcode,hairSampleContents,voucherSampleID,voucherSampleBarcode,measuredBy,recordedBy,remarks,dataQF
"3d1ec88c-df84-4b0e-9388-5e215026b7be","F0DC3EBA21774A65B89CFA6A62E37C3B","HARV_001.mammalGrid.mam","D01","HARV","HARV_001","H1","distributed","deciduousForest",42.422943,-72.258721,"WGS84",45.1,200.7,0.2,"6 - trap set and empty","ShermanLF","2016-07-01","2016-07-01",,,,,,,,,,,,,,,,,,,,,,,,,,,,,,,,,,,,,,,"auccello@field-ops.org","thillman@neoninc.org",,
"a96f3d7a-becc-47df-86ac-e57d88e1cbda","F0DC3EBA21774A65B89CFA6A62E37C3B","HARV_001.mammalGrid.mam","D01","HARV","HARV_001","D5","distributed","deciduousForest",42.422943,-72.258721,"WGS84",45.1,200.7,0.2,"3 - trap door open or closed w/ spoor left","ShermanLF","2016-07-01","2016-07-01",,,,,,,,,,,,,,,,,,,,,,,,,,,,,,,,,,,,,,,"auccello@field-ops.org","thillman@neoninc.org",,
"57e2abc1-b55a-4de2-bc59-a2fbe41a4f9c","F0DC3EBA21774A65B89CFA6A62E37C3B","HARV_001.mammalGrid.mam","D01","HARV","HARV_001","H6","distributed","deciduousForest",42.422943,-72.258721,"WGS84",45.1,200.7,0.2,"6 - trap set and empty","ShermanLF","2016-07-01","2016-07-01",,,,,,,,,,,,,,,,,,,,,,,,,,,,,,,,,,,,,,,"auccello@field-ops.org","thillman@neoninc.org",,
"ddf6b4d1-bbda-4432-93aa-bf624973cfb3","F0DC3EBA21774A65B89CFA6A62E37C3B","HARV_001.mammalGrid.mam","D01","HARV","HARV_001","B1","distributed","deciduousForest",42.422943,-72.258721,"WGS84",45.1,200.7,0.2,"6 - trap set and empty","ShermanLF","2016-07-01","2016-07-01",,,,,,,,,,,,,,,,,,,,,,,,,,,,,,,,,,,,,,,"auccello@field-ops.org","thillman@neoninc.org",,
"568774fd-d0ef-436d-a03d-2de438e2d681","F0DC3EBA21774A65B89CFA6A62E37C3B","HARV_001.mammalGrid.mam","D01","HARV","HARV_001","C7","distributed","deciduousForest",42.422943,-72.258721,"WGS84",45.1,200.7,0.2,"5 - capture","ShermanLF","2016-07-01","2016-07-01","NEON.MAM.D01.R2170",,"TAST","Tamias striatus","species",,,"N","M","Y","released",,"adult","scrotal",,,,31,,,,98,"N","N","N",,,,,,,"HARV.20160701.R2170.E",,,,,,,"auccello@field-ops.org","thillman@neoninc.org",,
"788a8cf2-5a37-4c0d-b46a-15f3a952a459","F0DC3EBA21774A65B89CFA6A62E37C3B","HARV_001.mammalGrid.mam","D01","HARV","HARV_001","F10","distributed","deciduousForest",42.422943,-72.258721,"WGS84",45.1,200.7,0.2,"6 - trap set and empty","ShermanLF","2016-07-01","2016-07-01",,,,,,,,,,,,,,,,,,,,,,,,,,,,,,,,,,,,,,,"auccello@field-ops.org","thillman@neoninc.org",,
"955acac9-4c50-406f-843e-ab8da0941884","F0DC3EBA21774A65B89CFA6A62E37C3B","HARV_001.mammalGrid.mam","D01","HARV","HARV_001","I9","distributed","deciduousForest",42.422943,-72.258721,"WGS84",45.1,200.7,0.2,"6 - trap set and empty","ShermanLF","2016-07-01","2016-07-01",,,,,,,,,,,,,,,,,,,,,,,,,,,,,,,,,,,,,,,"auccello@field-ops.org","thillman@neoninc.org",,
"dcd91c87-2270-49e8-bd21-e7b904c7ddc2","F0DC3EBA21774A65B89CFA6A62E37C3B","HARV_001.mammalGrid.mam","D01","HARV","HARV_001","I3","distributed","deciduousForest",42.422943,-72.258721,"WGS84",45.1,200.7,0.2,"5 - capture","ShermanLF","2016-07-01","2016-07-01","NEON.MAM.D01.L2643",,"TAST","Tamias striatus","species",,,"N","F","N","released","RIGHT","adult",,"nonenlarged","not","neither",30,,,,82,"N","N","N",,,,,,,"HARV.20160701.L2643.E",,,,,,,"auccello@field-ops.org","thillman@neoninc.org",,
"ebdbeac4-4e4f-4cde-8587-e0c7d7f53131","F0DC3EBA21774A65B89CFA6A62E37C3B","HARV_001.mammalGrid.mam","D01","HARV","HARV_001","B6","distributed","deciduousForest",42.422943,-72.258721,"WGS84",45.1,200.7,0.2,"3 - trap door open or closed w/ spoor left","ShermanLF","2016-07-01","2016-07-01",,,,,,,,,,,,,,,,,,,,,,,,,,,,,,,,,,,,,,,"auccello@field-ops.org","thillman@neoninc.org",,
"b6a18a8d-8545-4eb1-a7cf-14b1ee873312","F0DC3EBA21774A65B89CFA6A62E37C3B","HARV_001.mammalGrid.mam","D01","HARV","HARV_001","D3","distributed","deciduousForest",42.422943,-72.258721,"WGS84",45.1,200.7,0.2,"6 - trap set and empty","ShermanLF","2016-07-01","2016-07-01",,,,,,,,,,,,,,,,,,,,,,,,,,,,,,,,,,,,,,,"auccello@field-ops.org","thillman@neoninc.org",,
"b8311c1e-3cb5-4e18-8124-7672ae9e614e","F0DC3EBA21774A65B89CFA6A62E37C3B","HARV_001.mammalGrid.mam","D01","HARV","HARV_001","A8","distributed","deciduousForest",42.422943,-72.258721,"WGS84",45.1,200.7,0.2,"6 - trap set and empty","ShermanLF","2016-07-01","2016-07-01",,,,,,,,,,,,,,,,,,,,,,,,,,,,,,,,,,,,,,,"auccello@field-ops.org","thillman@neoninc.org",,
"4b5c9134-7dd5-4219-bf42-30cca19aa900","F0DC3EBA21774A65B89CFA6A62E37C3B","HARV_001.mammalGrid.mam","D01","HARV","HARV_001","J9","distributed","deciduousForest",42.422943,-72.258721,"WGS84",45.1,200.7,0.2,"3 - trap door open or closed w/ spoor left","ShermanLF","2016-07-01","2016-07-01",,,,,,,,,,,,,,,,,,,,,,,,,,,,,,,,,,,,,,,"auccello@field-ops.org","thillman@neoninc.org",,
"2e206428-435a-4a5d-b2c5-940044caeb78","F0DC3EBA21774A65B89CFA6A62E37C3B","HARV_001.mammalGrid.mam","D01","HARV","HARV_001","I2","distributed","deciduousForest",42.422943,-72.258721,"WGS84",45.1,200.7,0.2,"5 - capture","ShermanLF","2016-07-01","2016-07-01","NEON.MAM.D01.R2976",,"PEMA","Peromyscus maniculatus","species","cf. species",,"N","M","N","released",,"adult","scrotal",,,,20,16,81,,20,"N","N","N",,,,"HARV.20160701.R2976.F",,"fresh","HARV.20160701.R2976.E",,"HARV.20160701.R2976.H",,"hairAndWhisker",,,"auccello@field-ops.org","thillman@neoninc.org",,
"848bb074-651e-4c72-8cf3-b7fed350fac8","F0DC3EBA21774A65B89CFA6A62E37C3B","HARV_001.mammalGrid.mam","D01","HARV","HARV_001","I7","distributed","deciduousForest",42.422943,-72.258721,"WGS84",45.1,200.7,0.2,"5 - capture","ShermanLF","2016-07-01","2016-07-01","NEON.MAM.D01.R2238",,"PEMA","Peromyscus maniculatus","species","cf. species",,"N","M","Y","released",,"adult","nonscrotal",,,,20,16,87,,24,"N","N","N",,,,"HARV.20160701.R2238.F",,"fresh",,,"HARV.20160701.R2238.H",,"hairAndWhisker",,,"auccello@field-ops.org","thillman@neoninc.org",,
"043fcc29-4083-4ff6-9f1d-e5a73f981514","F0DC3EBA21774A65B89CFA6A62E37C3B","HARV_001.mammalGrid.mam","D01","HARV","HARV_001","B8","distributed","deciduousForest",42.422943,-72.258721,"WGS84",45.1,200.7,0.2,"6 - trap set and empty","ShermanLF","2016-07-01","2016-07-01",,,,,,,,,,,,,,,,,,,,,,,,,,,,,,,,,,,,,,,"auccello@field-ops.org","thillman@neoninc.org",,
"91f695db-4a07-4e52-89d1-63a09e21c2f7","F0DC3EBA21774A65B89CFA6A62E37C3B","HARV_001.mammalGrid.mam","D01","HARV","HARV_001","J5","distributed","deciduousForest",42.422943,-72.258721,"WGS84",45.1,200.7,0.2,"3 - trap door open or closed w/ spoor left","ShermanLF","2016-07-01","2016-07-01",,,,,,,,,,,,,,,,,,,,,,,,,,,,,,,,,,,,,,,"auccello@field-ops.org","thillman@neoninc.org",,
"9052f20b-6e5f-4cb5-acf4-d329cef51086","F0DC3EBA21774A65B89CFA6A62E37C3B","HARV_001.mammalGrid.mam","D01","HARV","HARV_001","C3","distributed","deciduousForest",42.422943,-72.258721,"WGS84",45.1,200.7,0.2,"6 - trap set and empty","ShermanLF","2016-07-01","2016-07-01",,,,,,,,,,,,,,,,,,,,,,,,,,,,,,,,,,,,,,,"auccello@field-ops.org","thillman@neoninc.org",,
"ee625855-967d-40e1-8f21-440b64f90f2c","F0DC3EBA21774A65B89CFA6A62E37C3B","HARV_001.mammalGrid.mam","D01","HARV","HARV_001","G3","distributed","deciduousForest",42.422943,-72.258721,"WGS84",45.1,200.7,0.2,"6 - trap set and empty","ShermanLF","2016-07-01","2016-07-01",,,,,,,,,,,,,,,,,,,,,,,,,,,,,,,,,,,,,,,"auccello@field-ops.org","thillman@neoninc.org",,
"ed2d1acd-7147-4b07-8839-a6a0b1202a27","F0DC3EBA21774A65B89CFA6A62E37C3B","HARV_001.mammalGrid.mam","D01","HARV","HARV_001","J7","distributed","deciduousForest",42.422943,-72.258721,"WGS84",45.1,200.7,0.2,"5 - capture","ShermanLF","2016-07-01","2016-07-01","NEON.MAM.D01.R2984",,"PEMA","Peromyscus maniculatus","species","cf. species",,"N","F","N","released",,"adult",,"nonenlarged","not","neither",20,15,79,,18,"N","N","N",,,,"HARV.20160701.R2984.F",,"fresh","HARV.20160701.R2984.E",,"HARV.20160701.R2984.H",,"hairAndWhisker",,,"auccello@field-ops.org","thillman@neoninc.org",,
"f8b7a4c2-20a7-45c2-bcff-173756c64142","F0DC3EBA21774A65B89CFA6A62E37C3B","HARV_001.mammalGrid.mam","D01","HARV","HARV_001","F5","distributed","deciduousForest",42.422943,-72.258721,"WGS84",45.1,200.7,0.2,"6 - trap set and empty","ShermanLF","2016-07-01","2016-07-01",,,,,,,,,,,,,,,,,,,,,,,,,,,,,,,,,,,,,,,"auccello@field-ops.org","thillman@neoninc.org",,
"3b6600d0-7834-4a14-9195-0ff0b3337585","F0DC3EBA21774A65B89CFA6A62E37C3B","HARV_001.mammalGrid.mam","D01","HARV","HARV_001","E1","distributed","deciduousForest",42.422943,-72.258721,"WGS84",45.1,200.7,0.2,"5 - capture","ShermanLF","2016-07-01","2016-07-01","NEON.MAM.D01.R2326",,"PEMA","Peromyscus maniculatus","species","cf. species",,"N","F","Y","released",,"adult",,"nonenlarged","not","neither",20,15,89,,26,"N","N","N",,,,"HARV.20160701.R2326.F",,"fresh","HARV.20160701.R2326.E",,"HARV.20160701.R2326.H",,"hairAndWhisker",,,"auccello@field-ops.org","thillman@neoninc.org",,
"0812142f-ba01-47a3-9c2e-87c13e3085e7","F0DC3EBA21774A65B89CFA6A62E37C3B","HARV_001.mammalGrid.mam","D01","HARV","HARV_001","F9","distributed","deciduousForest",42.422943,-72.258721,"WGS84",45.1,200.7,0.2,"6 - trap set and empty","ShermanLF","2016-07-01","2016-07-01",,,,,,,,,,,,,,,,,,,,,,,,,,,,,,,,,,,,,,,"auccello@field-ops.org","thillman@neoninc.org",,
"fa38fe06-9a98-4fd5-a60f-bfbb3b24cf8b","F0DC3EBA21774A65B89CFA6A62E37C3B","HARV_001.mammalGrid.mam","D01","HARV","HARV_001","F8","distributed","deciduousForest",42.422943,-72.258721,"WGS84",45.1,200.7,0.2,"6 - trap set and empty","ShermanLF","2016-07-01","2016-07-01",,,,,,,,,,,,,,,,,,,,,,,,,,,,,,,,,,,,,,,"auccello@field-ops.org","thillman@neoninc.org",,
"2cc9b1b3-7cb4-4177-b160-d4db59cc56b2","F0DC3EBA21774A65B89CFA6A62E37C3B","HARV_001.mammalGrid.mam","D01","HARV","HARV_001","H5","distributed","deciduousForest",42.422943,-72.258721,"WGS84",45.1,200.7,0.2,"6 - trap set and empty","ShermanLF","2016-07-01","2016-07-01",,,,,,,,,,,,,,,,,,,,,,,,,,,,,,,,,,,,,,,"auccello@field-ops.org","thillman@neoninc.org",,
"49160f30-ecdc-4afd-a6f6-a5e45ad07c79","F0DC3EBA21774A65B89CFA6A62E37C3B","HARV_001.mammalGrid.mam","D01","HARV","HARV_001","G4","distributed","deciduousForest",42.422943,-72.258721,"WGS84",45.1,200.7,0.2,"5 - capture","ShermanLF","2016-07-01","2016-07-01","NEON.MAM.D01.R2641",,"PEMA","Peromyscus maniculatus","species","cf. species",,"N","M","N","released",,"adult","nonscrotal",,,,21,15,83,,20,"N","N","N",,,,"HARV.20160701.R2641.F",,"fresh","HARV.20160701.R2641.E",,"HARV.20160701.R2641.H",,"hairAndWhisker",,,"auccello@field-ops.org","thillman@neoninc.org",,
"fa58c28e-42b2-435e-99a5-d3529786a9fc","F0DC3EBA21774A65B89CFA6A62E37C3B","HARV_001.mammalGrid.mam","D01","HARV","HARV_001","E7","distributed","deciduousForest",42.422943,-72.258721,"WGS84",45.1,200.7,0.2,"5 - capture","ShermanLF","2016-07-01","2016-07-01","NEON.MAM.D01.R1579",,"PELE","Peromyscus leucopus","species","cf. species",,"N","M","Y","released",,"adult","scrotal",,,,20,15,89,,25,"N","N","N",,,,"HARV.20160701.R1579.F",,"fresh","HARV.20160701.R1579.E",,"HARV.20160701.R1579.H",,"hairAndWhisker",,,"auccello@field-ops.org","thillman@neoninc.org",,
"d7ef6446-cec0-4dad-99d2-91ff94a13202","F0DC3EBA21774A65B89CFA6A62E37C3B","HARV_001.mammalGrid.mam","D01","HARV","HARV_001","J2","distributed","deciduousForest",42.422943,-72.258721,"WGS84",45.1,200.7,0.2,"3 - trap door open or closed w/ spoor left","ShermanLF","2016-07-01","2016-07-01",,,,,,,,,,,,,,,,,,,,,,,,,,,,,,,,,,,,,,,"auccello@field-ops.org","thillman@neoninc.org",,
"067a8f98-b1f3-4899-8453-ced4e3581f11","F0DC3EBA21774A65B89CFA6A62E37C3B","HARV_001.mammalGrid.mam","D01","HARV","HARV_001","C5","distributed","deciduousForest",42.422943,-72.258721,"WGS84",45.1,200.7,0.2,"6 - trap set and empty","ShermanLF","2016-07-01","2016-07-01",,,,,,,,,,,,,,,,,,,,,,,,,,,,,,,,,,,,,,,"auccello@field-ops.org","thillman@neoninc.org",,
"9c664a60-055d-47e6-8284-71e8020b97e7","F0DC3EBA21774A65B89CFA6A62E37C3B","HARV_001.mammalGrid.mam","D01","HARV","HARV_001","G7","distributed","deciduousForest",42.422943,-72.258721,"WGS84",45.1,200.7,0.2,"6 - trap set and empty","ShermanLF","2016-07-01","2016-07-01",,,,,,,,,,,,,,,,,,,,,,,,,,,,,,,,,,,,,,,"auccello@field-ops.org","thillman@neoninc.org",,
"16b372e9-e4d7-482a-b28d-adf41ab30efc","F0DC3EBA21774A65B89CFA6A62E37C3B","HARV_001.mammalGrid.mam","D01","HARV","HARV_001","F6","distributed","deciduousForest",42.422943,-72.258721,"WGS84",45.1,200.7,0.2,"6 - trap set and empty","ShermanLF","2016-07-01","2016-07-01",,,,,,,,,,,,,,,,,,,,,,,,,,,,,,,,,,,,,,,"auccello@field-ops.org","thillman@neoninc.org",,
"5a41e3f5-c94f-4399-90cf-e3e126079e3e","F0DC3EBA21774A65B89CFA6A62E37C3B","HARV_001.mammalGrid.mam","D01","HARV","HARV_001","B7","distributed","deciduousForest",42.422943,-72.258721,"WGS84",45.1,200.7,0.2,"6 - trap set and empty","ShermanLF","2016-07-01","2016-07-01",,,,,,,,,,,,,,,,,,,,,,,,,,,,,,,,,,,,,,,"auccello@field-ops.org","thillman@neoninc.org",,
"f668a5ce-9c46-4892-9c83-0178d6b7f12d","F0DC3EBA21774A65B89CFA6A62E37C3B","HARV_001.mammalGrid.mam","D01","HARV","HARV_001","E4","distributed","deciduousForest",42.422943,-72.258721,"WGS84",45.1,200.7,0.2,"6 - trap set and empty","ShermanLF","2016-07-01","2016-07-01",,,,,,,,,,,,,,,,,,,,,,,,,,,,,,,,,,,,,,,"auccello@field-ops.org","thillman@neoninc.org",,
"84aba84e-9a4e-4c1e-8f07-b478dc088fb5","F0DC3EBA21774A65B89CFA6A62E37C3B","HARV_001.mammalGrid.mam","D01","HARV","HARV_001","J1","distributed","deciduousForest",42.422943,-72.258721,"WGS84",45.1,200.7,0.2,"3 - trap door open or closed w/ spoor left","ShermanLF","2016-07-01","2016-07-01",,,,,,,,,,,,,,,,,,,,,,,,,,,,,,,,,,,,,,,"auccello@field-ops.org","thillman@neoninc.org",,
"1b56c2d4-bec7-4b3a-b6a9-d56286980b14","F0DC3EBA21774A65B89CFA6A62E37C3B","HARV_001.mammalGrid.mam","D01","HARV","HARV_001","J4","distributed","deciduousForest",42.422943,-72.258721,"WGS84",45.1,200.7,0.2,"6 - trap set and empty","ShermanLF","2016-07-01","2016-07-01",,,,,,,,,,,,,,,,,,,,,,,,,,,,,,,,,,,,,,,"auccello@field-ops.org","thillman@neoninc.org",,
"35b9be77-1c3e-42f6-8b25-58f7c6ede0b7","F0DC3EBA21774A65B89CFA6A62E37C3B","HARV_001.mammalGrid.mam","D01","HARV","HARV_001","D10","distributed","deciduousForest",42.422943,-72.258721,"WGS84",45.1,200.7,0.2,"5 - capture","ShermanLF","2016-07-01","2016-07-01","NEON.MAM.D01.R2989",,"PEMA","Peromyscus maniculatus","species","cf. species",,"N","M","N","released",,"adult","nonscrotal",,,,19,14,91,,17,"N","N","N",,,,"HARV.20160701.R2989.F",,"fresh","HARV.20160701.R2989.E",,"HARV.20160701.R2989.H",,"hairAndWhisker",,,"auccello@field-ops.org","thillman@neoninc.org",,
"8e17db60-185b-45b5-ae55-9cff0d9459b7","F0DC3EBA21774A65B89CFA6A62E37C3B","HARV_001.mammalGrid.mam","D01","HARV","HARV_001","G9","distributed","deciduousForest",42.422943,-72.258721,"WGS84",45.1,200.7,0.2,"5 - capture","ShermanLF","2016-07-01","2016-07-01","NEON.MAM.D01.R1408",,"PEMA","Peromyscus maniculatus","species","cf. species",,"N","F","Y","released",,"adult",,"nonenlarged","not","neither",20,16,79,,22,"N","N","N",,,,"HARV.20160701.R1408.F",,"fresh","HARV.20160701.R1408.E",,"HARV.20160701.R1408.H",,"hairAndWhisker",,,"auccello@field-ops.org","thillman@neoninc.org",,
"b72fc228-9a07-401b-abe9-dcc2c0190d67","F0DC3EBA21774A65B89CFA6A62E37C3B","HARV_001.mammalGrid.mam","D01","HARV","HARV_001","D2","distributed","deciduousForest",42.422943,-72.258721,"WGS84",45.1,200.7,0.2,"6 - trap set and empty","ShermanLF","2016-07-01","2016-07-01",,,,,,,,,,,,,,,,,,,,,,,,,,,,,,,,,,,,,,,"auccello@field-ops.org","thillman@neoninc.org",,
"abdf368f-3f59-481d-935c-5ed0fbe98833","F0DC3EBA21774A65B89CFA6A62E37C3B","HARV_001.mammalGrid.mam","D01","HARV","HARV_001","A2","distributed","deciduousForest",42.422943,-72.258721,"WGS84",45.1,200.7,0.2,"6 - trap set and empty","ShermanLF","2016-07-01","2016-07-01",,,,,,,,,,,,,,,,,,,,,,,,,,,,,,,,,,,,,,,"auccello@field-ops.org","thillman@neoninc.org",,
"3ae3f15b-7e7d-44c5-8706-606baadd5ff3","F0DC3EBA21774A65B89CFA6A62E37C3B","HARV_001.mammalGrid.mam","D01","HARV","HARV_001","I1","distributed","deciduousForest",42.422943,-72.258721,"WGS84",45.1,200.7,0.2,"5 - capture","ShermanLF","2016-07-01","2016-07-01","NEON.MAM.D01.R0877",,"PELE","Peromyscus leucopus","species","cf. species",,"N","F","Y","released",,"adult",,"nonenlarged","not","neither",20,15,88,,21,"N","N","N",,,,"HARV.20160701.R0877.F",,"fresh",,,"HARV.20160701.R0877.H",,"hairAndWhisker",,,"auccello@field-ops.org","thillman@neoninc.org",,
"14173a8f-a7e7-48c7-969a-c2828b65d702","F0DC3EBA21774A65B89CFA6A62E37C3B","HARV_001.mammalGrid.mam","D01","HARV","HARV_001","A9","distributed","deciduousForest",42.422943,-72.258721,"WGS84",45.1,200.7,0.2,"6 - trap set and empty","ShermanLF","2016-07-01","2016-07-01",,,,,,,,,,,,,,,,,,,,,,,,,,,,,,,,,,,,,,,"auccello@field-ops.org","thillman@neoninc.org",,
"a9178ab7-af5d-4ee9-864c-3bb5ee2cf4c2","F0DC3EBA21774A65B89CFA6A62E37C3B","HARV_001.mammalGrid.mam","D01","HARV","HARV_001","J8","distributed","deciduousForest",42.422943,-72.258721,"WGS84",45.1,200.7,0.2,"3 - trap door open or closed w/ spoor left","ShermanLF","2016-07-01","2016-07-01",,,,,,,,,,,,,,,,,,,,,,,,,,,,,,,,,,,,,,,"auccello@field-ops.org","thillman@neoninc.org",,
"c089c496-0d84-45b4-a026-b705f9a50132","F0DC3EBA21774A65B89CFA6A62E37C3B","HARV_001.mammalGrid.mam","D01","HARV","HARV_001","B3","distributed","deciduousForest",42.422943,-72.258721,"WGS84",45.1,200.7,0.2,"3 - trap door open or closed w/ spoor left","ShermanLF","2016-07-01","2016-07-01",,,,,,,,,,,,,,,,,,,,,,,,,,,,,,,,,,,,,,,"auccello@field-ops.org","thillman@neoninc.org",,
"cc68cbae-5745-45eb-9d46-5a607ac8a6d8","F0DC3EBA21774A65B89CFA6A62E37C3B","HARV_001.mammalGrid.mam","D01","HARV","HARV_001","H2","distributed","deciduousForest",42.422943,-72.258721,"WGS84",45.1,200.7,0.2,"3 - trap door open or closed w/ spoor left","ShermanLF","2016-07-01","2016-07-01",,,,,,,,,,,,,,,,,,,,,,,,,,,,,,,,,,,,,,,"auccello@field-ops.org","thillman@neoninc.org",,
"238073da-935a-4809-99eb-693e64a4f586","F0DC3EBA21774A65B89CFA6A62E37C3B","HARV_001.mammalGrid.mam","D01","HARV","HARV_001","C1","distributed","deciduousForest",42.422943,-72.258721,"WGS84",45.1,200.7,0.2,"5 - capture","ShermanLF","2016-07-01","2016-07-01","NEON.MAM.D01.R2284",,"PEMA","Peromyscus maniculatus","species","cf. species",,"N","F","Y","released",,"adult",,"enlarged","not","swollen",20,16,91,,30,"N","N","N",,,,"HARV.20160701.R2284.F",,"fresh",,,"HARV.20160701.R2284.H",,"hairAndWhisker",,,"auccello@field-ops.org","thillman@neoninc.org",,
"c8d0795a-01a6-478f-80bd-95fa36dc8565","F0DC3EBA21774A65B89CFA6A62E37C3B","HARV_001.mammalGrid.mam","D01","HARV","HARV_001","G6","distributed","deciduousForest",42.422943,-72.258721,"WGS84",45.1,200.7,0.2,"6 - trap set and empty","ShermanLF","2016-07-01","2016-07-01",,,,,,,,,,,,,,,,,,,,,,,,,,,,,,,,,,,,,,,"auccello@field-ops.org","thillman@neoninc.org",,
"28ff657e-31d3-427c-b50f-b548d6e4960b","F0DC3EBA21774A65B89CFA6A62E37C3B","HARV_001.mammalGrid.mam","D01","HARV","HARV_001","I8","distributed","deciduousForest",42.422943,-72.258721,"WGS84",45.1,200.7,0.2,"6 - trap set and empty","ShermanLF","2016-07-01","2016-07-01",,,,,,,,,,,,,,,,,,,,,,,,,,,,,,,,,,,,,,,"auccello@field-ops.org","thillman@neoninc.org",,
"9ce7ed2b-c02f-47b1-9311-ac44c4adf773","F0DC3EBA21774A65B89CFA6A62E37C3B","HARV_001.mammalGrid.mam","D01","HARV","HARV_001","H7","distributed","deciduousForest",42.422943,-72.258721,"WGS84",45.1,200.7,0.2,"6 - trap set and empty","ShermanLF","2016-07-01","2016-07-01",,,,,,,,,,,,,,,,,,,,,,,,,,,,,,,,,,,,,,,"auccello@field-ops.org","thillman@neoninc.org",,
"a1f169a9-f0fe-410a-b9ca-976173d40f49","F0DC3EBA21774A65B89CFA6A62E37C3B","HARV_001.mammalGrid.mam","D01","HARV","HARV_001","A7","distributed","deciduousForest",42.422943,-72.258721,"WGS84",45.1,200.7,0.2,"6 - trap set and empty","ShermanLF","2016-07-01","2016-07-01",,,,,,,,,,,,,,,,,,,,,,,,,,,,,,,,,,,,,,,"auccello@field-ops.org","thillman@neoninc.org",,
"5f854b7d-2509-4cac-ac46-5131f04d7122","F0DC3EBA21774A65B89CFA6A62E37C3B","HARV_001.mammalGrid.mam","D01","HARV","HARV_001","G2","distributed","deciduousForest",42.422943,-72.258721,"WGS84",45.1,200.7,0.2,"5 - capture","ShermanLF","2016-07-01","2016-07-01","NEON.MAM.D01.R2680",,"PEMA","Peromyscus maniculatus","species","cf. species",,"N","M","N","released",,"adult","nonscrotal",,,,20,15,82,,18,"N","N","N",,,,"HARV.20160701.R2680.F",,"fresh","HARV.20160701.R2680.E",,"HARV.20160701.R2680.H",,"hairAndWhisker",,,"auccello@field-ops.org","thillman@neoninc.org",,
"5eb5f2f4-915c-4e9c-b792-67ecb190110e","F0DC3EBA21774A65B89CFA6A62E37C3B","HARV_001.mammalGrid.mam","D01","HARV","HARV_001","J6","distributed","deciduousForest",42.422943,-72.258721,"WGS84",45.1,200.7,0.2,"5 - capture","ShermanLF","2016-07-01","2016-07-01","NEON.MAM.D01.R0813",,"PEMA","Peromyscus maniculatus","species","cf. species",,"N","M","Y","released",,"adult","nonscrotal",,,,21,15,85,,28,"N","N","N",,,,"HARV.20160701.R0813.F",,"fresh",,,"HARV.20160701.R0813.H",,"hairAndWhisker",,,"auccello@field-ops.org","thillman@neoninc.org",,
"4f469f74-7995-41d1-b5e0-208a86366a14","F0DC3EBA21774A65B89CFA6A62E37C3B","HARV_001.mammalGrid.mam","D01","HARV","HARV_001","H10","distributed","deciduousForest",42.422943,-72.258721,"WGS84",45.1,200.7,0.2,"3 - trap door open or closed w/ spoor left","ShermanLF","2016-07-01","2016-07-01",,,,,,,,,,,,,,,,,,,,,,,,,,,,,,,,,,,,,,,"auccello@field-ops.org","thillman@neoninc.org",,
"89d0556f-443c-4e28-8bae-c4f20cda864d","F0DC3EBA21774A65B89CFA6A62E37C3B","HARV_001.mammalGrid.mam","D01","HARV","HARV_001","I6","distributed","deciduousForest",42.422943,-72.258721,"WGS84",45.1,200.7,0.2,"3 - trap door open or closed w/ spoor left","ShermanLF","2016-07-01","2016-07-01",,,,,,,,,,,,,,,,,,,,,,,,,,,,,,,,,,,,,,,"auccello@field-ops.org","thillman@neoninc.org",,
"cb13452d-3dc4-4d6e-b888-eb39c0f09d6f","F0DC3EBA21774A65B89CFA6A62E37C3B","HARV_001.mammalGrid.mam","D01","HARV","HARV_001","H3","distributed","deciduousForest",42.422943,-72.258721,"WGS84",45.1,200.7,0.2,"5 - capture","ShermanLF","2016-07-01","2016-07-01","NEON.MAM.D01.R2645",,"PEMA","Peromyscus maniculatus","species","cf. species",,"N","F","N","released",,"adult",,"nonenlarged","not","neither",20,15,74,,18,"N","N","N",,,,"HARV.20160701.R2645.F",,"fresh","HARV.20160701.R2645.E",,"HARV.20160701.R2645.H",,"hairAndWhisker",,,"auccello@field-ops.org","thillman@neoninc.org",,
"82c10fd3-1ddb-4299-8e41-90625cd499ca","F0DC3EBA21774A65B89CFA6A62E37C3B","HARV_001.mammalGrid.mam","D01","HARV","HARV_001","B10","distributed","deciduousForest",42.422943,-72.258721,"WGS84",45.1,200.7,0.2,"3 - trap door open or closed w/ spoor left","ShermanLF","2016-07-01","2016-07-01",,,,,,,,,,,,,,,,,,,,,,,,,,,,,,,,,,,,,,,"auccello@field-ops.org","thillman@neoninc.org",,
"f873f7bc-efa9-4b35-8bde-3700c3bddbe7","F0DC3EBA21774A65B89CFA6A62E37C3B","HARV_001.mammalGrid.mam","D01","HARV","HARV_001","B9","distributed","deciduousForest",42.422943,-72.258721,"WGS84",45.1,200.7,0.2,"6 - trap set and empty","ShermanLF","2016-07-01","2016-07-01",,,,,,,,,,,,,,,,,,,,,,,,,,,,,,,,,,,,,,,"auccello@field-ops.org","thillman@neoninc.org",,
"63454276-1727-450c-afb5-8b74f817eadf","F0DC3EBA21774A65B89CFA6A62E37C3B","HARV_001.mammalGrid.mam","D01","HARV","HARV_001","F7","distributed","deciduousForest",42.422943,-72.258721,"WGS84",45.1,200.7,0.2,"6 - trap set and empty","ShermanLF","2016-07-01","2016-07-01",,,,,,,,,,,,,,,,,,,,,,,,,,,,,,,,,,,,,,,"auccello@field-ops.org","thillman@neoninc.org",,
"c59d6da7-2660-4071-9890-5efdde125779","F0DC3EBA21774A65B89CFA6A62E37C3B","HARV_001.mammalGrid.mam","D01","HARV","HARV_001","B5","distributed","deciduousForest",42.422943,-72.258721,"WGS84",45.1,200.7,0.2,"6 - trap set and empty","ShermanLF","2016-07-01","2016-07-01",,,,,,,,,,,,,,,,,,,,,,,,,,,,,,,,,,,,,,,"auccello@field-ops.org","thillman@neoninc.org",,
"dce208a5-6478-4fd2-a3aa-c110465927a1","F0DC3EBA21774A65B89CFA6A62E37C3B","HARV_001.mammalGrid.mam","D01","HARV","HARV_001","C2","distributed","deciduousForest",42.422943,-72.258721,"WGS84",45.1,200.7,0.2,"6 - trap set and empty","ShermanLF","2016-07-01","2016-07-01",,,,,,,,,,,,,,,,,,,,,,,,,,,,,,,,,,,,,,,"auccello@field-ops.org","thillman@neoninc.org",,
"05674c14-9dc0-4ab1-8f39-dc10e8b0fc6c","F0DC3EBA21774A65B89CFA6A62E37C3B","HARV_001.mammalGrid.mam","D01","HARV","HARV_001","C9","distributed","deciduousForest",42.422943,-72.258721,"WGS84",45.1,200.7,0.2,"3 - trap door open or closed w/ spoor left","ShermanLF","2016-07-01","2016-07-01",,,,,,,,,,,,,,,,,,,,,,,,,,,,,,,,,,,,,,,"auccello@field-ops.org","thillman@neoninc.org",,
"2166137c-589a-49d8-a46f-a672c52cbf3f","F0DC3EBA21774A65B89CFA6A62E37C3B","HARV_001.mammalGrid.mam","D01","HARV","HARV_001","B2","distributed","deciduousForest",42.422943,-72.258721,"WGS84",45.1,200.7,0.2,"5 - capture","ShermanLF","2016-07-01","2016-07-01","NEON.MAM.D01.R2233",,"PEMA","Peromyscus maniculatus","species","cf. species",,"N","M","Y","released",,"adult","scrotal",,,,19,15,81,,23,"N","N","N",,,,"HARV.20160701.R2233.F",,"fresh",,,"HARV.20160701.R2233.H",,"hairAndWhisker",,,"auccello@field-ops.org","thillman@neoninc.org",,
"7a72c6cc-dc4d-42f6-ba0f-1038cd89a846","F0DC3EBA21774A65B89CFA6A62E37C3B","HARV_001.mammalGrid.mam","D01","HARV","HARV_001","A3","distributed","deciduousForest",42.422943,-72.258721,"WGS84",45.1,200.7,0.2,"6 - trap set and empty","ShermanLF","2016-07-01","2016-07-01",,,,,,,,,,,,,,,,,,,,,,,,,,,,,,,,,,,,,,,"auccello@field-ops.org","thillman@neoninc.org",,
"8e4c88dd-4aee-462b-aeab-f33a60f8f13e","F0DC3EBA21774A65B89CFA6A62E37C3B","HARV_001.mammalGrid.mam","D01","HARV","HARV_001","H4","distributed","deciduousForest",42.422943,-72.258721,"WGS84",45.1,200.7,0.2,"6 - trap set and empty","ShermanLF","2016-07-01","2016-07-01",,,,,,,,,,,,,,,,,,,,,,,,,,,,,,,,,,,,,,,"auccello@field-ops.org","thillman@neoninc.org",,
"c82ddc90-ea1a-41f5-9c23-cbab5945c378","F0DC3EBA21774A65B89CFA6A62E37C3B","HARV_001.mammalGrid.mam","D01","HARV","HARV_001","E2","distributed","deciduousForest",42.422943,-72.258721,"WGS84",45.1,200.7,0.2,"5 - capture","ShermanLF","2016-07-01","2016-07-01","NEON.MAM.D01.R0801",,"PEMA","Peromyscus maniculatus","species","cf. species",,"N","F","Y","released",,"adult",,"nonenlarged","not","neither",20,15,82,,25,"N","N","N",,,,"HARV.20160701.R0801.F",,"fresh","HARV.20160701.R0801.E",,"HARV.20160701.R0801.H",,"hairAndWhisker",,,"auccello@field-ops.org","thillman@neoninc.org",,
"50c8e1f6-2ce7-4f0d-a8a3-cfa002d02752","F0DC3EBA21774A65B89CFA6A62E37C3B","HARV_001.mammalGrid.mam","D01","HARV","HARV_001","I5","distributed","deciduousForest",42.422943,-72.258721,"WGS84",45.1,200.7,0.2,"5 - capture","ShermanLF","2016-07-01","2016-07-01","NEON.MAM.D01.R2292",,"PELE","Peromyscus leucopus","species","cf. species",,"N","F","Y","released",,"adult",,"enlarged","not","swollen",21,15,95,,28,"N","N","N",,,,"HARV.20160701.R2292.F",,"fresh",,,"HARV.20160701.R2292.H",,"hairAndWhisker",,,"auccello@field-ops.org","thillman@neoninc.org",,
"bdd4a8ce-a189-4c60-a5a0-b91942085f91","F0DC3EBA21774A65B89CFA6A62E37C3B","HARV_001.mammalGrid.mam","D01","HARV","HARV_001","G8","distributed","deciduousForest",42.422943,-72.258721,"WGS84",45.1,200.7,0.2,"6 - trap set and empty","ShermanLF","2016-07-01","2016-07-01",,,,,,,,,,,,,,,,,,,,,,,,,,,,,,,,,,,,,,,"auccello@field-ops.org","thillman@neoninc.org",,
"780cc331-b759-4d73-b27b-65d85ead533c","F0DC3EBA21774A65B89CFA6A62E37C3B","HARV_001.mammalGrid.mam","D01","HARV","HARV_001","D8","distributed","deciduousForest",42.422943,-72.258721,"WGS84",45.1,200.7,0.2,"5 - capture","ShermanLF","2016-07-01","2016-07-01","NEON.MAM.D01.R2441",,"PEMA","Peromyscus maniculatus","species","cf. species",,"N","M","Y","released",,"adult","scrotal",,,,20,14,82,,27,"N","N","N",,,,"HARV.20160701.R2441.F",,"fresh","HARV.20160701.R2441.E",,"HARV.20160701.R2441.H",,"hairAndWhisker",,,"auccello@field-ops.org","thillman@neoninc.org",,
"b3c1831a-01d4-48bf-8ae7-2e57caea69af","F0DC3EBA21774A65B89CFA6A62E37C3B","HARV_001.mammalGrid.mam","D01","HARV","HARV_001","A5","distributed","deciduousForest",42.422943,-72.258721,"WGS84",45.1,200.7,0.2,"6 - trap set and empty","ShermanLF","2016-07-01","2016-07-01",,,,,,,,,,,,,,,,,,,,,,,,,,,,,,,,,,,,,,,"auccello@field-ops.org","thillman@neoninc.org",,
"de38fafc-4c2e-465e-b16c-db69e8a1cf97","F0DC3EBA21774A65B89CFA6A62E37C3B","HARV_001.mammalGrid.mam","D01","HARV","HARV_001","D1","distributed","deciduousForest",42.422943,-72.258721,"WGS84",45.1,200.7,0.2,"6 - trap set and empty","ShermanLF","2016-07-01","2016-07-01",,,,,,,,,,,,,,,,,,,,,,,,,,,,,,,,,,,,,,,"auccello@field-ops.org","thillman@neoninc.org",,
"67fa5c3d-ddba-48a7-a966-0d053f2b21d0","F0DC3EBA21774A65B89CFA6A62E37C3B","HARV_001.mammalGrid.mam","D01","HARV","HARV_001","E10","distributed","deciduousForest",42.422943,-72.258721,"WGS84",45.1,200.7,0.2,"6 - trap set and empty","ShermanLF","2016-07-01","2016-07-01",,,,,,,,,,,,,,,,,,,,,,,,,,,,,,,,,,,,,,,"auccello@field-ops.org","thillman@neoninc.org",,
"5154773e-33d6-4d13-89b6-e987fec872fc","F0DC3EBA21774A65B89CFA6A62E37C3B","HARV_001.mammalGrid.mam","D01","HARV","HARV_001","D6","distributed","deciduousForest",42.422943,-72.258721,"WGS84",45.1,200.7,0.2,"2 - trap disturbed/door closed but empty","ShermanLF","2016-07-01","2016-07-01",,,,,,,,,,,,,,,,,,,,,,,,,,,,,,,,,,,,,,,"auccello@field-ops.org","thillman@neoninc.org",,
"cbbb52be-294d-42c5-a8d1-686eb8b0dbe3","F0DC3EBA21774A65B89CFA6A62E37C3B","HARV_001.mammalGrid.mam","D01","HARV","HARV_001","A10","distributed","deciduousForest",42.422943,-72.258721,"WGS84",45.1,200.7,0.2,"5 - capture","ShermanLF","2016-07-01","2016-07-01","NEON.MAM.D01.R1441",,"PEMA","Peromyscus maniculatus","species","cf. species",,"N","M","Y","released",,"adult","nonscrotal",,,,20,15,90,,25,"N","N","N",,,,"HARV.20160701.R1441.F",,"fresh","HARV.20160701.R1441.E",,"HARV.20160701.R1441.H",,"hairAndWhisker",,,"auccello@field-ops.org","thillman@neoninc.org",,
"91d7c08a-5d1c-434b-9987-eb3beccec558","F0DC3EBA21774A65B89CFA6A62E37C3B","HARV_001.mammalGrid.mam","D01","HARV","HARV_001","F3","distributed","deciduousForest",42.422943,-72.258721,"WGS84",45.1,200.7,0.2,"5 - capture","ShermanLF","2016-07-01","2016-07-01","NEON.MAM.D01.R2648",,"PEMA","Peromyscus maniculatus","species","cf. species",,"N","F","N","released",,"subadult",,"nonenlarged","not","neither",20,14,72,,14,"N","N","N",,,,"HARV.20160701.R2648.F",,"fresh","HARV.20160701.R2648.E",,"HARV.20160701.R2648.H",,"hairAndWhisker",,,"auccello@field-ops.org","thillman@neoninc.org",,
"c2cda457-cab4-4e51-9199-2a8b357bad81","F0DC3EBA21774A65B89CFA6A62E37C3B","HARV_001.mammalGrid.mam","D01","HARV","HARV_001","E5","distributed","deciduousForest",42.422943,-72.258721,"WGS84",45.1,200.7,0.2,"6 - trap set and empty","ShermanLF","2016-07-01","2016-07-01",,,,,,,,,,,,,,,,,,,,,,,,,,,,,,,,,,,,,,,"auccello@field-ops.org","thillman@neoninc.org",,
"661c28b1-b683-4148-b06b-8feea4a7d9a7","F0DC3EBA21774A65B89CFA6A62E37C3B","HARV_001.mammalGrid.mam","D01","HARV","HARV_001","G1","distributed","deciduousForest",42.422943,-72.258721,"WGS84",45.1,200.7,0.2,"3 - trap door open or closed w/ spoor left","ShermanLF","2016-07-01","2016-07-01",,,,,,,,,,,,,,,,,,,,,,,,,,,,,,,,,,,,,,,"auccello@field-ops.org","thillman@neoninc.org",,
"73eda53e-d9fd-4bac-ace9-9eb35e54318a","F0DC3EBA21774A65B89CFA6A62E37C3B","HARV_001.mammalGrid.mam","D01","HARV","HARV_001","E9","distributed","deciduousForest",42.422943,-72.258721,"WGS84",45.1,200.7,0.2,"6 - trap set and empty","ShermanLF","2016-07-01","2016-07-01",,,,,,,,,,,,,,,,,,,,,,,,,,,,,,,,,,,,,,,"auccello@field-ops.org","thillman@neoninc.org",,
"98cad540-7bad-4204-b11e-ea0d3a3daaf7","F0DC3EBA21774A65B89CFA6A62E37C3B","HARV_001.mammalGrid.mam","D01","HARV","HARV_001","A1","distributed","deciduousForest",42.422943,-72.258721,"WGS84",45.1,200.7,0.2,"5 - capture","ShermanLF","2016-07-01","2016-07-01","NEON.MAM.D01.R2982",,"PELE","Peromyscus leucopus","species","cf. species",,"N","M","N","released",,"adult","nonscrotal",,,,21,15,72,,16,"N","Y","N",,,,"HARV.20160701.R2982.F",,"fresh","HARV.20160701.R2982.E",,"HARV.20160701.R2982.H",,"hairAndWhisker",,,"auccello@field-ops.org","thillman@neoninc.org",,
"628d03b0-6823-49d8-afc8-dd8b06ea1764","F0DC3EBA21774A65B89CFA6A62E37C3B","HARV_001.mammalGrid.mam","D01","HARV","HARV_001","C6","distributed","deciduousForest",42.422943,-72.258721,"WGS84",45.1,200.7,0.2,"5 - capture","ShermanLF","2016-07-01","2016-07-01","NEON.MAM.D01.R0892",,"PELE","Peromyscus leucopus","species","cf. species",,"N","F","Y","released",,"adult",,"nonenlarged","not","neither",20,15,84,,23,"N","N","N",,,,"HARV.20160701.R0892.F",,"fresh","HARV.20160701.R0892.E",,"HARV.20160701.R0892.H",,"hairAndWhisker",,,"auccello@field-ops.org","thillman@neoninc.org",,
"38234fc9-3747-4ba2-b1ad-67da960090fa","F0DC3EBA21774A65B89CFA6A62E37C3B","HARV_001.mammalGrid.mam","D01","HARV","HARV_001","C4","distributed","deciduousForest",42.422943,-72.258721,"WGS84",45.1,200.7,0.2,"6 - trap set and empty","ShermanLF","2016-07-01","2016-07-01",,,,,,,,,,,,,,,,,,,,,,,,,,,,,,,,,,,,,,,"auccello@field-ops.org","thillman@neoninc.org",,
"a5a0169a-8a22-4dc0-a531-1d4f7c5dd8ac","F0DC3EBA21774A65B89CFA6A62E37C3B","HARV_001.mammalGrid.mam","D01","HARV","HARV_001","F1","distributed","deciduousForest",42.422943,-72.258721,"WGS84",45.1,200.7,0.2,"5 - capture","ShermanLF","2016-07-01","2016-07-01","NEON.MAM.D01.R2675",,"PEMA","Peromyscus maniculatus","species","cf. species",,"N","F","N","released",,"subadult",,"nonenlarged","not","neither",19,14,76,,16,"N","N","N",,,,"HARV.20160701.R2675.F",,"fresh","HARV.20160701.R2675.E",,"HARV.20160701.R2675.H",,"hairAndWhisker",,,"auccello@field-ops.org","thillman@neoninc.org",,
"a7980dc1-1530-439e-a70c-12e2562da1b4","F0DC3EBA21774A65B89CFA6A62E37C3B","HARV_001.mammalGrid.mam","D01","HARV","HARV_001","C10","distributed","deciduousForest",42.422943,-72.258721,"WGS84",45.1,200.7,0.2,"6 - trap set and empty","ShermanLF","2016-07-01","2016-07-01",,,,,,,,,,,,,,,,,,,,,,,,,,,,,,,,,,,,,,,"auccello@field-ops.org","thillman@neoninc.org",,
"72ca63f5-ede7-4eec-ae2d-c4e414100202","F0DC3EBA21774A65B89CFA6A62E37C3B","HARV_001.mammalGrid.mam","D01","HARV","HARV_001","J10","distributed","deciduousForest",42.422943,-72.258721,"WGS84",45.1,200.7,0.2,"3 - trap door open or closed w/ spoor left","ShermanLF","2016-07-01","2016-07-01",,,,,,,,,,,,,,,,,,,,,,,,,,,,,,,,,,,,,,,"auccello@field-ops.org","thillman@neoninc.org",,
"baf08171-d316-4068-8e5c-7094843bcf98","F0DC3EBA21774A65B89CFA6A62E37C3B","HARV_001.mammalGrid.mam","D01","HARV","HARV_001","D7","distributed","deciduousForest",42.422943,-72.258721,"WGS84",45.1,200.7,0.2,"5 - capture","ShermanLF","2016-07-01","2016-07-01","NEON.MAM.D01.R0854",,"PEMA","Peromyscus maniculatus","species","cf. species",,"N","F","Y","released",,"adult",,"enlarged","not","swollen",19,15,79,,24,"N","N","N",,,,"HARV.20160701.R0854.F",,"fresh",,,"HARV.20160701.R0854.H",,"hairAndWhisker",,,"auccello@field-ops.org","thillman@neoninc.org",,
"c787cbab-8f37-4e2a-a7be-a094dafdc241","F0DC3EBA21774A65B89CFA6A62E37C3B","HARV_001.mammalGrid.mam","D01","HARV","HARV_001","I10","distributed","deciduousForest",42.422943,-72.258721,"WGS84",45.1,200.7,0.2,"5 - capture","ShermanLF","2016-07-01","2016-07-01","NEON.MAM.D01.R2277",,"TAST","Tamias striatus","species",,,"N","F","Y","released",,"adult",,"nonenlarged","not","neither",31,,,,94,"N","N","N",,,,"HARV.20160701.R2277.F",,"fresh",,,,,,,,"auccello@field-ops.org","thillman@neoninc.org",,
"a67467e9-97f0-4eac-85fc-4853a98f7e78","F0DC3EBA21774A65B89CFA6A62E37C3B","HARV_001.mammalGrid.mam","D01","HARV","HARV_001","E3","distributed","deciduousForest",42.422943,-72.258721,"WGS84",45.1,200.7,0.2,"5 - capture","ShermanLF","2016-07-01","2016-07-01","NEON.MAM.D01.R2981",,"MYGA","Myodes gapperi","species",,,"N","F","N","released",,"subadult",,"nonenlarged","not","neither",16,,,,19,"N","N","N",,,,,,,"HARV.20160701.R2981.E",,,,,,,"auccello@field-ops.org","thillman@neoninc.org",,
"7436a0c0-4889-45ee-ac05-785af6e986ac","F0DC3EBA21774A65B89CFA6A62E37C3B","HARV_001.mammalGrid.mam","D01","HARV","HARV_001","F4","distributed","deciduousForest",42.422943,-72.258721,"WGS84",45.1,200.7,0.2,"5 - capture","ShermanLF","2016-07-01","2016-07-01",,,"BLBR","Blarina brevicauda","species",,,"N","M","N","released",,"adult","nonscrotal",,,,,,,,,"U","U","U",,,,,,,,,,,,,,"auccello@field-ops.org","thillman@neoninc.org",,
"631358c4-8cae-487b-857b-a40a24f750aa","F0DC3EBA21774A65B89CFA6A62E37C3B","HARV_001.mammalGrid.mam","D01","HARV","HARV_001","H8","distributed","deciduousForest",42.422943,-72.258721,"WGS84",45.1,200.7,0.2,"5 - capture","ShermanLF","2016-07-01","2016-07-01","NEON.MAM.D01.R0899",,"PEMA","Peromyscus maniculatus","species","cf. species",,"N","M","Y","released",,"adult","nonscrotal",,,,20,15,80,,23,"N","N","N",,,,"HARV.20160701.R0899.F",,"fresh",,,"HARV.20160701.R0899.H",,"hairAndWhisker",,,"auccello@field-ops.org","thillman@neoninc.org",,
"f9b91627-f3bf-4db4-8f49-8079a6dc91bd","F0DC3EBA21774A65B89CFA6A62E37C3B","HARV_001.mammalGrid.mam","D01","HARV","HARV_001","G10","distributed","deciduousForest",42.422943,-72.258721,"WGS84",45.1,200.7,0.2,"6 - trap set and empty","ShermanLF","2016-07-01","2016-07-01",,,,,,,,,,,,,,,,,,,,,,,,,,,,,,,,,,,,,,,"auccello@field-ops.org","thillman@neoninc.org",,
"44f8fd06-d307-4ffa-a3b3-5ddc2f87c835","F0DC3EBA21774A65B89CFA6A62E37C3B","HARV_001.mammalGrid.mam","D01","HARV","HARV_001","A4","distributed","deciduousForest",42.422943,-72.258721,"WGS84",45.1,200.7,0.2,"5 - capture","ShermanLF","2016-07-01","2016-07-01","NEON.MAM.D01.R2444",,"PEMA","Peromyscus maniculatus","species","cf. species",,"N","F","Y","released",,"adult",,"nonenlarged","not","neither",21,15,85,,25,"N","N","N",,,,"HARV.20160701.R2444.F",,"fresh","HARV.20160701.R2444.E",,"HARV.20160701.R2444.H",,"hairAndWhisker",,,"auccello@field-ops.org","thillman@neoninc.org",,
"dd0fd989-7d3f-4a05-a31b-e3ba9f60e1cd","F0DC3EBA21774A65B89CFA6A62E37C3B","HARV_001.mammalGrid.mam","D01","HARV","HARV_001","E8","distributed","deciduousForest",42.422943,-72.258721,"WGS84",45.1,200.7,0.2,"6 - trap set and empty","ShermanLF","2016-07-01","2016-07-01",,,,,,,,,,,,,,,,,,,,,,,,,,,,,,,,,,,,,,,"auccello@field-ops.org","thillman@neoninc.org",,
"cf204b38-cfc5-4ebd-af20-a96fc1c7c2f8","F0DC3EBA21774A65B89CFA6A62E37C3B","HARV_001.mammalGrid.mam","D01","HARV","HARV_001","I4","distributed","deciduousForest",42.422943,-72.258721,"WGS84",45.1,200.7,0.2,"5 - capture","ShermanLF","2016-07-01","2016-07-01","NEON.MAM.D01.R2195",,"PEMA","Peromyscus maniculatus","species","cf. species",,"N","M","Y","released",,"adult","nonscrotal",,,,21,15,79,,18,"N","N","N",,,,"HARV.20160701.R2195.F",,"fresh","HARV.20160701.R2195.E",,"HARV.20160701.R2195.H",,"hairAndWhisker",,,"auccello@field-ops.org","thillman@neoninc.org",,
"bb25cd85-b345-435b-81b9-8fa8a7b8dc93","F0DC3EBA21774A65B89CFA6A62E37C3B","HARV_001.mammalGrid.mam","D01","HARV","HARV_001","D4","distributed","deciduousForest",42.422943,-72.258721,"WGS84",45.1,200.7,0.2,"6 - trap set and empty","ShermanLF","2016-07-01","2016-07-01",,,,,,,,,,,,,,,,,,,,,,,,,,,,,,,,,,,,,,,"auccello@field-ops.org","thillman@neoninc.org",,
"10efaf6d-f7f2-4060-befe-b8a2bf565314","F0DC3EBA21774A65B89CFA6A62E37C3B","HARV_001.mammalGrid.mam","D01","HARV","HARV_001","A6","distributed","deciduousForest",42.422943,-72.258721,"WGS84",45.1,200.7,0.2,"5 - capture","ShermanLF","2016-07-01","2016-07-01","NEON.MAM.D01.R2469",,"PEMA","Peromyscus maniculatus","species","cf. species",,"N","M","N","released",,"adult","scrotal",,,,19,15,86,,27,"Y","N","N",,,,"HARV.20160701.R2469.F",,"fresh","HARV.20160701.R2469.E",,"HARV.20160701.R2469.H",,"hairAndWhisker",,,"auccello@field-ops.org","thillman@neoninc.org",,
"4d526d90-656b-4cb6-ae2d-7dc83c2520a3","F0DC3EBA21774A65B89CFA6A62E37C3B","HARV_001.mammalGrid.mam","D01","HARV","HARV_001","B4","distributed","deciduousForest",42.422943,-72.258721,"WGS84",45.1,200.7,0.2,"6 - trap set and empty","ShermanLF","2016-07-01","2016-07-01",,,,,,,,,,,,,,,,,,,,,,,,,,,,,,,,,,,,,,,"auccello@field-ops.org","thillman@neoninc.org",,
"5c47d060-cdf1-4295-bce2-7c8a71e4e0f1","F0DC3EBA21774A65B89CFA6A62E37C3B","HARV_001.mammalGrid.mam","D01","HARV","HARV_001","H9","distributed","deciduousForest",42.422943,-72.258721,"WGS84",45.1,200.7,0.2,"6 - trap set and empty","ShermanLF","2016-07-01","2016-07-01",,,,,,,,,,,,,,,,,,,,,,,,,,,,,,,,,,,,,,,"auccello@field-ops.org","thillman@neoninc.org",,
"39f2d929-37bf-4f46-9730-1b505b735dc1","A97D53B209B646E29DC48BE8B54265A4","HARV_010.mammalGrid.mam","D01","HARV","HARV_010","I7","distributed","mixedForest",42.424891,-72.256376,"WGS84",45.1,196.7,0.2,"6 - trap set and empty","ShermanLF","2016-07-01","2016-07-01",,,,,,,,,,,,,,,,,,,,,,,,,,,,,,,,,,,,,,,"eeimers@field-ops.org","swilson@field-ops.org",,
"3fd115ae-cdbb-47db-8725-233ca0fff941","A97D53B209B646E29DC48BE8B54265A4","HARV_010.mammalGrid.mam","D01","HARV","HARV_010","A6","distributed","mixedForest",42.424891,-72.256376,"WGS84",45.1,196.7,0.2,"5 - capture","ShermanLF","2016-07-01","2016-07-01","NEON.MAM.D01.R2594",,"PEMA","Peromyscus maniculatus","species","cf. species",,"N","M","N","released",,"adult","scrotal",,,,21,14,80,,23,"N","N","N",,,,"HARV.20160701.R2594.F",,"fresh","HARV.20160701.R2594.E",,"HARV.20160701.R2594.H",,"hairAndWhisker",,,"eeimers@field-ops.org","swilson@field-ops.org",,
"cd17c29d-c25b-4224-800e-f5105aa157ff","A97D53B209B646E29DC48BE8B54265A4","HARV_010.mammalGrid.mam","D01","HARV","HARV_010","C9","distributed","mixedForest",42.424891,-72.256376,"WGS84",45.1,196.7,0.2,"5 - capture","ShermanLF","2016-07-01","2016-07-01","NEON.MAM.D01.R2583",,"TAST","Tamias striatus","species",,,"N","M","Y","released",,"adult","scrotal",,,,33,,,,91,"N","N","N",,,,,,,"HARV.20160701.R2583.E",,,,,,,"eeimers@field-ops.org","swilson@field-ops.org",,
"fa177050-c84f-4b53-95a1-6f899fc0874a","A97D53B209B646E29DC48BE8B54265A4","HARV_010.mammalGrid.mam","D01","HARV","HARV_010","F9","distributed","mixedForest",42.424891,-72.256376,"WGS84",45.1,196.7,0.2,"3 - trap door open or closed w/ spoor left","ShermanLF","2016-07-01","2016-07-01",,,,,,,,,,,,,,,,,,,,,,,,,,,,,,,,,,,,,,,"eeimers@field-ops.org","swilson@field-ops.org",,
"27774b92-c451-4d3b-9588-8913ae7069c5","A97D53B209B646E29DC48BE8B54265A4","HARV_010.mammalGrid.mam","D01","HARV","HARV_010","G5","distributed","mixedForest",42.424891,-72.256376,"WGS84",45.1,196.7,0.2,"5 - capture","ShermanLF","2016-07-01","2016-07-01","NEON.MAM.D01.R2971",,"PEMA","Peromyscus maniculatus","species","cf. species",,"N","M","N","released",,"subadult","nonscrotal",,,,21,13,75,,17,"N","N","N",,,,"HARV.20160701.R2971.F",,"fresh","HARV.20160701.R2971.E",,"HARV.20160701.R2971.H",,"hairAndWhisker",,,"eeimers@field-ops.org","swilson@field-ops.org",,
"22260b27-fc5d-4109-a20f-2f87ef5581be","A97D53B209B646E29DC48BE8B54265A4","HARV_010.mammalGrid.mam","D01","HARV","HARV_010","F5","distributed","mixedForest",42.424891,-72.256376,"WGS84",45.1,196.7,0.2,"3 - trap door open or closed w/ spoor left","ShermanLF","2016-07-01","2016-07-01",,,,,,,,,,,,,,,,,,,,,,,,,,,,,,,,,,,,,,,"eeimers@field-ops.org","swilson@field-ops.org",,
"def6e778-8d46-47a9-8dc5-e58041ffe50f","A97D53B209B646E29DC48BE8B54265A4","HARV_010.mammalGrid.mam","D01","HARV","HARV_010","I4","distributed","mixedForest",42.424891,-72.256376,"WGS84",45.1,196.7,0.2,"3 - trap door open or closed w/ spoor left","ShermanLF","2016-07-01","2016-07-01",,,,,,,,,,,,,,,,,,,,,,,,,,,,,,,,,,,,,,,"eeimers@field-ops.org","swilson@field-ops.org",,
"2bbb541a-80ff-4f7e-976f-ad13675815b9","A97D53B209B646E29DC48BE8B54265A4","HARV_010.mammalGrid.mam","D01","HARV","HARV_010","H4","distributed","mixedForest",42.424891,-72.256376,"WGS84",45.1,196.7,0.2,"3 - trap door open or closed w/ spoor left","ShermanLF","2016-07-01","2016-07-01",,,,,,,,,,,,,,,,,,,,,,,,,,,,,,,,,,,,,,,"eeimers@field-ops.org","swilson@field-ops.org",,
"cc06b7c2-7687-4917-a76b-30a1905a14d4","A97D53B209B646E29DC48BE8B54265A4","HARV_010.mammalGrid.mam","D01","HARV","HARV_010","A2","distributed","mixedForest",42.424891,-72.256376,"WGS84",45.1,196.7,0.2,"5 - capture","ShermanLF","2016-07-01","2016-07-01","NEON.MAM.D01.L2973",,"PEMA","Peromyscus maniculatus","species","cf. species",,"N","M","N","released",,"adult","nonscrotal",,,,19,15,77,,22,"N","N","N",,,,"HARV.20160701.L2973.F",,"fresh","HARV.20160701.L2973.E",,"HARV.20160701.L2973.H",,"hairAndWhisker",,,"eeimers@field-ops.org","swilson@field-ops.org",,
"d12deaf7-477b-41dd-a5fe-f68230cca8e7","A97D53B209B646E29DC48BE8B54265A4","HARV_010.mammalGrid.mam","D01","HARV","HARV_010","I6","distributed","mixedForest",42.424891,-72.256376,"WGS84",45.1,196.7,0.2,"6 - trap set and empty","ShermanLF","2016-07-01","2016-07-01",,,,,,,,,,,,,,,,,,,,,,,,,,,,,,,,,,,,,,,"eeimers@field-ops.org","swilson@field-ops.org",,
"e2b7e7ad-e04f-48d8-b4c1-dc5382a904b1","A97D53B209B646E29DC48BE8B54265A4","HARV_010.mammalGrid.mam","D01","HARV","HARV_010","D8","distributed","mixedForest",42.424891,-72.256376,"WGS84",45.1,196.7,0.2,"3 - trap door open or closed w/ spoor left","ShermanLF","2016-07-01","2016-07-01",,,,,,,,,,,,,,,,,,,,,,,,,,,,,,,,,,,,,,,"eeimers@field-ops.org","swilson@field-ops.org",,
"61046cf3-0d55-4b20-9435-dc43d70705f0","A97D53B209B646E29DC48BE8B54265A4","HARV_010.mammalGrid.mam","D01","HARV","HARV_010","I3","distributed","mixedForest",42.424891,-72.256376,"WGS84",45.1,196.7,0.2,"6 - trap set and empty","ShermanLF","2016-07-01","2016-07-01",,,,,,,,,,,,,,,,,,,,,,,,,,,,,,,,,,,,,,,"eeimers@field-ops.org","swilson@field-ops.org",,
"5513ec1b-2116-4901-a1c7-baa59adb9eff","A97D53B209B646E29DC48BE8B54265A4","HARV_010.mammalGrid.mam","D01","HARV","HARV_010","F7","distributed","mixedForest",42.424891,-72.256376,"WGS84",45.1,196.7,0.2,"5 - capture","ShermanLF","2016-07-01","2016-07-01","NEON.MAM.D01.R2590",,"PEMA","Peromyscus maniculatus","species","cf. species",,"N","M","Y","released",,"subadult","scrotal",,,,20,15,76,,18,"N","N","N",,,,"HARV.20160701.R2590.F",,"fresh","HARV.20160701.R2590.E",,"HARV.20160701.R2590.H",,"hairAndWhisker",,,"eeimers@field-ops.org","swilson@field-ops.org",,
"2d16ecb2-4492-4d80-b04d-952e6ead60fe","A97D53B209B646E29DC48BE8B54265A4","HARV_010.mammalGrid.mam","D01","HARV","HARV_010","F10","distributed","mixedForest",42.424891,-72.256376,"WGS84",45.1,196.7,0.2,"3 - trap door open or closed w/ spoor left","ShermanLF","2016-07-01","2016-07-01",,,,,,,,,,,,,,,,,,,,,,,,,,,,,,,,,,,,,,,"eeimers@field-ops.org","swilson@field-ops.org",,
"690f0f70-e273-4245-8727-179c3a45db3f","A97D53B209B646E29DC48BE8B54265A4","HARV_010.mammalGrid.mam","D01","HARV","HARV_010","J6","distributed","mixedForest",42.424891,-72.256376,"WGS84",45.1,196.7,0.2,"5 - capture","ShermanLF","2016-07-01","2016-07-01","NEON.MAM.D01.R2966",,"PELE","Peromyscus leucopus","species","cf. species",,"N","M","N","released",,"subadult","nonscrotal",,,,21,15,79,,15,"Y","N","N",,,,"HARV.20160701.R2966.F",,"fresh","HARV.20160701.R2966.E",,"HARV.20160701.R2966.H",,"hairAndWhisker",,,"eeimers@field-ops.org","swilson@field-ops.org",,
"b39ee7f6-55b7-4d9b-b117-6eb636f46b34","A97D53B209B646E29DC48BE8B54265A4","HARV_010.mammalGrid.mam","D01","HARV","HARV_010","G6","distributed","mixedForest",42.424891,-72.256376,"WGS84",45.1,196.7,0.2,"5 - capture","ShermanLF","2016-07-01","2016-07-01","NEON.MAM.D01.R2565",,"PEMA","Peromyscus maniculatus","species","cf. species",,"N","F","Y","released",,"subadult",,"nonenlarged","not","neither",17,15,75,,15,"N","N","N",,,,"HARV.20160701.R2565.F",,"fresh","HARV.20160701.R2565.E",,"HARV.20160701.R2565.H",,"hairAndWhisker",,,"eeimers@field-ops.org","swilson@field-ops.org",,
"cc44bbf5-1080-439e-8a1b-fb36b1af3aed","A97D53B209B646E29DC48BE8B54265A4","HARV_010.mammalGrid.mam","D01","HARV","HARV_010","I1","distributed","mixedForest",42.424891,-72.256376,"WGS84",45.1,196.7,0.2,"6 - trap set and empty","ShermanLF","2016-07-01","2016-07-01",,,,,,,,,,,,,,,,,,,,,,,,,,,,,,,,,,,,,,,"eeimers@field-ops.org","swilson@field-ops.org",,
"18a7ba51-782d-4e0d-8edb-0061b2ac3b98","A97D53B209B646E29DC48BE8B54265A4","HARV_010.mammalGrid.mam","D01","HARV","HARV_010","D9","distributed","mixedForest",42.424891,-72.256376,"WGS84",45.1,196.7,0.2,"6 - trap set and empty","ShermanLF","2016-07-01","2016-07-01",,,,,,,,,,,,,,,,,,,,,,,,,,,,,,,,,,,,,,,"eeimers@field-ops.org","swilson@field-ops.org",,
"2587046e-6d98-4a66-895c-96a2dd6fe0d6","A97D53B209B646E29DC48BE8B54265A4","HARV_010.mammalGrid.mam","D01","HARV","HARV_010","H1","distributed","mixedForest",42.424891,-72.256376,"WGS84",45.1,196.7,0.2,"3 - trap door open or closed w/ spoor left","ShermanLF","2016-07-01","2016-07-01",,,,,,,,,,,,,,,,,,,,,,,,,,,,,,,,,,,,,,,"eeimers@field-ops.org","swilson@field-ops.org",,
"4f1d61e5-0778-473b-8e7f-b6e7fcc49fdd","A97D53B209B646E29DC48BE8B54265A4","HARV_010.mammalGrid.mam","D01","HARV","HARV_010","F1","distributed","mixedForest",42.424891,-72.256376,"WGS84",45.1,196.7,0.2,"5 - capture","ShermanLF","2016-07-01","2016-07-01","NEON.MAM.D01.R2302",,"PEMA","Peromyscus maniculatus","species","cf. species",,"N","F","Y","released",,"adult",,"enlarged","not","neither",20,14,86,,26,"N","N","N",,,,"HARV.20160701.R2302.F",,"fresh",,,"HARV.20160701.R2302.H",,"hairAndWhisker",,,"eeimers@field-ops.org","swilson@field-ops.org",,
"7de057b0-3928-4a95-9265-7747701bed8b","A97D53B209B646E29DC48BE8B54265A4","HARV_010.mammalGrid.mam","D01","HARV","HARV_010","A9","distributed","mixedForest",42.424891,-72.256376,"WGS84",45.1,196.7,0.2,"5 - capture","ShermanLF","2016-07-01","2016-07-01","NEON.MAM.D01.R0880",,"TAST","Tamias striatus","species",,,"N","F","Y","released",,"adult",,"enlarged","not","neither",31,,,,90,"N","N","N",,,,,,,"HARV.20160701.R0880.E",,,,,,,"eeimers@field-ops.org","swilson@field-ops.org",,
"5632b31b-f2d2-4d95-98ac-f14829103f59","A97D53B209B646E29DC48BE8B54265A4","HARV_010.mammalGrid.mam","D01","HARV","HARV_010","B5","distributed","mixedForest",42.424891,-72.256376,"WGS84",45.1,196.7,0.2,"6 - trap set and empty","ShermanLF","2016-07-01","2016-07-01",,,,,,,,,,,,,,,,,,,,,,,,,,,,,,,,,,,,,,,"eeimers@field-ops.org","swilson@field-ops.org",,
"3c64df60-3c1a-4cab-882b-060a95a9224f","A97D53B209B646E29DC48BE8B54265A4","HARV_010.mammalGrid.mam","D01","HARV","HARV_010","C7","distributed","mixedForest",42.424891,-72.256376,"WGS84",45.1,196.7,0.2,"6 - trap set and empty","ShermanLF","2016-07-01","2016-07-01",,,,,,,,,,,,,,,,,,,,,,,,,,,,,,,,,,,,,,,"eeimers@field-ops.org","swilson@field-ops.org",,
"b7bc9377-a0bd-41d4-80e8-431aba086626","A97D53B209B646E29DC48BE8B54265A4","HARV_010.mammalGrid.mam","D01","HARV","HARV_010","D3","distributed","mixedForest",42.424891,-72.256376,"WGS84",45.1,196.7,0.2,"6 - trap set and empty","ShermanLF","2016-07-01","2016-07-01",,,,,,,,,,,,,,,,,,,,,,,,,,,,,,,,,,,,,,,"eeimers@field-ops.org","swilson@field-ops.org",,
"38e5f39a-bf15-4943-a6cf-5044202265ed","A97D53B209B646E29DC48BE8B54265A4","HARV_010.mammalGrid.mam","D01","HARV","HARV_010","H7","distributed","mixedForest",42.424891,-72.256376,"WGS84",45.1,196.7,0.2,"5 - capture","ShermanLF","2016-07-01","2016-07-01","NEON.MAM.D01.L2951",,"MYGA","Myodes gapperi","species",,,"N","F","N","released",,"adult",,"enlarged","not","neither",15,,,,23,"N","Y","N",,,,"HARV.20160701.L2951.F",,"fresh","HARV.20160701.L2951.E",,,,,,,"eeimers@field-ops.org","swilson@field-ops.org",,
"06fe724a-1e41-419d-9376-a84239fa7a02","A97D53B209B646E29DC48BE8B54265A4","HARV_010.mammalGrid.mam","D01","HARV","HARV_010","C6","distributed","mixedForest",42.424891,-72.256376,"WGS84",45.1,196.7,0.2,"6 - trap set and empty","ShermanLF","2016-07-01","2016-07-01",,,,,,,,,,,,,,,,,,,,,,,,,,,,,,,,,,,,,,,"eeimers@field-ops.org","swilson@field-ops.org",,
"c399591c-9e0b-4ede-9377-fa4b77b422fd","A97D53B209B646E29DC48BE8B54265A4","HARV_010.mammalGrid.mam","D01","HARV","HARV_010","A1","distributed","mixedForest",42.424891,-72.256376,"WGS84",45.1,196.7,0.2,"6 - trap set and empty","ShermanLF","2016-07-01","2016-07-01",,,,,,,,,,,,,,,,,,,,,,,,,,,,,,,,,,,,,,,"eeimers@field-ops.org","swilson@field-ops.org",,
"27c3c404-1fa7-4f29-aa28-ad3a7ff595b5","A97D53B209B646E29DC48BE8B54265A4","HARV_010.mammalGrid.mam","D01","HARV","HARV_010","G9","distributed","mixedForest",42.424891,-72.256376,"WGS84",45.1,196.7,0.2,"6 - trap set and empty","ShermanLF","2016-07-01","2016-07-01",,,,,,,,,,,,,,,,,,,,,,,,,,,,,,,,,,,,,,,"eeimers@field-ops.org","swilson@field-ops.org",,
"511b10e4-47d8-4bb3-a9b7-d034c2623b7d","A97D53B209B646E29DC48BE8B54265A4","HARV_010.mammalGrid.mam","D01","HARV","HARV_010","C10","distributed","mixedForest",42.424891,-72.256376,"WGS84",45.1,196.7,0.2,"5 - capture","ShermanLF","2016-07-01","2016-07-01","NEON.MAM.D01.R2037",,"TAST","Tamias striatus","species",,,"N","F","Y","released",,"adult",,"nonenlarged","not","neither",32,,,,87,"N","N","N",,,,,,,"HARV.20160701.R2037.E",,,,,,,"eeimers@field-ops.org","swilson@field-ops.org",,
"aff13acb-13ae-47ea-915b-8c859e13196c","A97D53B209B646E29DC48BE8B54265A4","HARV_010.mammalGrid.mam","D01","HARV","HARV_010","J10","distributed","mixedForest",42.424891,-72.256376,"WGS84",45.1,196.7,0.2,"3 - trap door open or closed w/ spoor left","ShermanLF","2016-07-01","2016-07-01",,,,,,,,,,,,,,,,,,,,,,,,,,,,,,,,,,,,,,,"eeimers@field-ops.org","swilson@field-ops.org",,
"de4f509f-93d6-4ea8-a37d-a771458d2a07","A97D53B209B646E29DC48BE8B54265A4","HARV_010.mammalGrid.mam","D01","HARV","HARV_010","E5","distributed","mixedForest",42.424891,-72.256376,"WGS84",45.1,196.7,0.2,"5 - capture","ShermanLF","2016-07-01","2016-07-01","NEON.MAM.D01.R2308",,"PEMA","Peromyscus maniculatus","species","cf. species",,"N","M","Y","released",,"adult","nonscrotal",,,,19,14,86,,24,"N","N","N",,,,"HARV.20160701.R2308.F",,"fresh",,,"HARV.20160701.R2308.H",,"hairAndWhisker",,,"eeimers@field-ops.org","swilson@field-ops.org",,
"5db4f6ab-3716-44e6-95cc-9ec4b6ab6a88","A97D53B209B646E29DC48BE8B54265A4","HARV_010.mammalGrid.mam","D01","HARV","HARV_010","E8","distributed","mixedForest",42.424891,-72.256376,"WGS84",45.1,196.7,0.2,"5 - capture","ShermanLF","2016-07-01","2016-07-01","NEON.MAM.D01.R1418",,"PESP","Peromyscus sp.","genus","cf. species",,"N","F","Y","escaped",,"adult",,"nonenlarged","not","swollen",20,14,5,,,"N","N","N",,,,"HARV.20160701.R1418.F",,"fresh","HARV.20160701.R1418.E",,,,,,,"eeimers@field-ops.org","swilson@field-ops.org","tail is missing",
"52702f13-1490-4ec4-9963-0ece8f1d9e48","A97D53B209B646E29DC48BE8B54265A4","HARV_010.mammalGrid.mam","D01","HARV","HARV_010","G7","distributed","mixedForest",42.424891,-72.256376,"WGS84",45.1,196.7,0.2,"6 - trap set and empty","ShermanLF","2016-07-01","2016-07-01",,,,,,,,,,,,,,,,,,,,,,,,,,,,,,,,,,,,,,,"eeimers@field-ops.org","swilson@field-ops.org",,
"dae04dbb-d10e-43a0-a526-16cb0d78839c","A97D53B209B646E29DC48BE8B54265A4","HARV_010.mammalGrid.mam","D01","HARV","HARV_010","B9","distributed","mixedForest",42.424891,-72.256376,"WGS84",45.1,196.7,0.2,"3 - trap door open or closed w/ spoor left","ShermanLF","2016-07-01","2016-07-01",,,,,,,,,,,,,,,,,,,,,,,,,,,,,,,,,,,,,,,"eeimers@field-ops.org","swilson@field-ops.org",,
"5d4a2b9e-b7fa-4c3c-b833-c1f0ba19b89b","A97D53B209B646E29DC48BE8B54265A4","HARV_010.mammalGrid.mam","D01","HARV","HARV_010","C8","distributed","mixedForest",42.424891,-72.256376,"WGS84",45.1,196.7,0.2,"6 - trap set and empty","ShermanLF","2016-07-01","2016-07-01",,,,,,,,,,,,,,,,,,,,,,,,,,,,,,,,,,,,,,,"eeimers@field-ops.org","swilson@field-ops.org",,
"a39ba661-e661-4ace-a2dd-6013b177dab5","A97D53B209B646E29DC48BE8B54265A4","HARV_010.mammalGrid.mam","D01","HARV","HARV_010","H8","distributed","mixedForest",42.424891,-72.256376,"WGS84",45.1,196.7,0.2,"3 - trap door open or closed w/ spoor left","ShermanLF","2016-07-01","2016-07-01",,,,,,,,,,,,,,,,,,,,,,,,,,,,,,,,,,,,,,,"eeimers@field-ops.org","swilson@field-ops.org",,
"910c243d-19e1-46d4-a93b-9eeb225b39c8","A97D53B209B646E29DC48BE8B54265A4","HARV_010.mammalGrid.mam","D01","HARV","HARV_010","D6","distributed","mixedForest",42.424891,-72.256376,"WGS84",45.1,196.7,0.2,"6 - trap set and empty","ShermanLF","2016-07-01","2016-07-01",,,,,,,,,,,,,,,,,,,,,,,,,,,,,,,,,,,,,,,"eeimers@field-ops.org","swilson@field-ops.org",,
"dd9dac21-1a9b-464e-95e8-0c82d458b868","A97D53B209B646E29DC48BE8B54265A4","HARV_010.mammalGrid.mam","D01","HARV","HARV_010","B4","distributed","mixedForest",42.424891,-72.256376,"WGS84",45.1,196.7,0.2,"6 - trap set and empty","ShermanLF","2016-07-01","2016-07-01",,,,,,,,,,,,,,,,,,,,,,,,,,,,,,,,,,,,,,,"eeimers@field-ops.org","swilson@field-ops.org",,
"d53e2ca6-26e5-442b-9e37-1e21dbb61a47","A97D53B209B646E29DC48BE8B54265A4","HARV_010.mammalGrid.mam","D01","HARV","HARV_010","G1","distributed","mixedForest",42.424891,-72.256376,"WGS84",45.1,196.7,0.2,"6 - trap set and empty","ShermanLF","2016-07-01","2016-07-01",,,,,,,,,,,,,,,,,,,,,,,,,,,,,,,,,,,,,,,"eeimers@field-ops.org","swilson@field-ops.org",,
"3ca0bfe1-e122-4095-8ace-b219c9ed546f","A97D53B209B646E29DC48BE8B54265A4","HARV_010.mammalGrid.mam","D01","HARV","HARV_010","H3","distributed","mixedForest",42.424891,-72.256376,"WGS84",45.1,196.7,0.2,"6 - trap set and empty","ShermanLF","2016-07-01","2016-07-01",,,,,,,,,,,,,,,,,,,,,,,,,,,,,,,,,,,,,,,"eeimers@field-ops.org","swilson@field-ops.org",,
"82287225-5b67-48f3-ac3b-d67e01d02e12","A97D53B209B646E29DC48BE8B54265A4","HARV_010.mammalGrid.mam","D01","HARV","HARV_010","G4","distributed","mixedForest",42.424891,-72.256376,"WGS84",45.1,196.7,0.2,"6 - trap set and empty","ShermanLF","2016-07-01","2016-07-01",,,,,,,,,,,,,,,,,,,,,,,,,,,,,,,,,,,,,,,"eeimers@field-ops.org","swilson@field-ops.org",,
"5fcc1851-5b6c-4180-b476-6506b62dfc28","A97D53B209B646E29DC48BE8B54265A4","HARV_010.mammalGrid.mam","D01","HARV","HARV_010","E1","distributed","mixedForest",42.424891,-72.256376,"WGS84",45.1,196.7,0.2,"5 - capture","ShermanLF","2016-07-01","2016-07-01","NEON.MAM.D01.L2974",,"TAST","Tamias striatus","species",,,"N","F","N","released",,"adult",,"nonenlarged","not","neither",35,,,,83,"N","N","N",,,,"HARV.20160701.L2974.F",,"fresh","HARV.20160701.L2974.E",,,,,,,"eeimers@field-ops.org","swilson@field-ops.org",,
"249c508f-4d37-4f03-a22a-217f01e7b7a9","A97D53B209B646E29DC48BE8B54265A4","HARV_010.mammalGrid.mam","D01","HARV","HARV_010","C3","distributed","mixedForest",42.424891,-72.256376,"WGS84",45.1,196.7,0.2,"6 - trap set and empty","ShermanLF","2016-07-01","2016-07-01",,,,,,,,,,,,,,,,,,,,,,,,,,,,,,,,,,,,,,,"eeimers@field-ops.org","swilson@field-ops.org",,
"dc6d657e-faa7-46d6-83d6-66b016fb01c0","A97D53B209B646E29DC48BE8B54265A4","HARV_010.mammalGrid.mam","D01","HARV","HARV_010","I2","distributed","mixedForest",42.424891,-72.256376,"WGS84",45.1,196.7,0.2,"5 - capture","ShermanLF","2016-07-01","2016-07-01","NEON.MAM.D01.300909",,"MYGA","Myodes gapperi","species",,,"N","M","Y","released",,"adult","scrotal",,,,15,,,,28,"Y","N","N",,,,"HARV.20160701.300909.F",,"fresh","HARV.20160701.300909.E",,,,,,,"eeimers@field-ops.org","swilson@field-ops.org",,
"a6ca77a2-36d0-45de-9e3e-f1465d96e036","A97D53B209B646E29DC48BE8B54265A4","HARV_010.mammalGrid.mam","D01","HARV","HARV_010","J2","distributed","mixedForest",42.424891,-72.256376,"WGS84",45.1,196.7,0.2,"5 - capture","ShermanLF","2016-07-01","2016-07-01","NEON.MAM.D01.R2673",,"PEMA","Peromyscus maniculatus","species","cf. species",,"N","M","N","released",,"adult","nonscrotal",,,,21,15,84,,25,"N","N","N",,,,"HARV.20160701.R2673.F",,"fresh","HARV.20160701.R2673.E",,"HARV.20160701.R2673.H",,"hairAndWhisker",,,"eeimers@field-ops.org","swilson@field-ops.org",,
"c7b117ee-f2d7-4e0a-8cdf-7d95c5ff38b8","A97D53B209B646E29DC48BE8B54265A4","HARV_010.mammalGrid.mam","D01","HARV","HARV_010","H6","distributed","mixedForest",42.424891,-72.256376,"WGS84",45.1,196.7,0.2,"6 - trap set and empty","ShermanLF","2016-07-01","2016-07-01",,,,,,,,,,,,,,,,,,,,,,,,,,,,,,,,,,,,,,,"eeimers@field-ops.org","swilson@field-ops.org",,
"1cd9144a-fecf-4565-ab76-1007054e2076","A97D53B209B646E29DC48BE8B54265A4","HARV_010.mammalGrid.mam","D01","HARV","HARV_010","G10","distributed","mixedForest",42.424891,-72.256376,"WGS84",45.1,196.7,0.2,"3 - trap door open or closed w/ spoor left","ShermanLF","2016-07-01","2016-07-01",,,,,,,,,,,,,,,,,,,,,,,,,,,,,,,,,,,,,,,"eeimers@field-ops.org","swilson@field-ops.org",,
"31c1f960-c0f8-4856-ac7a-ce40af890824","A97D53B209B646E29DC48BE8B54265A4","HARV_010.mammalGrid.mam","D01","HARV","HARV_010","B1","distributed","mixedForest",42.424891,-72.256376,"WGS84",45.1,196.7,0.2,"5 - capture","ShermanLF","2016-07-01","2016-07-01","NEON.MAM.D01.R1539",,"PEMA","Peromyscus maniculatus","species","cf. species",,"N","F","Y","released",,"adult",,"enlarged","not","neither",19,15,92,,27,"N","N","N",,,,"HARV.20160701.R1539.F",,"fresh","HARV.20160701.R1539.E",,"HARV.20160701.R1539.H",,"hairAndWhisker",,,"eeimers@field-ops.org","swilson@field-ops.org",,
"0a8d3b7a-5684-4e23-98be-f25cba86a360","A97D53B209B646E29DC48BE8B54265A4","HARV_010.mammalGrid.mam","D01","HARV","HARV_010","C2","distributed","mixedForest",42.424891,-72.256376,"WGS84",45.1,196.7,0.2,"6 - trap set and empty","ShermanLF","2016-07-01","2016-07-01",,,,,,,,,,,,,,,,,,,,,,,,,,,,,,,,,,,,,,,"eeimers@field-ops.org","swilson@field-ops.org",,
"a4d9d582-2a60-4081-bddd-7fcce1b360fc","A97D53B209B646E29DC48BE8B54265A4","HARV_010.mammalGrid.mam","D01","HARV","HARV_010","B8","distributed","mixedForest",42.424891,-72.256376,"WGS84",45.1,196.7,0.2,"5 - capture","ShermanLF","2016-07-01","2016-07-01","NEON.MAM.D01.R1495",,"PEMA","Peromyscus maniculatus","species","cf. species",,"N","M","Y","released",,"adult","nonscrotal",,,,19,15,83,,23,"Y","N","N",,,,"HARV.20160701.R1495.F",,"fresh","HARV.20160701.R1495.E",,"HARV.20160701.R1495.H",,"hairAndWhisker",,,"eeimers@field-ops.org","swilson@field-ops.org",,
"5cb48d8b-7425-4c0c-a63a-e402d4dbb516","A97D53B209B646E29DC48BE8B54265A4","HARV_010.mammalGrid.mam","D01","HARV","HARV_010","E10","distributed","mixedForest",42.424891,-72.256376,"WGS84",45.1,196.7,0.2,"6 - trap set and empty","ShermanLF","2016-07-01","2016-07-01",,,,,,,,,,,,,,,,,,,,,,,,,,,,,,,,,,,,,,,"eeimers@field-ops.org","swilson@field-ops.org",,
"e95198cf-4dae-493f-8f95-b113b9c4203c","A97D53B209B646E29DC48BE8B54265A4","HARV_010.mammalGrid.mam","D01","HARV","HARV_010","F6","distributed","mixedForest",42.424891,-72.256376,"WGS84",45.1,196.7,0.2,"3 - trap door open or closed w/ spoor left","ShermanLF","2016-07-01","2016-07-01",,,,,,,,,,,,,,,,,,,,,,,,,,,,,,,,,,,,,,,"eeimers@field-ops.org","swilson@field-ops.org",,
"75ce17ad-556c-40ff-a6a0-3f2fb03f6686","A97D53B209B646E29DC48BE8B54265A4","HARV_010.mammalGrid.mam","D01","HARV","HARV_010","F8","distributed","mixedForest",42.424891,-72.256376,"WGS84",45.1,196.7,0.2,"6 - trap set and empty","ShermanLF","2016-07-01","2016-07-01",,,,,,,,,,,,,,,,,,,,,,,,,,,,,,,,,,,,,,,"eeimers@field-ops.org","swilson@field-ops.org",,
"8c88de87-3cf0-4c0e-b58c-82b69affcd16","A97D53B209B646E29DC48BE8B54265A4","HARV_010.mammalGrid.mam","D01","HARV","HARV_010","J4","distributed","mixedForest",42.424891,-72.256376,"WGS84",45.1,196.7,0.2,"3 - trap door open or closed w/ spoor left","ShermanLF","2016-07-01","2016-07-01",,,,,,,,,,,,,,,,,,,,,,,,,,,,,,,,,,,,,,,"eeimers@field-ops.org","swilson@field-ops.org",,
"f3bb8928-10ff-40fa-a6df-eebe3bc9a369","A97D53B209B646E29DC48BE8B54265A4","HARV_010.mammalGrid.mam","D01","HARV","HARV_010","J9","distributed","mixedForest",42.424891,-72.256376,"WGS84",45.1,196.7,0.2,"3 - trap door open or closed w/ spoor left","ShermanLF","2016-07-01","2016-07-01",,,,,,,,,,,,,,,,,,,,,,,,,,,,,,,,,,,,,,,"eeimers@field-ops.org","swilson@field-ops.org",,
"60e25486-6cb9-4796-9573-aa4fc76ec144","A97D53B209B646E29DC48BE8B54265A4","HARV_010.mammalGrid.mam","D01","HARV","HARV_010","C1","distributed","mixedForest",42.424891,-72.256376,"WGS84",45.1,196.7,0.2,"6 - trap set and empty","ShermanLF","2016-07-01","2016-07-01",,,,,,,,,,,,,,,,,,,,,,,,,,,,,,,,,,,,,,,"eeimers@field-ops.org","swilson@field-ops.org",,
"d771b99c-6bc0-4eeb-b595-20c2f4846a96","A97D53B209B646E29DC48BE8B54265A4","HARV_010.mammalGrid.mam","D01","HARV","HARV_010","G3","distributed","mixedForest",42.424891,-72.256376,"WGS84",45.1,196.7,0.2,"6 - trap set and empty","ShermanLF","2016-07-01","2016-07-01",,,,,,,,,,,,,,,,,,,,,,,,,,,,,,,,,,,,,,,"eeimers@field-ops.org","swilson@field-ops.org",,
"907a8361-828d-444a-8d81-4c60b6619779","A97D53B209B646E29DC48BE8B54265A4","HARV_010.mammalGrid.mam","D01","HARV","HARV_010","D2","distributed","mixedForest",42.424891,-72.256376,"WGS84",45.1,196.7,0.2,"2 - trap disturbed/door closed but empty","ShermanLF","2016-07-01","2016-07-01",,,,,,,,,,,,,,,,,,,,,,,,,,,,,,,,,,,,,,,"eeimers@field-ops.org","swilson@field-ops.org",,
"3b704f3b-bf27-4245-86bc-fed0117a1973","A97D53B209B646E29DC48BE8B54265A4","HARV_010.mammalGrid.mam","D01","HARV","HARV_010","I10","distributed","mixedForest",42.424891,-72.256376,"WGS84",45.1,196.7,0.2,"3 - trap door open or closed w/ spoor left","ShermanLF","2016-07-01","2016-07-01",,,,,,,,,,,,,,,,,,,,,,,,,,,,,,,,,,,,,,,"eeimers@field-ops.org","swilson@field-ops.org",,
"c4e404a3-abaa-4061-b6cc-181f8967664c","A97D53B209B646E29DC48BE8B54265A4","HARV_010.mammalGrid.mam","D01","HARV","HARV_010","B10","distributed","mixedForest",42.424891,-72.256376,"WGS84",45.1,196.7,0.2,"3 - trap door open or closed w/ spoor left","ShermanLF","2016-07-01","2016-07-01",,,,,,,,,,,,,,,,,,,,,,,,,,,,,,,,,,,,,,,"eeimers@field-ops.org","swilson@field-ops.org",,
"d685c38c-3e34-4a48-bd08-db0c12204e61","A97D53B209B646E29DC48BE8B54265A4","HARV_010.mammalGrid.mam","D01","HARV","HARV_010","E3","distributed","mixedForest",42.424891,-72.256376,"WGS84",45.1,196.7,0.2,"6 - trap set and empty","ShermanLF","2016-07-01","2016-07-01",,,,,,,,,,,,,,,,,,,,,,,,,,,,,,,,,,,,,,,"eeimers@field-ops.org","swilson@field-ops.org",,
"e3e98a1c-3ec2-407f-901f-7ff93ade0287","A97D53B209B646E29DC48BE8B54265A4","HARV_010.mammalGrid.mam","D01","HARV","HARV_010","J3","distributed","mixedForest",42.424891,-72.256376,"WGS84",45.1,196.7,0.2,"5 - capture","ShermanLF","2016-07-01","2016-07-01","NEON.MAM.D01.R2589",,"PEMA","Peromyscus maniculatus","species","cf. species",,"N","M","Y","released",,"adult","nonscrotal",,,,21,14,87,,23,"N","N","N",,,,"HARV.20160701.R2589.F",,"fresh","HARV.20160701.R2589.E",,"HARV.20160701.R2589.H",,"hairAndWhisker",,,"eeimers@field-ops.org","swilson@field-ops.org",,
"d1c38076-7ec9-49a6-9884-b2b64cbac6ba","A97D53B209B646E29DC48BE8B54265A4","HARV_010.mammalGrid.mam","D01","HARV","HARV_010","D1","distributed","mixedForest",42.424891,-72.256376,"WGS84",45.1,196.7,0.2,"5 - capture","ShermanLF","2016-07-01","2016-07-01","NEON.MAM.D01.L2257",,"MYGA","Myodes gapperi","species",,,"N","M","N","released","RIGHT","adult","scrotal",,,,20,,,,27,"N","Y","N",,,,,,,"HARV.20160701.L2257.E",,,,,,,"eeimers@field-ops.org","swilson@field-ops.org",,
"e31a6ad7-a0ef-4a6b-8ac7-cb507f19f6fd","A97D53B209B646E29DC48BE8B54265A4","HARV_010.mammalGrid.mam","D01","HARV","HARV_010","E9","distributed","mixedForest",42.424891,-72.256376,"WGS84",45.1,196.7,0.2,"6 - trap set and empty","ShermanLF","2016-07-01","2016-07-01",,,,,,,,,,,,,,,,,,,,,,,,,,,,,,,,,,,,,,,"eeimers@field-ops.org","swilson@field-ops.org",,
"58f5cb60-4008-48f3-b40b-7b374e0cab1c","A97D53B209B646E29DC48BE8B54265A4","HARV_010.mammalGrid.mam","D01","HARV","HARV_010","A5","distributed","mixedForest",42.424891,-72.256376,"WGS84",45.1,196.7,0.2,"5 - capture","ShermanLF","2016-07-01","2016-07-01","NEON.MAM.D01.R2964",,"TAST","Tamias striatus","species",,,"N","F","N","escaped",,"adult",,"nonenlarged","not","neither",32,,,,92,"N","N","N",,,,,,,"HARV.20160701.R2964.E",,,,,,,"eeimers@field-ops.org","swilson@field-ops.org",,
"aa17bdc5-93fa-43b1-8f3c-cfa500a80ce7","A97D53B209B646E29DC48BE8B54265A4","HARV_010.mammalGrid.mam","D01","HARV","HARV_010","J7","distributed","mixedForest",42.424891,-72.256376,"WGS84",45.1,196.7,0.2,"3 - trap door open or closed w/ spoor left","ShermanLF","2016-07-01","2016-07-01",,,,,,,,,,,,,,,,,,,,,,,,,,,,,,,,,,,,,,,"eeimers@field-ops.org","swilson@field-ops.org",,
"7509a7c8-ee02-4081-9ebe-f90231a19e43","A97D53B209B646E29DC48BE8B54265A4","HARV_010.mammalGrid.mam","D01","HARV","HARV_010","I9","distributed","mixedForest",42.424891,-72.256376,"WGS84",45.1,196.7,0.2,"5 - capture","ShermanLF","2016-07-01","2016-07-01","NEON.MAM.D01.R2574",,"PEMA","Peromyscus maniculatus","species","cf. species",,"N","M","Y","released",,"adult","nonscrotal",,,,20,15,84,,23,"N","N","N",,,,"HARV.20160701.R2574.F",,"fresh","HARV.20160701.R2574.E",,"HARV.20160701.R2574.H",,"hairAndWhisker",,,"eeimers@field-ops.org","swilson@field-ops.org",,
"8f2e7f78-9415-4241-b00c-68f9babfe48a","A97D53B209B646E29DC48BE8B54265A4","HARV_010.mammalGrid.mam","D01","HARV","HARV_010","D7","distributed","mixedForest",42.424891,-72.256376,"WGS84",45.1,196.7,0.2,"6 - trap set and empty","ShermanLF","2016-07-01","2016-07-01",,,,,,,,,,,,,,,,,,,,,,,,,,,,,,,,,,,,,,,"eeimers@field-ops.org","swilson@field-ops.org",,
"7723b053-e1a8-4fc6-a946-7167def94b94","A97D53B209B646E29DC48BE8B54265A4","HARV_010.mammalGrid.mam","D01","HARV","HARV_010","E4","distributed","mixedForest",42.424891,-72.256376,"WGS84",45.1,196.7,0.2,"3 - trap door open or closed w/ spoor left","ShermanLF","2016-07-01","2016-07-01",,,,,,,,,,,,,,,,,,,,,,,,,,,,,,,,,,,,,,,"eeimers@field-ops.org","swilson@field-ops.org",,
"d74f7e4f-f6ad-42b8-9c6d-ab2137b1ee65","A97D53B209B646E29DC48BE8B54265A4","HARV_010.mammalGrid.mam","D01","HARV","HARV_010","B3","distributed","mixedForest",42.424891,-72.256376,"WGS84",45.1,196.7,0.2,"5 - capture","ShermanLF","2016-07-01","2016-07-01","NEON.MAM.D01.L2963",,"PEMA","Peromyscus maniculatus","species","cf. species",,"N","F","N","released",,"subadult",,"nonenlarged","not","neither",20,14,81,,17,"N","N","N",,,,"HARV.20160701.L2963.F",,"fresh","HARV.20160701.L2963.E",,"HARV.20160701.L2963.H",,"hairAndWhisker",,,"eeimers@field-ops.org","swilson@field-ops.org","took two ear punches",
"51b28c54-8b6f-4f84-b44c-e8efc5ad0c2d","A97D53B209B646E29DC48BE8B54265A4","HARV_010.mammalGrid.mam","D01","HARV","HARV_010","B6","distributed","mixedForest",42.424891,-72.256376,"WGS84",45.1,196.7,0.2,"6 - trap set and empty","ShermanLF","2016-07-01","2016-07-01",,,,,,,,,,,,,,,,,,,,,,,,,,,,,,,,,,,,,,,"eeimers@field-ops.org","swilson@field-ops.org",,
"f0c5485b-aae3-469f-9dac-053eab9f2903","A97D53B209B646E29DC48BE8B54265A4","HARV_010.mammalGrid.mam","D01","HARV","HARV_010","A3","distributed","mixedForest",42.424891,-72.256376,"WGS84",45.1,196.7,0.2,"3 - trap door open or closed w/ spoor left","ShermanLF","2016-07-01","2016-07-01",,,,,,,,,,,,,,,,,,,,,,,,,,,,,,,,,,,,,,,"eeimers@field-ops.org","swilson@field-ops.org",,
"952fef22-cb5d-4d19-bf8c-78f4ea82ce53","A97D53B209B646E29DC48BE8B54265A4","HARV_010.mammalGrid.mam","D01","HARV","HARV_010","A8","distributed","mixedForest",42.424891,-72.256376,"WGS84",45.1,196.7,0.2,"5 - capture","ShermanLF","2016-07-01","2016-07-01","NEON.MAM.D01.R2581",,"PEMA","Peromyscus maniculatus","species","cf. species",,"N","F","Y","released",,"adult",,"nonenlarged","not","swollen",21,15,90,,25,"N","N","N",,,,"HARV.20160701.R2581.F",,"fresh","HARV.20160701.R2581.E",,"HARV.20160701.R2581.H",,"hairAndWhisker",,,"eeimers@field-ops.org","swilson@field-ops.org",,
"bd349291-15dc-4b7a-983f-0220d94062fe","A97D53B209B646E29DC48BE8B54265A4","HARV_010.mammalGrid.mam","D01","HARV","HARV_010","A10","distributed","mixedForest",42.424891,-72.256376,"WGS84",45.1,196.7,0.2,"6 - trap set and empty","ShermanLF","2016-07-01","2016-07-01",,,,,,,,,,,,,,,,,,,,,,,,,,,,,,,,,,,,,,,"eeimers@field-ops.org","swilson@field-ops.org",,
"475c4041-785b-4cb2-80ae-51e4f1773d21","A97D53B209B646E29DC48BE8B54265A4","HARV_010.mammalGrid.mam","D01","HARV","HARV_010","F2","distributed","mixedForest",42.424891,-72.256376,"WGS84",45.1,196.7,0.2,"5 - capture","ShermanLF","2016-07-01","2016-07-01","NEON.MAM.D01.L2311",,"PELE","Peromyscus leucopus","species","cf. species",,"N","F","Y","released",,"adult",,"nonenlarged","not","neither",19,14,90,,27,"N","N","N",,,,"HARV.20160701.L2311.F",,"fresh","HARV.20160701.L2311.E",,"HARV.20160701.L2311.H",,"hairAndWhisker",,,"eeimers@field-ops.org","swilson@field-ops.org",,
"a4f07d62-170e-41d0-912c-3cd45692e77b","A97D53B209B646E29DC48BE8B54265A4","HARV_010.mammalGrid.mam","D01","HARV","HARV_010","J5","distributed","mixedForest",42.424891,-72.256376,"WGS84",45.1,196.7,0.2,"6 - trap set and empty","ShermanLF","2016-07-01","2016-07-01",,,,,,,,,,,,,,,,,,,,,,,,,,,,,,,,,,,,,,,"eeimers@field-ops.org","swilson@field-ops.org",,
"ec6bd352-df05-4c64-aec6-562fc6b884dd","A97D53B209B646E29DC48BE8B54265A4","HARV_010.mammalGrid.mam","D01","HARV","HARV_010","H10","distributed","mixedForest",42.424891,-72.256376,"WGS84",45.1,196.7,0.2,"6 - trap set and empty","ShermanLF","2016-07-01","2016-07-01",,,,,,,,,,,,,,,,,,,,,,,,,,,,,,,,,,,,,,,"eeimers@field-ops.org","swilson@field-ops.org",,
"3f8566e4-688f-4586-9048-a0d2a63248af","A97D53B209B646E29DC48BE8B54265A4","HARV_010.mammalGrid.mam","D01","HARV","HARV_010","H5","distributed","mixedForest",42.424891,-72.256376,"WGS84",45.1,196.7,0.2,"6 - trap set and empty","ShermanLF","2016-07-01","2016-07-01",,,,,,,,,,,,,,,,,,,,,,,,,,,,,,,,,,,,,,,"eeimers@field-ops.org","swilson@field-ops.org",,
"5108efe4-218c-42df-9c55-c678412ff52b","A97D53B209B646E29DC48BE8B54265A4","HARV_010.mammalGrid.mam","D01","HARV","HARV_010","E6","distributed","mixedForest",42.424891,-72.256376,"WGS84",45.1,196.7,0.2,"6 - trap set and empty","ShermanLF","2016-07-01","2016-07-01",,,,,,,,,,,,,,,,,,,,,,,,,,,,,,,,,,,,,,,"eeimers@field-ops.org","swilson@field-ops.org",,
"0d87a5ad-1b58-48e5-b412-d9a71d1723c6","A97D53B209B646E29DC48BE8B54265A4","HARV_010.mammalGrid.mam","D01","HARV","HARV_010","J1","distributed","mixedForest",42.424891,-72.256376,"WGS84",45.1,196.7,0.2,"6 - trap set and empty","ShermanLF","2016-07-01","2016-07-01",,,,,,,,,,,,,,,,,,,,,,,,,,,,,,,,,,,,,,,"eeimers@field-ops.org","swilson@field-ops.org",,
"372f7c05-f211-4ca1-afa1-ab77036c88c0","A97D53B209B646E29DC48BE8B54265A4","HARV_010.mammalGrid.mam","D01","HARV","HARV_010","H2","distributed","mixedForest",42.424891,-72.256376,"WGS84",45.1,196.7,0.2,"6 - trap set and empty","ShermanLF","2016-07-01","2016-07-01",,,,,,,,,,,,,,,,,,,,,,,,,,,,,,,,,,,,,,,"eeimers@field-ops.org","swilson@field-ops.org",,
"b3e97364-727c-4f90-a073-18126f0d270f","A97D53B209B646E29DC48BE8B54265A4","HARV_010.mammalGrid.mam","D01","HARV","HARV_010","J8","distributed","mixedForest",42.424891,-72.256376,"WGS84",45.1,196.7,0.2,"6 - trap set and empty","ShermanLF","2016-07-01","2016-07-01",,,,,,,,,,,,,,,,,,,,,,,,,,,,,,,,,,,,,,,"eeimers@field-ops.org","swilson@field-ops.org",,
"a5a183ac-4e43-4ceb-9f4a-cbf8f6a20dee","A97D53B209B646E29DC48BE8B54265A4","HARV_010.mammalGrid.mam","D01","HARV","HARV_010","D4","distributed","mixedForest",42.424891,-72.256376,"WGS84",45.1,196.7,0.2,"5 - capture","ShermanLF","2016-07-01","2016-07-01","NEON.MAM.D01.R2573",,"TAST","Tamias striatus","species",,,"N","F","Y","released",,"adult",,"nonenlarged","not","neither",30,,,,82,"N","N","N",,,,"HARV.20160701.R2573.F",,"fresh","HARV.20160701.R2573.E",,,,,,,"eeimers@field-ops.org","swilson@field-ops.org",,
"39f892a1-0823-464b-9dd5-736cf22da391","A97D53B209B646E29DC48BE8B54265A4","HARV_010.mammalGrid.mam","D01","HARV","HARV_010","C4","distributed","mixedForest",42.424891,-72.256376,"WGS84",45.1,196.7,0.2,"6 - trap set and empty","ShermanLF","2016-07-01","2016-07-01",,,,,,,,,,,,,,,,,,,,,,,,,,,,,,,,,,,,,,,"eeimers@field-ops.org","swilson@field-ops.org",,
"967bb5ae-8b76-4aa6-bea0-b2a0e076031a","A97D53B209B646E29DC48BE8B54265A4","HARV_010.mammalGrid.mam","D01","HARV","HARV_010","A4","distributed","mixedForest",42.424891,-72.256376,"WGS84",45.1,196.7,0.2,"5 - capture","ShermanLF","2016-07-01","2016-07-01","NEON.MAM.D01.R1449",,"PEMA","Peromyscus maniculatus","species","cf. species",,"N","M","Y","released",,"adult","nonscrotal",,,,22,16,85,,24,"Y","N","N",,,,"HARV.20160701.R1449.F",,"fresh","HARV.20160701.R1449.E",,"HARV.20160701.R1449.H",,"hairAndWhisker",,,"eeimers@field-ops.org","swilson@field-ops.org",,
"72994cb7-e50b-4291-bee0-472aee549bd0","A97D53B209B646E29DC48BE8B54265A4","HARV_010.mammalGrid.mam","D01","HARV","HARV_010","B2","distributed","mixedForest",42.424891,-72.256376,"WGS84",45.1,196.7,0.2,"5 - capture","ShermanLF","2016-07-01","2016-07-01","NEON.MAM.D01.R1444",,"PEMA","Peromyscus maniculatus","species","cf. species",,"N","M","Y","released",,"adult","scrotal",,,,22,15,89,,28,"N","N","N",,,,"HARV.20160701.R1444.F",,"fresh",,,"HARV.20160701.R1444.H",,"hairAndWhisker",,,"eeimers@field-ops.org","swilson@field-ops.org",,
"b6faf450-93f5-456a-97f4-ff199250dfd3","A97D53B209B646E29DC48BE8B54265A4","HARV_010.mammalGrid.mam","D01","HARV","HARV_010","G8","distributed","mixedForest",42.424891,-72.256376,"WGS84",45.1,196.7,0.2,"3 - trap door open or closed w/ spoor left","ShermanLF","2016-07-01","2016-07-01",,,,,,,,,,,,,,,,,,,,,,,,,,,,,,,,,,,,,,,"eeimers@field-ops.org","swilson@field-ops.org",,
"17da5109-5754-4904-bb30-8eebe160fc2e","A97D53B209B646E29DC48BE8B54265A4","HARV_010.mammalGrid.mam","D01","HARV","HARV_010","E2","distributed","mixedForest",42.424891,-72.256376,"WGS84",45.1,196.7,0.2,"6 - trap set and empty","ShermanLF","2016-07-01","2016-07-01",,,,,,,,,,,,,,,,,,,,,,,,,,,,,,,,,,,,,,,"eeimers@field-ops.org","swilson@field-ops.org",,
"bdc72504-f91a-4cb3-8513-9a9b538d688a","A97D53B209B646E29DC48BE8B54265A4","HARV_010.mammalGrid.mam","D01","HARV","HARV_010","E7","distributed","mixedForest",42.424891,-72.256376,"WGS84",45.1,196.7,0.2,"5 - capture","ShermanLF","2016-07-01","2016-07-01","NEON.MAM.D01.L2959",,"PEMA","Peromyscus maniculatus","species","cf. species",,"N","F","N","released",,"adult",,"nonenlarged","not","neither",21,16,90,,23,"N","N","N",,,,"HARV.20160701.L2959.F",,"fresh",,,"HARV.20160701.L2959.H",,"hairAndWhisker",,,"eeimers@field-ops.org","swilson@field-ops.org",,
"2e600fec-6081-4a98-8a59-3ba413826c8c","A97D53B209B646E29DC48BE8B54265A4","HARV_010.mammalGrid.mam","D01","HARV","HARV_010","A7","distributed","mixedForest",42.424891,-72.256376,"WGS84",45.1,196.7,0.2,"3 - trap door open or closed w/ spoor left","ShermanLF","2016-07-01","2016-07-01",,,,,,,,,,,,,,,,,,,,,,,,,,,,,,,,,,,,,,,"eeimers@field-ops.org","swilson@field-ops.org",,
"53acb3e5-761c-48ae-850b-1655d418f10d","A97D53B209B646E29DC48BE8B54265A4","HARV_010.mammalGrid.mam","D01","HARV","HARV_010","D5","distributed","mixedForest",42.424891,-72.256376,"WGS84",45.1,196.7,0.2,"5 - capture","ShermanLF","2016-07-01","2016-07-01","NEON.MAM.D01.R1493",,"PEMA","Peromyscus maniculatus","species","cf. species",,"N","M","Y","released",,"adult","scrotal",,,,21,16,90,,26,"N","N","N",,,,"HARV.20160701.R1493.F",,"fresh",,,"HARV.20160701.R1493.H",,"hairAndWhisker",,,"eeimers@field-ops.org","swilson@field-ops.org",,
"7e9bab67-6926-4b60-9cae-96df3f48b2aa","A97D53B209B646E29DC48BE8B54265A4","HARV_010.mammalGrid.mam","D01","HARV","HARV_010","B7","distributed","mixedForest",42.424891,-72.256376,"WGS84",45.1,196.7,0.2,"6 - trap set and empty","ShermanLF","2016-07-01","2016-07-01",,,,,,,,,,,,,,,,,,,,,,,,,,,,,,,,,,,,,,,"eeimers@field-ops.org","swilson@field-ops.org",,
"42fff8e3-b553-46c0-bc23-b0a502fd1cac","A97D53B209B646E29DC48BE8B54265A4","HARV_010.mammalGrid.mam","D01","HARV","HARV_010","F3","distributed","mixedForest",42.424891,-72.256376,"WGS84",45.1,196.7,0.2,"6 - trap set and empty","ShermanLF","2016-07-01","2016-07-01",,,,,,,,,,,,,,,,,,,,,,,,,,,,,,,,,,,,,,,"eeimers@field-ops.org","swilson@field-ops.org",,
"cba68c14-7a8c-455b-97b6-b2573aa15b2a","A97D53B209B646E29DC48BE8B54265A4","HARV_010.mammalGrid.mam","D01","HARV","HARV_010","D10","distributed","mixedForest",42.424891,-72.256376,"WGS84",45.1,196.7,0.2,"5 - capture","ShermanLF","2016-07-01","2016-07-01","NEON.MAM.D01.R1443",,"PEMA","Peromyscus maniculatus","species","cf. species",,"N","M","Y","released",,"adult","nonscrotal",,,,22,15,80,,29,"N","N","N",,,,"HARV.20160701.R1443.F",,"fresh",,,"HARV.20160701.R1443.H",,"hairAndWhisker",,,"eeimers@field-ops.org","swilson@field-ops.org",,
"bb771357-670b-4206-a7e5-9be7560dfadc","A97D53B209B646E29DC48BE8B54265A4","HARV_010.mammalGrid.mam","D01","HARV","HARV_010","H9","distributed","mixedForest",42.424891,-72.256376,"WGS84",45.1,196.7,0.2,"3 - trap door open or closed w/ spoor left","ShermanLF","2016-07-01","2016-07-01",,,,,,,,,,,,,,,,,,,,,,,,,,,,,,,,,,,,,,,"eeimers@field-ops.org","swilson@field-ops.org",,
"62c67115-95a8-4d86-ade2-6a63a283b741","A97D53B209B646E29DC48BE8B54265A4","HARV_010.mammalGrid.mam","D01","HARV","HARV_010","I5","distributed","mixedForest",42.424891,-72.256376,"WGS84",45.1,196.7,0.2,"6 - trap set and empty","ShermanLF","2016-07-01","2016-07-01",,,,,,,,,,,,,,,,,,,,,,,,,,,,,,,,,,,,,,,"eeimers@field-ops.org","swilson@field-ops.org",,
"76144e45-4e9b-46d9-9a59-9e024861dbbf","A97D53B209B646E29DC48BE8B54265A4","HARV_010.mammalGrid.mam","D01","HARV","HARV_010","C5","distributed","mixedForest",42.424891,-72.256376,"WGS84",45.1,196.7,0.2,"6 - trap set and empty","ShermanLF","2016-07-01","2016-07-01",,,,,,,,,,,,,,,,,,,,,,,,,,,,,,,,,,,,,,,"eeimers@field-ops.org","swilson@field-ops.org",,
"bc1d3143-9622-4a93-ab93-885510073547","A97D53B209B646E29DC48BE8B54265A4","HARV_010.mammalGrid.mam","D01","HARV","HARV_010","F4","distributed","mixedForest",42.424891,-72.256376,"WGS84",45.1,196.7,0.2,"5 - capture","ShermanLF","2016-07-01","2016-07-01","NEON.MAM.D01.R2030",,"PELE","Peromyscus leucopus","species","cf. species",,"N","F","Y","escaped",,"adult",,"nonenlarged","not","neither",20,13,84,,25,"N","N","N",,,,"HARV.20160701.R2030.F",,"fresh","HARV.20160701.R2030.E",,"HARV.20160701.R2030.H",,"hairAndWhisker",,,"eeimers@field-ops.org","swilson@field-ops.org",,
"8ad8122e-1d96-41ca-810e-3ec7cab88e3c","A97D53B209B646E29DC48BE8B54265A4","HARV_010.mammalGrid.mam","D01","HARV","HARV_010","I8","distributed","mixedForest",42.424891,-72.256376,"WGS84",45.1,196.7,0.2,"6 - trap set and empty","ShermanLF","2016-07-01","2016-07-01",,,,,,,,,,,,,,,,,,,,,,,,,,,,,,,,,,,,,,,"eeimers@field-ops.org","swilson@field-ops.org",,
"0c6bf39c-8a5d-4ec7-a1aa-2fcf46ba0a65","A97D53B209B646E29DC48BE8B54265A4","HARV_010.mammalGrid.mam","D01","HARV","HARV_010","G2","distributed","mixedForest",42.424891,-72.256376,"WGS84",45.1,196.7,0.2,"6 - trap set and empty","ShermanLF","2016-07-01","2016-07-01",,,,,,,,,,,,,,,,,,,,,,,,,,,,,,,,,,,,,,,"eeimers@field-ops.org","swilson@field-ops.org",,
"0176f3e8-e715-47f8-8a6c-0a1af5e02c5b","F0DC3EBA21774A65B89CFA6A62E37C3B","HARV_001.mammalGrid.mam","D01","HARV","HARV_001","F2","distributed","deciduousForest",42.422943,-72.258721,"WGS84",45.1,200.7,0.2,"6 - trap set and empty","ShermanLF","2016-07-01","2016-07-01",,,,,,,,,,,,,,,,,,,,,,,,,,,,,,,,,,,,,,,"auccello@field-ops.org","thillman@neoninc.org",,
"ef7f7456-2a3b-4a93-a7dd-288ad1f41e03","F0DC3EBA21774A65B89CFA6A62E37C3B","HARV_001.mammalGrid.mam","D01","HARV","HARV_001","G5","distributed","deciduousForest",42.422943,-72.258721,"WGS84",45.1,200.7,0.2,"5 - capture","ShermanLF","2016-07-01","2016-07-01","NEON.MAM.D01.R2677",,"PELE","Peromyscus leucopus","species","cf. species",,"N","F","N","released",,"subadult",,"nonenlarged","not","neither",20,15,72,,15,"N","N","N",,,,"HARV.20160701.R2677.F",,"fresh","HARV.20160701.R2677.E",,"HARV.20160701.R2677.H",,"hairAndWhisker",,,"auccello@field-ops.org","thillman@neoninc.org",,
"f83298d1-4c9e-434d-a421-6c71e6ce4e2b","F0DC3EBA21774A65B89CFA6A62E37C3B","HARV_001.mammalGrid.mam","D01","HARV","HARV_001","C8","distributed","deciduousForest",42.422943,-72.258721,"WGS84",45.1,200.7,0.2,"6 - trap set and empty","ShermanLF","2016-07-01","2016-07-01",,,,,,,,,,,,,,,,,,,,,,,,,,,,,,,,,,,,,,,"auccello@field-ops.org","thillman@neoninc.org",,
"757c8666-baf8-4185-9fd2-3fca6fdcc19b","F0DC3EBA21774A65B89CFA6A62E37C3B","HARV_001.mammalGrid.mam","D01","HARV","HARV_001","E6","distributed","deciduousForest",42.422943,-72.258721,"WGS84",45.1,200.7,0.2,"6 - trap set and empty","ShermanLF","2016-07-01","2016-07-01",,,,,,,,,,,,,,,,,,,,,,,,,,,,,,,,,,,,,,,"auccello@field-ops.org","thillman@neoninc.org",,
"089cb1a5-cbea-4df7-a7cf-3d42aafdef87","F0DC3EBA21774A65B89CFA6A62E37C3B","HARV_001.mammalGrid.mam","D01","HARV","HARV_001","J3","distributed","deciduousForest",42.422943,-72.258721,"WGS84",45.1,200.7,0.2,"6 - trap set and empty","ShermanLF","2016-07-01","2016-07-01",,,,,,,,,,,,,,,,,,,,,,,,,,,,,,,,,,,,,,,"auccello@field-ops.org","thillman@neoninc.org",,
"a4196b9b-a48e-4f6e-a857-1f9b8aaf0ca0","F0DC3EBA21774A65B89CFA6A62E37C3B","HARV_001.mammalGrid.mam","D01","HARV","HARV_001","D9","distributed","deciduousForest",42.422943,-72.258721,"WGS84",45.1,200.7,0.2,"5 - capture","ShermanLF","2016-07-01","2016-07-01","NEON.MAM.D01.R2349",,"PELE","Peromyscus leucopus","species","cf. species",,"N","F","Y","released",,"adult",,"enlarged","not","neither",19,15,78,,21,"N","N","N",,,,"HARV.20160701.R2349.F",,"fresh","HARV.20160701.R2349.E",,"HARV.20160701.R2349.H",,"hairAndWhisker",,,"auccello@field-ops.org","thillman@neoninc.org",,
