uid,nightuid,namedLocation,domainID,siteID,plotID,collectDate,endDate,samplingProtocolVersion,remarks,dataQF
"c61ead52-295f-4743-a5d2-2a6a4fe805d3","962C1D9C4FB74A00BF7BA6FD6A038F28","BART_015.mammalGrid.mam","D01","BART","BART_015","2016-05-12","2016-05-12","NEON.DOC.000481vG",,
"08806166-e649-4aee-b06c-06a810ff9a3e","197E8273B6E041DB8C6B830768025085","BART_012.mammalGrid.mam","D01","BART","BART_012","2016-05-12","2016-05-12","NEON.DOC.000481vG",,
"6d5589e1-bf86-44a0-acdc-390eabc62f6b","538C64697A274492A77CFFBC3722316B","BART_062.mammalGrid.mam","D01","BART","BART_062","2016-05-12","2016-05-12","NEON.DOC.000481vG",,
"263b2595-2e62-471f-a721-2e9efbb42938","DB5F719BC15B48778F12E94805B2E689","BART_062.mammalGrid.mam","D01","BART","BART_062","2016-05-13","2016-05-13","NEON.DOC.000481vG",,
"93bf481c-50bc-4f74-939a-8c5d476d029b","EB8D9DE21E244B45A57A33740BEF41DF","BART_012.mammalGrid.mam","D01","BART","BART_012","2016-05-13","2016-05-13","NEON.DOC.000481vG",,
"5bacc46c-7f6d-441e-89f0-a97a2c41ac34","2A0D0A9AB433488E836689AB135FB6E8","BART_015.mammalGrid.mam","D01","BART","BART_015","2016-05-13","2016-05-13","NEON.DOC.000481vG",,
"1b67c7c2-0a46-4933-9c63-459886a4dc84","887A28AB6E3D4A9EBDCF5FBDC54F05F8","BART_062.mammalGrid.mam","D01","BART","BART_062","2016-05-14","2016-05-14","NEON.DOC.000481vG",,
"6d53a192-3f9c-4c13-abb3-761d463189ca","155BA54F74A646078F733E7231FDE325","BART_012.mammalGrid.mam","D01","BART","BART_012","2016-05-14","2016-05-14","NEON.DOC.000481vG",,
"d17091df-5163-4899-b522-7e7649b81cc9","1EE47C8B095245189189878667BFF731","BART_084.mammalGrid.mam","D01","BART","BART_084","2016-05-15","2016-05-15","NEON.DOC.000481vG",,
"aea7ce36-9db6-48c3-b976-3d301da65e7f","8F7E3D39637E4423ACF90F32A018F5A0","BART_001.mammalGrid.mam","D01","BART","BART_001","2016-05-15","2016-05-15","NEON.DOC.000481vG",,
"c96a8299-cb04-47ea-b595-8ba1f65e819f","420C123BDBDF4DCF9CE1294DF038848C","BART_007.mammalGrid.mam","D01","BART","BART_007","2016-05-15","2016-05-15","NEON.DOC.000481vG",,
