uid,nightuid,namedLocation,domainID,siteID,plotID,collectDate,endDate,samplingProtocolVersion,remarks,dataQF
"ef5f7c28-6471-4855-98f8-eb01325e8888","d9b1acc4-f1c0-4f5b-93b7-961327c93f17","KONA_006.mammalGrid.mam","D06","KONA","KONA_006","2017-09-11","2017-09-11","NEON.DOC.000481vJ",,
"8a190b0a-95eb-47ac-be4f-3aa33677acee","b1d86296-d07c-43c7-900d-947a3218738f","KONA_004.mammalGrid.mam","D06","KONA","KONA_004","2017-09-11","2017-09-11","NEON.DOC.000481vJ",,
"993c67b0-ddbe-48a6-8670-35e48dfd0c3a","837cd3cc-9609-486b-8908-2feee0136033","KONA_003.mammalGrid.mam","D06","KONA","KONA_003","2017-09-11","2017-09-11","NEON.DOC.000481vJ",,
"0bfa24da-6ccf-4afc-a2ff-47da01eab604","9f50c132-5c0a-47cb-b2bd-b650b11b0b01","KONA_016.mammalGrid.mam","D06","KONA","KONA_016","2017-09-13","2017-09-13","NEON.DOC.000481vJ",,
"18a56c92-56b0-4a1d-8dc3-0a0da6dea411","8ce25216-4f6e-4706-acba-e48900576e05","KONA_001.mammalGrid.mam","D06","KONA","KONA_001","2017-09-13","2017-09-13","NEON.DOC.000481vJ",,
"30bc8da1-8ba4-47b2-9b8a-2f47bf3cc3eb","0b27e19e-e91d-4819-9ce9-e4be3ac6ad89","KONA_013.mammalGrid.mam","D06","KONA","KONA_013","2017-09-13","2017-09-13","NEON.DOC.000481vJ",,
"0aed80fe-7fbd-449e-a057-d6259d5daef2","f913f99c-629b-49bf-a6cf-c4a53a551d4f","KONA_001.mammalGrid.mam","D06","KONA","KONA_001","2017-09-14","2017-09-14","NEON.DOC.000481vJ",,
"b3b425dc-0c45-4acb-b9dd-f337a6af9360","e787d75f-9476-41e3-bc6b-47a3d8c7b45f","KONA_016.mammalGrid.mam","D06","KONA","KONA_016","2017-09-14","2017-09-14","NEON.DOC.000481vJ",,
"5fecddde-5ca5-4437-9f25-caee6b9a1f66","ff77eb14-f1d5-40aa-bcb7-109c18670437","KONA_013.mammalGrid.mam","D06","KONA","KONA_013","2017-09-14","2017-09-14","NEON.DOC.000481vJ",,
"f355d9d8-f6e6-442e-8525-4789f2f51cb8","9e6362fe-dba4-4b5b-8413-9d4cd4719c36","KONA_001.mammalGrid.mam","D06","KONA","KONA_001","2017-09-15","2017-09-15","NEON.DOC.000481vJ",,
"a1568d6f-70e1-4614-8a56-e622b89ee9c8","ee723050-2266-4ab8-9e83-d0ebc78c9a6c","KONA_013.mammalGrid.mam","D06","KONA","KONA_013","2017-09-15","2017-09-15","NEON.DOC.000481vJ",,
"1b15767d-6f5a-4ce4-96c8-55162c7a28e4","82ae3403-bf28-45ed-bd60-4b636b4b5fd6","KONA_016.mammalGrid.mam","D06","KONA","KONA_016","2017-09-15","2017-09-15","NEON.DOC.000481vJ",,
