uid,nightuid,namedLocation,domainID,siteID,plotID,collectDate,endDate,samplingProtocolVersion,remarks,dataQF
"d859ee42-b247-4e35-b4e9-8dadce0bc960","6A524BE5F5D24CE69FE9108469590B52","BLAN_003.mammalGrid.mam","D02","BLAN","BLAN_003","2015-09-16","2015-09-16",,,
"f050667f-bd1b-4dd4-acb9-88de57ebd55b","5D03EF9DCBBA49DC9187972FAF474D84","BLAN_009.mammalGrid.mam","D02","BLAN","BLAN_009","2015-09-16","2015-09-16",,,
"43efbe9c-6853-4e51-b843-ac21b42e14d1","BC3235854F2D44238D1E9CA34F3FB64A","BLAN_001.mammalGrid.mam","D02","BLAN","BLAN_001","2015-09-16","2015-09-16",,,
"f37dfcef-a43b-4406-8c19-d2de2bc1837c","486A7F5BBE714E299AAE1CD23B704A97","BLAN_003.mammalGrid.mam","D02","BLAN","BLAN_003","2015-09-17","2015-09-17",,,
"141a5d7c-9289-4847-add0-736391a53db5","DC7258558F2C4C1A899D78B4FE2AF32F","BLAN_001.mammalGrid.mam","D02","BLAN","BLAN_001","2015-09-17","2015-09-17",,,
"b65aed12-fcde-4a81-b46d-089926a1d743","B9FBAE01D0F64AC0A1FBB8BA57832B1F","BLAN_002.mammalGrid.mam","D02","BLAN","BLAN_002","2015-09-17","2015-09-17",,"recently mowed",
"6db65cfb-32e5-497c-b1b4-5806f15837ed","72CAC9638604418086C370FA41660667","BLAN_009.mammalGrid.mam","D02","BLAN","BLAN_009","2015-09-17","2015-09-17",,,
"cb02911d-9b87-4a94-9d61-fe2036424ff6","D925083E438946328F642B08DB4D199A","BLAN_003.mammalGrid.mam","D02","BLAN","BLAN_003","2015-09-18","2015-09-18",,,
"4da2923c-dc05-47d3-bfed-4000497a80da","843A590B124D48C8B5EAEACA6CA1E085","BLAN_001.mammalGrid.mam","D02","BLAN","BLAN_001","2015-09-18","2015-09-18",,,
"c9391577-45ba-4c3e-9ffb-01ab13287e02","46EB505AD3EA468785ABC6918F423EC9","BLAN_009.mammalGrid.mam","D02","BLAN","BLAN_009","2015-09-18","2015-09-18",,,
