uid,nightuid,namedLocation,domainID,siteID,plotID,collectDate,endDate,samplingProtocolVersion,remarks,dataQF
"94399c37-db3a-44f4-aa41-f5d37d1fac2b","72c1e835-10ec-4a1f-b180-9e7caee198c6","BONA_094.mammalGrid.mam","D19","BONA","BONA_094","2017-08-01","2017-08-01","NEON.DOC.000481vJ",,
"117eeeb4-83b5-400d-bb32-09f9a06caa58","73cb4c9d-53ce-4b58-9eac-2e2c2a867000","BONA_004.mammalGrid.mam","D19","BONA","BONA_004","2017-08-01","2017-08-01","NEON.DOC.000481vJ",,
"05b8b705-020c-4607-9c2b-7adb9c1ec75e","b0cf47f6-5470-4cb4-ac30-adba08a8b2ef","BONA_014.mammalGrid.mam","D19","BONA","BONA_014","2017-08-01","2017-08-01","NEON.DOC.000481vJ",,
"f7117573-c035-494f-9d9c-c3a4176f020e","925fa845-ff6c-4cd1-9611-17887099d1f8","BONA_004.mammalGrid.mam","D19","BONA","BONA_004","2017-08-02","2017-08-02","NEON.DOC.000481vJ",,
"05eb7d83-49b3-493b-945b-780ea3a92157","2871566c-b965-47d6-a933-baf4cb1c7955","BONA_094.mammalGrid.mam","D19","BONA","BONA_094","2017-08-02","2017-08-02","NEON.DOC.000481vJ",,
"25d56d62-ec54-417b-9e23-e075990d5d48","dc5a5d25-c207-46ac-a689-6d0b6ac2c4a6","BONA_014.mammalGrid.mam","D19","BONA","BONA_014","2017-08-02","2017-08-02","NEON.DOC.000481vJ",,
"2510e04a-3b02-4627-bf1d-34853c532426","9f522c12-dddc-4286-a012-a57dc1b81145","BONA_094.mammalGrid.mam","D19","BONA","BONA_094","2017-08-29","2017-08-29","NEON.DOC.000481vJ",,
"9c02a82e-9510-4c23-86ef-716d3b30e16d","648fa75d-973f-41d8-ab57-56d6e6dcbd1d","BONA_004.mammalGrid.mam","D19","BONA","BONA_004","2017-08-29","2017-08-29","NEON.DOC.000481vJ",,
"e061e72b-b310-40a5-a360-10d3efe420c8","0ce0377e-6b8b-4c52-90a4-9b48b868f70c","BONA_014.mammalGrid.mam","D19","BONA","BONA_014","2017-08-29","2017-08-29","NEON.DOC.000481vJ",,
"31c60a39-f6a1-4f84-b349-103df2a74ec2","3655a0f6-8146-4f8e-afe7-51dc13448984","BONA_014.mammalGrid.mam","D19","BONA","BONA_014","2017-08-30","2017-08-30","NEON.DOC.000481vH",,
"6a9269c1-8aed-41f9-aea4-8d3d09b310e9","7acb0346-68aa-4fb5-8651-bee05fd9a8f2","BONA_020.mammalGrid.mam","D19","BONA","BONA_020","2017-08-30","2017-08-30","NEON.DOC.000481vH",,
"b4640d72-d345-4e42-a2ae-78c594d576fb","5b7e1d07-0509-40aa-aee2-918e002e9d34","BONA_094.mammalGrid.mam","D19","BONA","BONA_094","2017-08-30","2017-08-30","NEON.DOC.000481vH","Majority of traps in grid were disturbed by squirrels...batting pulled out and traps covered in rodent feces but contained no captures.",
"18614848-cc36-4237-999f-cad1c11d55f5","8fe14ca9-d3e1-483d-91cb-d83a43a2198c","BONA_004.mammalGrid.mam","D19","BONA","BONA_004","2017-08-30","2017-08-30","NEON.DOC.000481vH",,
