uid,nightuid,namedLocation,domainID,siteID,plotID,collectDate,endDate,samplingProtocolVersion,remarks,dataQF
"03765dd6-d040-4140-a14b-56ca12e04168","81912609B9174B46B902AFBD0F644782","UNDE_012.mammalGrid.mam","D05","UNDE","UNDE_012","2014-08-21","2014-08-21",,"Species ID of NAIN captures suspect, some may be ZAHU.",
"078f204a-1e5c-45c6-a764-034cfe9c055f","DE43A32684D048C89C6029EC3E05F4A1","UNDE_032.mammalGrid.mam","D05","UNDE","UNDE_032","2014-08-21","2014-08-21",,"Species ID of NAIN suspect, some may or may not be ZAHU",
"2d73dc77-f413-4d58-abc8-3da44764395a","8C2DDB82ABF3447398A3C83DBD105D98","UNDE_001.mammalGrid.mam","D05","UNDE","UNDE_001","2014-08-21","2014-08-21",,"Species ID of NAINs suspect, some may be ZAHU",
"ceadaff8-f339-436e-b10f-126ffc4a281f","32B905F42E04475494279D07997CAFD0","UNDE_008.mammalGrid.mam","D05","UNDE","UNDE_008","2014-08-21","2014-08-21",,"Species ID of NAINs may be suspect, some may be ZAHU.",
"b85c9f95-3865-4ff4-b83f-a084802ce6d1","15D701D6E0044F4E9B21F2D9DD678C11","UNDE_008.mammalGrid.mam","D05","UNDE","UNDE_008","2014-08-22","2014-08-22",,"NAIN species ID suspect, may or may not have been a ZAHU",
"9b01afc7-4cd7-420f-a7d0-250eced021d2","15F3BD022D4B4BC3BBAF707FB5F69B9E","UNDE_001.mammalGrid.mam","D05","UNDE","UNDE_001","2014-08-22","2014-08-22",,"Species ID of NAINs suspect, some may be ZAHU",
"b759663e-907c-4103-bf8c-ba7fc24d9a36","90E15E0AAAD649978CFE06CF2906E9FF","UNDE_012.mammalGrid.mam","D05","UNDE","UNDE_012","2014-08-22","2014-08-22",,"Species ID of NAIN may be suspect, some may have been ZAHU.",
"b47bc7b4-c07c-4e6c-b5c5-dffa174f1b17","F263CB8AF8764B58B0541C6128F60D76","UNDE_032.mammalGrid.mam","D05","UNDE","UNDE_032","2014-08-22","2014-08-22",,"Species ID of NAIN suspect, some may be ZAHU",
"a92781d5-8544-4e5c-823a-22fe20d36b27","80F45ED3146A40AD9BB1664F353B4D7A","UNDE_032.mammalGrid.mam","D05","UNDE","UNDE_032","2014-08-23","2014-08-23",,"Species ID of NAIN may be suspect, some may actually be ZAHU",
"6e5ef8b8-0e83-415c-a3e6-e4e34608df1a","A14A6CD0198248618E134A6A7D184D65","UNDE_008.mammalGrid.mam","D05","UNDE","UNDE_008","2014-08-23","2014-08-23",,"Traps not set on 8-23 due to high trap deaths on previous two days of the bout.",
"444c3862-1ba2-4976-8f38-f2497653108f","9A7F82359982436C8AF69B40A1B8AAE3","UNDE_001.mammalGrid.mam","D05","UNDE","UNDE_001","2014-08-23","2014-08-23",,"Species ID of NAINs suspect, some may be ZAHU",
"9f2d0e73-5be3-4b9a-88df-d808b63bec72","399FC8741BDA48C999848E4AA97F9B93","UNDE_012.mammalGrid.mam","D05","UNDE","UNDE_012","2014-08-23","2014-08-23",,"Species ID of NAIN suspect, some may or may not be ZAHU.",
"1a7170f0-4256-4551-a287-6b7c0b777cee","312E3FB41B3A486C9B0B187AECE6E87B","UNDE_002.mammalGrid.mam","D05","UNDE","UNDE_002","2014-08-24","2014-08-24",,"Due to logistic issues (unable to locate plot with GPS) no traps were set on this grid.",
"0fe23b72-49f5-41d2-bf14-676c352eab73","D404C3B80D1944CBBEA4C1155B282677","UNDE_003.mammalGrid.mam","D05","UNDE","UNDE_003","2014-08-24","2014-08-24",,"Species ID of NAINs may be suspect, some may be ZAHUs",
"7a5efcb0-a46d-4691-a34b-52e390a94858","731EF0B29BDA4DB9A785A441E85156FF","UNDE_003.mammalGrid.mam","D05","UNDE","UNDE_003","2014-08-24","2014-08-24",,"Data missing from previous UNDE_003 8-24 submission",
"da5b6d37-c829-49a3-9794-0495dadf665c","8BFABC3BC29D4942BE4F1E290ECA7620","UNDE_020.mammalGrid.mam","D05","UNDE","UNDE_020","2014-08-24","2014-08-24",,,
"11586945-600b-452c-aebb-6193612fd53c","F23439D378214CCFA89B1F867FC4AC4F","UNDE_027.mammalGrid.mam","D05","UNDE","UNDE_027","2014-08-24","2014-08-24",,"Species ID of NAINs suspect, may be ZAHUs",
"cba57691-5f43-4e23-aac7-642300d6cde3","A61DFFA5910B49D38CB409562E1C76BC","UNDE_027.mammalGrid.mam","D05","UNDE","UNDE_027","2014-08-25","2014-08-25",,,
"6625aff7-ac20-4501-a243-6d8ed8a21acf","BFCE8A63ACE844309B4778E218170F10","UNDE_020.mammalGrid.mam","D05","UNDE","UNDE_020","2014-08-25","2014-08-25",,,
"724216a8-28f0-465f-8c1f-25fe47e751bb","A155DEF7D432434991E18F9BD68F08D5","UNDE_002.mammalGrid.mam","D05","UNDE","UNDE_002","2014-08-25","2014-08-25",,"Not enough clean traps to set grid, no traps were set on this grid for this night of trapping.",
"f60d0bce-0b57-4faa-9eda-ee5acc2f2aa6","3AF775A7048D4D458DC1D74B9344E591","UNDE_003.mammalGrid.mam","D05","UNDE","UNDE_003","2014-08-25","2014-08-25",,"Species ID of NAINs suspect, may be ZAHU",
"ce5e210d-b83d-4520-8162-867ad0bf7ab7","412DAC039C134F7184532DF6C6BAC32F","UNDE_002.mammalGrid.mam","D05","UNDE","UNDE_002","2014-08-26","2014-08-26",,,
"42a4ed4c-4f97-408f-a8ff-248b41095232","1C3AFA85EADD45C7AFBA27530EABA0BA","UNDE_003.mammalGrid.mam","D05","UNDE","UNDE_003","2014-08-26","2014-08-26",,"No traps were set on 8-26 due to 5 trap deaths over the previous 2 days.",
"efb6a8f0-2088-486e-b496-350a3dd23a20","BB084B81892C4629B9F8C56B715D78C2","UNDE_027.mammalGrid.mam","D05","UNDE","UNDE_027","2014-08-26","2014-08-26",,,
"c6da7253-3894-4ceb-a575-f5263ad416e8","FA125080D8A7429395DB8EA2BEF5B920","UNDE_020.mammalGrid.mam","D05","UNDE","UNDE_020","2014-08-26","2014-08-26",,,
