uid,nightuid,namedLocation,domainID,siteID,plotID,collectDate,endDate,samplingProtocolVersion,remarks,dataQF
"15546f1e-9a71-439e-b3cb-ee34cd65aa46","888353ca-d81b-49f1-a143-63ef71deb0bf","TREE_027.mammalGrid.mam","D05","TREE","TREE_027","2018-09-16","2018-09-16","NEON.DOC.000481vK",,
"6f933d19-df47-4c67-8044-48aa6bae6c49","826ddf0c-a065-42ca-8403-4639797d7bc8","TREE_016.mammalGrid.mam","D05","TREE","TREE_016","2018-09-16","2018-09-16","NEON.DOC.000481vK",,
"b675fbd7-c924-44b8-ab8a-fce084f20efd","403f8034-0c5d-48b8-a577-b0932c72a558","TREE_028.mammalGrid.mam","D05","TREE","TREE_028","2018-09-16","2018-09-16","NEON.DOC.000481vK",,
"f93ca91a-220e-423f-9dc2-599df948d577","8fb3344f-2f36-4e32-8e65-ee6ffd1d2585","TREE_019.mammalGrid.mam","D05","TREE","TREE_019","2018-09-16","2018-09-16","NEON.DOC.000481vK",,
"c69e9d56-64e1-4226-8682-69d613586736","4cb110ce-533c-4c19-80fa-be26cc99d40c","TREE_004.mammalGrid.mam","D05","TREE","TREE_004","2018-09-17","2018-09-17","NEON.DOC.000481vK",,
"11fb96a2-7e80-4811-b37e-ec1f4b4fbd2a","0ff90b53-25bc-49b8-89ce-4cb9f7d8d985","TREE_016.mammalGrid.mam","D05","TREE","TREE_016","2018-09-17","2018-09-17","NEON.DOC.000481vK",,
"431197f2-4b10-49d6-aaad-b232347c5932","cc57cdfe-ecca-4901-8bd2-6490fbf59311","TREE_019.mammalGrid.mam","D05","TREE","TREE_019","2018-09-17","2018-09-17","NEON.DOC.000481vK",,
"b9f38f60-0c3d-42d9-82d7-3e66b4e5ae0d","3eac7ff0-8501-4150-bc9c-fc902e1301bf","TREE_028.mammalGrid.mam","D05","TREE","TREE_028","2018-09-17","2018-09-17","NEON.DOC.000481vK","A and b lines were not set",
"418cd3ec-1426-40b5-8558-182206c71a85","75ca292d-1295-4a24-a291-dce58a354a05","TREE_019.mammalGrid.mam","D05","TREE","TREE_019","2018-09-18","2018-09-18","NEON.DOC.000481vK","Ran out of millet on last day of trapping. Seed mixture used for baiting traps was approximately 90 percent sunflower seed and 10 percent millet which is a deviation from the protocol guidance of 35 percent sunflower seeds and 65 percent millet",
"c07e5a37-8673-479a-9394-2e2d392cb9a2","9f149f92-1343-4073-b885-c7760760dde0","TREE_002.mammalGrid.mam","D05","TREE","TREE_002","2018-09-18","2018-09-18","NEON.DOC.000481vK","Ran out of millet on last day of trapping. Seed mixture used for baiting traps was approximately 90 percent sunflower seed and 10 percent millet which is a deviation from the protocol guidance of 35 percent sunflower seeds and 65 percent millet",
"295ef460-f4cf-487d-ab86-cdfd1ebf76f5","2369815b-d5c2-4336-a02a-6ad8da5fd489","TREE_016.mammalGrid.mam","D05","TREE","TREE_016","2018-09-18","2018-09-18","NEON.DOC.000481vK","Ran out of millet on last day of trapping. Seed mixture used for baiting traps was approximately 90 percent sunflower seed and 10 percent millet which is a deviation from the protocol guidance of 35 percent sunflower seeds and 65 percent millet",
"9780f8b3-e2f3-4728-a5d5-0eaa75f4ec34","73480d11-a1c8-4868-b4a2-c743ad2689e3","TREE_028.mammalGrid.mam","D05","TREE","TREE_028","2018-09-18","2018-09-18","NEON.DOC.000481vK","Ran out of millet on last day of trapping. Seed mixture used for baiting traps was approximately 90 percent sunflower seed and 10 percent millet which is a deviation from the protocol guidance of 35 percent sunflower seeds and 65 percent millet",
