uid,nightuid,namedLocation,domainID,siteID,plotID,collectDate,endDate,samplingProtocolVersion,remarks,dataQF
"3f00fe31-da60-45a7-9a3d-24a66c3b2898","5E9C66C1771E42F48447208C5780C045","JERC_006.mammalGrid.mam","D03","JERC","JERC_006","2016-05-10","2016-05-10","NEON.DOC.000481vG",,
"0dddcd42-cd00-4e60-ab85-8a1335f19569","03CD3C3B8FBC43A0A9A4C08D51A91871","JERC_009.mammalGrid.mam","D03","JERC","JERC_009","2016-05-10","2016-05-10","NEON.DOC.000481vG",,
"ea7bd1d5-24d6-4eaf-9ca6-efaa8849a961","B54E4F4F08554657A0784D13FF370845","JERC_003.mammalGrid.mam","D03","JERC","JERC_003","2016-05-10","2016-05-10","NEON.DOC.000481vG",,
"02af795a-4e75-4488-886c-01bdd3cf92ea","8282937252564C70A4667E0DA12F4D06","JERC_005.mammalGrid.mam","D03","JERC","JERC_005","2016-05-10","2016-05-10","NEON.DOC.000481vG",,
"ae8bdba0-f283-466e-a618-099237f32342","029C1F5FECF2440EBD0FACF359AB3FB5","JERC_009.mammalGrid.mam","D03","JERC","JERC_009","2016-05-11","2016-05-11","NEON.DOC.000481vG",,
"b12aaa54-8bfd-479f-93ba-24094670d8e7","2B3F2236A8104D1686213DC579774833","JERC_019.mammalGrid.mam","D03","JERC","JERC_019","2016-05-11","2016-05-11","NEON.DOC.000481vG",,
"1db04a30-7ed1-43d5-951e-126a134e1375","AB7DDCF79D104E70997394E4BC1FC412","JERC_003.mammalGrid.mam","D03","JERC","JERC_003","2016-05-11","2016-05-11","NEON.DOC.000481vG",,
"40083cfa-5e24-4c86-92ed-fe1bac514de1","213EC0803C62448998C674A88FF9DAB3","JERC_005.mammalGrid.mam","D03","JERC","JERC_005","2016-05-12","2016-05-12","NEON.DOC.000481vG",,
"eac71acb-c262-4d76-94ae-63b27e57f267","02481332EC1C4373B932076FAECE8674","JERC_005.mammalGrid.mam","D03","JERC","JERC_005","2016-05-12","2016-05-12","NEON.DOC.000481vG",,
"e2aa37a5-a0f9-4eca-8caa-e2ae70f7487a","D9F96842B35142C99044AB00C70D7920","JERC_009.mammalGrid.mam","D03","JERC","JERC_009","2016-05-12","2016-05-12","NEON.DOC.000481vG",,
