uid,nightuid,namedLocation,domainID,siteID,plotID,collectDate,endDate,samplingProtocolVersion,remarks,dataQF
"cb5372b3-4b48-4cf1-bd0c-9622b7ab99fb","d0389dbf-ca27-4f90-b0ff-d098e0dfd5de","TREE_004.mammalGrid.mam","D05","TREE","TREE_004","2017-08-28","2017-08-28","NEON.DOC.000481vJ",,
"657ebb64-5acd-404a-b68a-9b5fad9faa35","0a0ed137-6115-42bd-ac1b-3294e94f7daf","TREE_002.mammalGrid.mam","D05","TREE","TREE_002","2017-08-28","2017-08-28","NEON.DOC.000481vJ",,
"a1f0037a-8d1e-4846-94a1-c19a139e72c3","b8324a16-d245-427c-90dc-9bffcee315b6","TREE_027.mammalGrid.mam","D05","TREE","TREE_027","2017-08-28","2017-08-28","NEON.DOC.000481vJ",,
"c83cb9f8-0008-4d25-bff0-a7514c69922d","708bfbea-a388-4121-b219-9814f3968dd7","TREE_016.mammalGrid.mam","D05","TREE","TREE_016","2017-08-29","2017-08-29","NEON.DOC.000481vJ",,
"8e426f9f-d810-4916-87cb-69860bcab6d8","d2efebb5-58ae-4b6b-a48b-71853b4472d4","TREE_019.mammalGrid.mam","D05","TREE","TREE_019","2017-08-29","2017-08-29","NEON.DOC.000481vJ",,
"c5b0fbca-84c8-43e7-9d51-d05250d144fc","f7c0ec0e-1e76-4469-b31f-c192731eb23d","TREE_028.mammalGrid.mam","D05","TREE","TREE_028","2017-08-29","2017-08-29","NEON.DOC.000481vJ",,
"a7d6aac7-168c-44aa-bdaa-3460822d9f23","bc890a4e-5ddc-491c-968f-092b65224c5c","TREE_016.mammalGrid.mam","D05","TREE","TREE_016","2017-08-30","2017-08-30","NEON.DOC.000481vJ",,
"13627fbf-56d3-4ae2-94b7-8994dfbc560a","34e3e1d2-5f55-4c00-90f6-ccc1228ef21b","TREE_019.mammalGrid.mam","D05","TREE","TREE_019","2017-08-30","2017-08-30","NEON.DOC.000481vJ",,
"328d0c59-75f8-46fd-844c-caf1a95fcaea","0df20747-9703-4627-9581-3b6f29e0f4fa","TREE_028.mammalGrid.mam","D05","TREE","TREE_028","2017-08-30","2017-08-30","NEON.DOC.000481vJ",,
"ab737a94-a9e1-4050-a6ab-59b75a8ccc43","18c60550-909a-4d29-aa0b-2c0dc78d7a28","TREE_016.mammalGrid.mam","D05","TREE","TREE_016","2017-08-31","2017-08-31","NEON.DOC.000481vJ",,
"d344b331-d903-4de0-bf9e-47899034ffb0","d6e4fb97-d918-4d99-8508-d24ca71b1c50","TREE_028.mammalGrid.mam","D05","TREE","TREE_028","2017-08-31","2017-08-31","NEON.DOC.000481vJ",,
"64bebf06-d996-417c-8f2c-8376a16961e9","7b39dc83-1960-4ae6-a443-4e011a2d6377","TREE_019.mammalGrid.mam","D05","TREE","TREE_019","2017-08-31","2017-08-31","NEON.DOC.000481vJ","Most traps in grid disturbed possibly by bear",
