uid,nightuid,namedLocation,domainID,siteID,plotID,collectDate,endDate,samplingProtocolVersion,remarks,dataQF
"28dba062-c3de-4ecd-abc5-770ebdae68bd","871a273e-9a0f-40ab-ae0e-9eb668c0a192","JORN_001.mammalGrid.mam","D14","JORN","JORN_001","2018-06-05","2018-06-05","NEON.DOC.000481vK",,
"915af9b7-9da5-4a62-a352-e91e993b0c68","beb03e42-44a1-4372-9f7d-41d6b70ae49b","JORN_007.mammalGrid.mam","D14","JORN","JORN_007","2018-06-05","2018-06-05","NEON.DOC.000481vK",,
"962d5848-62fd-41d7-8ce7-a7318c838a0a","2d222f8d-a903-4c3d-9e45-db03d75d4c0c","JORN_017.mammalGrid.mam","D14","JORN","JORN_017","2018-06-05","2018-06-05","NEON.DOC.000481vK",,
"68b0655c-93e5-44e9-a17e-90ae3be2717e","73a1f1c0-52ab-42de-af50-e0c875c09e72","JORN_018.mammalGrid.mam","D14","JORN","JORN_018","2018-06-05","2018-06-05","NEON.DOC.000481vK",,
"74b3e991-6ed4-40d2-919f-09dbb5f19bf5","403eac72-703b-440f-937c-52a055891d1b","JORN_011.mammalGrid.mam","D14","JORN","JORN_011","2018-06-06","2018-06-06","NEON.DOC.000481vK",,
"f2e02fab-d4c3-43b7-bc45-f51bda20052a","92f631ad-ccde-4bfc-876f-8443bef7d7a1","JORN_018.mammalGrid.mam","D14","JORN","JORN_018","2018-06-06","2018-06-06","NEON.DOC.000481vK",,
"7e307341-8046-4aea-8907-24cd40c886c0","26c845b4-ec4f-4a3b-b691-b76a1a4a2580","JORN_001.mammalGrid.mam","D14","JORN","JORN_001","2018-06-06","2018-06-06","NEON.DOC.000481vK",,
"a79f4eac-1636-4433-a984-42880694ad88","09359f49-39b7-4fa1-8309-4242a3213a9d","JORN_017.mammalGrid.mam","D14","JORN","JORN_017","2018-06-06","2018-06-06","NEON.DOC.000481vK",,
"c542f8c4-833b-4312-b5dc-dc4154ee3609","26b32d90-ecc2-4bbf-9c35-2c464eddfbcb","JORN_031.mammalGrid.mam","D14","JORN","JORN_031","2018-06-07","2018-06-07","NEON.DOC.000481vK","Did not take measurements or tick status due to time restraints",
"ea3e48ae-34ba-43ab-9469-8e44d327baae","7b5d1dcd-df69-4afd-9da2-1a6ccfc928fb","JORN_017.mammalGrid.mam","D14","JORN","JORN_017","2018-06-07","2018-06-07","NEON.DOC.000481vK",,
"d08d1320-35bc-41a9-bf3d-824ac54f7d88","073edbca-aacc-43c2-b43c-c9ccb6286ef9","JORN_018.mammalGrid.mam","D14","JORN","JORN_018","2018-06-07","2018-06-07","NEON.DOC.000481vK",,
"3571f881-a344-43ac-acae-d231ad252f20","fc69bcc6-5f2e-4242-b96f-0e3765c5e354","JORN_001.mammalGrid.mam","D14","JORN","JORN_001","2018-06-07","2018-06-07","NEON.DOC.000481vK",,
