uid,nightuid,namedLocation,domainID,siteID,plotID,collectDate,endDate,samplingProtocolVersion,remarks,dataQF
"9eb3b8a2-2454-41f4-aa44-ed8050cbecd0","83cfd626-c97d-4370-b419-faf1fc1326f2","TALL_015.mammalGrid.mam","D08","TALL","TALL_015","2018-10-09","2018-10-09","NEON.DOC.000481vK",,
"c00a85b1-b372-4bca-a4d1-1dbfd973b758","f98f3b4e-c909-41dd-a5bc-4806ae9a55b9","TALL_012.mammalGrid.mam","D08","TALL","TALL_012","2018-10-09","2018-10-09","NEON.DOC.000481vK",,
"77a88f88-0022-4275-b60d-6e87e2823064","f0f6550b-9920-4e35-8e40-08ea0791b735","TALL_024.mammalGrid.mam","D08","TALL","TALL_024","2018-10-09","2018-10-09","NEON.DOC.000481vK",,
"2f37c1ed-37be-4d58-95cc-10104c5d5e01","0c2e4fce-fd1f-4b7d-a034-5b1c2dc63bc5","TALL_010.mammalGrid.mam","D08","TALL","TALL_010","2018-10-09","2018-10-09","NEON.DOC.000481vK",,
"e0f28ee7-0ce9-4ab1-ad5d-e28b9911284b","c8c22a19-afaf-495f-8713-a8b5e4b2f9c4","TALL_024.mammalGrid.mam","D08","TALL","TALL_024","2018-10-10","2018-10-10","NEON.DOC.000481vK",,
"6086610f-dc14-42b6-9cc2-32084562fd91","ac89734d-08e0-4037-93e2-f6e0c87f9c27","TALL_015.mammalGrid.mam","D08","TALL","TALL_015","2018-10-10","2018-10-10","NEON.DOC.000481vK",,
"43ebebba-a7b9-4663-9658-14c20965cebb","90dea4f0-9ee6-49d4-aaf4-0eb1aa7e5355","TALL_012.mammalGrid.mam","D08","TALL","TALL_012","2018-10-10","2018-10-10","NEON.DOC.000481vK",,
"bbec49d1-2683-4c52-91bc-a10ca0c964fd","7f45fef5-cbee-4936-ab73-cf0d768d5394","TALL_010.mammalGrid.mam","D08","TALL","TALL_010","2018-10-10","2018-10-10","NEON.DOC.000481vK",,
"97d9db81-4819-46be-9d7e-6a1ee07d6365","59274239-a8c2-4d32-b376-35eebbfbf91f","TALL_024.mammalGrid.mam","D08","TALL","TALL_024","2018-10-11","2018-10-11","NEON.DOC.000481vK",,
"79d2a78f-5574-4e6a-8744-2df8f3c35f57","d6ad6608-c51f-4f19-b69a-a9b642f26d0d","TALL_010.mammalGrid.mam","D08","TALL","TALL_010","2018-10-11","2018-10-11","NEON.DOC.000481vK",,
"e96e2a50-0a0e-479c-ac42-fc1ed9c4fcf4","0e629526-5e5e-43f1-b0a4-cd6323c2cdb0","TALL_015.mammalGrid.mam","D08","TALL","TALL_015","2018-10-11","2018-10-11","NEON.DOC.000481vK",,
"bcb1da42-c421-4962-932d-1004af6973e2","1be6e425-eb72-4f65-9328-077a8481b8e3","TALL_012.mammalGrid.mam","D08","TALL","TALL_012","2018-10-11","2018-10-11","NEON.DOC.000481vK",,
"9406f774-48ce-40cc-8146-58f84cc94168","2817e687-c25b-4a7c-9579-8e0806b5c9c0","TALL_013.mammalGrid.mam","D08","TALL","TALL_013","2018-10-12","2018-10-12","NEON.DOC.000481vK",,
"2655c8b6-c527-443d-b2cb-8fda7a014519","409cf1f4-6e86-457c-a19f-3e58161ca3fc","TALL_031.mammalGrid.mam","D08","TALL","TALL_031","2018-10-12","2018-10-12","NEON.DOC.000481vK",,
"02fb7922-03ea-4807-a60d-e21f67be9f3e","ea9ff522-dfd8-4767-a52b-c3f83f789740","TALL_006.mammalGrid.mam","D08","TALL","TALL_006","2018-10-12","2018-10-12","NEON.DOC.000481vK",,
"3b119903-7301-492d-a564-0b3b80d6b662","fe506da4-dddf-41c6-a61e-8d09de311337","TALL_005.mammalGrid.mam","D08","TALL","TALL_005","2018-10-12","2018-10-12","NEON.DOC.000481vK",,
