uid,nightuid,namedLocation,domainID,siteID,plotID,collectDate,endDate,samplingProtocolVersion,remarks,dataQF
"95a5add9-87e9-4435-90d2-6328f8b10972","E6B11A3AB4D1443291EBDD7A07DA3F5F","BART_015.mammalGrid.mam","D01","BART","BART_015","2015-06-17","2015-06-17",,,
"48a15cf1-b501-4123-b75d-7c9ab116a603","CDC72C73481C482AA66E6F597859404D","BART_062.mammalGrid.mam","D01","BART","BART_062","2015-06-17","2015-06-17",,,
"e98c9530-50fe-4c42-8381-87c256b37563","69D61D4C34B847E8A1584E8DE5CD2754","BART_012.mammalGrid.mam","D01","BART","BART_012","2015-06-17","2015-06-17",,,
"6bd19196-edda-4411-bc09-effd7aba55b8","B7FBB6C5EA3748D2A2F8E3EB8F98000F","BART_062.mammalGrid.mam","D01","BART","BART_062","2015-06-18","2015-06-18",,,
"a0595aed-7c1f-474a-b560-c3f7fe966350","BC6D034D98A245FAA6E78CB9A11DFB35","BART_015.mammalGrid.mam","D01","BART","BART_015","2015-06-18","2015-06-18",,,
"8d450c36-2f15-4f79-8a84-f1a41843b788","734602679DD444F496054CF5480E1104","BART_012.mammalGrid.mam","D01","BART","BART_012","2015-06-18","2015-06-18",,,
"68dc2643-6726-4da8-96ca-430ba97a53d3","CA8A5ABE7D1244048C141423CCDB04BA","BART_012.mammalGrid.mam","D01","BART","BART_012","2015-06-19","2015-06-19",,,
"6fda2051-562e-452b-b887-e4388786c747","DB6A1984521C458E85249DD49A7140B9","BART_015.mammalGrid.mam","D01","BART","BART_015","2015-06-19","2015-06-19",,,
"44a60bb4-062f-4a55-aae8-7855d14eadb0","13A62D1777AC4CEABE68505A337A3CB4","BART_062.mammalGrid.mam","D01","BART","BART_062","2015-06-19","2015-06-19",,,
"fec8db39-41c3-44bd-81dd-701e5da82d60","33630FF032374F3EBBBADD13FC6C99F9","BART_084.mammalGrid.mam","D01","BART","BART_084","2015-06-20","2015-06-20",,,
"c45f0876-7fd6-40a6-8781-8f3737b7511b","DA3CEA5040904AA6B3D1DC0AC463F8FB","BART_007.mammalGrid.mam","D01","BART","BART_007","2015-06-20","2015-06-20",,,
"a5b402cc-4da1-4d35-9e06-198861619b6d","6D5D9647B12247528AE17163683D5C3D","BART_001.mammalGrid.mam","D01","BART","BART_001","2015-06-20","2015-06-20",,,
