uid,nightuid,namedLocation,domainID,siteID,plotID,collectDate,endDate,samplingProtocolVersion,remarks,dataQF
"7aaeacc9-d4f9-41c5-9f60-39e47e8d942c","A3D1AB861A604ABC9DEE3C01B1E0E3CC","DSNY_009.mammalGrid.mam","D03","DSNY","DSNY_009","2014-09-16","2014-09-16",,,
"64a01632-0b15-48a8-ba4a-67b3a01ce648","287977D5357244F4B89D09C3A54B27F0","DSNY_016.mammalGrid.mam","D03","DSNY","DSNY_016","2014-09-16","2014-09-16",,,
"2160373e-c03c-46d7-8380-ade665be382d","93F866D0187C4900933E53251AF97E55","DSNY_004.mammalGrid.mam","D03","DSNY","DSNY_004","2014-09-16","2014-09-16",,,
"3cc0b593-12ac-4d24-8fe7-334189f191ef","FF57CECAC1A44509A930BE44D96C38A5","DSNY_001.mammalGrid.mam","D03","DSNY","DSNY_001","2014-09-16","2014-09-16",,,
"b9187e24-9915-4461-aaee-37c4839dbc27","C55CE28ACEDB4F4EB9C8978C3CF62349","DSNY_005.mammalGrid.mam","D03","DSNY","DSNY_005","2014-09-16","2014-09-16",,,
"77b2cc63-d38f-46dc-a87c-1a339c8b9e23","D095C536F5C84F17A7E1254DC62EF889","DSNY_004.mammalGrid.mam","D03","DSNY","DSNY_004","2014-09-17","2014-09-17",,,
"775e0d1d-ad1e-410e-8dcf-adc955475b15","A9A80C54FBC14F669EEA98EF1BE54B32","DSNY_009.mammalGrid.mam","D03","DSNY","DSNY_009","2014-09-17","2014-09-17",,,
"45fcafa6-78f3-464b-bd38-8b894f704d5e","BBE61A7B58534969B49A20E03A89489B","DSNY_001.mammalGrid.mam","D03","DSNY","DSNY_001","2014-09-17","2014-09-17",,,
"3acd94c2-dc0e-4e36-9e3f-52498e50045a","86612F3920504D50AE44292A5A8BEF5C","DSNY_005.mammalGrid.mam","D03","DSNY","DSNY_005","2014-09-17","2014-09-17",,,
"c004766f-7c2d-43c2-aa27-a2e012b66d72","4D60F1D041064DB0A01218C806297B1C","DSNY_016.mammalGrid.mam","D03","DSNY","DSNY_016","2014-09-17","2014-09-17",,,
"07fed6a7-8cba-46dd-a254-949b474958e3","6C7527CE66A4479E8D736E0CB1151C76","DSNY_016.mammalGrid.mam","D03","DSNY","DSNY_016","2014-09-18","2014-09-18",,,
"9b15e82b-a845-4700-adea-b525339ddfd7","0D3B1688FBAD498EBBBDEEA5456323D0","DSNY_009.mammalGrid.mam","D03","DSNY","DSNY_009","2014-09-18","2014-09-18",,,
"d68b2df4-fcbe-49eb-8d2d-37870f2af449","01C68EEDADDB4A05A3F9F67B4D0F6A54","DSNY_001.mammalGrid.mam","D03","DSNY","DSNY_001","2014-09-18","2014-09-18",,,
"0edddbda-f55e-4d01-aa97-a8e100d05980","7938F4D2C1E74FB18B3029ACA56F1E02","DSNY_004.mammalGrid.mam","D03","DSNY","DSNY_004","2014-09-18","2014-09-18",,,
"50bebbe2-aa21-4c04-8fc5-9a4a3a073598","01CEA917322D401487818E099B11F8D6","DSNY_005.mammalGrid.mam","D03","DSNY","DSNY_005","2014-09-18","2014-09-18",,,
