uid,nightuid,namedLocation,domainID,siteID,plotID,collectDate,endDate,samplingProtocolVersion,remarks,dataQF
"ace7d2fb-7969-4140-906f-e6da28771a90","D89C441E18164F4FB9B14E0331B28037","STER_029.mammalGrid.mam","D10","STER","STER_029","2015-09-15","2015-09-15",,"protocol vG",
"13b62e9b-cf40-40d3-be6c-ab635c17e2ec","F67CF85DA1F6465589D3D7C9B4C16584","STER_031.mammalGrid.mam","D10","STER","STER_031","2015-09-15","2015-09-15",,"protocol vG",
"0a43b6d8-c114-4c23-9360-08f3bbf84d8f","B3AB49099FBB42E3BF6CA693D54A3F11","STER_006.mammalGrid.mam","D10","STER","STER_006","2015-09-15","2015-09-15",,"Used protocol revision G",
"3d29e072-0edd-487c-83fa-3bb9831d57c9","EF20AC713B7C47E28D637E6C7D82FD26","STER_031.mammalGrid.mam","D10","STER","STER_031","2015-09-16","2015-09-16",,"Using protocol vg.",
"6cee85ec-5560-4f94-b710-8c37d19808d0","13AD5D50297945E9B8511ED2534D8861","STER_029.mammalGrid.mam","D10","STER","STER_029","2015-09-16","2015-09-16",,"Using protocol vg.",
"ec95eaf7-92a2-4d5a-9fab-9f7b8def3bd1","5DA109F8763047C89DC4BF562846884F","STER_006.mammalGrid.mam","D10","STER","STER_006","2015-09-16","2015-09-16",,"Using protocol vg.",
"fad0a549-9001-4469-b34c-ed0faf77bf00","FB70D28B4C4F44C79931A5EA8CD3EC29","STER_006.mammalGrid.mam","D10","STER","STER_006","2015-09-17","2015-09-17",,"Used version 'vG",
"2f47fb14-4494-42e3-9237-65b4fafbe06b","DAD391425A8543C986EE6666D56A943D","STER_029.mammalGrid.mam","D10","STER","STER_029","2015-09-17","2015-09-17",,"Using protocol vg.",
"017207fd-0223-4c14-ab09-634ca89b9b4e","24373779D69447F797081B117CFC063D","STER_031.mammalGrid.mam","D10","STER","STER_031","2015-09-17","2015-09-17",,"Using protocol vg.",
"d8c5ec1d-dc1f-4a82-9268-4d8544e8583a","0A98EF034E0145A7936C9C33A95EADF7","STER_028.mammalGrid.mam","D10","STER","STER_028","2015-09-18","2015-09-18",,"Used version 'vG",
"648b0934-b41f-43df-964b-952eedc176b3","C3F18EA212AE4283BBA8DA61580C249C","STER_027.mammalGrid.mam","D10","STER","STER_027","2015-09-18","2015-09-18",,"Used version 'vG",
"fbcb1ea4-163f-4ef4-bf9c-2444bc115377","E92ACE2CB7004EB9984A8D8A139D4783","STER_026.mammalGrid.mam","D10","STER","STER_026","2015-09-18","2015-09-18",,"Used version 'vG",
