uid,nightuid,namedLocation,domainID,siteID,plotID,collectDate,endDate,samplingProtocolVersion,remarks,dataQF
"295f697a-d8d2-44af-9457-082b5423a133","5d6139de-1c60-4169-b4cb-55239312d942","CPER_006.mammalGrid.mam","D10","CPER","CPER_006","2017-09-12","2017-09-12","NEON.DOC.000481vJ",,
"1df67872-43e8-45a2-9c46-d3a9a93bc20c","03b21a4e-731b-4d2c-a156-266eeab67efb","CPER_011.mammalGrid.mam","D10","CPER","CPER_011","2017-09-12","2017-09-12","NEON.DOC.000481vJ",,
"f53496ac-1e2d-4574-b07e-ce0fbb6cacab","73f9d9b6-62c6-4b95-806d-da06f07acc01","CPER_015.mammalGrid.mam","D10","CPER","CPER_015","2017-09-12","2017-09-12","NEON.DOC.000481vJ",,
"80f309be-7829-4d04-b6aa-bd9a7ca41380","cbc6d426-ebdd-43ae-94bb-7001b7b8e7ed","CPER_009.mammalGrid.mam","D10","CPER","CPER_009","2017-09-12","2017-09-12","NEON.DOC.000481vJ",,
"2fd843ad-8ac9-49df-98fd-b65d457e745c","25931561-82cd-4066-9909-9759ea0e57cb","CPER_005.mammalGrid.mam","D10","CPER","CPER_005","2017-09-12","2017-09-12","NEON.DOC.000481vJ",,
"a3565482-9915-4c65-a34e-7d8a85c667ad","0ee6773e-4234-4e26-a864-f9465a857a99","CPER_005.mammalGrid.mam","D10","CPER","CPER_005","2017-09-13","2017-09-13","NEON.DOC.000481vJ",,
"6d916db5-4719-4fbf-8119-7c3c3c07dcdc","c2666079-1904-4ec7-97cf-33b286c04ab4","CPER_008.mammalGrid.mam","D10","CPER","CPER_008","2017-09-13","2017-09-13","NEON.DOC.000481vJ",,
"2244ef0e-4ab4-4e64-9ae5-653ab9d7fd76","459b6bd2-b652-45da-a4af-17b1a2fe4d40","CPER_015.mammalGrid.mam","D10","CPER","CPER_015","2017-09-13","2017-09-13","NEON.DOC.000481vJ",,
"93607c57-6284-4928-9c99-c4940da15818","4595c298-7250-46c8-a1b2-d84e88905f02","CPER_011.mammalGrid.mam","D10","CPER","CPER_011","2017-09-13","2017-09-13","NEON.DOC.000481vJ",,
"6be63f32-69db-47d0-9143-71a75c383ecf","8098a4bd-d1d6-4be3-bcc1-ef9074a7b9c5","CPER_002.mammalGrid.mam","D10","CPER","CPER_002","2017-09-13","2017-09-13","NEON.DOC.000481vJ",,
"94273b97-dbe1-473e-8caa-6df26ed4c9bf","0c93dbbf-ca5e-45d0-90f2-47e4ee200064","CPER_011.mammalGrid.mam","D10","CPER","CPER_011","2017-09-14","2017-09-14","NEON.DOC.000481vJ","Cow disturbance",
"c6ffbbdb-3939-4b33-af8e-2281074a9a5f","1b7cdc24-0815-4123-9eb2-84ae593c0bae","CPER_004.mammalGrid.mam","D10","CPER","CPER_004","2017-09-14","2017-09-14","NEON.DOC.000481vJ",,
"f2a73c94-005f-4e76-acf7-a7067cf96448","b1dba102-5380-4caf-85b4-9e40ceea706c","CPER_015.mammalGrid.mam","D10","CPER","CPER_015","2017-09-14","2017-09-14","NEON.DOC.000481vJ",,
"6162aaed-694d-4ec4-81a1-7a0bfb1b2800","c309d23f-49e4-4859-bae0-87c3cb1ccd5f","CPER_005.mammalGrid.mam","D10","CPER","CPER_005","2017-09-14","2017-09-14","NEON.DOC.000481vJ",,
