uid,nightuid,namedLocation,domainID,siteID,plotID,collectDate,endDate,samplingProtocolVersion,remarks,dataQF
"05fa04dd-4ce8-4f86-ad7d-fd3c624fb6fa","7FD524BB41C1460394C3B58F53CF90F3","SRER_005.mammalGrid.mam","D14","SRER","SRER_005","2016-08-01","2016-08-01","NEON.DOC.000481vH",,
"6b64ab44-cd0d-44af-9e09-564ee2ac7f5b","BE190458362E444CA8F32C05B5096513","SRER_009.mammalGrid.mam","D14","SRER","SRER_009","2016-08-01","2016-08-01","NEON.DOC.000481vH",,
"f668cb16-fede-4003-a1fc-a636540f2f22","972615BB9C9D42EFB8C92A4B6BCDD6F0","SRER_023.mammalGrid.mam","D14","SRER","SRER_023","2016-08-01","2016-08-01","NEON.DOC.000481vH",,
"6f4e4e2d-38a1-4362-af4c-eb20204f832a","B81A68C6BE5941CE84E0D50FFFBB6D54","SRER_005.mammalGrid.mam","D14","SRER","SRER_005","2016-08-02","2016-08-02","NEON.DOC.000481vH","Many traps not set due to ants",
