uid,nightuid,namedLocation,domainID,siteID,plotID,collectDate,endDate,samplingProtocolVersion,remarks,dataQF
"e1be4505-d382-4495-851c-41f67cde6692","ecc47e0b-a224-4238-9c77-059d27aaad56","CPER_015.mammalGrid.mam","D10","CPER","CPER_015","2018-07-06","2018-07-06","NEON.DOC.000481vK",,
"c5a27ca1-df9e-45e3-a9bd-7008ce6899a3","95b72379-8ed6-4fb1-b5cf-948e673ccf1e","CPER_011.mammalGrid.mam","D10","CPER","CPER_011","2018-07-06","2018-07-06","NEON.DOC.000481vK",,
"31095adb-79e2-48db-a4a3-94abaab691f0","68f0fb4f-4868-4913-b76e-aa30196e797e","CPER_004.mammalGrid.mam","D10","CPER","CPER_004","2018-07-06","2018-07-06","NEON.DOC.000481vK",,
"dac44d6a-b911-4f62-9def-81210afa4a13","5828e952-4622-4218-8111-f3eeed5cd437","CPER_005.mammalGrid.mam","D10","CPER","CPER_005","2018-07-06","2018-07-06","NEON.DOC.000481vK",,
"eb3c3a41-0f1b-4d8d-a859-38ceba5241dc","90271d3f-6433-4952-ba28-c9fd75f11a76","CPER_009.mammalGrid.mam","D10","CPER","CPER_009","2018-07-07","2018-07-07","NEON.DOC.000481vK",,
"2bdbd085-1f46-4052-80f3-a24762d18c17","d98b91fc-a419-4c78-b188-bcc289b1ab7c","CPER_008.mammalGrid.mam","D10","CPER","CPER_008","2018-07-07","2018-07-07","NEON.DOC.000481vK",,
"c575e212-73fc-4dac-9166-a8cd480b7690","e580317e-77bc-4448-9e1e-d5f017633184","CPER_011.mammalGrid.mam","D10","CPER","CPER_011","2018-07-07","2018-07-07","NEON.DOC.000481vK",,
"21b1bef7-f332-41de-9adf-3a978438f91d","14418fcb-80f6-4b6b-90cf-2df52f612535","CPER_005.mammalGrid.mam","D10","CPER","CPER_005","2018-07-07","2018-07-07","NEON.DOC.000481vK",,
"26c51aa2-9bb4-4f10-82e4-1cc78571df1a","4ceff5de-e7f5-41d0-930a-27396c68fbe5","CPER_015.mammalGrid.mam","D10","CPER","CPER_015","2018-07-07","2018-07-07","NEON.DOC.000481vK",,
"d0fd3980-9473-45a8-816e-0c502d986550","25e2263e-6e5f-474f-b082-4bfb991481e9","CPER_011.mammalGrid.mam","D10","CPER","CPER_011","2018-07-08","2018-07-08","NEON.DOC.000481vK",,
"42fb71eb-f401-4c0b-8725-550e69c3e153","69904401-96af-4b51-ad48-fcea62f21a9c","CPER_015.mammalGrid.mam","D10","CPER","CPER_015","2018-07-08","2018-07-08","NEON.DOC.000481vK",,
"0765f2cb-be7a-443e-82fa-f18d4bcf1908","bb6c19a2-e4ce-418a-be7f-8617b9ded5ba","CPER_006.mammalGrid.mam","D10","CPER","CPER_006","2018-07-08","2018-07-08","NEON.DOC.000481vK",,
"f1da10eb-0a4b-49e3-a98d-68a4bcf6e0ca","c8def313-16db-4c13-97bf-b10fe2b13677","CPER_002.mammalGrid.mam","D10","CPER","CPER_002","2018-07-08","2018-07-08","NEON.DOC.000481vK","Cattle disturbance",
"a31a0fd7-9325-46ee-ad6b-948e0cd7bde6","7d08ef2e-07d1-4c6f-b2e9-b4cf3a398333","CPER_005.mammalGrid.mam","D10","CPER","CPER_005","2018-07-08","2018-07-08","NEON.DOC.000481vK",,
