uid,nightuid,namedLocation,domainID,siteID,plotID,collectDate,endDate,samplingProtocolVersion,remarks,dataQF
"85599ccc-71eb-4a74-8edf-0a11ce25fcd4","ebf0b50c-6444-4d40-9b11-a09f0b4c53b8","KONA_003.mammalGrid.mam","D06","KONA","KONA_003","2018-06-11","2018-06-11","NEON.DOC.000481vK",,
"66571ebc-fefa-443d-a9a2-baf144993b6b","23fcf61e-6c93-424e-b296-ec52c03ef76b","KONA_004.mammalGrid.mam","D06","KONA","KONA_004","2018-06-11","2018-06-11","NEON.DOC.000481vK",,
"442f01a7-a21f-40f9-a302-04f7dad392a3","f828191c-3e3f-4074-be5c-308801af097a","KONA_006.mammalGrid.mam","D06","KONA","KONA_006","2018-06-11","2018-06-11","NEON.DOC.000481vK",,
"e1480dac-eeae-4d30-b63a-34338495b279","8c9ed7cf-de91-4660-bf25-83419f54010a","KONA_013.mammalGrid.mam","D06","KONA","KONA_013","2018-06-13","2018-06-13","NEON.DOC.000481vK","2 traps not set",
"c882687f-d049-4c8c-8c50-19ff23346d7d","2b09d4f0-d973-4e14-802b-678600e3be4b","KONA_001.mammalGrid.mam","D06","KONA","KONA_001","2018-06-13","2018-06-13","NEON.DOC.000481vK","Some trap locations were not written down initially and were estimated: B05 B06 B08 B09 D01 D04 D05 D08 D10 F01 G09 G10",
"8c0a3d8e-cd24-4684-bf70-13f7e100a2b2","02b04a77-9fef-4289-8e3f-3e028cc14574","KONA_016.mammalGrid.mam","D06","KONA","KONA_016","2018-06-13","2018-06-13","NEON.DOC.000481vK",,
"cd84baf5-57de-48a5-8e58-68ec1401079c","01e8d847-1d4b-47e6-920c-26fc2cf4296c","KONA_016.mammalGrid.mam","D06","KONA","KONA_016","2018-06-14","2018-06-14","NEON.DOC.000481vK",,
"8519ab10-5f43-4809-961a-baf7b25fb078","cf74efe9-01c9-41c1-8e18-0bccf0626a10","KONA_001.mammalGrid.mam","D06","KONA","KONA_001","2018-06-14","2018-06-14","NEON.DOC.000481vK",,
"8f9c9744-50c5-41ef-9b3a-6b997585bd25","d49f7f19-9806-4ec9-900d-b270b5831733","KONA_016.mammalGrid.mam","D06","KONA","KONA_016","2018-06-15","2018-06-15","NEON.DOC.000481vK",,
"934fa1e2-632a-4594-95b6-545b0d025f1c","0a80ac1a-a276-4330-879e-253bc3287546","KONA_013.mammalGrid.mam","D06","KONA","KONA_013","2018-06-15","2018-06-15","NEON.DOC.000481vK",,
"02f9d5e7-7bda-4556-87ba-84c31ea6f08b","45ee7b27-0fc9-4c14-8990-d53033f249a5","KONA_001.mammalGrid.mam","D06","KONA","KONA_001","2018-06-15","2018-06-15","NEON.DOC.000481vK",,
