uid,nightuid,namedLocation,domainID,siteID,plotID,collectDate,endDate,samplingProtocolVersion,remarks,dataQF
"f71d4b96-7bbe-4623-bca8-a0e999926b56","77cc273a-1b71-4c2a-b963-6546e84fa344","GUAN_003.mammalGrid.mam","D04","GUAN","GUAN_003","2017-03-21","2017-03-21","NEON.DOC.000481vH",,
"c6daa08f-2986-4675-9c0b-d062718cd87d","44d74246-54c8-47e6-8564-c3d6093d7882","GUAN_025.mammalGrid.mam","D04","GUAN","GUAN_025","2017-03-21","2017-03-21","NEON.DOC.000481vJ",,
"ddb94d0f-1f9d-433a-9a05-cb4c1768573a","6f38fe9a-5a95-4ddc-8821-ee99d8a9d59b","GUAN_007.mammalGrid.mam","D04","GUAN","GUAN_007","2017-03-21","2017-03-21","NEON.DOC.000481vJ",,
"2ebeeb1f-d203-45da-823c-5f7cf9d4fed1","f973cabf-2c4c-4544-abd1-905c557a51f8","GUAN_025.mammalGrid.mam","D04","GUAN","GUAN_025","2017-03-22","2017-03-22",,,
"5a348de8-537f-43b6-b8e6-4c26a0a0ce64","06f024c6-b2b0-432a-8a7a-f2750896778e","GUAN_007.mammalGrid.mam","D04","GUAN","GUAN_007","2017-03-22","2017-03-22","NEON.DOC.000481vG",,
"63762414-d533-4f57-b87c-533c638d0fb9","b3db7eb3-825e-4191-a7b1-740787fa721e","GUAN_003.mammalGrid.mam","D04","GUAN","GUAN_003","2017-03-22","2017-03-22","NEON.DOC.000481vG",,
"bd2fd460-b3b5-4b47-8e5a-b32d50a281b3","77ee9af0-f79d-46c2-a3bf-7a24356a9a7d","GUAN_025.mammalGrid.mam","D04","GUAN","GUAN_025","2017-03-23","2017-03-23","NEON.DOC.000481vG",,
"e46a7312-c436-4155-929e-b334afd44dff","a9a50082-5289-46a9-b33e-a975198eee71","GUAN_003.mammalGrid.mam","D04","GUAN","GUAN_003","2017-03-23","2017-03-23","NEON.DOC.000481vG",,
"a1fae5be-2f66-4fb9-b32c-603fce64968d","08b020a3-a0f1-4e0e-bfdd-9fc167ed9f22","GUAN_007.mammalGrid.mam","D04","GUAN","GUAN_007","2017-03-23","2017-03-23","NEON.DOC.000481vG",,
"73970e72-0ba2-4990-bcca-57df7a46717f","11eb026f-c63d-4794-b0ef-65e1ab8b633e","GUAN_002.mammalGrid.mam","D04","GUAN","GUAN_002","2017-03-24","2017-03-24","NEON.DOC.000481vH",,
"9a49f52d-5dcc-4389-9ab8-6e34a4f36b1d","4046cf25-1828-4747-b634-f4a78b54fb23","GUAN_004.mammalGrid.mam","D04","GUAN","GUAN_004","2017-03-24","2017-03-24","NEON.DOC.000481vH",,
"2d892b6c-c34f-4e1b-b020-7c40ec4ad92d","a9f472a2-dab4-45a0-bd7f-03e92c5f8b69","GUAN_005.mammalGrid.mam","D04","GUAN","GUAN_005","2017-03-24","2017-03-24","NEON.DOC.000481vH",,
