uid,nightuid,namedLocation,domainID,siteID,plotID,collectDate,endDate,samplingProtocolVersion,remarks,dataQF
"d046d668-911f-4e0f-9db2-4966bcc34ed7","FF45668E84544F929E698249DF11B2AF","CPER_011.mammalGrid.mam","D10","CPER","CPER_011","2015-06-09","2015-06-09",,"used version 'vG",
"dff27721-a190-4d61-bbaf-5678cdd9c69a","437FFC74442E4A43ACAE1E13F14336C0","CPER_005.mammalGrid.mam","D10","CPER","CPER_005","2015-06-09","2015-06-09",,"used version 'vG",
"fa5b55a7-8a1d-491c-aafe-e83321d1b13a","07C6EFD4D7404F8EA8BA556A283B4430","CPER_015.mammalGrid.mam","D10","CPER","CPER_015","2015-06-09","2015-06-09",,"Used version 'vG",
"326ed069-832b-4cf0-a36e-5d97b4a49993","5A33FBCE9F734F96AFE396D18C8D41E7","CPER_004.mammalGrid.mam","D10","CPER","CPER_004","2015-06-10","2015-06-10",,"used version 'vG",
"e23134d1-dcc2-479f-ad5e-d85bc4991584","3673644BE36F45589BC397F1EF9B28BC","CPER_011.mammalGrid.mam","D10","CPER","CPER_011","2015-06-10","2015-06-10",,"used version 'vG",
"5aeb00e5-7060-4cf3-a9a8-55a2f0452078","9D8AEE8C375F478DB0486857D9E76233","CPER_015.mammalGrid.mam","D10","CPER","CPER_015","2015-06-10","2015-06-10",,"used protocol 'vG",
"96860558-4cac-4990-ad7b-3f67a35ea04f","BB3AE81FEE0D4A98B0F2AE4FEA2318FE","CPER_005.mammalGrid.mam","D10","CPER","CPER_005","2015-06-10","2015-06-10",,"used protocol 'vG",
"959d1141-b587-48f8-b788-84925a1b7dac","55F393AFF24C4D48B10657FF85031908","CPER_005.mammalGrid.mam","D10","CPER","CPER_005","2015-06-11","2015-06-11",,"Using protocol vg",
"287320c3-9ae9-40ec-bed9-e1ef1efbbe38","CF5FDAFA8CFF46119CADE0B8011483A2","CPER_015.mammalGrid.mam","D10","CPER","CPER_015","2015-06-11","2015-06-11",,"Using protocol vg",
"9d087bf9-d4a4-4a12-bb02-07f2728ffed4","D44EB9AA50754033A11BE43F9049A12D","CPER_009.mammalGrid.mam","D10","CPER","CPER_009","2015-06-11","2015-06-11",,"Using protocol vg",
"e47bb7e5-b469-42f6-876c-982541e77621","AC489904B3E14CD2AC76269CF193478E","CPER_011.mammalGrid.mam","D10","CPER","CPER_011","2015-06-11","2015-06-11",,"Used version 'vG",
"6c66b908-2f81-44da-8cda-533c27e0410b","DE7EC4A3CECA44E0A3F345268D5FABF4","CPER_008.mammalGrid.mam","D10","CPER","CPER_008","2015-06-12","2015-06-12",,"Used version 'vG",
"162def67-efa1-4535-b2f2-c5bf5a6e9831","2110F19310F74B21A77DA12E7EFEB739","CPER_006.mammalGrid.mam","D10","CPER","CPER_006","2015-06-12","2015-06-12",,"Used version 'vG",
"32dc0505-a97c-4ede-9d14-347a9639d999","F78B4681FEE14D5F82EF35223CC2F891","CPER_002.mammalGrid.mam","D10","CPER","CPER_002","2015-06-12","2015-06-12",,"Used version 'vG",
