uid,nightuid,namedLocation,domainID,siteID,plotID,collectDate,endDate,samplingProtocolVersion,remarks,dataQF
"adb63baa-d155-411b-89ef-aa0dca8f9740","6209d2ac-46c8-4b62-bddf-c861e78cf8dc","UKFS_003.mammalGrid.mam","D06","UKFS","UKFS_003","2017-06-19","2017-06-19","NEON.DOC.000481vJ",,
"f8b6002c-dfa1-43bf-a87c-5e70c49fd110","e14cffc1-0e7c-4e28-9665-e31655ac25cf","UKFS_018.mammalGrid.mam","D06","UKFS","UKFS_018","2017-06-19","2017-06-19","NEON.DOC.000481vJ",,
"3ccf4b09-5fe3-4f2c-9137-07f94cf36b46","a67ca953-3b5f-4381-815c-93e91624abe8","UKFS_007.mammalGrid.mam","D06","UKFS","UKFS_007","2017-06-19","2017-06-19","NEON.DOC.000481vJ",,
"7989ed39-2235-444a-9c7d-662cbf47f5de","0c7cfb8c-93f8-4016-af06-7804bba89f64","UKFS_010.mammalGrid.mam","D06","UKFS","UKFS_010","2017-06-21","2017-06-21","NEON.DOC.000481vG",,
"ca4388c2-8c98-4da6-8e9d-1035a7df2e5b","1228549a-b5e1-4b0b-ad44-2c9085aca729","UKFS_004.mammalGrid.mam","D06","UKFS","UKFS_004","2017-06-21","2017-06-21","NEON.DOC.000481vG",,
"d934a8cc-dbca-41ed-a9e3-4de328d901a9","ba7a1718-78b3-43e1-ab5c-c3569468072b","UKFS_009.mammalGrid.mam","D06","UKFS","UKFS_009","2017-06-21","2017-06-21","NEON.DOC.000481vG",,
"aeb59d48-45db-432b-9f3e-b7ecb183bbc6","74ad0dd1-cd5c-4531-b93f-bfc36dfeb3d9","UKFS_010.mammalGrid.mam","D06","UKFS","UKFS_010","2017-06-22","2017-06-22","NEON.DOC.000481vG",,
"d365af7f-b733-440d-8dfa-b08700d839ad","3ffa0c5d-3a2d-4854-8620-615085490933","UKFS_009.mammalGrid.mam","D06","UKFS","UKFS_009","2017-06-22","2017-06-22","NEON.DOC.000481vG",,
"95e0c70d-6c2d-402e-9204-e2e09216745f","4837d093-687f-49d6-bfc6-0537b9144424","UKFS_004.mammalGrid.mam","D06","UKFS","UKFS_004","2017-06-22","2017-06-22","NEON.DOC.000481vG",,
"2531ab4a-3edc-4b3e-ac99-1577917a1f8c","b64763bc-7d68-4569-803b-449f24f6f6b0","UKFS_004.mammalGrid.mam","D06","UKFS","UKFS_004","2017-06-23","2017-06-23","NEON.DOC.000481vG",,
"555b105e-3dd9-4322-9993-7d2855853e1f","0fc13ed8-8bec-452d-be47-5e114f22545d","UKFS_009.mammalGrid.mam","D06","UKFS","UKFS_009","2017-06-23","2017-06-23","NEON.DOC.000481vG",,
"7d5a7e01-de2b-498e-a11b-1615015b222f","c9e807b9-7c87-4a89-84bc-cb1fbc215acb","UKFS_010.mammalGrid.mam","D06","UKFS","UKFS_010","2017-06-23","2017-06-23","NEON.DOC.000481vG",,
