uid,nightuid,namedLocation,domainID,siteID,plotID,collectDate,endDate,samplingProtocolVersion,remarks,dataQF
"ced6eef9-a81b-4de6-be74-7e6e8ca1844d","52647D45A50F4C88A121A96252B39C96","DELA_001.mammalGrid.mam","D08","DELA","DELA_001","2015-07-07","2015-07-07",,,
"78e678d0-b594-42f4-b634-1ebe9fd54762","6E04B7CBE81B48F5AA16F397CFE07440","DELA_002.mammalGrid.mam","D08","DELA","DELA_002","2015-07-07","2015-07-07",,"No traps were set. Could not meet the minimum trap requirement due to flooding.",
"806d2548-d746-46ce-a6a1-4f16d12e0122","E2968411570E4346B2B07501875FA94D","DELA_007.mammalGrid.mam","D08","DELA","DELA_007","2015-07-07","2015-07-07",,,
"0fe3cbe9-0458-4f02-af7d-3fbaad4b2c0a","074C9C4238B740F3BB9DD5DB96A08CE3","DELA_001.mammalGrid.mam","D08","DELA","DELA_001","2015-07-08","2015-07-08",,,
"de7036a5-65f1-4c8b-92cc-ceeae5fa742d","7B1BA02ED87F4A9F9F248E31933E693B","DELA_002.mammalGrid.mam","D08","DELA","DELA_002","2015-07-08","2015-07-08",,"No traps were set. Minimum trap requirement could not be met due to flooding.",
"2942d4d4-cb5e-4cfd-b1a0-4b900b4c77bd","53E9AD7D09F54BBEAB2551D71319940C","DELA_007.mammalGrid.mam","D08","DELA","DELA_007","2015-07-08","2015-07-08",,,
"0d6c6eec-a568-4cd6-bcb9-4d2dbec8635f","23C5FB55D7874704911C2AF03D77DDA5","DELA_001.mammalGrid.mam","D08","DELA","DELA_001","2015-07-09","2015-07-09",,,
"95a7740e-b708-43f2-9339-c46948f594e2","F72E72BB667848F8975F2522D3218D2B","DELA_002.mammalGrid.mam","D08","DELA","DELA_002","2015-07-09","2015-07-09",,"No traps were set. Could not meet the minimum trap requirement due to flooding.",
"e6500960-c696-45e6-b750-8284169f918b","4A229E0BD3884146ACB405195C026089","DELA_007.mammalGrid.mam","D08","DELA","DELA_007","2015-07-09","2015-07-09",,,
