uid,nightuid,namedLocation,domainID,siteID,plotID,collectDate,endDate,samplingProtocolVersion,remarks,dataQF
"bfa8b659-64c8-43db-a960-cd417d8b5e9c","60CFBB97F51244D2ADDB74356CDE96BE","WOOD_015.mammalGrid.mam","D09","WOOD","WOOD_015","2016-08-02","2016-08-02","NEON.DOC.000481vH",,
"468a1d3f-8a97-4d25-a952-245b15054fa3","36EEDC0395FF429D9582C2B2E97A5814","WOOD_006.mammalGrid.mam","D09","WOOD","WOOD_006","2016-08-02","2016-08-02","NEON.DOC.000481vH",,
"75c73a1a-6982-4839-ac30-99ce7e90fc01","082CDB362EE741CEB8E88C41E6022E05","WOOD_001.mammalGrid.mam","D09","WOOD","WOOD_001","2016-08-02","2016-08-02","NEON.DOC.000481vH",,
"6f56c312-4872-40d8-bc46-0a0922234171","9601BA2B19554075B81161BD0A9C16FE","WOOD_011.mammalGrid.mam","D09","WOOD","WOOD_011","2016-08-03","2016-08-03","NEON.DOC.000481vH",,
"9584744b-1e66-4c49-b0b0-16b0b69a7028","4C77FFB798F54E2DB2AC48B6F75A78EB","WOOD_001.mammalGrid.mam","D09","WOOD","WOOD_001","2016-08-03","2016-08-03","NEON.DOC.000481vH",,
"7e88e07d-70c1-4c45-bea9-4f794458907e","92F1326B42BB478185D368C80C87503E","WOOD_009.mammalGrid.mam","D09","WOOD","WOOD_009","2016-08-03","2016-08-03","NEON.DOC.000481vH",,
"d3f56922-f81d-4ec8-82a2-1130ecc8d72e","E0FD93E9EA664E7396A744D270B2FF72","WOOD_002.mammalGrid.mam","D09","WOOD","WOOD_002","2016-08-03","2016-08-03","NEON.DOC.000481vH",,
"6587cd9d-3c84-47cb-a1a1-35ffd07e68e3","AD6B649147C74B6AB16B3722EB8D9536","WOOD_002.mammalGrid.mam","D09","WOOD","WOOD_002","2016-08-04","2016-08-04","NEON.DOC.000481vH",,
"6ff65f16-1d96-48e8-b628-a91e00cd7156","9B72D0F6FC164B8696B6C51577CD8525","WOOD_013.mammalGrid.mam","D09","WOOD","WOOD_013","2016-08-04","2016-08-04","NEON.DOC.000481vH",,
"39154c39-6194-4c2c-9d91-d628be3319ad","9721E244C6AE4C409E1A333BF62E2508","WOOD_001.mammalGrid.mam","D09","WOOD","WOOD_001","2016-08-04","2016-08-04","NEON.DOC.000481vH",,
"5ad70e76-8b93-4e91-a10c-edba3a73ef52","144DB757DFFC439C83B6DF0F7EB87184","WOOD_009.mammalGrid.mam","D09","WOOD","WOOD_009","2016-08-04","2016-08-04","NEON.DOC.000481vH",,
"13ce551d-1cce-42e2-86d6-bf29fcfe1d2e","E835D3A348E44C7899558F59460DD82E","WOOD_008.mammalGrid.mam","D09","WOOD","WOOD_008","2016-08-05","2016-08-05","NEON.DOC.000481vH",,
"33b441e0-59b0-4219-b1ba-92073c7cea4a","06795AD141724AE9902226B37B8EFAF8","WOOD_009.mammalGrid.mam","D09","WOOD","WOOD_009","2016-08-05","2016-08-05","NEON.DOC.000481vH",,
"421425ba-a5ae-4edd-927a-2473c6a56ed8","29E25BEF30C24F60AE6D471E584E48F2","WOOD_002.mammalGrid.mam","D09","WOOD","WOOD_002","2016-08-05","2016-08-05","NEON.DOC.000481vH",,
"7f93d4da-0d71-4ffb-8a30-aaa4b1d6c8f5","AD4CAF641D32402FAD01935A5DD1AB24","WOOD_001.mammalGrid.mam","D09","WOOD","WOOD_001","2016-08-30","2016-08-30","NEON.DOC.000481vH",,
"f631d753-5be1-4195-bc28-526674862c72","FF6E9813472846699ED880BDF38EAA80","WOOD_015.mammalGrid.mam","D09","WOOD","WOOD_015","2016-08-30","2016-08-30","NEON.DOC.000481vH",,
"9457190f-8294-47e0-ac09-a00088c58128","746A2C8E9C1E4A9CBCD5570362499B0F","WOOD_006.mammalGrid.mam","D09","WOOD","WOOD_006","2016-08-30","2016-08-30","NEON.DOC.000481vH",,
"99514cf7-a7f3-4a9f-aec7-ee503c1a2cb2","F16084F1B10A466F9DBC7953BB99CF94","WOOD_009.mammalGrid.mam","D09","WOOD","WOOD_009","2016-08-31","2016-08-31","NEON.DOC.000481vH",,
"ae0ba7c5-23f2-45bd-a3dd-20e533093d97","F4B4C943F0C54CB29D5DD0E5FF7B4AF8","WOOD_002.mammalGrid.mam","D09","WOOD","WOOD_002","2016-08-31","2016-08-31","NEON.DOC.000481vH",,
"8068dca2-edc2-43a8-93e6-dd77672680d6","D76C35BEFFD94715B952F901EDBA2AC0","WOOD_011.mammalGrid.mam","D09","WOOD","WOOD_011","2016-08-31","2016-08-31","NEON.DOC.000481vH",,
"77dbe9b2-466a-4154-9037-ed496f1388c7","6D682FDD64054335B5F3F24E8D4B94B7","WOOD_001.mammalGrid.mam","D09","WOOD","WOOD_001","2016-08-31","2016-08-31","NEON.DOC.000481vH",,
