uid,nightuid,namedLocation,domainID,siteID,plotID,collectDate,endDate,samplingProtocolVersion,remarks,dataQF
"821076a7-7ec1-4e61-8491-c51ee2af369b","30EF44347EE542E48FACA5F96534E6BF","NOGP_010.mammalGrid.mam","D09","NOGP","NOGP_010","2016-06-07","2016-06-07","NEON.DOC.000481vG",,
"a37171b2-ca32-4933-b1b3-d082b185403d","3551AFFAB61449D3BEC654C2EA0D6077","NOGP_017.mammalGrid.mam","D09","NOGP","NOGP_017","2016-06-07","2016-06-07","NEON.DOC.000481vG",,
"b9f9e6f8-de5b-49a0-8006-730cfa82372c","0015095359FB4D5988964ED1BB80A626","NOGP_005.mammalGrid.mam","D09","NOGP","NOGP_005","2016-06-07","2016-06-07","NEON.DOC.000481vG",,
"d5816691-2e5f-464a-9e5b-de9723091b91","0E1BB1C7737444C1BB9DF6E65172C16F","NOGP_002.mammalGrid.mam","D09","NOGP","NOGP_002","2016-06-07","2016-06-07","NEON.DOC.000481vG",,
"df16b300-378c-460e-ac8b-6c2c11c2b907","6278365492D1488EB42D319A7C8FEDAB","NOGP_009.mammalGrid.mam","D09","NOGP","NOGP_009","2016-06-08","2016-06-08","NEON.DOC.000481vG","Cows on grid",
"96c7342d-ab4f-4443-838c-0872bff1f05a","8525072377F445ABB0FB89C8281042DC","NOGP_017.mammalGrid.mam","D09","NOGP","NOGP_017","2016-06-08","2016-06-08","NEON.DOC.000481vG",,
"ff0205c9-2a0c-40b3-862c-a5c693af99bb","7116FF2090AA4E9ABF430FD9DD1208DF","NOGP_002.mammalGrid.mam","D09","NOGP","NOGP_002","2016-06-08","2016-06-08","NEON.DOC.000481vG",,
"c634fa0e-ded5-451d-b853-f988fb956058","34E5C466DE8B4C89A3D4A2CE025CFB84","NOGP_010.mammalGrid.mam","D09","NOGP","NOGP_010","2016-06-08","2016-06-08","NEON.DOC.000481vG",,
"7e703f9c-dac5-4698-9d0e-ae8365d1b594","9C41F4A75E2F4646A244C988A13FD702","NOGP_007.mammalGrid.mam","D09","NOGP","NOGP_007","2016-06-09","2016-06-09","NEON.DOC.000481vG",,
"7ef0ace3-74a0-4091-8520-c442c992ecf1","689A7DC4A07042C3BDBAB691DB3EDE80","NOGP_010.mammalGrid.mam","D09","NOGP","NOGP_010","2016-06-09","2016-06-09","NEON.DOC.000481vG",,
"6c508f4d-9991-4be2-9c90-ffda03e8c88a","C47E3123FD29440BB486A2B5935B37BF","NOGP_017.mammalGrid.mam","D09","NOGP","NOGP_017","2016-06-09","2016-06-09","NEON.DOC.000481vG",,
"75456c03-d5fb-4322-b9a5-3817d93c9f6b","58087F109E0648E78F1CD7C8940A990F","NOGP_002.mammalGrid.mam","D09","NOGP","NOGP_002","2016-06-09","2016-06-09","NEON.DOC.000481vG",,
