uid,nightuid,namedLocation,domainID,siteID,plotID,collectDate,endDate,samplingProtocolVersion,remarks,dataQF
"abb8560d-656f-4081-a0d7-599761b2bd0f","520E16DEFDAB4395B819EAB50AC6A20C","CPER_005.mammalGrid.mam","D10","CPER","CPER_005","2016-09-27","2016-09-27","NEON.DOC.000481vH",,
"efe4adca-48c0-4187-aa7f-57282ca440d8","DB472E01F9224163A3BB3074109A9AFA","CPER_006.mammalGrid.mam","D10","CPER","CPER_006","2016-09-27","2016-09-27","NEON.DOC.000481vH",,
"85476728-af03-48c5-838e-96625012f074","D6EC3620CE3C47E8800218E72E5504FB","CPER_009.mammalGrid.mam","D10","CPER","CPER_009","2016-09-27","2016-09-27","NEON.DOC.000481vH",,
"b21ef8f5-9ead-4ef3-95d7-7473e9b4dace","1D059EFA7955495BADBC321F834A8D14","CPER_011.mammalGrid.mam","D10","CPER","CPER_011","2016-09-27","2016-09-27","NEON.DOC.000481vH",,
"7d4b6b37-4e77-412c-9244-fc5e6038c16c","40B482ADDAC645C0B0EC6036B8716BFC","CPER_015.mammalGrid.mam","D10","CPER","CPER_015","2016-09-27","2016-09-27","NEON.DOC.000481vH",,
"f8f18f83-eb30-4aae-a889-9bc51a91bfec","C0402537FB7D4945A40331D96E61528E","CPER_002.mammalGrid.mam","D10","CPER","CPER_002","2016-09-28","2016-09-28","NEON.DOC.000481vH",,
"d1514c4d-601b-4f4d-b85e-7889785608eb","301F6E6126284B7EAF030291DFD5805B","CPER_005.mammalGrid.mam","D10","CPER","CPER_005","2016-09-28","2016-09-28","NEON.DOC.000481vH",,
"cc1672fa-5eff-4a83-ad68-5af1931b5235","8468E6F8DAE347709D0D8501E5D816BF","CPER_015.mammalGrid.mam","D10","CPER","CPER_015","2016-09-28","2016-09-28","NEON.DOC.000481vH",,
"a234ba09-ac11-43c1-82ff-028e7c8c8bd6","D4D17BD26F944B409091B2AEE7031969","CPER_011.mammalGrid.mam","D10","CPER","CPER_011","2016-09-28","2016-09-28","NEON.DOC.000481vH",,
"a1ecfcd5-8ef0-4ffe-9393-493c199e49aa","7AEDAA48BF5C4E89A7FB58D26AE38B6A","CPER_008.mammalGrid.mam","D10","CPER","CPER_008","2016-09-28","2016-09-28","NEON.DOC.000481vH",,
"810b95c9-6afc-4afa-ba0f-2bba2aa5aeea","7C468A833CB94C72A0A3DFDCE428EC41","CPER_011.mammalGrid.mam","D10","CPER","CPER_011","2016-09-29","2016-09-29","NEON.DOC.000481vH","Our arrival set off a cow stampede likely closing traps moments before picking up",
"be04b4bb-ef39-4c42-8be8-3077dd87c8d1","7A4C193C01A44C33910FF4566E1B55E0","CPER_005.mammalGrid.mam","D10","CPER","CPER_005","2016-09-29","2016-09-29","NEON.DOC.000481vH",,
"cef1833a-21e0-4849-91b7-6774115febad","9F0CB29B8D914F4695181B283D39D921","CPER_004.mammalGrid.mam","D10","CPER","CPER_004","2016-09-29","2016-09-29","NEON.DOC.000481vH","Cattle actively on plot",
"1588ad63-ccc7-4bae-80b4-cfb1c71c5dd7","6E327699044B4E618030A2D1218D4A39","CPER_015.mammalGrid.mam","D10","CPER","CPER_015","2016-09-29","2016-09-29","NEON.DOC.000481vH",,
