uid,nightuid,namedLocation,domainID,siteID,plotID,collectDate,endDate,samplingProtocolVersion,remarks,dataQF
"2b8fd415-b820-4dbe-8e38-f4c40e706777","ab82c10b-488c-4db4-b50d-e3a7eaa8c986","DSNY_005.mammalGrid.mam","D03","DSNY","DSNY_005","2017-05-16","2017-05-16","NEON.DOC.000481vG",,
"9bc661a2-ce7b-478d-b980-e7e30a27ab3a","c81405ef-4467-40ad-a8d4-856e92b60f4e","DSNY_004.mammalGrid.mam","D03","DSNY","DSNY_004","2017-05-16","2017-05-16","NEON.DOC.000481vG",,
"9755eeb9-01bc-43f7-8f6a-81a2092fe93f","105652f6-fd13-458c-85f4-9fac8dcf1650","DSNY_001.mammalGrid.mam","D03","DSNY","DSNY_001","2017-05-16","2017-05-16","NEON.DOC.000481vG",,
"8f282a8d-fc56-4ca7-8516-50aca84a2df5","7846447d-6011-44f9-b567-420290254674","DSNY_016.mammalGrid.mam","D03","DSNY","DSNY_016","2017-05-16","2017-05-16","NEON.DOC.000481vG",,
"59d97687-73c7-4d15-b6f4-f85487a0c3fc","9d9fecab-d94e-4aff-b7ff-b2d078b7ee5e","DSNY_004.mammalGrid.mam","D03","DSNY","DSNY_004","2017-05-17","2017-05-17","NEON.DOC.000481vJ",,
"356b8f73-9fa1-4629-a231-50973f729c71","dc5a93b3-78a1-44dc-9362-7c0d18f86877","DSNY_006.mammalGrid.mam","D03","DSNY","DSNY_006","2017-05-17","2017-05-17",,,
"623813ee-386f-4b81-b957-39cb2fa492cf","903cef88-d49d-44a2-8055-764b59f07830","DSNY_005.mammalGrid.mam","D03","DSNY","DSNY_005","2017-05-17","2017-05-17",,,
"680b677c-561a-4824-a0de-dcf7c26e5971","033a6755-1eab-44f5-8c81-ab8333fc53c9","DSNY_005.mammalGrid.mam","D03","DSNY","DSNY_005","2017-05-18","2017-05-18","NEON.DOC.000481vG",,
"b5377c5d-5d18-4bd7-9e6d-ea894510d151","e6a432be-28c2-4917-9a8a-b80fa7cdce68","DSNY_085.mammalGrid.mam","D03","DSNY","DSNY_085","2017-05-18","2017-05-18","NEON.DOC.000481vJ",,
"3f2599de-cca2-469a-8d52-1f6025e4d128","7a8a8202-078b-493d-9f84-72938771f76a","DSNY_001.mammalGrid.mam","D03","DSNY","DSNY_001","2017-05-18","2017-05-18","NEON.DOC.000481vJ",,
"5f2ec73c-ca9f-4e1b-b13d-29ad5b90a478","80f43766-d8c0-4cfe-a130-9dbbe17c59a8","DSNY_004.mammalGrid.mam","D03","DSNY","DSNY_004","2017-05-18","2017-05-18","NEON.DOC.000481vG",,
