uid,nightuid,namedLocation,domainID,siteID,plotID,collectDate,endDate,samplingProtocolVersion,remarks,dataQF
"d5ca7b46-38fd-4745-95ce-257529226bce","6A1888EE66F44600B25B2BD1642CC8F0","SCBI_002.mammalGrid.mam","D02","SCBI","SCBI_002","2015-07-07","2015-07-07",,,
"2fa4ef03-de15-49ed-a927-55f1b65866b2","B28A3337F0FF4CDD8D9F2DF60B7A8B7F","SCBI_008.mammalGrid.mam","D02","SCBI","SCBI_008","2015-07-07","2015-07-07",,,
"b45f3996-b7dd-43eb-98bf-11aba2ea4625","2658D550B2844BA79911C551A53358A6","SCBI_035.mammalGrid.mam","D02","SCBI","SCBI_035","2015-07-07","2015-07-07",,"Grass was 8 feet tall throughout plot",
"06077421-b837-4021-9f13-ee9782a4f39d","1244D3883E4F4D81A3E3CB543405F784","SCBI_002.mammalGrid.mam","D02","SCBI","SCBI_002","2015-07-08","2015-07-08",,,
"b3efa379-b7cc-45d8-9ef9-9ca8e72b05ee","BDF66CB1B6BB4F90A8F9583FF041A23C","SCBI_008.mammalGrid.mam","D02","SCBI","SCBI_008","2015-07-08","2015-07-08",,,
"e450cf33-2152-4684-80e5-6e7cc3db754f","285377031990484DB5C926290CA78905","SCBI_035.mammalGrid.mam","D02","SCBI","SCBI_035","2015-07-08","2015-07-08",,,
"69ac7480-bbc2-4936-a5a6-2d420c3574b9","ACA912B8345A46D8811FE17F4C897AE7","SCBI_002.mammalGrid.mam","D02","SCBI","SCBI_002","2015-07-09","2015-07-09",,,
"c45f9f59-5d61-4a38-b696-0aa7283f3e68","522B37BAE70144FC939D8AE123F732F6","SCBI_008.mammalGrid.mam","D02","SCBI","SCBI_008","2015-07-09","2015-07-09",,,
"2adcbcf8-0d85-4d5d-9e8b-fc0a2be92b2d","B4A0F21794D4491AA7BAC541A706CC12","SCBI_035.mammalGrid.mam","D02","SCBI","SCBI_035","2015-07-09","2015-07-09",,,
"368913e8-7ec6-4daf-b9a8-8e343677c8bb","EFCC4C3AEFA84D528BBAF068C0943BC3","SCBI_039.mammalGrid.mam","D02","SCBI","SCBI_039","2015-07-10","2015-07-10",,,
"f32ad830-f402-4663-8c70-5935fe1f59d7","8DADE16FB6FB445981002DA84899BB7A","SCBI_004.mammalGrid.mam","D02","SCBI","SCBI_004","2015-07-10","2015-07-10",,,
"b9553df5-ee37-4d20-87c3-88e346734b69","37163102D5C542C682A6885A95271DAF","SCBI_003.mammalGrid.mam","D02","SCBI","SCBI_003","2015-07-10","2015-07-10",,,
