uid,nightuid,namedLocation,domainID,siteID,plotID,collectDate,endDate,samplingProtocolVersion,remarks,dataQF
"8c931e38-d30d-4781-a578-f00ac352d21b","bb455615-5a62-4542-9cb7-f801c2186b3b","BLAN_009.mammalGrid.mam","D02","BLAN","BLAN_009","2018-06-12","2018-06-12","NEON.DOC.000481vK",,
"9003ea9d-2d11-4999-a35b-d9b245575bb7","e138bb61-2803-408e-bcfd-41cd476b02ba","BLAN_001.mammalGrid.mam","D02","BLAN","BLAN_001","2018-06-12","2018-06-12","NEON.DOC.000481vK","Plot flooded 2 weeks prior",
"81acd86b-0ca8-43dc-93f2-23db5114af17","31aaa84c-26c1-4361-8714-8c9b29059bb4","BLAN_009.mammalGrid.mam","D02","BLAN","BLAN_009","2018-06-13","2018-06-13","NEON.DOC.000481vK",,
"2b1e755b-7190-413d-b27a-ab0b736a0c14","247dd38e-8490-4aed-86d7-cd44851bd8b2","BLAN_001.mammalGrid.mam","D02","BLAN","BLAN_001","2018-06-13","2018-06-13","NEON.DOC.000481vK",,
"0ee3f6c2-6db2-4d17-8611-fc45d713081d","ffbdb622-98e6-4a6a-8bf6-a093c1cfc463","BLAN_002.mammalGrid.mam","D02","BLAN","BLAN_002","2018-06-13","2018-06-13","NEON.DOC.000481vK","Cows haven't been in plot in months; grass 2 to 3ft tall",
"3478833e-cc68-421e-8ee4-310cd2b98842","ea5a2d00-0adb-4ce1-bc7c-34346027e356","BLAN_001.mammalGrid.mam","D02","BLAN","BLAN_001","2018-06-14","2018-06-14","NEON.DOC.000481vK",,
"b3e466df-068f-47dd-ba6c-ad2a2b7c6e85","92293121-8a49-4425-812b-94477cb73db6","BLAN_009.mammalGrid.mam","D02","BLAN","BLAN_009","2018-06-14","2018-06-14","NEON.DOC.000481vK",,
