uid,nightuid,namedLocation,domainID,siteID,plotID,collectDate,endDate,samplingProtocolVersion,remarks,dataQF
"d91ff129-36f1-4588-8092-5a838265b748","B3A6D16C40F64966976425835D210CB3","HARV_008.mammalGrid.mam","D01","HARV","HARV_008","2016-08-01","2016-08-01","NEON.DOC.000481vH",,
"ae22187f-3c06-4218-85d2-cd897747bf67","174F65A777834A07A69E2858477D4A99","HARV_023.mammalGrid.mam","D01","HARV","HARV_023","2016-08-01","2016-08-01","NEON.DOC.000481vH",,
"b21600f4-2ab0-4fa0-8902-73e31c2e9435","7711EB0A595A4A6FB4E788FA3FBEB68A","HARV_021.mammalGrid.mam","D01","HARV","HARV_021","2016-08-01","2016-08-01","NEON.DOC.000481vH",,
"1c1ed94a-eac7-4616-87ad-86acfe69d5e9","E32076AE4336468D9628DE787A14FDA1","HARV_021.mammalGrid.mam","D01","HARV","HARV_021","2016-08-02","2016-08-02","NEON.DOC.000481vH",,
"701b8bd9-d129-432f-8e11-f552384387e2","C484C2B0BFF9448FBE628C93131D999A","HARV_023.mammalGrid.mam","D01","HARV","HARV_023","2016-08-02","2016-08-02","NEON.DOC.000481vH",,
"55cd1a56-f3cb-45ba-bd02-fea68d55ac2b","27EC622EC0AB4A14A79518284EBA5B5A","HARV_008.mammalGrid.mam","D01","HARV","HARV_008","2016-08-02","2016-08-02","NEON.DOC.000481vH",,
"c349a75e-bd83-43cf-b48a-8210361fca7f","1A4D61C4F69F4538A56FFB2B15DEC2D4","HARV_008.mammalGrid.mam","D01","HARV","HARV_008","2016-08-03","2016-08-03","NEON.DOC.000481vH",,
"05e5a4fe-0b41-48b0-9aea-28d5e55681cf","3FF210277AAD473EA129B5AC22AFA1DA","HARV_023.mammalGrid.mam","D01","HARV","HARV_023","2016-08-03","2016-08-03","NEON.DOC.000481vH",,
"09169e7a-83e1-4ae5-a377-d87be0d77036","22795EFCE77441158D4E32001A0FEE8D","HARV_032.mammalGrid.mam","D01","HARV","HARV_032","2016-08-04","2016-08-04","NEON.DOC.000481vH",,
"f561cae4-d616-4976-8087-10e415b358d1","DA77EEA45E904DA3A4A93E44311DE22C","HARV_014.mammalGrid.mam","D01","HARV","HARV_014","2016-08-04","2016-08-04","NEON.DOC.000481vH",,
"9b5c5b7c-56e9-4db2-8cc7-eb5fc83c4f4e","89A2F73D6386483591B03D246A057FC8","HARV_006.mammalGrid.mam","D01","HARV","HARV_006","2016-08-04","2016-08-04","NEON.DOC.000481vH",,
"8498670f-3c6a-4fa9-85c2-182ff6f7ca6f","E6E18125D15141A88ACE55976A9130BD","HARV_010.mammalGrid.mam","D01","HARV","HARV_010","2016-08-05","2016-08-05","NEON.DOC.000481vH",,
"91783836-a94c-4c55-bce9-5aa3deb21ce6","F3789977D85143E9909E15530E35A63B","HARV_001.mammalGrid.mam","D01","HARV","HARV_001","2016-08-05","2016-08-05","NEON.DOC.000481vH",,
"69acad65-bc14-435f-809d-874ae08c936a","E1DBBB85AF3E40FC97E0461508A70365","HARV_008.mammalGrid.mam","D01","HARV","HARV_008","2016-08-29","2016-08-29","NEON.DOC.000481vH",,
"fe2cf115-2d73-4961-a651-801f89d2898c","C088F2E04DDA4532A469E7E1561C3E00","HARV_023.mammalGrid.mam","D01","HARV","HARV_023","2016-08-29","2016-08-29","NEON.DOC.000481vD",,
"7a64edb7-e284-4ee6-b7df-bdb4ed656c54","5814A09880A94277B7A79109568A3EEE","HARV_021.mammalGrid.mam","D01","HARV","HARV_021","2016-08-29","2016-08-29","NEON.DOC.000481vH",,
"a62b1ad6-7de6-4f3e-9f4d-7d67e7bf0d47","A2F6C83BC2654CB8B467094A9776115E","HARV_023.mammalGrid.mam","D01","HARV","HARV_023","2016-08-30","2016-08-30","NEON.DOC.000481vH",,
"6d8102e3-e205-4f41-b928-4e357792b64d","31D45BE480FB4C919BAC3B659D0E4328","HARV_008.mammalGrid.mam","D01","HARV","HARV_008","2016-08-30","2016-08-30","NEON.DOC.000481vD",,
"2d5c63b5-2273-4049-bd1a-2304d1834df4","747D023CCD5F4980B84567447EEEBC24","HARV_021.mammalGrid.mam","D01","HARV","HARV_021","2016-08-30","2016-08-30","NEON.DOC.000481vH",,
"aa5b87a7-c7a4-4090-a51d-8e52d3ba93ac","31B903BF52B04379B18164D93084B01D","HARV_008.mammalGrid.mam","D01","HARV","HARV_008","2016-08-31","2016-08-31","NEON.DOC.000481vH",,
"d52b31da-118e-43c4-a6b2-2f78b2bd0497","1506DEE6CB274A319A46A2BC0696744D","HARV_023.mammalGrid.mam","D01","HARV","HARV_023","2016-08-31","2016-08-31","NEON.DOC.000481vH",,
"5d60979f-af2d-4e71-859d-fc6a750ebccd","A4704C46C4734A8C9045399359D925A4","HARV_021.mammalGrid.mam","D01","HARV","HARV_021","2016-08-31","2016-08-31","NEON.DOC.000481vH",,
