uid,nightuid,namedLocation,domainID,siteID,plotID,collectDate,endDate,samplingProtocolVersion,remarks,dataQF
"439bcef2-f54b-4e47-a67e-a085cce66ad5","79E38D15FD034634B0B18DCF3B82EF46","CPER_005.mammalGrid.mam","D10","CPER","CPER_005","2016-06-01","2016-06-01","NEON.DOC.000481vG",,
"8474cfe2-0887-4c12-af49-26684269b3fe","9863D6E0005A432BAA9820DDE555DE67","CPER_015.mammalGrid.mam","D10","CPER","CPER_015","2016-06-01","2016-06-01","NEON.DOC.000481vG",,
"86ff8024-4c3e-40cd-9a6c-29ebf6db3379","869E1F09CB59400AAA5020DFF8A1D596","CPER_011.mammalGrid.mam","D10","CPER","CPER_011","2016-06-01","2016-06-01","NEON.DOC.000481vG",,
"d3f254f6-545b-4757-a1d9-917b580c06de","B39AF579B98345A79FB4ECA4311894FE","CPER_006.mammalGrid.mam","D10","CPER","CPER_006","2016-06-01","2016-06-01","NEON.DOC.000481vG",,
"10cf2fa4-d67a-4731-8a51-5ca756f9b366","CE02B5DF5C034900ACD6AB1F54FFD689","CPER_002.mammalGrid.mam","D10","CPER","CPER_002","2016-06-02","2016-06-02","NEON.DOC.000481vG",,
"e43f1640-3cd2-432d-a4b8-f09f2003e8d5","2376320A5055490B92051B88CA69B174","CPER_005.mammalGrid.mam","D10","CPER","CPER_005","2016-06-02","2016-06-02","NEON.DOC.000481vG",,
"87c7fee2-28cc-4952-a80b-feac33733935","D6649C5EDAC64098A31747FD4E112B02","CPER_015.mammalGrid.mam","D10","CPER","CPER_015","2016-06-02","2016-06-02","NEON.DOC.000481vG",,
"4e0b06c5-7688-472a-9b3c-656abc8f6638","AA04869160CF4A639008C3E37117C769","CPER_009.mammalGrid.mam","D10","CPER","CPER_009","2016-06-02","2016-06-02","NEON.DOC.000481vG",,
"30208d9e-5706-4b66-bcb9-ae2c9f150e2a","F5670D511690450089468DBADF2D77E4","CPER_011.mammalGrid.mam","D10","CPER","CPER_011","2016-06-02","2016-06-02","NEON.DOC.000481vG",,
"ffedad31-ff75-4383-9131-f02d36bbfc65","D51B680CDCAA43D8A94EED66FA7317BA","CPER_008.mammalGrid.mam","D10","CPER","CPER_008","2016-06-02","2016-06-02","NEON.DOC.000481vG",,
"b69c5f4d-93ac-46ea-8aa1-0a4f55b5fb1f","E491909274B0474288F7F6A0701BE232","CPER_015.mammalGrid.mam","D10","CPER","CPER_015","2016-06-03","2016-06-03","NEON.DOC.000481vG",,
"17e66815-d69f-4681-b12f-f60c75df9300","2FAB67A23B4C44EBA8D134A12ADA4845","CPER_005.mammalGrid.mam","D10","CPER","CPER_005","2016-06-03","2016-06-03","NEON.DOC.000481vG",,
"01ef45a5-180d-473b-85aa-ac3e8bab9328","53F342B6D3D7444F9F634599DE85D4A9","CPER_011.mammalGrid.mam","D10","CPER","CPER_011","2016-06-03","2016-06-03","NEON.DOC.000481vG",,
"45a58ce3-2910-4fee-ad8e-4ad81ee0f603","777AC17D2220494391563EC19A7F9637","CPER_004.mammalGrid.mam","D10","CPER","CPER_004","2016-06-03","2016-06-03","NEON.DOC.000481vG",,
"8c1ec0eb-7840-419c-9130-84d8314b411f","33B442502F9640469B34024F9B0F307B","CPER_009.mammalGrid.mam","D10","CPER","CPER_009","2016-06-28","2016-06-28","NEON.DOC.000481vH",,
"aa85f543-92c7-4463-a333-27911f874b08","9D267DD170ED4409A7684E94B4F59C36","CPER_006.mammalGrid.mam","D10","CPER","CPER_006","2016-06-28","2016-06-28","NEON.DOC.000481vH",,
"e26ba1fb-8154-418c-8e38-9f0f13c57023","A6078E5D45C74749BBD988B1FCC5849D","CPER_011.mammalGrid.mam","D10","CPER","CPER_011","2016-06-28","2016-06-28","NEON.DOC.000481vH",,
"a55d4702-300c-4e1b-bc02-93661d0a216a","D9B51EB4436A45EF827B018D776BE492","CPER_015.mammalGrid.mam","D10","CPER","CPER_015","2016-06-28","2016-06-28","NEON.DOC.000481vH",,
"1a064e60-e133-440f-883a-5c398b5bd9f4","5D7D9D881EC243E995B3F7FF5DA51B87","CPER_005.mammalGrid.mam","D10","CPER","CPER_005","2016-06-28","2016-06-28","NEON.DOC.000481vH",,
"c815f1c3-06f2-4b6c-95c4-fec3c7049797","CE8F140E393B4A2D8D86EDF933C72C2A","CPER_011.mammalGrid.mam","D10","CPER","CPER_011","2016-06-29","2016-06-29","NEON.DOC.000481vH",,
"52a687c7-7667-4508-bd75-74d9c331602d","760CA1F824F14C17B3B4185DFD94942A","CPER_015.mammalGrid.mam","D10","CPER","CPER_015","2016-06-29","2016-06-29","NEON.DOC.000481vH",,
"0132bc98-7925-4c86-8f3f-d5758f93a9be","927ACF10DCA343E2B67078577DF3D890","CPER_008.mammalGrid.mam","D10","CPER","CPER_008","2016-06-29","2016-06-29","NEON.DOC.000481vH",,
"56e0c267-ccd0-4b8c-b178-1ff9839ab824","80D73B4EF2824AF183FF2F54B21920C5","CPER_002.mammalGrid.mam","D10","CPER","CPER_002","2016-06-29","2016-06-29","NEON.DOC.000481vH",,
"ba5e4992-4572-4391-bfca-f456bbfbe6a0","2AEF04F0F6DF4B1B8AF56C13BA198B68","CPER_005.mammalGrid.mam","D10","CPER","CPER_005","2016-06-29","2016-06-29","NEON.DOC.000481vH",,
"561aba8a-2c56-499f-a8cf-2bef91d1ab6c","03B660335A9743F5BB079FE175EF4358","CPER_015.mammalGrid.mam","D10","CPER","CPER_015","2016-06-30","2016-06-30","NEON.DOC.000481vH",,
"025e492f-becc-4a23-b66f-825711f5e8e0","5D0336348A3C4C84896468807CC0CB82","CPER_004.mammalGrid.mam","D10","CPER","CPER_004","2016-06-30","2016-06-30","NEON.DOC.000481vH",,
"3aaca2c9-0587-477f-83dd-31d6c7513b87","7D4CE0F9307948A9AC03F73D5D83ADF9","CPER_011.mammalGrid.mam","D10","CPER","CPER_011","2016-06-30","2016-06-30","NEON.DOC.000481vH",,
"34f40fae-5111-4e7a-b197-c356c0af5bbb","5174B1EDD0A6440FBC3C89E643C8F598","CPER_005.mammalGrid.mam","D10","CPER","CPER_005","2016-06-30","2016-06-30","NEON.DOC.000481vH",,
