uid,nightuid,namedLocation,domainID,siteID,plotID,collectDate,endDate,samplingProtocolVersion,remarks,dataQF
"4fae5f6d-4579-4af6-98a4-58188421acce","d46604e9-5995-4ca7-ac50-19567d7738be","GRSM_014.mammalGrid.mam","D07","GRSM","GRSM_014","2017-09-19","2017-09-19","NEON.DOC.000481vJ",,
"33abddac-25ad-46b3-8783-c46309cb0c1e","8f094c7c-b211-4fbe-86d5-6f36e8c947df","GRSM_069.mammalGrid.mam","D07","GRSM","GRSM_069","2017-09-19","2017-09-19","NEON.DOC.000481vJ",,
"037026ce-e2ad-461b-8850-8a20fdd62bba","07226ce9-a6af-40fb-964e-347217ec1d00","GRSM_020.mammalGrid.mam","D07","GRSM","GRSM_020","2017-09-19","2017-09-19","NEON.DOC.000481vJ",,
"a9b3e31a-de2a-49ab-9774-e56125055dca","e1d85803-5f94-4ff9-9388-84424d23d619","GRSM_013.mammalGrid.mam","D07","GRSM","GRSM_013","2017-09-19","2017-09-19","NEON.DOC.000481vJ",,
"a4e7dbd4-2d0b-4089-98f8-fca454325908","6d5fda0f-d1a1-4571-b7d2-02284c2143f2","GRSM_033.mammalGrid.mam","D07","GRSM","GRSM_033","2017-09-20","2017-09-20","NEON.DOC.000481vJ","A few bear disturbed traps",
"2faf7e65-b82c-4d84-97fb-579e1362fd6a","b4244674-1345-4653-aaea-306b37cb7192","GRSM_020.mammalGrid.mam","D07","GRSM","GRSM_020","2017-09-20","2017-09-20","NEON.DOC.000481vJ",,
"8ceeb22e-f5d2-477c-9f72-667e292c4bc4","f615ca14-6c5a-4612-9eec-c5f8195a9d2c","GRSM_014.mammalGrid.mam","D07","GRSM","GRSM_014","2017-09-20","2017-09-20","NEON.DOC.000481vJ",,
"4c07a079-502d-4a04-9139-4e49cbf1c76e","00b28762-3bd7-43aa-9d4d-449aa4a9f9e2","GRSM_069.mammalGrid.mam","D07","GRSM","GRSM_069","2017-09-20","2017-09-20","NEON.DOC.000481vJ",,
"05140601-4fc0-43c6-aead-29d09590e55c","eff81895-6108-45b9-b63b-ac072f5ccddc","GRSM_014.mammalGrid.mam","D07","GRSM","GRSM_014","2017-09-21","2017-09-21","NEON.DOC.000481vJ",,
"0fc132a0-38d5-4001-83f3-5956c4b38f9e","01be3cd6-4318-4fc1-9eca-cbcce17fb77c","GRSM_020.mammalGrid.mam","D07","GRSM","GRSM_020","2017-09-21","2017-09-21","NEON.DOC.000481vJ",,
"be18b1c7-2cc3-40bd-9399-b4ed8ca0287f","17b4a03f-328d-419f-b5de-67bd779ccd12","GRSM_015.mammalGrid.mam","D07","GRSM","GRSM_015","2017-09-21","2017-09-21","NEON.DOC.000481vJ",,
