uid,nightuid,namedLocation,domainID,siteID,plotID,collectDate,endDate,samplingProtocolVersion,remarks,dataQF
"8a406b94-d8f3-467d-9b1e-bccc78284bf0","3548f514-ab71-455e-b0b4-d06500053ceb","WREF_007.mammalGrid.mam","D16","WREF","WREF_007","2018-07-15","2018-07-15","NEON.DOC.000481vK",,
"e4deb2b2-8690-4360-ac9a-1a4f8969e326","9abf4877-7191-46b1-b3e9-a22ae759dd21","WREF_004.mammalGrid.mam","D16","WREF","WREF_004","2018-07-15","2018-07-15","NEON.DOC.000481vK",,
"9d672fdb-8b6e-4a01-b55a-36d46637211c","da1b2d71-a52e-4e55-a974-adef8625b1e5","WREF_005.mammalGrid.mam","D16","WREF","WREF_005","2018-07-16","2018-07-16","NEON.DOC.000481vK",,
"76d98727-ae01-4d79-8e0f-4eefabbe3bc0","f1776478-6c12-4d93-98ff-db3d987d038e","WREF_011.mammalGrid.mam","D16","WREF","WREF_011","2018-07-16","2018-07-16","NEON.DOC.000481vK",,
"a8994c02-98a4-453b-84bb-62d9f567d724","07ec6e9c-d5ae-4068-80bf-efc339be8eee","WREF_001.mammalGrid.mam","D16","WREF","WREF_001","2018-07-16","2018-07-16","NEON.DOC.000481vK",,
"fd41f042-5bdf-4527-ace5-6f47d71bd0f9","67586b90-8669-404e-962b-3a5e36e82289","WREF_012.mammalGrid.mam","D16","WREF","WREF_012","2018-07-17","2018-07-17","NEON.DOC.000481vK",,
"7a71028d-10f8-4d79-9a52-a7b23f84d8f5","f76b6d32-d1f0-4334-8ac0-9449ed735d9e","WREF_003.mammalGrid.mam","D16","WREF","WREF_003","2018-07-17","2018-07-17","NEON.DOC.000481vK",,
"f6006eaf-3a27-4e8c-8afd-0adcaf09dfac","bf6eb8aa-510f-4198-9694-1f321b599598","WREF_011.mammalGrid.mam","D16","WREF","WREF_011","2018-07-17","2018-07-17","NEON.DOC.000481vK",,
"201f2314-341a-4213-85dc-0338a44f59b6","f18aaef0-cf2d-4517-93ee-be9f7260b39d","WREF_012.mammalGrid.mam","D16","WREF","WREF_012","2018-07-18","2018-07-18","NEON.DOC.000481vK",,
"3f977355-bafe-4c84-9674-efce68a0ce4f","41a31b66-15c7-4849-9ccf-ca04e084814b","WREF_003.mammalGrid.mam","D16","WREF","WREF_003","2018-07-18","2018-07-18","NEON.DOC.000481vK",,
"64a112d6-2cf7-4d6f-b8bd-8567d3f67bfc","0d09109f-df48-48cf-b63f-0509a750f22d","WREF_011.mammalGrid.mam","D16","WREF","WREF_011","2018-07-18","2018-07-18","NEON.DOC.000481vK",,
"ad875d15-1082-4ee5-9ef6-01fa21f0612e","a53a0f81-df53-4739-a9f3-89d7d9e52d8c","WREF_010.mammalGrid.mam","D16","WREF","WREF_010","2018-07-18","2018-07-18","NEON.DOC.000481vK",,
"ee976efe-9bb5-47ec-9fe1-1bbe82a9f7c3","1b6c1e16-2ce8-4512-b459-c295feb535b6","WREF_003.mammalGrid.mam","D16","WREF","WREF_003","2018-07-19","2018-07-19","NEON.DOC.000481vK",,
"a1adced3-0f11-4469-abcf-22d1d8fff8f6","04eed2d5-9031-4634-a594-77d7330af81e","WREF_012.mammalGrid.mam","D16","WREF","WREF_012","2018-07-19","2018-07-19","NEON.DOC.000481vK",,
