uid,nightuid,namedLocation,domainID,siteID,plotID,collectDate,endDate,samplingProtocolVersion,remarks,dataQF
"aa20dba6-2c55-4840-908d-32be4e5b6b96","c777c786-79bb-45cd-b290-743d65cbd8fc","GRSM_014.mammalGrid.mam","D07","GRSM","GRSM_014","2018-05-15","2018-05-15","NEON.DOC.000481vK",,
"53bec6f2-25f5-4bc4-a106-a6d1e9e34272","1a32e4e8-03a4-46b2-8d5b-0628aed996a9","GRSM_069.mammalGrid.mam","D07","GRSM","GRSM_069","2018-05-15","2018-05-15","NEON.DOC.000481vK",,
"dd4fa459-309c-407f-89be-b58f7ae5e2f6","77ba464b-bc4a-47a5-84a2-580966e6e21a","GRSM_020.mammalGrid.mam","D07","GRSM","GRSM_020","2018-05-15","2018-05-15","NEON.DOC.000481vK",,
"5c43f312-519f-4ad2-b79a-a3281f476699","04fbc4cb-ed9d-4559-bb34-73813f5c4696","GRSM_070.mammalGrid.mam","D07","GRSM","GRSM_070","2018-05-15","2018-05-15","NEON.DOC.000481vK",,
"d57f7756-3794-4aa8-83fa-92bcd21ce0fe","8b3c8ecd-5f40-4c44-a050-9d1b4ac75c7a","GRSM_014.mammalGrid.mam","D07","GRSM","GRSM_014","2018-05-16","2018-05-16","NEON.DOC.000481vK",,
"8701e0ec-e667-40f8-9aef-241dd6e879b0","20c34abf-e87d-420b-a656-2a9237a89a91","GRSM_069.mammalGrid.mam","D07","GRSM","GRSM_069","2018-05-16","2018-05-16","NEON.DOC.000481vK",,
"9f8fb748-17c5-484a-a347-2c09bc4c0a05","a1f69b8d-e946-4fbb-819c-bbc7b24f1caa","GRSM_033.mammalGrid.mam","D07","GRSM","GRSM_033","2018-05-16","2018-05-16","NEON.DOC.000481vK",,
"5e9116c1-6bd5-4fe2-bc65-7322239e4001","c1775ee8-8733-44a1-833a-4e0eca55b775","GRSM_020.mammalGrid.mam","D07","GRSM","GRSM_020","2018-05-16","2018-05-16","NEON.DOC.000481vK",,
"daa210c8-5966-40c6-89c2-a5b4198bde3b","6cebff4a-5792-4cb6-9685-24065c69bfe2","GRSM_020.mammalGrid.mam","D07","GRSM","GRSM_020","2018-05-17","2018-05-17","NEON.DOC.000481vK",,
"968d79a6-14df-4b01-a6f6-4e80b46b6c41","6a37f383-2403-4a91-b444-590a77a48b9c","GRSM_014.mammalGrid.mam","D07","GRSM","GRSM_014","2018-05-17","2018-05-17","NEON.DOC.000481vK",,
"944f4f72-49d3-495f-aefe-a74bcf687b74","6ea1b90e-18ed-42c7-bd86-a116c62f8d2b","GRSM_015.mammalGrid.mam","D07","GRSM","GRSM_015","2018-05-17","2018-05-17","NEON.DOC.000481vK",,
