uid,nightuid,namedLocation,domainID,siteID,plotID,collectDate,endDate,samplingProtocolVersion,remarks,dataQF
"04788520-c798-4c73-9c07-f91f63280a91","1e1c34c1-34d8-4fdf-96a3-c1e6ec5c8076","CPER_015.mammalGrid.mam","D10","CPER","CPER_015","2017-06-19","2017-06-19","NEON.DOC.000481vJ",,
"c9d0fc67-51d9-4dff-bcba-bd94f18d8b42","cf20b04c-d5ad-440f-bc21-ee8dbb609944","CPER_009.mammalGrid.mam","D10","CPER","CPER_009","2017-06-19","2017-06-19","NEON.DOC.000481vJ",,
"6533e35b-5eef-4365-a768-45287e139d2d","f7cc2ded-f388-4f46-ad9a-d6a23c30f209","CPER_011.mammalGrid.mam","D10","CPER","CPER_011","2017-06-19","2017-06-19","NEON.DOC.000481vJ",,
"33d7b363-8453-4b28-b180-8e3d9a6a9882","1e3af092-c7c0-43b3-ad70-bc2e7c8b5bd6","CPER_006.mammalGrid.mam","D10","CPER","CPER_006","2017-06-19","2017-06-19","NEON.DOC.000481vJ","Traps disturbed",
"6f5e8ef6-56d9-468a-879e-1b1b5599e7a7","71d46a22-e19e-465b-9e84-6b024f6f8775","CPER_005.mammalGrid.mam","D10","CPER","CPER_005","2017-06-19","2017-06-19","NEON.DOC.000481vJ",,
"88b0d95e-36a4-47e6-97f0-cfd74e57acc3","6cdcaa90-be1a-450b-9a69-cb6ce754f0df","CPER_002.mammalGrid.mam","D10","CPER","CPER_002","2017-06-20","2017-06-20","NEON.DOC.000481vJ",,
"9dcc0202-343e-4803-bc65-57a6e4e0f33a","2b7fece6-7e1a-4970-a465-bb20a2afcb7b","CPER_005.mammalGrid.mam","D10","CPER","CPER_005","2017-06-20","2017-06-20","NEON.DOC.000481vJ",,
"8a9a2d06-4109-408e-8ce0-f88ac950b5a1","8ccb8678-2b34-4329-bac4-2fedd5f81d67","CPER_008.mammalGrid.mam","D10","CPER","CPER_008","2017-06-20","2017-06-20","NEON.DOC.000481vJ",,
"7f54e429-7f0f-46d8-9f85-3578af962c80","e03fe73f-0e33-46da-9bd1-2cb1ab8ff945","CPER_015.mammalGrid.mam","D10","CPER","CPER_015","2017-06-20","2017-06-20","NEON.DOC.000481vJ",,
"e20b34ea-63d8-4db2-888a-780aa5c016b8","91274d60-accf-461b-bf1c-c372f25c4d54","CPER_011.mammalGrid.mam","D10","CPER","CPER_011","2017-06-20","2017-06-20","NEON.DOC.000481vJ",,
"8631f692-afc7-4851-bd00-5df007975406","8284c9ca-aa6d-4c3c-bfae-c184909a369c","CPER_005.mammalGrid.mam","D10","CPER","CPER_005","2017-06-21","2017-06-21","NEON.DOC.000481vJ",,
"f1a531bc-ebc8-4697-a79d-888d0dcb65bd","b06ce6d5-de1a-4497-a7b5-e8aa0a9df3c1","CPER_015.mammalGrid.mam","D10","CPER","CPER_015","2017-06-21","2017-06-21","NEON.DOC.000481vJ",,
"a13b7611-956b-42ac-a5f2-3ed9fcf125ee","0f388980-17cc-4e82-9196-095b39e54340","CPER_011.mammalGrid.mam","D10","CPER","CPER_011","2017-06-21","2017-06-21","NEON.DOC.000481vJ",,
"d909cbd1-fbb6-40d1-99e6-790c6ea5fee7","6486b0fd-4739-4f45-91e1-05886a4f880a","CPER_004.mammalGrid.mam","D10","CPER","CPER_004","2017-06-21","2017-06-21","NEON.DOC.000481vJ",,
