uid,nightuid,namedLocation,domainID,siteID,plotID,collectDate,endDate,samplingProtocolVersion,remarks,dataQF
"a8f11569-72e4-4f7d-88af-79748e31e195","fe644e00-d9b3-48cc-9936-d09b0e6cfcc0","MLBS_004.mammalGrid.mam","D07","MLBS","MLBS_004","2018-07-17","2018-07-17","NEON.DOC.000481vK",,
"b3924610-b946-4cf9-b606-f6af5cd24c59","85c9dea2-6ac7-4b23-bd68-e46f30a2b13a","MLBS_006.mammalGrid.mam","D07","MLBS","MLBS_006","2018-07-17","2018-07-17","NEON.DOC.000481vK",,
"c0aa2dbd-1a66-4593-8da2-17d55d637259","094c5c55-5340-4d5f-a4f1-92de6254f9a3","MLBS_008.mammalGrid.mam","D07","MLBS","MLBS_008","2018-07-17","2018-07-17","NEON.DOC.000481vK",,
"5ce25a36-1bea-42eb-8cbc-5340b80214dd","5db9bd38-e1e6-4d68-92d0-b792dab8e2ed","MLBS_003.mammalGrid.mam","D07","MLBS","MLBS_003","2018-07-17","2018-07-17","NEON.DOC.000481vK",,
"dfb853e4-71da-49ef-8b14-bf6e2ad33088","f05c6fc9-92a2-4828-bd96-9a79c73622b7","MLBS_002.mammalGrid.mam","D07","MLBS","MLBS_002","2018-07-18","2018-07-18","NEON.DOC.000481vK",,
"8ccad49c-64e5-4a5b-99ff-670c745c18e2","1f35f8ea-2712-480b-b1b8-bf92f05cd8d7","MLBS_006.mammalGrid.mam","D07","MLBS","MLBS_006","2018-07-18","2018-07-18","NEON.DOC.000481vK",,
"fe79bbca-cc85-4627-bbc5-59557376844b","e8d8bbef-60b1-4d5f-ad6f-a1638b0273a1","MLBS_003.mammalGrid.mam","D07","MLBS","MLBS_003","2018-07-18","2018-07-18","NEON.DOC.000481vK",,
"65a5e733-52dc-4bee-88e8-829e46900d9c","1eee7f9b-dbfd-43de-9919-064608be9bdf","MLBS_008.mammalGrid.mam","D07","MLBS","MLBS_008","2018-07-18","2018-07-18","NEON.DOC.000481vK",,
"2e021b5b-dbab-4007-8900-4cfc4be31e5f","74f139c5-ca39-4971-bb2e-c7980efe977c","MLBS_003.mammalGrid.mam","D07","MLBS","MLBS_003","2018-07-19","2018-07-19","NEON.DOC.000481vK",,
"ab9be51d-a32f-4f25-b875-b711fe91bf13","3b9472bc-4073-4e58-9689-8e290b72b57c","MLBS_009.mammalGrid.mam","D07","MLBS","MLBS_009","2018-07-19","2018-07-19","NEON.DOC.000481vK",,
"8983a75d-b29e-4761-8d2b-f9f4bc5cf2d3","c097d087-a1ce-443a-b6b6-6256a28416e5","MLBS_006.mammalGrid.mam","D07","MLBS","MLBS_006","2018-07-19","2018-07-19","NEON.DOC.000481vK",,
"682040fc-078e-477d-a2cb-7ab1993b9e17","41d72839-dc3e-4c8a-8278-8b42d6473551","MLBS_008.mammalGrid.mam","D07","MLBS","MLBS_008","2018-07-19","2018-07-19","NEON.DOC.000481vK",,
