uid,nightuid,namedLocation,domainID,siteID,plotID,collectDate,endDate,samplingProtocolVersion,remarks,dataQF
"b3c078d3-4955-4a92-8c77-d5b0bf1b58ab","8D391F224B0A43E7B4AADB11E8CE9293","GUAN_007.mammalGrid.mam","D04","GUAN","GUAN_007","2016-12-01","2016-12-01","NEON.DOC.000481vH",,
"e5e72fae-640d-478f-9346-a1bb9ad3a0cf","FC8C9B84ECEB4268B3AE90BCD425DD47","GUAN_025.mammalGrid.mam","D04","GUAN","GUAN_025","2016-12-01","2016-12-01","NEON.DOC.000481vH",,
"5873bc26-a8ce-4129-831e-6695ca9dacf2","E381F8B8E8AA4E70AE0041929873BD81","GUAN_003.mammalGrid.mam","D04","GUAN","GUAN_003","2016-12-01","2016-12-01","NEON.DOC.000481vH",,
"95a83d81-3328-4f56-a897-6acd0dd797ce","BF37A273CE504EBA8200FD5D2F11F27D","GUAN_005.mammalGrid.mam","D04","GUAN","GUAN_005","2016-12-02","2016-12-02","NEON.DOC.000481vH",,
"73ed93c1-3901-4cde-9775-a70dec08e031","4E4592CF7394431581E04C9360AC2996","GUAN_004.mammalGrid.mam","D04","GUAN","GUAN_004","2016-12-02","2016-12-02","NEON.DOC.000481vH","No captures in this plot",
"36697726-5099-4733-a5d7-ca05b28d7908","59E05585A54F4B36A52919EB14E9DA73","GUAN_002.mammalGrid.mam","D04","GUAN","GUAN_002","2016-12-02","2016-12-02","NEON.DOC.000481vH",,
