uid,nightuid,namedLocation,domainID,siteID,plotID,trapCoordinate,plotType,nlcdClass,decimalLatitude,decimalLongitude,geodeticDatum,coordinateUncertainty,elevation,elevationUncertainty,trapStatus,trapType,collectDate,endDate,tagID,individualCode,taxonID,scientificName,taxonRank,identificationQualifier,identificationReferences,nativeStatusCode,sex,recapture,fate,replacedTag,lifeStage,testes,nipples,pregnancyStatus,vagina,hindfootLength,earLength,tailLength,totalLength,weight,larvalTicksAttached,nymphalTicksAttached,adultTicksAttached,bloodSampleID,bloodSampleBarcode,bloodSampleMethod,fecalSampleID,fecalSampleBarcode,fecalSampleCondition,earSampleID,earSampleBarcode,hairSampleID,hairSampleBarcode,hairSampleContents,voucherSampleID,voucherSampleBarcode,measuredBy,recordedBy,remarks,dataQF
"73708915-ae46-4864-bd5a-02ba580670ce","9D95C76425174D37A6EC77F62597EB07","OSBS_003.mammalGrid.mam","D03","OSBS","OSBS_003","E2","distributed","evergreenForest",29.695764,-81.946187,"WGS84",45.2,34.3,0.6,"6 - trap set and empty",,"2015-04-14","2015-04-14",,,,,,,,,,,,,,,,,,,,,,,,,,,,,,,,,,,,,,,"bzale@field-ops.org","echartrand@field-ops.org",,
"b0aeb97d-19b1-494f-b3e5-1f4e840ec291","9D95C76425174D37A6EC77F62597EB07","OSBS_003.mammalGrid.mam","D03","OSBS","OSBS_003","G9","distributed","evergreenForest",29.695764,-81.946187,"WGS84",45.2,34.3,0.6,"6 - trap set and empty",,"2015-04-14","2015-04-14",,,,,,,,,,,,,,,,,,,,,,,,,,,,,,,,,,,,,,,"bzale@field-ops.org","echartrand@field-ops.org",,
"ca797335-2db0-4d4c-a916-1a4625beaa46","9D95C76425174D37A6EC77F62597EB07","OSBS_003.mammalGrid.mam","D03","OSBS","OSBS_003","G4","distributed","evergreenForest",29.695764,-81.946187,"WGS84",45.2,34.3,0.6,"6 - trap set and empty",,"2015-04-14","2015-04-14",,,,,,,,,,,,,,,,,,,,,,,,,,,,,,,,,,,,,,,"bzale@field-ops.org","echartrand@field-ops.org",,
"3ded062c-7a9e-493f-b854-7ab1c6663234","9D95C76425174D37A6EC77F62597EB07","OSBS_003.mammalGrid.mam","D03","OSBS","OSBS_003","H6","distributed","evergreenForest",29.695764,-81.946187,"WGS84",45.2,34.3,0.6,"5 - capture",,"2015-04-14","2015-04-14","NEON.MAM.D03.R1255",,"CRSP","Cricetidae sp.","family",,"Peterson Field Guide to Mammals of North America. 4th Ed. Houghton Mifflin Company, New York, NY","N","M","N",,,"adult","scrotal",,"not",,23,,,,28,,,,,,,,,,,,,,,,,"bzale@field-ops.org","echartrand@field-ops.org",,
"67853a7d-c28f-4336-8741-31e1228b97cc","9D95C76425174D37A6EC77F62597EB07","OSBS_003.mammalGrid.mam","D03","OSBS","OSBS_003","E1","distributed","evergreenForest",29.695764,-81.946187,"WGS84",45.2,34.3,0.6,"6 - trap set and empty",,"2015-04-14","2015-04-14",,,,,,,,,,,,,,,,,,,,,,,,,,,,,,,,,,,,,,,"bzale@field-ops.org","echartrand@field-ops.org",,
"ba30ca36-8464-4587-961e-c34212cb9b68","9D95C76425174D37A6EC77F62597EB07","OSBS_003.mammalGrid.mam","D03","OSBS","OSBS_003","A3","distributed","evergreenForest",29.695764,-81.946187,"WGS84",45.2,34.3,0.6,"5 - capture",,"2015-04-14","2015-04-14","NEON.MAM.D03.R1113",,"CRSP","Cricetidae sp.","family",,"Peterson Field Guide to Mammals of North America. 4th Ed. Houghton Mifflin Company, New York, NY","N","F","N",,,,,"nonenlarged","not","neither",23,,,,34,,,,,,,,,,,,,,,,,"bzale@field-ops.org","echartrand@field-ops.org",,
"14020b20-0621-4dd0-a35b-058ad4abf526","9D95C76425174D37A6EC77F62597EB07","OSBS_003.mammalGrid.mam","D03","OSBS","OSBS_003","J8","distributed","evergreenForest",29.695764,-81.946187,"WGS84",45.2,34.3,0.6,"6 - trap set and empty",,"2015-04-14","2015-04-14",,,,,,,,,,,,,,,,,,,,,,,,,,,,,,,,,,,,,,,"bzale@field-ops.org","echartrand@field-ops.org",,
"4358fdda-c93a-4d75-97ba-13dccec4dbe1","9D95C76425174D37A6EC77F62597EB07","OSBS_003.mammalGrid.mam","D03","OSBS","OSBS_003","A2","distributed","evergreenForest",29.695764,-81.946187,"WGS84",45.2,34.3,0.6,"6 - trap set and empty",,"2015-04-14","2015-04-14",,,,,,,,,,,,,,,,,,,,,,,,,,,,,,,,,,,,,,,"bzale@field-ops.org","echartrand@field-ops.org",,
"bd0bf190-17b5-44da-8c0c-a795edc6a3ec","9D95C76425174D37A6EC77F62597EB07","OSBS_003.mammalGrid.mam","D03","OSBS","OSBS_003","A7","distributed","evergreenForest",29.695764,-81.946187,"WGS84",45.2,34.3,0.6,"6 - trap set and empty",,"2015-04-14","2015-04-14",,,,,,,,,,,,,,,,,,,,,,,,,,,,,,,,,,,,,,,"bzale@field-ops.org","echartrand@field-ops.org",,
"7c808c8a-fb40-406c-8a15-c5ba272291b3","9D95C76425174D37A6EC77F62597EB07","OSBS_003.mammalGrid.mam","D03","OSBS","OSBS_003","A6","distributed","evergreenForest",29.695764,-81.946187,"WGS84",45.2,34.3,0.6,"6 - trap set and empty",,"2015-04-14","2015-04-14",,,,,,,,,,,,,,,,,,,,,,,,,,,,,,,,,,,,,,,"bzale@field-ops.org","echartrand@field-ops.org",,
"c9ca25d9-e0fe-4768-b408-a29f741cfa67","9D95C76425174D37A6EC77F62597EB07","OSBS_003.mammalGrid.mam","D03","OSBS","OSBS_003","C1","distributed","evergreenForest",29.695764,-81.946187,"WGS84",45.2,34.3,0.6,"6 - trap set and empty",,"2015-04-14","2015-04-14",,,,,,,,,,,,,,,,,,,,,,,,,,,,,,,,,,,,,,,"bzale@field-ops.org","echartrand@field-ops.org",,
"e427ffd5-9ae8-4e53-89c4-c5a3480dd348","9D95C76425174D37A6EC77F62597EB07","OSBS_003.mammalGrid.mam","D03","OSBS","OSBS_003","I6","distributed","evergreenForest",29.695764,-81.946187,"WGS84",45.2,34.3,0.6,"6 - trap set and empty",,"2015-04-14","2015-04-14",,,,,,,,,,,,,,,,,,,,,,,,,,,,,,,,,,,,,,,"bzale@field-ops.org","echartrand@field-ops.org",,
"01c2e23e-7fb5-4016-8dae-96eb331c9934","9D95C76425174D37A6EC77F62597EB07","OSBS_003.mammalGrid.mam","D03","OSBS","OSBS_003","B4","distributed","evergreenForest",29.695764,-81.946187,"WGS84",45.2,34.3,0.6,"6 - trap set and empty",,"2015-04-14","2015-04-14",,,,,,,,,,,,,,,,,,,,,,,,,,,,,,,,,,,,,,,"bzale@field-ops.org","echartrand@field-ops.org",,
"82118fa8-60e1-4167-ac18-1b90cbc93462","9D95C76425174D37A6EC77F62597EB07","OSBS_003.mammalGrid.mam","D03","OSBS","OSBS_003","H10","distributed","evergreenForest",29.695764,-81.946187,"WGS84",45.2,34.3,0.6,"6 - trap set and empty",,"2015-04-14","2015-04-14",,,,,,,,,,,,,,,,,,,,,,,,,,,,,,,,,,,,,,,"bzale@field-ops.org","echartrand@field-ops.org",,
"30fb39b6-844a-4d1b-bb0c-adc7630110a5","9D95C76425174D37A6EC77F62597EB07","OSBS_003.mammalGrid.mam","D03","OSBS","OSBS_003","F10","distributed","evergreenForest",29.695764,-81.946187,"WGS84",45.2,34.3,0.6,"5 - capture",,"2015-04-14","2015-04-14","NEON.MAM.D03.R2783",,"PEGO","Peromyscus gossypinus","species",,"Peterson Field Guide to Mammals of North America. 4th Ed. Houghton Mifflin Company, New York, NY","N","M","N",,,"adult","nonscrotal",,"not",,22,,,,27,,,,,,,,,,,,,,,,,"bzale@field-ops.org","echartrand@field-ops.org",,
"050d0b02-8a77-40ec-bbca-94eabe91cea7","9D95C76425174D37A6EC77F62597EB07","OSBS_003.mammalGrid.mam","D03","OSBS","OSBS_003","B9","distributed","evergreenForest",29.695764,-81.946187,"WGS84",45.2,34.3,0.6,"6 - trap set and empty",,"2015-04-14","2015-04-14",,,,,,,,,,,,,,,,,,,,,,,,,,,,,,,,,,,,,,,"bzale@field-ops.org","echartrand@field-ops.org",,
"3fb38ee2-796f-4c2c-84e0-83e1d2f53f65","254C0A6F9A5E4CF9A251EED6F6CAD87B","OSBS_004.mammalGrid.mam","D03","OSBS","OSBS_004","C9","distributed","evergreenForest",29.682962,-81.958186,"WGS84",45.1,34.7,0.1,"6 - trap set and empty",,"2015-04-14","2015-04-14",,,,,,,,,,,,,,,,,,,,,,,,,,,,,,,,,,,,,,,"bzale@field-ops.org","echartrand@field-ops.org",,
"149c5ac8-eaf8-487e-bf18-f57664a0e71f","254C0A6F9A5E4CF9A251EED6F6CAD87B","OSBS_004.mammalGrid.mam","D03","OSBS","OSBS_004","D5","distributed","evergreenForest",29.682962,-81.958186,"WGS84",45.1,34.7,0.1,"6 - trap set and empty",,"2015-04-14","2015-04-14",,,,,,,,,,,,,,,,,,,,,,,,,,,,,,,,,,,,,,,"bzale@field-ops.org","echartrand@field-ops.org",,
"45629140-a02f-4d7e-a168-f725eddb06ed","254C0A6F9A5E4CF9A251EED6F6CAD87B","OSBS_004.mammalGrid.mam","D03","OSBS","OSBS_004","J8","distributed","evergreenForest",29.682962,-81.958186,"WGS84",45.1,34.7,0.1,"2 - trap disturbed/door closed but empty",,"2015-04-14","2015-04-14",,,,,,,,,,,,,,,,,,,,,,,,,,,,,,,,,,,,,,,"bzale@field-ops.org","echartrand@field-ops.org",,
"5668d072-6e77-405f-9df3-dc717a90647f","254C0A6F9A5E4CF9A251EED6F6CAD87B","OSBS_004.mammalGrid.mam","D03","OSBS","OSBS_004","G1","distributed","evergreenForest",29.682962,-81.958186,"WGS84",45.1,34.7,0.1,"6 - trap set and empty",,"2015-04-14","2015-04-14",,,,,,,,,,,,,,,,,,,,,,,,,,,,,,,,,,,,,,,"bzale@field-ops.org","echartrand@field-ops.org",,
"ceae2e56-f0ec-460f-944e-2225d0f73bc7","254C0A6F9A5E4CF9A251EED6F6CAD87B","OSBS_004.mammalGrid.mam","D03","OSBS","OSBS_004","D6","distributed","evergreenForest",29.682962,-81.958186,"WGS84",45.1,34.7,0.1,"6 - trap set and empty",,"2015-04-14","2015-04-14",,,,,,,,,,,,,,,,,,,,,,,,,,,,,,,,,,,,,,,"bzale@field-ops.org","echartrand@field-ops.org",,
"1b29d8c0-5f07-4d68-aaf0-26d1485595f5","254C0A6F9A5E4CF9A251EED6F6CAD87B","OSBS_004.mammalGrid.mam","D03","OSBS","OSBS_004","C7","distributed","evergreenForest",29.682962,-81.958186,"WGS84",45.1,34.7,0.1,"6 - trap set and empty",,"2015-04-14","2015-04-14",,,,,,,,,,,,,,,,,,,,,,,,,,,,,,,,,,,,,,,"bzale@field-ops.org","echartrand@field-ops.org",,
"3aa3ea80-e44b-4067-bad3-b58ae9b9d911","254C0A6F9A5E4CF9A251EED6F6CAD87B","OSBS_004.mammalGrid.mam","D03","OSBS","OSBS_004","B5","distributed","evergreenForest",29.682962,-81.958186,"WGS84",45.1,34.7,0.1,"6 - trap set and empty",,"2015-04-14","2015-04-14",,,,,,,,,,,,,,,,,,,,,,,,,,,,,,,,,,,,,,,"bzale@field-ops.org","echartrand@field-ops.org",,
"99cb0a11-bc77-4bba-a509-e8aa340d218c","254C0A6F9A5E4CF9A251EED6F6CAD87B","OSBS_004.mammalGrid.mam","D03","OSBS","OSBS_004","F3","distributed","evergreenForest",29.682962,-81.958186,"WGS84",45.1,34.7,0.1,"6 - trap set and empty",,"2015-04-14","2015-04-14",,,,,,,,,,,,,,,,,,,,,,,,,,,,,,,,,,,,,,,"bzale@field-ops.org","echartrand@field-ops.org",,
"72233c8a-620f-4e67-917e-e2b90118fc52","254C0A6F9A5E4CF9A251EED6F6CAD87B","OSBS_004.mammalGrid.mam","D03","OSBS","OSBS_004","A4","distributed","evergreenForest",29.682962,-81.958186,"WGS84",45.1,34.7,0.1,"6 - trap set and empty",,"2015-04-14","2015-04-14",,,,,,,,,,,,,,,,,,,,,,,,,,,,,,,,,,,,,,,"bzale@field-ops.org","echartrand@field-ops.org",,
"1e0fed0c-9559-4ca2-b316-83c0447b34df","254C0A6F9A5E4CF9A251EED6F6CAD87B","OSBS_004.mammalGrid.mam","D03","OSBS","OSBS_004","H8","distributed","evergreenForest",29.682962,-81.958186,"WGS84",45.1,34.7,0.1,"6 - trap set and empty",,"2015-04-14","2015-04-14",,,,,,,,,,,,,,,,,,,,,,,,,,,,,,,,,,,,,,,"bzale@field-ops.org","echartrand@field-ops.org",,
"bdfb22e5-28c0-47b0-889b-9ea9adad9d94","254C0A6F9A5E4CF9A251EED6F6CAD87B","OSBS_004.mammalGrid.mam","D03","OSBS","OSBS_004","F4","distributed","evergreenForest",29.682962,-81.958186,"WGS84",45.1,34.7,0.1,"6 - trap set and empty",,"2015-04-14","2015-04-14",,,,,,,,,,,,,,,,,,,,,,,,,,,,,,,,,,,,,,,"bzale@field-ops.org","echartrand@field-ops.org",,
"93250139-0e31-4ca6-81c1-76913c1d9d87","254C0A6F9A5E4CF9A251EED6F6CAD87B","OSBS_004.mammalGrid.mam","D03","OSBS","OSBS_004","I5","distributed","evergreenForest",29.682962,-81.958186,"WGS84",45.1,34.7,0.1,"6 - trap set and empty",,"2015-04-14","2015-04-14",,,,,,,,,,,,,,,,,,,,,,,,,,,,,,,,,,,,,,,"bzale@field-ops.org","echartrand@field-ops.org",,
"d0d1db16-ac3e-4204-a949-365039cf0bba","254C0A6F9A5E4CF9A251EED6F6CAD87B","OSBS_004.mammalGrid.mam","D03","OSBS","OSBS_004","D8","distributed","evergreenForest",29.682962,-81.958186,"WGS84",45.1,34.7,0.1,"6 - trap set and empty",,"2015-04-14","2015-04-14",,,,,,,,,,,,,,,,,,,,,,,,,,,,,,,,,,,,,,,"bzale@field-ops.org","echartrand@field-ops.org",,
"da65adbd-4f37-4467-bdd1-a5e9ae8a0115","254C0A6F9A5E4CF9A251EED6F6CAD87B","OSBS_004.mammalGrid.mam","D03","OSBS","OSBS_004","C10","distributed","evergreenForest",29.682962,-81.958186,"WGS84",45.1,34.7,0.1,"6 - trap set and empty",,"2015-04-14","2015-04-14",,,,,,,,,,,,,,,,,,,,,,,,,,,,,,,,,,,,,,,"bzale@field-ops.org","echartrand@field-ops.org",,
"fa26df95-a9ad-42a5-a791-da45d216b636","254C0A6F9A5E4CF9A251EED6F6CAD87B","OSBS_004.mammalGrid.mam","D03","OSBS","OSBS_004","B10","distributed","evergreenForest",29.682962,-81.958186,"WGS84",45.1,34.7,0.1,"6 - trap set and empty",,"2015-04-14","2015-04-14",,,,,,,,,,,,,,,,,,,,,,,,,,,,,,,,,,,,,,,"bzale@field-ops.org","echartrand@field-ops.org",,
"7b95d37c-df0e-4253-b0ea-57a96644bdc7","254C0A6F9A5E4CF9A251EED6F6CAD87B","OSBS_004.mammalGrid.mam","D03","OSBS","OSBS_004","A3","distributed","evergreenForest",29.682962,-81.958186,"WGS84",45.1,34.7,0.1,"6 - trap set and empty",,"2015-04-14","2015-04-14",,,,,,,,,,,,,,,,,,,,,,,,,,,,,,,,,,,,,,,"bzale@field-ops.org","echartrand@field-ops.org",,
"d27fb18f-a4a4-47a8-b3f6-cf4f4a127e96","254C0A6F9A5E4CF9A251EED6F6CAD87B","OSBS_004.mammalGrid.mam","D03","OSBS","OSBS_004","A7","distributed","evergreenForest",29.682962,-81.958186,"WGS84",45.1,34.7,0.1,"6 - trap set and empty",,"2015-04-14","2015-04-14",,,,,,,,,,,,,,,,,,,,,,,,,,,,,,,,,,,,,,,"bzale@field-ops.org","echartrand@field-ops.org",,
"07ab653b-1455-44b6-b30f-bc6f84a2356c","254C0A6F9A5E4CF9A251EED6F6CAD87B","OSBS_004.mammalGrid.mam","D03","OSBS","OSBS_004","J3","distributed","evergreenForest",29.682962,-81.958186,"WGS84",45.1,34.7,0.1,"5 - capture",,"2015-04-14","2015-04-14","NEON.MAM.D03.R1265",,"CRSP","Cricetidae sp.","family",,"Peterson Field Guide to Mammals of North America. 4th Ed. Houghton Mifflin Company, New York, NY","N","M","N",,,"adult","nonscrotal",,"not",,25,,,,31,,,,,,,,,,,,,,,,,"bzale@field-ops.org","echartrand@field-ops.org",,
"403a1cdd-18a2-4143-a915-bdb723a81605","254C0A6F9A5E4CF9A251EED6F6CAD87B","OSBS_004.mammalGrid.mam","D03","OSBS","OSBS_004","A8","distributed","evergreenForest",29.682962,-81.958186,"WGS84",45.1,34.7,0.1,"6 - trap set and empty",,"2015-04-14","2015-04-14",,,,,,,,,,,,,,,,,,,,,,,,,,,,,,,,,,,,,,,"bzale@field-ops.org","echartrand@field-ops.org",,
"834db091-e007-41ca-9a60-ded04b57c022","254C0A6F9A5E4CF9A251EED6F6CAD87B","OSBS_004.mammalGrid.mam","D03","OSBS","OSBS_004","I9","distributed","evergreenForest",29.682962,-81.958186,"WGS84",45.1,34.7,0.1,"2 - trap disturbed/door closed but empty",,"2015-04-14","2015-04-14",,,,,,,,,,,,,,,,,,,,,,,,,,,,,,,,,,,,,,,"bzale@field-ops.org","echartrand@field-ops.org",,
"f831fae8-acab-4d91-abd9-3ab4c2679aff","254C0A6F9A5E4CF9A251EED6F6CAD87B","OSBS_004.mammalGrid.mam","D03","OSBS","OSBS_004","C5","distributed","evergreenForest",29.682962,-81.958186,"WGS84",45.1,34.7,0.1,"6 - trap set and empty",,"2015-04-14","2015-04-14",,,,,,,,,,,,,,,,,,,,,,,,,,,,,,,,,,,,,,,"bzale@field-ops.org","echartrand@field-ops.org",,
"b6749065-7e8f-4064-a063-ce5925109151","254C0A6F9A5E4CF9A251EED6F6CAD87B","OSBS_004.mammalGrid.mam","D03","OSBS","OSBS_004","G5","distributed","evergreenForest",29.682962,-81.958186,"WGS84",45.1,34.7,0.1,"6 - trap set and empty",,"2015-04-14","2015-04-14",,,,,,,,,,,,,,,,,,,,,,,,,,,,,,,,,,,,,,,"bzale@field-ops.org","echartrand@field-ops.org",,
"f00be3f6-4dd9-452c-a55b-1a17962ebd7d","254C0A6F9A5E4CF9A251EED6F6CAD87B","OSBS_004.mammalGrid.mam","D03","OSBS","OSBS_004","E3","distributed","evergreenForest",29.682962,-81.958186,"WGS84",45.1,34.7,0.1,"5 - capture",,"2015-04-14","2015-04-14","NEON.MAM.D03.R1121",,"CRSP","Cricetidae sp.","family",,"Peterson Field Guide to Mammals of North America. 4th Ed. Houghton Mifflin Company, New York, NY","N","F","N",,,"subadult",,"nonenlarged","not","neither",24,,,,22,,,,,,,,,,,,,,,,,"bzale@field-ops.org","echartrand@field-ops.org",,
"605cc3b2-3290-4b72-85e7-dc8e52f9965b","254C0A6F9A5E4CF9A251EED6F6CAD87B","OSBS_004.mammalGrid.mam","D03","OSBS","OSBS_004","H1","distributed","evergreenForest",29.682962,-81.958186,"WGS84",45.1,34.7,0.1,"6 - trap set and empty",,"2015-04-14","2015-04-14",,,,,,,,,,,,,,,,,,,,,,,,,,,,,,,,,,,,,,,"bzale@field-ops.org","echartrand@field-ops.org",,
"aba6cbb4-4327-4311-bafe-0db936c3916a","254C0A6F9A5E4CF9A251EED6F6CAD87B","OSBS_004.mammalGrid.mam","D03","OSBS","OSBS_004","I6","distributed","evergreenForest",29.682962,-81.958186,"WGS84",45.1,34.7,0.1,"6 - trap set and empty",,"2015-04-14","2015-04-14",,,,,,,,,,,,,,,,,,,,,,,,,,,,,,,,,,,,,,,"bzale@field-ops.org","echartrand@field-ops.org",,
"0d41076e-1c02-4fde-85b5-467e647fefa6","254C0A6F9A5E4CF9A251EED6F6CAD87B","OSBS_004.mammalGrid.mam","D03","OSBS","OSBS_004","C6","distributed","evergreenForest",29.682962,-81.958186,"WGS84",45.1,34.7,0.1,"6 - trap set and empty",,"2015-04-14","2015-04-14",,,,,,,,,,,,,,,,,,,,,,,,,,,,,,,,,,,,,,,"bzale@field-ops.org","echartrand@field-ops.org",,
"31c147b9-8ccc-4d55-a8d7-f917fc0dc98d","254C0A6F9A5E4CF9A251EED6F6CAD87B","OSBS_004.mammalGrid.mam","D03","OSBS","OSBS_004","J2","distributed","evergreenForest",29.682962,-81.958186,"WGS84",45.1,34.7,0.1,"6 - trap set and empty",,"2015-04-14","2015-04-14",,,,,,,,,,,,,,,,,,,,,,,,,,,,,,,,,,,,,,,"bzale@field-ops.org","echartrand@field-ops.org",,
"bd65fef5-2c15-494f-8add-c442fe70724d","254C0A6F9A5E4CF9A251EED6F6CAD87B","OSBS_004.mammalGrid.mam","D03","OSBS","OSBS_004","F10","distributed","evergreenForest",29.682962,-81.958186,"WGS84",45.1,34.7,0.1,"6 - trap set and empty",,"2015-04-14","2015-04-14",,,,,,,,,,,,,,,,,,,,,,,,,,,,,,,,,,,,,,,"bzale@field-ops.org","echartrand@field-ops.org",,
"71bbfef6-ddf7-40ab-99f7-a39b6e648b6b","254C0A6F9A5E4CF9A251EED6F6CAD87B","OSBS_004.mammalGrid.mam","D03","OSBS","OSBS_004","I8","distributed","evergreenForest",29.682962,-81.958186,"WGS84",45.1,34.7,0.1,"6 - trap set and empty",,"2015-04-14","2015-04-14",,,,,,,,,,,,,,,,,,,,,,,,,,,,,,,,,,,,,,,"bzale@field-ops.org","echartrand@field-ops.org",,
"68988c0a-868c-4799-8c00-aec36c040f80","254C0A6F9A5E4CF9A251EED6F6CAD87B","OSBS_004.mammalGrid.mam","D03","OSBS","OSBS_004","J1","distributed","evergreenForest",29.682962,-81.958186,"WGS84",45.1,34.7,0.1,"6 - trap set and empty",,"2015-04-14","2015-04-14",,,,,,,,,,,,,,,,,,,,,,,,,,,,,,,,,,,,,,,"bzale@field-ops.org","echartrand@field-ops.org",,
"955017d7-08a0-4df1-aa86-d1695fead4da","254C0A6F9A5E4CF9A251EED6F6CAD87B","OSBS_004.mammalGrid.mam","D03","OSBS","OSBS_004","D2","distributed","evergreenForest",29.682962,-81.958186,"WGS84",45.1,34.7,0.1,"6 - trap set and empty",,"2015-04-14","2015-04-14",,,,,,,,,,,,,,,,,,,,,,,,,,,,,,,,,,,,,,,"bzale@field-ops.org","echartrand@field-ops.org",,
"62035a62-1d5a-4081-981c-386fbe0b4be5","254C0A6F9A5E4CF9A251EED6F6CAD87B","OSBS_004.mammalGrid.mam","D03","OSBS","OSBS_004","I7","distributed","evergreenForest",29.682962,-81.958186,"WGS84",45.1,34.7,0.1,"5 - capture",,"2015-04-14","2015-04-14","NEON.MAM.D03.R1109",,"CRSP","Cricetidae sp.","family",,"Peterson Field Guide to Mammals of North America. 4th Ed. Houghton Mifflin Company, New York, NY","N","F","N",,,"adult",,"nonenlarged","not","neither",24,,,,34,,,,,,,,,,,,,,,,,"bzale@field-ops.org","echartrand@field-ops.org",,
"6c874064-571a-44d6-876a-8d01bff6b1a4","254C0A6F9A5E4CF9A251EED6F6CAD87B","OSBS_004.mammalGrid.mam","D03","OSBS","OSBS_004","H7","distributed","evergreenForest",29.682962,-81.958186,"WGS84",45.1,34.7,0.1,"6 - trap set and empty",,"2015-04-14","2015-04-14",,,,,,,,,,,,,,,,,,,,,,,,,,,,,,,,,,,,,,,"bzale@field-ops.org","echartrand@field-ops.org",,
"873cfc5f-3866-4157-885c-3240c3d6cacd","254C0A6F9A5E4CF9A251EED6F6CAD87B","OSBS_004.mammalGrid.mam","D03","OSBS","OSBS_004","B4","distributed","evergreenForest",29.682962,-81.958186,"WGS84",45.1,34.7,0.1,"6 - trap set and empty",,"2015-04-14","2015-04-14",,,,,,,,,,,,,,,,,,,,,,,,,,,,,,,,,,,,,,,"bzale@field-ops.org","echartrand@field-ops.org",,
"105e1c2a-39e3-4ce6-b15e-f706cfd53179","254C0A6F9A5E4CF9A251EED6F6CAD87B","OSBS_004.mammalGrid.mam","D03","OSBS","OSBS_004","G2","distributed","evergreenForest",29.682962,-81.958186,"WGS84",45.1,34.7,0.1,"6 - trap set and empty",,"2015-04-14","2015-04-14",,,,,,,,,,,,,,,,,,,,,,,,,,,,,,,,,,,,,,,"bzale@field-ops.org","echartrand@field-ops.org",,
"29036d02-615e-4f5d-8376-c52c1e11f61a","254C0A6F9A5E4CF9A251EED6F6CAD87B","OSBS_004.mammalGrid.mam","D03","OSBS","OSBS_004","C4","distributed","evergreenForest",29.682962,-81.958186,"WGS84",45.1,34.7,0.1,"6 - trap set and empty",,"2015-04-14","2015-04-14",,,,,,,,,,,,,,,,,,,,,,,,,,,,,,,,,,,,,,,"bzale@field-ops.org","echartrand@field-ops.org",,
"427dc4a2-2039-425e-b1f6-70b105a2ee89","254C0A6F9A5E4CF9A251EED6F6CAD87B","OSBS_004.mammalGrid.mam","D03","OSBS","OSBS_004","A10","distributed","evergreenForest",29.682962,-81.958186,"WGS84",45.1,34.7,0.1,"6 - trap set and empty",,"2015-04-14","2015-04-14",,,,,,,,,,,,,,,,,,,,,,,,,,,,,,,,,,,,,,,"bzale@field-ops.org","echartrand@field-ops.org",,
"ee0ad39c-5b9f-4137-9bcc-b1cc79de3dca","254C0A6F9A5E4CF9A251EED6F6CAD87B","OSBS_004.mammalGrid.mam","D03","OSBS","OSBS_004","H4","distributed","evergreenForest",29.682962,-81.958186,"WGS84",45.1,34.7,0.1,"6 - trap set and empty",,"2015-04-14","2015-04-14",,,,,,,,,,,,,,,,,,,,,,,,,,,,,,,,,,,,,,,"bzale@field-ops.org","echartrand@field-ops.org",,
"69dfcebb-edc9-46da-a8ba-4b1781b80886","254C0A6F9A5E4CF9A251EED6F6CAD87B","OSBS_004.mammalGrid.mam","D03","OSBS","OSBS_004","C2","distributed","evergreenForest",29.682962,-81.958186,"WGS84",45.1,34.7,0.1,"6 - trap set and empty",,"2015-04-14","2015-04-14",,,,,,,,,,,,,,,,,,,,,,,,,,,,,,,,,,,,,,,"bzale@field-ops.org","echartrand@field-ops.org",,
"8d19ef86-d44b-4392-a1d5-39e97b29e8c3","254C0A6F9A5E4CF9A251EED6F6CAD87B","OSBS_004.mammalGrid.mam","D03","OSBS","OSBS_004","E2","distributed","evergreenForest",29.682962,-81.958186,"WGS84",45.1,34.7,0.1,"6 - trap set and empty",,"2015-04-14","2015-04-14",,,,,,,,,,,,,,,,,,,,,,,,,,,,,,,,,,,,,,,"bzale@field-ops.org","echartrand@field-ops.org",,
"02a017c5-8950-4549-9d91-547562f23a5e","254C0A6F9A5E4CF9A251EED6F6CAD87B","OSBS_004.mammalGrid.mam","D03","OSBS","OSBS_004","B8","distributed","evergreenForest",29.682962,-81.958186,"WGS84",45.1,34.7,0.1,"6 - trap set and empty",,"2015-04-14","2015-04-14",,,,,,,,,,,,,,,,,,,,,,,,,,,,,,,,,,,,,,,"bzale@field-ops.org","echartrand@field-ops.org",,
"2991a689-3db0-456d-a363-c6b968acea69","254C0A6F9A5E4CF9A251EED6F6CAD87B","OSBS_004.mammalGrid.mam","D03","OSBS","OSBS_004","D4","distributed","evergreenForest",29.682962,-81.958186,"WGS84",45.1,34.7,0.1,"6 - trap set and empty",,"2015-04-14","2015-04-14",,,,,,,,,,,,,,,,,,,,,,,,,,,,,,,,,,,,,,,"bzale@field-ops.org","echartrand@field-ops.org",,
"75487f1f-000c-4ef5-af0c-20f0f90e708d","254C0A6F9A5E4CF9A251EED6F6CAD87B","OSBS_004.mammalGrid.mam","D03","OSBS","OSBS_004","E9","distributed","evergreenForest",29.682962,-81.958186,"WGS84",45.1,34.7,0.1,"6 - trap set and empty",,"2015-04-14","2015-04-14",,,,,,,,,,,,,,,,,,,,,,,,,,,,,,,,,,,,,,,"bzale@field-ops.org","echartrand@field-ops.org",,
"d6179015-be63-4308-8e7a-365a55a0b305","254C0A6F9A5E4CF9A251EED6F6CAD87B","OSBS_004.mammalGrid.mam","D03","OSBS","OSBS_004","H6","distributed","evergreenForest",29.682962,-81.958186,"WGS84",45.1,34.7,0.1,"6 - trap set and empty",,"2015-04-14","2015-04-14",,,,,,,,,,,,,,,,,,,,,,,,,,,,,,,,,,,,,,,"bzale@field-ops.org","echartrand@field-ops.org",,
"f4910727-5dcd-4bb1-b91e-86cb9ab76cb3","9D95C76425174D37A6EC77F62597EB07","OSBS_003.mammalGrid.mam","D03","OSBS","OSBS_003","D6","distributed","evergreenForest",29.695764,-81.946187,"WGS84",45.2,34.3,0.6,"6 - trap set and empty",,"2015-04-14","2015-04-14",,,,,,,,,,,,,,,,,,,,,,,,,,,,,,,,,,,,,,,"bzale@field-ops.org","echartrand@field-ops.org",,
"0f8f1019-a396-48d4-94c8-479447e3907f","9D95C76425174D37A6EC77F62597EB07","OSBS_003.mammalGrid.mam","D03","OSBS","OSBS_003","H8","distributed","evergreenForest",29.695764,-81.946187,"WGS84",45.2,34.3,0.6,"6 - trap set and empty",,"2015-04-14","2015-04-14",,,,,,,,,,,,,,,,,,,,,,,,,,,,,,,,,,,,,,,"bzale@field-ops.org","echartrand@field-ops.org",,
"8801a710-0582-4f09-972d-432d3e3cd328","9D95C76425174D37A6EC77F62597EB07","OSBS_003.mammalGrid.mam","D03","OSBS","OSBS_003","D2","distributed","evergreenForest",29.695764,-81.946187,"WGS84",45.2,34.3,0.6,"6 - trap set and empty",,"2015-04-14","2015-04-14",,,,,,,,,,,,,,,,,,,,,,,,,,,,,,,,,,,,,,,"bzale@field-ops.org","echartrand@field-ops.org",,
"e19a8bab-3e27-4094-97ce-80774025f412","9D95C76425174D37A6EC77F62597EB07","OSBS_003.mammalGrid.mam","D03","OSBS","OSBS_003","I2","distributed","evergreenForest",29.695764,-81.946187,"WGS84",45.2,34.3,0.6,"6 - trap set and empty",,"2015-04-14","2015-04-14",,,,,,,,,,,,,,,,,,,,,,,,,,,,,,,,,,,,,,,"bzale@field-ops.org","echartrand@field-ops.org",,
"ea3f5081-fc74-4e2b-bf72-c09257cce797","9D95C76425174D37A6EC77F62597EB07","OSBS_003.mammalGrid.mam","D03","OSBS","OSBS_003","B10","distributed","evergreenForest",29.695764,-81.946187,"WGS84",45.2,34.3,0.6,"6 - trap set and empty",,"2015-04-14","2015-04-14",,,,,,,,,,,,,,,,,,,,,,,,,,,,,,,,,,,,,,,"bzale@field-ops.org","echartrand@field-ops.org",,
"a92f7740-321b-4aa0-80ca-165be2d6434f","9D95C76425174D37A6EC77F62597EB07","OSBS_003.mammalGrid.mam","D03","OSBS","OSBS_003","I10","distributed","evergreenForest",29.695764,-81.946187,"WGS84",45.2,34.3,0.6,"6 - trap set and empty",,"2015-04-14","2015-04-14",,,,,,,,,,,,,,,,,,,,,,,,,,,,,,,,,,,,,,,"bzale@field-ops.org","echartrand@field-ops.org",,
"2f2953ee-15f6-4367-bfb6-5d6bda280978","9D95C76425174D37A6EC77F62597EB07","OSBS_003.mammalGrid.mam","D03","OSBS","OSBS_003","E8","distributed","evergreenForest",29.695764,-81.946187,"WGS84",45.2,34.3,0.6,"6 - trap set and empty",,"2015-04-14","2015-04-14",,,,,,,,,,,,,,,,,,,,,,,,,,,,,,,,,,,,,,,"bzale@field-ops.org","echartrand@field-ops.org",,
"069e6559-e46a-4744-bfe0-c3cc4d0b1321","9D95C76425174D37A6EC77F62597EB07","OSBS_003.mammalGrid.mam","D03","OSBS","OSBS_003","J6","distributed","evergreenForest",29.695764,-81.946187,"WGS84",45.2,34.3,0.6,"6 - trap set and empty",,"2015-04-14","2015-04-14",,,,,,,,,,,,,,,,,,,,,,,,,,,,,,,,,,,,,,,"bzale@field-ops.org","echartrand@field-ops.org",,
"3602b980-9a49-431f-8640-7b19197043c5","9D95C76425174D37A6EC77F62597EB07","OSBS_003.mammalGrid.mam","D03","OSBS","OSBS_003","F8","distributed","evergreenForest",29.695764,-81.946187,"WGS84",45.2,34.3,0.6,"6 - trap set and empty",,"2015-04-14","2015-04-14",,,,,,,,,,,,,,,,,,,,,,,,,,,,,,,,,,,,,,,"bzale@field-ops.org","echartrand@field-ops.org",,
"cf998bd1-e3e7-4262-ab69-6bceaa854dfa","9D95C76425174D37A6EC77F62597EB07","OSBS_003.mammalGrid.mam","D03","OSBS","OSBS_003","G5","distributed","evergreenForest",29.695764,-81.946187,"WGS84",45.2,34.3,0.6,"6 - trap set and empty",,"2015-04-14","2015-04-14",,,,,,,,,,,,,,,,,,,,,,,,,,,,,,,,,,,,,,,"bzale@field-ops.org","echartrand@field-ops.org",,
"711c52b5-cfb1-4e92-b341-189b0bcb899c","9D95C76425174D37A6EC77F62597EB07","OSBS_003.mammalGrid.mam","D03","OSBS","OSBS_003","I8","distributed","evergreenForest",29.695764,-81.946187,"WGS84",45.2,34.3,0.6,"6 - trap set and empty",,"2015-04-14","2015-04-14",,,,,,,,,,,,,,,,,,,,,,,,,,,,,,,,,,,,,,,"bzale@field-ops.org","echartrand@field-ops.org",,
"adad583b-7312-4c30-931f-91c0db48168c","9D95C76425174D37A6EC77F62597EB07","OSBS_003.mammalGrid.mam","D03","OSBS","OSBS_003","J3","distributed","evergreenForest",29.695764,-81.946187,"WGS84",45.2,34.3,0.6,"6 - trap set and empty",,"2015-04-14","2015-04-14",,,,,,,,,,,,,,,,,,,,,,,,,,,,,,,,,,,,,,,"bzale@field-ops.org","echartrand@field-ops.org",,
"cafe9b58-2357-45bd-a51f-a84f45e9a7de","9D95C76425174D37A6EC77F62597EB07","OSBS_003.mammalGrid.mam","D03","OSBS","OSBS_003","H5","distributed","evergreenForest",29.695764,-81.946187,"WGS84",45.2,34.3,0.6,"6 - trap set and empty",,"2015-04-14","2015-04-14",,,,,,,,,,,,,,,,,,,,,,,,,,,,,,,,,,,,,,,"bzale@field-ops.org","echartrand@field-ops.org",,
"135aa27e-fd14-4bdc-bed3-35ca0e6ff672","9D95C76425174D37A6EC77F62597EB07","OSBS_003.mammalGrid.mam","D03","OSBS","OSBS_003","E6","distributed","evergreenForest",29.695764,-81.946187,"WGS84",45.2,34.3,0.6,"6 - trap set and empty",,"2015-04-14","2015-04-14",,,,,,,,,,,,,,,,,,,,,,,,,,,,,,,,,,,,,,,"bzale@field-ops.org","echartrand@field-ops.org",,
"3c57725f-cc17-484b-8371-4a10eb25b37b","9D95C76425174D37A6EC77F62597EB07","OSBS_003.mammalGrid.mam","D03","OSBS","OSBS_003","G10","distributed","evergreenForest",29.695764,-81.946187,"WGS84",45.2,34.3,0.6,"6 - trap set and empty",,"2015-04-14","2015-04-14",,,,,,,,,,,,,,,,,,,,,,,,,,,,,,,,,,,,,,,"bzale@field-ops.org","echartrand@field-ops.org",,
"c0fe94eb-e02c-4afe-9607-b004c3039671","9D95C76425174D37A6EC77F62597EB07","OSBS_003.mammalGrid.mam","D03","OSBS","OSBS_003","C2","distributed","evergreenForest",29.695764,-81.946187,"WGS84",45.2,34.3,0.6,"6 - trap set and empty",,"2015-04-14","2015-04-14",,,,,,,,,,,,,,,,,,,,,,,,,,,,,,,,,,,,,,,"bzale@field-ops.org","echartrand@field-ops.org",,
"4efdf73b-f565-48ce-b13f-8f63712c3fc7","9D95C76425174D37A6EC77F62597EB07","OSBS_003.mammalGrid.mam","D03","OSBS","OSBS_003","C4","distributed","evergreenForest",29.695764,-81.946187,"WGS84",45.2,34.3,0.6,"6 - trap set and empty",,"2015-04-14","2015-04-14",,,,,,,,,,,,,,,,,,,,,,,,,,,,,,,,,,,,,,,"bzale@field-ops.org","echartrand@field-ops.org",,
"c1f2ce16-7ec6-4b4d-a497-c5f501aa47e6","9D95C76425174D37A6EC77F62597EB07","OSBS_003.mammalGrid.mam","D03","OSBS","OSBS_003","H1","distributed","evergreenForest",29.695764,-81.946187,"WGS84",45.2,34.3,0.6,"6 - trap set and empty",,"2015-04-14","2015-04-14",,,,,,,,,,,,,,,,,,,,,,,,,,,,,,,,,,,,,,,"bzale@field-ops.org","echartrand@field-ops.org",,
"9e4ccfaa-ccdd-405a-af11-fb97c9eb4121","254C0A6F9A5E4CF9A251EED6F6CAD87B","OSBS_004.mammalGrid.mam","D03","OSBS","OSBS_004","C3","distributed","evergreenForest",29.682962,-81.958186,"WGS84",45.1,34.7,0.1,"6 - trap set and empty",,"2015-04-14","2015-04-14",,,,,,,,,,,,,,,,,,,,,,,,,,,,,,,,,,,,,,,"bzale@field-ops.org","echartrand@field-ops.org",,
"d59ef532-8a0b-4b5a-8368-cce08d7e5068","254C0A6F9A5E4CF9A251EED6F6CAD87B","OSBS_004.mammalGrid.mam","D03","OSBS","OSBS_004","G4","distributed","evergreenForest",29.682962,-81.958186,"WGS84",45.1,34.7,0.1,"6 - trap set and empty",,"2015-04-14","2015-04-14",,,,,,,,,,,,,,,,,,,,,,,,,,,,,,,,,,,,,,,"bzale@field-ops.org","echartrand@field-ops.org",,
"ca2b616a-0cf1-47d8-9fa5-e2511f936432","254C0A6F9A5E4CF9A251EED6F6CAD87B","OSBS_004.mammalGrid.mam","D03","OSBS","OSBS_004","F8","distributed","evergreenForest",29.682962,-81.958186,"WGS84",45.1,34.7,0.1,"6 - trap set and empty",,"2015-04-14","2015-04-14",,,,,,,,,,,,,,,,,,,,,,,,,,,,,,,,,,,,,,,"bzale@field-ops.org","echartrand@field-ops.org",,
"8f897887-bd58-4bbc-8bb3-000ee0ed6ca0","254C0A6F9A5E4CF9A251EED6F6CAD87B","OSBS_004.mammalGrid.mam","D03","OSBS","OSBS_004","I10","distributed","evergreenForest",29.682962,-81.958186,"WGS84",45.1,34.7,0.1,"6 - trap set and empty",,"2015-04-14","2015-04-14",,,,,,,,,,,,,,,,,,,,,,,,,,,,,,,,,,,,,,,"bzale@field-ops.org","echartrand@field-ops.org",,
"efd13e62-f20a-4e2a-84c7-e743a60f4bcc","254C0A6F9A5E4CF9A251EED6F6CAD87B","OSBS_004.mammalGrid.mam","D03","OSBS","OSBS_004","J5","distributed","evergreenForest",29.682962,-81.958186,"WGS84",45.1,34.7,0.1,"6 - trap set and empty",,"2015-04-14","2015-04-14",,,,,,,,,,,,,,,,,,,,,,,,,,,,,,,,,,,,,,,"bzale@field-ops.org","echartrand@field-ops.org",,
"46938851-eb0f-41a5-bd77-4e55fc19668a","254C0A6F9A5E4CF9A251EED6F6CAD87B","OSBS_004.mammalGrid.mam","D03","OSBS","OSBS_004","F7","distributed","evergreenForest",29.682962,-81.958186,"WGS84",45.1,34.7,0.1,"6 - trap set and empty",,"2015-04-14","2015-04-14",,,,,,,,,,,,,,,,,,,,,,,,,,,,,,,,,,,,,,,"bzale@field-ops.org","echartrand@field-ops.org",,
"8fc7cc6d-fd43-4e4a-ab5e-9cd3f385285c","254C0A6F9A5E4CF9A251EED6F6CAD87B","OSBS_004.mammalGrid.mam","D03","OSBS","OSBS_004","F2","distributed","evergreenForest",29.682962,-81.958186,"WGS84",45.1,34.7,0.1,"6 - trap set and empty",,"2015-04-14","2015-04-14",,,,,,,,,,,,,,,,,,,,,,,,,,,,,,,,,,,,,,,"bzale@field-ops.org","echartrand@field-ops.org",,
"2f4a1b9f-2df1-4454-8252-c19179ea93a3","254C0A6F9A5E4CF9A251EED6F6CAD87B","OSBS_004.mammalGrid.mam","D03","OSBS","OSBS_004","F5","distributed","evergreenForest",29.682962,-81.958186,"WGS84",45.1,34.7,0.1,"2 - trap disturbed/door closed but empty",,"2015-04-14","2015-04-14",,,,,,,,,,,,,,,,,,,,,,,,,,,,,,,,,,,,,,,"bzale@field-ops.org","echartrand@field-ops.org",,
"d56e0aff-9638-48bb-9a61-065f6239e156","254C0A6F9A5E4CF9A251EED6F6CAD87B","OSBS_004.mammalGrid.mam","D03","OSBS","OSBS_004","E4","distributed","evergreenForest",29.682962,-81.958186,"WGS84",45.1,34.7,0.1,"6 - trap set and empty",,"2015-04-14","2015-04-14",,,,,,,,,,,,,,,,,,,,,,,,,,,,,,,,,,,,,,,"bzale@field-ops.org","echartrand@field-ops.org",,
"5897fc56-bcba-4670-b5a1-e13246e7d499","254C0A6F9A5E4CF9A251EED6F6CAD87B","OSBS_004.mammalGrid.mam","D03","OSBS","OSBS_004","I3","distributed","evergreenForest",29.682962,-81.958186,"WGS84",45.1,34.7,0.1,"6 - trap set and empty",,"2015-04-14","2015-04-14",,,,,,,,,,,,,,,,,,,,,,,,,,,,,,,,,,,,,,,"bzale@field-ops.org","echartrand@field-ops.org",,
"4aa5896e-a7dc-40b8-8029-1f75b543d9cc","254C0A6F9A5E4CF9A251EED6F6CAD87B","OSBS_004.mammalGrid.mam","D03","OSBS","OSBS_004","A9","distributed","evergreenForest",29.682962,-81.958186,"WGS84",45.1,34.7,0.1,"6 - trap set and empty",,"2015-04-14","2015-04-14",,,,,,,,,,,,,,,,,,,,,,,,,,,,,,,,,,,,,,,"bzale@field-ops.org","echartrand@field-ops.org",,
"7ec59be4-be63-4cb8-a394-d2c6964d08a6","254C0A6F9A5E4CF9A251EED6F6CAD87B","OSBS_004.mammalGrid.mam","D03","OSBS","OSBS_004","B1","distributed","evergreenForest",29.682962,-81.958186,"WGS84",45.1,34.7,0.1,"6 - trap set and empty",,"2015-04-14","2015-04-14",,,,,,,,,,,,,,,,,,,,,,,,,,,,,,,,,,,,,,,"bzale@field-ops.org","echartrand@field-ops.org",,
"3101e34e-063d-4457-b010-597ff137b3d9","254C0A6F9A5E4CF9A251EED6F6CAD87B","OSBS_004.mammalGrid.mam","D03","OSBS","OSBS_004","A1","distributed","evergreenForest",29.682962,-81.958186,"WGS84",45.1,34.7,0.1,"6 - trap set and empty",,"2015-04-14","2015-04-14",,,,,,,,,,,,,,,,,,,,,,,,,,,,,,,,,,,,,,,"bzale@field-ops.org","echartrand@field-ops.org",,
"b6d05d13-888c-4074-8779-6a8b4b82c8cc","254C0A6F9A5E4CF9A251EED6F6CAD87B","OSBS_004.mammalGrid.mam","D03","OSBS","OSBS_004","B7","distributed","evergreenForest",29.682962,-81.958186,"WGS84",45.1,34.7,0.1,"6 - trap set and empty",,"2015-04-14","2015-04-14",,,,,,,,,,,,,,,,,,,,,,,,,,,,,,,,,,,,,,,"bzale@field-ops.org","echartrand@field-ops.org",,
"ffc88c89-0251-4c2e-9c1b-6f91f0607aab","254C0A6F9A5E4CF9A251EED6F6CAD87B","OSBS_004.mammalGrid.mam","D03","OSBS","OSBS_004","I2","distributed","evergreenForest",29.682962,-81.958186,"WGS84",45.1,34.7,0.1,"6 - trap set and empty",,"2015-04-14","2015-04-14",,,,,,,,,,,,,,,,,,,,,,,,,,,,,,,,,,,,,,,"bzale@field-ops.org","echartrand@field-ops.org",,
"d4fb2d74-2e0f-4757-9294-0fe32d94a6bb","254C0A6F9A5E4CF9A251EED6F6CAD87B","OSBS_004.mammalGrid.mam","D03","OSBS","OSBS_004","E8","distributed","evergreenForest",29.682962,-81.958186,"WGS84",45.1,34.7,0.1,"6 - trap set and empty",,"2015-04-14","2015-04-14",,,,,,,,,,,,,,,,,,,,,,,,,,,,,,,,,,,,,,,"bzale@field-ops.org","echartrand@field-ops.org",,
"2aa11a8c-ae09-4540-af48-c246fd0ed004","254C0A6F9A5E4CF9A251EED6F6CAD87B","OSBS_004.mammalGrid.mam","D03","OSBS","OSBS_004","A2","distributed","evergreenForest",29.682962,-81.958186,"WGS84",45.1,34.7,0.1,"6 - trap set and empty",,"2015-04-14","2015-04-14",,,,,,,,,,,,,,,,,,,,,,,,,,,,,,,,,,,,,,,"bzale@field-ops.org","echartrand@field-ops.org",,
"162d804b-9fed-496e-95cd-1d95623e30e0","254C0A6F9A5E4CF9A251EED6F6CAD87B","OSBS_004.mammalGrid.mam","D03","OSBS","OSBS_004","J6","distributed","evergreenForest",29.682962,-81.958186,"WGS84",45.1,34.7,0.1,"6 - trap set and empty",,"2015-04-14","2015-04-14",,,,,,,,,,,,,,,,,,,,,,,,,,,,,,,,,,,,,,,"bzale@field-ops.org","echartrand@field-ops.org",,
"1cb65f80-87e9-4569-9008-f7450aab43d4","254C0A6F9A5E4CF9A251EED6F6CAD87B","OSBS_004.mammalGrid.mam","D03","OSBS","OSBS_004","J4","distributed","evergreenForest",29.682962,-81.958186,"WGS84",45.1,34.7,0.1,"6 - trap set and empty",,"2015-04-14","2015-04-14",,,,,,,,,,,,,,,,,,,,,,,,,,,,,,,,,,,,,,,"bzale@field-ops.org","echartrand@field-ops.org",,
"28764eda-17ae-4c34-8ef5-21ace10f3a76","254C0A6F9A5E4CF9A251EED6F6CAD87B","OSBS_004.mammalGrid.mam","D03","OSBS","OSBS_004","B9","distributed","evergreenForest",29.682962,-81.958186,"WGS84",45.1,34.7,0.1,"6 - trap set and empty",,"2015-04-14","2015-04-14",,,,,,,,,,,,,,,,,,,,,,,,,,,,,,,,,,,,,,,"bzale@field-ops.org","echartrand@field-ops.org",,
"9d9e98aa-0484-4067-a87e-f8ab983cfd93","254C0A6F9A5E4CF9A251EED6F6CAD87B","OSBS_004.mammalGrid.mam","D03","OSBS","OSBS_004","C1","distributed","evergreenForest",29.682962,-81.958186,"WGS84",45.1,34.7,0.1,"6 - trap set and empty",,"2015-04-14","2015-04-14",,,,,,,,,,,,,,,,,,,,,,,,,,,,,,,,,,,,,,,"bzale@field-ops.org","echartrand@field-ops.org",,
"5d383e69-465f-44a4-9c1c-d7556db48434","254C0A6F9A5E4CF9A251EED6F6CAD87B","OSBS_004.mammalGrid.mam","D03","OSBS","OSBS_004","B2","distributed","evergreenForest",29.682962,-81.958186,"WGS84",45.1,34.7,0.1,"6 - trap set and empty",,"2015-04-14","2015-04-14",,,,,,,,,,,,,,,,,,,,,,,,,,,,,,,,,,,,,,,"bzale@field-ops.org","echartrand@field-ops.org",,
"dc64f569-fc64-4eb4-84f2-b975c53f8c19","254C0A6F9A5E4CF9A251EED6F6CAD87B","OSBS_004.mammalGrid.mam","D03","OSBS","OSBS_004","F1","distributed","evergreenForest",29.682962,-81.958186,"WGS84",45.1,34.7,0.1,"6 - trap set and empty",,"2015-04-14","2015-04-14",,,,,,,,,,,,,,,,,,,,,,,,,,,,,,,,,,,,,,,"bzale@field-ops.org","echartrand@field-ops.org",,
"bc09e5e5-2785-4113-9373-763a32ace365","254C0A6F9A5E4CF9A251EED6F6CAD87B","OSBS_004.mammalGrid.mam","D03","OSBS","OSBS_004","G7","distributed","evergreenForest",29.682962,-81.958186,"WGS84",45.1,34.7,0.1,"6 - trap set and empty",,"2015-04-14","2015-04-14",,,,,,,,,,,,,,,,,,,,,,,,,,,,,,,,,,,,,,,"bzale@field-ops.org","echartrand@field-ops.org",,
"06068621-ef81-4d46-8f87-bac07034a885","254C0A6F9A5E4CF9A251EED6F6CAD87B","OSBS_004.mammalGrid.mam","D03","OSBS","OSBS_004","E1","distributed","evergreenForest",29.682962,-81.958186,"WGS84",45.1,34.7,0.1,"6 - trap set and empty",,"2015-04-14","2015-04-14",,,,,,,,,,,,,,,,,,,,,,,,,,,,,,,,,,,,,,,"bzale@field-ops.org","echartrand@field-ops.org",,
"7820c96a-015d-46ea-87cf-56e246b6a0b6","254C0A6F9A5E4CF9A251EED6F6CAD87B","OSBS_004.mammalGrid.mam","D03","OSBS","OSBS_004","F6","distributed","evergreenForest",29.682962,-81.958186,"WGS84",45.1,34.7,0.1,"6 - trap set and empty",,"2015-04-14","2015-04-14",,,,,,,,,,,,,,,,,,,,,,,,,,,,,,,,,,,,,,,"bzale@field-ops.org","echartrand@field-ops.org",,
"e85c5793-64e8-46c3-b9eb-0934ce92e0fb","254C0A6F9A5E4CF9A251EED6F6CAD87B","OSBS_004.mammalGrid.mam","D03","OSBS","OSBS_004","E6","distributed","evergreenForest",29.682962,-81.958186,"WGS84",45.1,34.7,0.1,"6 - trap set and empty",,"2015-04-14","2015-04-14",,,,,,,,,,,,,,,,,,,,,,,,,,,,,,,,,,,,,,,"bzale@field-ops.org","echartrand@field-ops.org",,
"f130edd3-91cf-4b78-8a44-4876089bd1b3","254C0A6F9A5E4CF9A251EED6F6CAD87B","OSBS_004.mammalGrid.mam","D03","OSBS","OSBS_004","H10","distributed","evergreenForest",29.682962,-81.958186,"WGS84",45.1,34.7,0.1,"6 - trap set and empty",,"2015-04-14","2015-04-14",,,,,,,,,,,,,,,,,,,,,,,,,,,,,,,,,,,,,,,"bzale@field-ops.org","echartrand@field-ops.org",,
"4821d2b1-bb0d-49b1-9c95-792ddb460455","254C0A6F9A5E4CF9A251EED6F6CAD87B","OSBS_004.mammalGrid.mam","D03","OSBS","OSBS_004","G3","distributed","evergreenForest",29.682962,-81.958186,"WGS84",45.1,34.7,0.1,"6 - trap set and empty",,"2015-04-14","2015-04-14",,,,,,,,,,,,,,,,,,,,,,,,,,,,,,,,,,,,,,,"bzale@field-ops.org","echartrand@field-ops.org",,
"7a5fc738-c949-437e-b5fb-53197209f86f","254C0A6F9A5E4CF9A251EED6F6CAD87B","OSBS_004.mammalGrid.mam","D03","OSBS","OSBS_004","H2","distributed","evergreenForest",29.682962,-81.958186,"WGS84",45.1,34.7,0.1,"6 - trap set and empty",,"2015-04-14","2015-04-14",,,,,,,,,,,,,,,,,,,,,,,,,,,,,,,,,,,,,,,"bzale@field-ops.org","echartrand@field-ops.org",,
"d742918d-4572-4205-9349-8c69abd1ba07","9D95C76425174D37A6EC77F62597EB07","OSBS_003.mammalGrid.mam","D03","OSBS","OSBS_003","E9","distributed","evergreenForest",29.695764,-81.946187,"WGS84",45.2,34.3,0.6,"5 - capture",,"2015-04-14","2015-04-14","NEON.MAM.D03.R1270",,"PEGO","Peromyscus gossypinus","species",,"Peterson Field Guide to Mammals of North America. 4th Ed. Houghton Mifflin Company, New York, NY","N","F","N",,,"subadult",,"nonenlarged","not","neither",21,,,,24,,,,,,,,,,,,,,,,,"bzale@field-ops.org","echartrand@field-ops.org",,
"b00ea3d0-a601-45d7-b3bd-5ac515eb915c","9D95C76425174D37A6EC77F62597EB07","OSBS_003.mammalGrid.mam","D03","OSBS","OSBS_003","D7","distributed","evergreenForest",29.695764,-81.946187,"WGS84",45.2,34.3,0.6,"6 - trap set and empty",,"2015-04-14","2015-04-14",,,,,,,,,,,,,,,,,,,,,,,,,,,,,,,,,,,,,,,"bzale@field-ops.org","echartrand@field-ops.org",,
"6334651d-53bb-42ca-b94d-8ab1313e5efb","9D95C76425174D37A6EC77F62597EB07","OSBS_003.mammalGrid.mam","D03","OSBS","OSBS_003","I5","distributed","evergreenForest",29.695764,-81.946187,"WGS84",45.2,34.3,0.6,"6 - trap set and empty",,"2015-04-14","2015-04-14",,,,,,,,,,,,,,,,,,,,,,,,,,,,,,,,,,,,,,,"bzale@field-ops.org","echartrand@field-ops.org",,
"e3cc35de-6930-4ce0-84c1-35264be744b5","9D95C76425174D37A6EC77F62597EB07","OSBS_003.mammalGrid.mam","D03","OSBS","OSBS_003","D8","distributed","evergreenForest",29.695764,-81.946187,"WGS84",45.2,34.3,0.6,"6 - trap set and empty",,"2015-04-14","2015-04-14",,,,,,,,,,,,,,,,,,,,,,,,,,,,,,,,,,,,,,,"bzale@field-ops.org","echartrand@field-ops.org",,
"e69ee79f-e73c-4b40-82de-39979c9c3836","9D95C76425174D37A6EC77F62597EB07","OSBS_003.mammalGrid.mam","D03","OSBS","OSBS_003","I4","distributed","evergreenForest",29.695764,-81.946187,"WGS84",45.2,34.3,0.6,"6 - trap set and empty",,"2015-04-14","2015-04-14",,,,,,,,,,,,,,,,,,,,,,,,,,,,,,,,,,,,,,,"bzale@field-ops.org","echartrand@field-ops.org",,
"b6bedced-1321-48b8-bc4c-aeabcbe588e6","9D95C76425174D37A6EC77F62597EB07","OSBS_003.mammalGrid.mam","D03","OSBS","OSBS_003","C5","distributed","evergreenForest",29.695764,-81.946187,"WGS84",45.2,34.3,0.6,"6 - trap set and empty",,"2015-04-14","2015-04-14",,,,,,,,,,,,,,,,,,,,,,,,,,,,,,,,,,,,,,,"bzale@field-ops.org","echartrand@field-ops.org",,
"b8f4da59-4468-4622-9767-2e4c25a8ef54","9D95C76425174D37A6EC77F62597EB07","OSBS_003.mammalGrid.mam","D03","OSBS","OSBS_003","F5","distributed","evergreenForest",29.695764,-81.946187,"WGS84",45.2,34.3,0.6,"6 - trap set and empty",,"2015-04-14","2015-04-14",,,,,,,,,,,,,,,,,,,,,,,,,,,,,,,,,,,,,,,"bzale@field-ops.org","echartrand@field-ops.org",,
"55c08992-aad7-4aa7-b84a-9f1a4c9ba370","9D95C76425174D37A6EC77F62597EB07","OSBS_003.mammalGrid.mam","D03","OSBS","OSBS_003","F1","distributed","evergreenForest",29.695764,-81.946187,"WGS84",45.2,34.3,0.6,"6 - trap set and empty",,"2015-04-14","2015-04-14",,,,,,,,,,,,,,,,,,,,,,,,,,,,,,,,,,,,,,,"bzale@field-ops.org","echartrand@field-ops.org",,
"f5b6f136-56aa-405a-83d6-e9f1540fa723","9D95C76425174D37A6EC77F62597EB07","OSBS_003.mammalGrid.mam","D03","OSBS","OSBS_003","G2","distributed","evergreenForest",29.695764,-81.946187,"WGS84",45.2,34.3,0.6,"6 - trap set and empty",,"2015-04-14","2015-04-14",,,,,,,,,,,,,,,,,,,,,,,,,,,,,,,,,,,,,,,"bzale@field-ops.org","echartrand@field-ops.org",,
"b7dd17cf-e330-4eb3-a7ee-7951dcd98abc","9D95C76425174D37A6EC77F62597EB07","OSBS_003.mammalGrid.mam","D03","OSBS","OSBS_003","D4","distributed","evergreenForest",29.695764,-81.946187,"WGS84",45.2,34.3,0.6,"6 - trap set and empty",,"2015-04-14","2015-04-14",,,,,,,,,,,,,,,,,,,,,,,,,,,,,,,,,,,,,,,"bzale@field-ops.org","echartrand@field-ops.org",,
"4104eb0e-5ba5-4f96-bf84-738e46689c1c","9D95C76425174D37A6EC77F62597EB07","OSBS_003.mammalGrid.mam","D03","OSBS","OSBS_003","F9","distributed","evergreenForest",29.695764,-81.946187,"WGS84",45.2,34.3,0.6,"6 - trap set and empty",,"2015-04-14","2015-04-14",,,,,,,,,,,,,,,,,,,,,,,,,,,,,,,,,,,,,,,"bzale@field-ops.org","echartrand@field-ops.org",,
"0d064943-9089-4cf1-9e83-90748cf8ead7","9D95C76425174D37A6EC77F62597EB07","OSBS_003.mammalGrid.mam","D03","OSBS","OSBS_003","E3","distributed","evergreenForest",29.695764,-81.946187,"WGS84",45.2,34.3,0.6,"6 - trap set and empty",,"2015-04-14","2015-04-14",,,,,,,,,,,,,,,,,,,,,,,,,,,,,,,,,,,,,,,"bzale@field-ops.org","echartrand@field-ops.org",,
"a0d56e8c-94ea-4683-ae65-5e3eba35a18c","9D95C76425174D37A6EC77F62597EB07","OSBS_003.mammalGrid.mam","D03","OSBS","OSBS_003","F6","distributed","evergreenForest",29.695764,-81.946187,"WGS84",45.2,34.3,0.6,"6 - trap set and empty",,"2015-04-14","2015-04-14",,,,,,,,,,,,,,,,,,,,,,,,,,,,,,,,,,,,,,,"bzale@field-ops.org","echartrand@field-ops.org",,
"e4afce48-5b61-47fb-b6c4-39962194cb73","9D95C76425174D37A6EC77F62597EB07","OSBS_003.mammalGrid.mam","D03","OSBS","OSBS_003","F2","distributed","evergreenForest",29.695764,-81.946187,"WGS84",45.2,34.3,0.6,"6 - trap set and empty",,"2015-04-14","2015-04-14",,,,,,,,,,,,,,,,,,,,,,,,,,,,,,,,,,,,,,,"bzale@field-ops.org","echartrand@field-ops.org",,
"26bb74c2-8c41-4eaf-b2f8-5b1f2447024f","9D95C76425174D37A6EC77F62597EB07","OSBS_003.mammalGrid.mam","D03","OSBS","OSBS_003","F4","distributed","evergreenForest",29.695764,-81.946187,"WGS84",45.2,34.3,0.6,"6 - trap set and empty",,"2015-04-14","2015-04-14",,,,,,,,,,,,,,,,,,,,,,,,,,,,,,,,,,,,,,,"bzale@field-ops.org","echartrand@field-ops.org",,
"7ebcdc34-a4cc-4769-93c2-9bbc4b00b475","9D95C76425174D37A6EC77F62597EB07","OSBS_003.mammalGrid.mam","D03","OSBS","OSBS_003","H3","distributed","evergreenForest",29.695764,-81.946187,"WGS84",45.2,34.3,0.6,"6 - trap set and empty",,"2015-04-14","2015-04-14",,,,,,,,,,,,,,,,,,,,,,,,,,,,,,,,,,,,,,,"bzale@field-ops.org","echartrand@field-ops.org",,
"f55929fb-6095-45d1-b2a8-2ac0a8650e0c","9D95C76425174D37A6EC77F62597EB07","OSBS_003.mammalGrid.mam","D03","OSBS","OSBS_003","E5","distributed","evergreenForest",29.695764,-81.946187,"WGS84",45.2,34.3,0.6,"6 - trap set and empty",,"2015-04-14","2015-04-14",,,,,,,,,,,,,,,,,,,,,,,,,,,,,,,,,,,,,,,"bzale@field-ops.org","echartrand@field-ops.org",,
"e84bf324-4553-4140-bfa1-9157b5f24c74","9D95C76425174D37A6EC77F62597EB07","OSBS_003.mammalGrid.mam","D03","OSBS","OSBS_003","G7","distributed","evergreenForest",29.695764,-81.946187,"WGS84",45.2,34.3,0.6,"6 - trap set and empty",,"2015-04-14","2015-04-14",,,,,,,,,,,,,,,,,,,,,,,,,,,,,,,,,,,,,,,"bzale@field-ops.org","echartrand@field-ops.org",,
"f6d18fac-2b27-44ff-8fa9-9b0ed005b05c","9D95C76425174D37A6EC77F62597EB07","OSBS_003.mammalGrid.mam","D03","OSBS","OSBS_003","H4","distributed","evergreenForest",29.695764,-81.946187,"WGS84",45.2,34.3,0.6,"6 - trap set and empty",,"2015-04-14","2015-04-14",,,,,,,,,,,,,,,,,,,,,,,,,,,,,,,,,,,,,,,"bzale@field-ops.org","echartrand@field-ops.org",,
"bd22d115-d3b2-4901-a2aa-e7471c98029e","9D95C76425174D37A6EC77F62597EB07","OSBS_003.mammalGrid.mam","D03","OSBS","OSBS_003","A9","distributed","evergreenForest",29.695764,-81.946187,"WGS84",45.2,34.3,0.6,"6 - trap set and empty",,"2015-04-14","2015-04-14",,,,,,,,,,,,,,,,,,,,,,,,,,,,,,,,,,,,,,,"bzale@field-ops.org","echartrand@field-ops.org",,
"a097bacc-c9e0-40f1-8705-3281a36d2e5f","9D95C76425174D37A6EC77F62597EB07","OSBS_003.mammalGrid.mam","D03","OSBS","OSBS_003","D9","distributed","evergreenForest",29.695764,-81.946187,"WGS84",45.2,34.3,0.6,"6 - trap set and empty",,"2015-04-14","2015-04-14",,,,,,,,,,,,,,,,,,,,,,,,,,,,,,,,,,,,,,,"bzale@field-ops.org","echartrand@field-ops.org",,
"b83fa104-e385-42a9-8798-e8564bf7a819","9D95C76425174D37A6EC77F62597EB07","OSBS_003.mammalGrid.mam","D03","OSBS","OSBS_003","D1","distributed","evergreenForest",29.695764,-81.946187,"WGS84",45.2,34.3,0.6,"6 - trap set and empty",,"2015-04-14","2015-04-14",,,,,,,,,,,,,,,,,,,,,,,,,,,,,,,,,,,,,,,"bzale@field-ops.org","echartrand@field-ops.org",,
"bd7460b5-5e82-4c64-bef8-9d72c937b099","9D95C76425174D37A6EC77F62597EB07","OSBS_003.mammalGrid.mam","D03","OSBS","OSBS_003","D3","distributed","evergreenForest",29.695764,-81.946187,"WGS84",45.2,34.3,0.6,"6 - trap set and empty",,"2015-04-14","2015-04-14",,,,,,,,,,,,,,,,,,,,,,,,,,,,,,,,,,,,,,,"bzale@field-ops.org","echartrand@field-ops.org",,
"045e73ea-b33a-4ccf-9b9c-2d58654e29eb","9D95C76425174D37A6EC77F62597EB07","OSBS_003.mammalGrid.mam","D03","OSBS","OSBS_003","G6","distributed","evergreenForest",29.695764,-81.946187,"WGS84",45.2,34.3,0.6,"6 - trap set and empty",,"2015-04-14","2015-04-14",,,,,,,,,,,,,,,,,,,,,,,,,,,,,,,,,,,,,,,"bzale@field-ops.org","echartrand@field-ops.org",,
"2d20c26e-4f7e-4005-ad19-83afbfdee414","9D95C76425174D37A6EC77F62597EB07","OSBS_003.mammalGrid.mam","D03","OSBS","OSBS_003","E10","distributed","evergreenForest",29.695764,-81.946187,"WGS84",45.2,34.3,0.6,"6 - trap set and empty",,"2015-04-14","2015-04-14",,,,,,,,,,,,,,,,,,,,,,,,,,,,,,,,,,,,,,,"bzale@field-ops.org","echartrand@field-ops.org",,
"351d2ec7-1d84-4e14-90f9-3755bcc48073","9D95C76425174D37A6EC77F62597EB07","OSBS_003.mammalGrid.mam","D03","OSBS","OSBS_003","A1","distributed","evergreenForest",29.695764,-81.946187,"WGS84",45.2,34.3,0.6,"5 - capture",,"2015-04-14","2015-04-14","NEON.MAM.D03.R1204",,"CRSP","Cricetidae sp.","family",,"Peterson Field Guide to Mammals of North America. 4th Ed. Houghton Mifflin Company, New York, NY","N","M","N",,,"adult","scrotal",,"not",,24,,,,40,,,,,,,,,,,,,,,,,"bzale@field-ops.org","echartrand@field-ops.org",,
"5f23468a-7cfa-474e-b5fa-109ba1414281","9D95C76425174D37A6EC77F62597EB07","OSBS_003.mammalGrid.mam","D03","OSBS","OSBS_003","I3","distributed","evergreenForest",29.695764,-81.946187,"WGS84",45.2,34.3,0.6,"6 - trap set and empty",,"2015-04-14","2015-04-14",,,,,,,,,,,,,,,,,,,,,,,,,,,,,,,,,,,,,,,"bzale@field-ops.org","echartrand@field-ops.org",,
"91bd18c8-f4df-40db-aa7b-28c25844db10","254C0A6F9A5E4CF9A251EED6F6CAD87B","OSBS_004.mammalGrid.mam","D03","OSBS","OSBS_004","D7","distributed","evergreenForest",29.682962,-81.958186,"WGS84",45.1,34.7,0.1,"6 - trap set and empty",,"2015-04-14","2015-04-14",,,,,,,,,,,,,,,,,,,,,,,,,,,,,,,,,,,,,,,"bzale@field-ops.org","echartrand@field-ops.org",,
"c01c80c1-2282-4db5-a864-e79514605fc1","254C0A6F9A5E4CF9A251EED6F6CAD87B","OSBS_004.mammalGrid.mam","D03","OSBS","OSBS_004","D10","distributed","evergreenForest",29.682962,-81.958186,"WGS84",45.1,34.7,0.1,"6 - trap set and empty",,"2015-04-14","2015-04-14",,,,,,,,,,,,,,,,,,,,,,,,,,,,,,,,,,,,,,,"bzale@field-ops.org","echartrand@field-ops.org",,
"a5f7838b-d409-401b-a0da-d621e914cd71","254C0A6F9A5E4CF9A251EED6F6CAD87B","OSBS_004.mammalGrid.mam","D03","OSBS","OSBS_004","D1","distributed","evergreenForest",29.682962,-81.958186,"WGS84",45.1,34.7,0.1,"6 - trap set and empty",,"2015-04-14","2015-04-14",,,,,,,,,,,,,,,,,,,,,,,,,,,,,,,,,,,,,,,"bzale@field-ops.org","echartrand@field-ops.org",,
"4d7989b3-a9e4-4764-af2e-3b81dd04cd85","254C0A6F9A5E4CF9A251EED6F6CAD87B","OSBS_004.mammalGrid.mam","D03","OSBS","OSBS_004","J7","distributed","evergreenForest",29.682962,-81.958186,"WGS84",45.1,34.7,0.1,"6 - trap set and empty",,"2015-04-14","2015-04-14",,,,,,,,,,,,,,,,,,,,,,,,,,,,,,,,,,,,,,,"bzale@field-ops.org","echartrand@field-ops.org",,
"b67a4aeb-a139-40a4-a25c-5d1fc5d98012","254C0A6F9A5E4CF9A251EED6F6CAD87B","OSBS_004.mammalGrid.mam","D03","OSBS","OSBS_004","I1","distributed","evergreenForest",29.682962,-81.958186,"WGS84",45.1,34.7,0.1,"6 - trap set and empty",,"2015-04-14","2015-04-14",,,,,,,,,,,,,,,,,,,,,,,,,,,,,,,,,,,,,,,"bzale@field-ops.org","echartrand@field-ops.org",,
"c252eab7-fab7-4afe-abce-eedf3acd37eb","254C0A6F9A5E4CF9A251EED6F6CAD87B","OSBS_004.mammalGrid.mam","D03","OSBS","OSBS_004","G9","distributed","evergreenForest",29.682962,-81.958186,"WGS84",45.1,34.7,0.1,"6 - trap set and empty",,"2015-04-14","2015-04-14",,,,,,,,,,,,,,,,,,,,,,,,,,,,,,,,,,,,,,,"bzale@field-ops.org","echartrand@field-ops.org",,
"193c01e0-9364-404a-bad4-6d63c5870ad2","254C0A6F9A5E4CF9A251EED6F6CAD87B","OSBS_004.mammalGrid.mam","D03","OSBS","OSBS_004","E7","distributed","evergreenForest",29.682962,-81.958186,"WGS84",45.1,34.7,0.1,"6 - trap set and empty",,"2015-04-14","2015-04-14",,,,,,,,,,,,,,,,,,,,,,,,,,,,,,,,,,,,,,,"bzale@field-ops.org","echartrand@field-ops.org",,
"c124bc85-da15-4b84-b8fb-989b449d7772","254C0A6F9A5E4CF9A251EED6F6CAD87B","OSBS_004.mammalGrid.mam","D03","OSBS","OSBS_004","H9","distributed","evergreenForest",29.682962,-81.958186,"WGS84",45.1,34.7,0.1,"6 - trap set and empty",,"2015-04-14","2015-04-14",,,,,,,,,,,,,,,,,,,,,,,,,,,,,,,,,,,,,,,"bzale@field-ops.org","echartrand@field-ops.org",,
"f687a6d7-abc9-43af-9b87-86c45bfd12fa","9D95C76425174D37A6EC77F62597EB07","OSBS_003.mammalGrid.mam","D03","OSBS","OSBS_003","G3","distributed","evergreenForest",29.695764,-81.946187,"WGS84",45.2,34.3,0.6,"6 - trap set and empty",,"2015-04-14","2015-04-14",,,,,,,,,,,,,,,,,,,,,,,,,,,,,,,,,,,,,,,"bzale@field-ops.org","echartrand@field-ops.org",,
"eff0a6bb-89b2-4366-aa64-bf25c8e55fde","9D95C76425174D37A6EC77F62597EB07","OSBS_003.mammalGrid.mam","D03","OSBS","OSBS_003","B2","distributed","evergreenForest",29.695764,-81.946187,"WGS84",45.2,34.3,0.6,"6 - trap set and empty",,"2015-04-14","2015-04-14",,,,,,,,,,,,,,,,,,,,,,,,,,,,,,,,,,,,,,,"bzale@field-ops.org","echartrand@field-ops.org",,
"94a3d4e4-8185-4bed-96da-97ea081a9b0e","9D95C76425174D37A6EC77F62597EB07","OSBS_003.mammalGrid.mam","D03","OSBS","OSBS_003","G8","distributed","evergreenForest",29.695764,-81.946187,"WGS84",45.2,34.3,0.6,"6 - trap set and empty",,"2015-04-14","2015-04-14",,,,,,,,,,,,,,,,,,,,,,,,,,,,,,,,,,,,,,,"bzale@field-ops.org","echartrand@field-ops.org",,
"c9e75414-fffa-4f51-aeb5-55f17fa32ada","9D95C76425174D37A6EC77F62597EB07","OSBS_003.mammalGrid.mam","D03","OSBS","OSBS_003","D10","distributed","evergreenForest",29.695764,-81.946187,"WGS84",45.2,34.3,0.6,"6 - trap set and empty",,"2015-04-14","2015-04-14",,,,,,,,,,,,,,,,,,,,,,,,,,,,,,,,,,,,,,,"bzale@field-ops.org","echartrand@field-ops.org",,
"c0e80b3e-65bf-4926-a069-cb0f99a242c6","9D95C76425174D37A6EC77F62597EB07","OSBS_003.mammalGrid.mam","D03","OSBS","OSBS_003","H7","distributed","evergreenForest",29.695764,-81.946187,"WGS84",45.2,34.3,0.6,"6 - trap set and empty",,"2015-04-14","2015-04-14",,,,,,,,,,,,,,,,,,,,,,,,,,,,,,,,,,,,,,,"bzale@field-ops.org","echartrand@field-ops.org",,
"317f3395-8922-46b5-9bce-d15745c877cc","9D95C76425174D37A6EC77F62597EB07","OSBS_003.mammalGrid.mam","D03","OSBS","OSBS_003","C10","distributed","evergreenForest",29.695764,-81.946187,"WGS84",45.2,34.3,0.6,"6 - trap set and empty",,"2015-04-14","2015-04-14",,,,,,,,,,,,,,,,,,,,,,,,,,,,,,,,,,,,,,,"bzale@field-ops.org","echartrand@field-ops.org",,
"6e1f9d85-0af6-4eb5-a427-8afc464d8228","9D95C76425174D37A6EC77F62597EB07","OSBS_003.mammalGrid.mam","D03","OSBS","OSBS_003","G1","distributed","evergreenForest",29.695764,-81.946187,"WGS84",45.2,34.3,0.6,"6 - trap set and empty",,"2015-04-14","2015-04-14",,,,,,,,,,,,,,,,,,,,,,,,,,,,,,,,,,,,,,,"bzale@field-ops.org","echartrand@field-ops.org",,
"9e84f0c1-dc72-4ae9-9f9b-b2e3080974b5","9D95C76425174D37A6EC77F62597EB07","OSBS_003.mammalGrid.mam","D03","OSBS","OSBS_003","E4","distributed","evergreenForest",29.695764,-81.946187,"WGS84",45.2,34.3,0.6,"6 - trap set and empty",,"2015-04-14","2015-04-14",,,,,,,,,,,,,,,,,,,,,,,,,,,,,,,,,,,,,,,"bzale@field-ops.org","echartrand@field-ops.org",,
"de67d4de-9b62-4004-b97d-49be07112a30","9D95C76425174D37A6EC77F62597EB07","OSBS_003.mammalGrid.mam","D03","OSBS","OSBS_003","D5","distributed","evergreenForest",29.695764,-81.946187,"WGS84",45.2,34.3,0.6,"6 - trap set and empty",,"2015-04-14","2015-04-14",,,,,,,,,,,,,,,,,,,,,,,,,,,,,,,,,,,,,,,"bzale@field-ops.org","echartrand@field-ops.org",,
"e9c79f79-7e68-439d-92c1-386280fb9c06","9D95C76425174D37A6EC77F62597EB07","OSBS_003.mammalGrid.mam","D03","OSBS","OSBS_003","E7","distributed","evergreenForest",29.695764,-81.946187,"WGS84",45.2,34.3,0.6,"5 - capture",,"2015-04-14","2015-04-14","NEON.MAM.D03.R1331",,"PEGO","Peromyscus gossypinus","species",,"Peterson Field Guide to Mammals of North America. 4th Ed. Houghton Mifflin Company, New York, NY","N","F","N",,,"subadult",,"nonenlarged","not","neither",22,,,,30,,,,,,,,,,,,,,,,,"bzale@field-ops.org","echartrand@field-ops.org",,
"b74594dc-2df9-4be2-b666-ecd48c508bab","9D95C76425174D37A6EC77F62597EB07","OSBS_003.mammalGrid.mam","D03","OSBS","OSBS_003","I7","distributed","evergreenForest",29.695764,-81.946187,"WGS84",45.2,34.3,0.6,"6 - trap set and empty",,"2015-04-14","2015-04-14",,,,,,,,,,,,,,,,,,,,,,,,,,,,,,,,,,,,,,,"bzale@field-ops.org","echartrand@field-ops.org",,
"b8ef6e3a-1b4c-45f3-a788-004a05cf0398","9D95C76425174D37A6EC77F62597EB07","OSBS_003.mammalGrid.mam","D03","OSBS","OSBS_003","J5","distributed","evergreenForest",29.695764,-81.946187,"WGS84",45.2,34.3,0.6,"6 - trap set and empty",,"2015-04-14","2015-04-14",,,,,,,,,,,,,,,,,,,,,,,,,,,,,,,,,,,,,,,"bzale@field-ops.org","echartrand@field-ops.org",,
"03118449-5bba-4fbc-aef0-430526d4e9bb","9D95C76425174D37A6EC77F62597EB07","OSBS_003.mammalGrid.mam","D03","OSBS","OSBS_003","J10","distributed","evergreenForest",29.695764,-81.946187,"WGS84",45.2,34.3,0.6,"6 - trap set and empty",,"2015-04-14","2015-04-14",,,,,,,,,,,,,,,,,,,,,,,,,,,,,,,,,,,,,,,"bzale@field-ops.org","echartrand@field-ops.org",,
"b5ae0c71-5618-4abb-91ac-c410b11ca088","9D95C76425174D37A6EC77F62597EB07","OSBS_003.mammalGrid.mam","D03","OSBS","OSBS_003","B5","distributed","evergreenForest",29.695764,-81.946187,"WGS84",45.2,34.3,0.6,"6 - trap set and empty",,"2015-04-14","2015-04-14",,,,,,,,,,,,,,,,,,,,,,,,,,,,,,,,,,,,,,,"bzale@field-ops.org","echartrand@field-ops.org",,
"f9d91ba1-b80b-477a-b4de-0b5000f150f6","9D95C76425174D37A6EC77F62597EB07","OSBS_003.mammalGrid.mam","D03","OSBS","OSBS_003","F3","distributed","evergreenForest",29.695764,-81.946187,"WGS84",45.2,34.3,0.6,"6 - trap set and empty",,"2015-04-14","2015-04-14",,,,,,,,,,,,,,,,,,,,,,,,,,,,,,,,,,,,,,,"bzale@field-ops.org","echartrand@field-ops.org",,
"8cb33b10-f5f1-43b8-bd67-390fa5acd310","9D95C76425174D37A6EC77F62597EB07","OSBS_003.mammalGrid.mam","D03","OSBS","OSBS_003","C9","distributed","evergreenForest",29.695764,-81.946187,"WGS84",45.2,34.3,0.6,"6 - trap set and empty",,"2015-04-14","2015-04-14",,,,,,,,,,,,,,,,,,,,,,,,,,,,,,,,,,,,,,,"bzale@field-ops.org","echartrand@field-ops.org",,
"66aa56c4-5ba9-4e3b-b8f0-597a0c5084e2","9D95C76425174D37A6EC77F62597EB07","OSBS_003.mammalGrid.mam","D03","OSBS","OSBS_003","A10","distributed","evergreenForest",29.695764,-81.946187,"WGS84",45.2,34.3,0.6,"6 - trap set and empty",,"2015-04-14","2015-04-14",,,,,,,,,,,,,,,,,,,,,,,,,,,,,,,,,,,,,,,"bzale@field-ops.org","echartrand@field-ops.org",,
"94b5ffcf-38d8-4a77-8d97-96c09aa2a9cb","9D95C76425174D37A6EC77F62597EB07","OSBS_003.mammalGrid.mam","D03","OSBS","OSBS_003","C8","distributed","evergreenForest",29.695764,-81.946187,"WGS84",45.2,34.3,0.6,"6 - trap set and empty",,"2015-04-14","2015-04-14",,,,,,,,,,,,,,,,,,,,,,,,,,,,,,,,,,,,,,,"bzale@field-ops.org","echartrand@field-ops.org",,
"a28d6e06-f73a-4898-a94b-8591450a144b","9D95C76425174D37A6EC77F62597EB07","OSBS_003.mammalGrid.mam","D03","OSBS","OSBS_003","J9","distributed","evergreenForest",29.695764,-81.946187,"WGS84",45.2,34.3,0.6,"2 - trap disturbed/door closed but empty",,"2015-04-14","2015-04-14",,,,,,,,,,,,,,,,,,,,,,,,,,,,,,,,,,,,,,,"bzale@field-ops.org","echartrand@field-ops.org",,
"437ececa-e6a0-4d6a-9c44-fdb5a16d3ee2","9D95C76425174D37A6EC77F62597EB07","OSBS_003.mammalGrid.mam","D03","OSBS","OSBS_003","F7","distributed","evergreenForest",29.695764,-81.946187,"WGS84",45.2,34.3,0.6,"6 - trap set and empty",,"2015-04-14","2015-04-14",,,,,,,,,,,,,,,,,,,,,,,,,,,,,,,,,,,,,,,"bzale@field-ops.org","echartrand@field-ops.org",,
"31df0177-957d-45b0-804d-74c88bcae871","9D95C76425174D37A6EC77F62597EB07","OSBS_003.mammalGrid.mam","D03","OSBS","OSBS_003","H9","distributed","evergreenForest",29.695764,-81.946187,"WGS84",45.2,34.3,0.6,"6 - trap set and empty",,"2015-04-14","2015-04-14",,,,,,,,,,,,,,,,,,,,,,,,,,,,,,,,,,,,,,,"bzale@field-ops.org","echartrand@field-ops.org",,
"53466b3b-1413-45ef-b9d0-8f8ae1559623","9D95C76425174D37A6EC77F62597EB07","OSBS_003.mammalGrid.mam","D03","OSBS","OSBS_003","C6","distributed","evergreenForest",29.695764,-81.946187,"WGS84",45.2,34.3,0.6,"6 - trap set and empty",,"2015-04-14","2015-04-14",,,,,,,,,,,,,,,,,,,,,,,,,,,,,,,,,,,,,,,"bzale@field-ops.org","echartrand@field-ops.org",,
"8677f4c3-d4f0-45ab-9067-bcc4ee7b5200","9D95C76425174D37A6EC77F62597EB07","OSBS_003.mammalGrid.mam","D03","OSBS","OSBS_003","B3","distributed","evergreenForest",29.695764,-81.946187,"WGS84",45.2,34.3,0.6,"6 - trap set and empty",,"2015-04-14","2015-04-14",,,,,,,,,,,,,,,,,,,,,,,,,,,,,,,,,,,,,,,"bzale@field-ops.org","echartrand@field-ops.org",,
"d31310bf-5eed-4c99-bb0f-d46121d9d949","9D95C76425174D37A6EC77F62597EB07","OSBS_003.mammalGrid.mam","D03","OSBS","OSBS_003","A4","distributed","evergreenForest",29.695764,-81.946187,"WGS84",45.2,34.3,0.6,"6 - trap set and empty",,"2015-04-14","2015-04-14",,,,,,,,,,,,,,,,,,,,,,,,,,,,,,,,,,,,,,,"bzale@field-ops.org","echartrand@field-ops.org",,
"35fcf445-2c2a-41a8-baad-46a6c80b9a01","9D95C76425174D37A6EC77F62597EB07","OSBS_003.mammalGrid.mam","D03","OSBS","OSBS_003","A5","distributed","evergreenForest",29.695764,-81.946187,"WGS84",45.2,34.3,0.6,"6 - trap set and empty",,"2015-04-14","2015-04-14",,,,,,,,,,,,,,,,,,,,,,,,,,,,,,,,,,,,,,,"bzale@field-ops.org","echartrand@field-ops.org",,
"7068aa10-db16-4139-a839-c22f6b49ca06","9D95C76425174D37A6EC77F62597EB07","OSBS_003.mammalGrid.mam","D03","OSBS","OSBS_003","C7","distributed","evergreenForest",29.695764,-81.946187,"WGS84",45.2,34.3,0.6,"6 - trap set and empty",,"2015-04-14","2015-04-14",,,,,,,,,,,,,,,,,,,,,,,,,,,,,,,,,,,,,,,"bzale@field-ops.org","echartrand@field-ops.org",,
"b3682781-ba90-462d-b80c-1105e5c5cfdb","9D95C76425174D37A6EC77F62597EB07","OSBS_003.mammalGrid.mam","D03","OSBS","OSBS_003","J7","distributed","evergreenForest",29.695764,-81.946187,"WGS84",45.2,34.3,0.6,"6 - trap set and empty",,"2015-04-14","2015-04-14",,,,,,,,,,,,,,,,,,,,,,,,,,,,,,,,,,,,,,,"bzale@field-ops.org","echartrand@field-ops.org",,
"5f7e7d14-28ca-42d4-b1c0-04e2372b4e07","9D95C76425174D37A6EC77F62597EB07","OSBS_003.mammalGrid.mam","D03","OSBS","OSBS_003","H2","distributed","evergreenForest",29.695764,-81.946187,"WGS84",45.2,34.3,0.6,"6 - trap set and empty",,"2015-04-14","2015-04-14",,,,,,,,,,,,,,,,,,,,,,,,,,,,,,,,,,,,,,,"bzale@field-ops.org","echartrand@field-ops.org",,
"7a547bd5-6c30-4d00-8f54-06b8c9d96f82","9D95C76425174D37A6EC77F62597EB07","OSBS_003.mammalGrid.mam","D03","OSBS","OSBS_003","B1","distributed","evergreenForest",29.695764,-81.946187,"WGS84",45.2,34.3,0.6,"6 - trap set and empty",,"2015-04-14","2015-04-14",,,,,,,,,,,,,,,,,,,,,,,,,,,,,,,,,,,,,,,"bzale@field-ops.org","echartrand@field-ops.org",,
"3d58eeff-f906-4aec-9d6b-f66864cbb585","9D95C76425174D37A6EC77F62597EB07","OSBS_003.mammalGrid.mam","D03","OSBS","OSBS_003","A8","distributed","evergreenForest",29.695764,-81.946187,"WGS84",45.2,34.3,0.6,"6 - trap set and empty",,"2015-04-14","2015-04-14",,,,,,,,,,,,,,,,,,,,,,,,,,,,,,,,,,,,,,,"bzale@field-ops.org","echartrand@field-ops.org",,
"fd0ae074-2aff-4217-b310-18c84643ad44","9D95C76425174D37A6EC77F62597EB07","OSBS_003.mammalGrid.mam","D03","OSBS","OSBS_003","J1","distributed","evergreenForest",29.695764,-81.946187,"WGS84",45.2,34.3,0.6,"5 - capture",,"2015-04-14","2015-04-14","NEON.MAM.D03.R1262",,"CRSP","Cricetidae sp.","family",,"Peterson Field Guide to Mammals of North America. 4th Ed. Houghton Mifflin Company, New York, NY","N","F","N",,,"adult",,"nonenlarged","not","neither",25,,,,32,,,,,,,,,,,,,,,,,"bzale@field-ops.org","echartrand@field-ops.org",,
"ee94c08e-d180-4a28-bb2f-f7cfa8666584","9D95C76425174D37A6EC77F62597EB07","OSBS_003.mammalGrid.mam","D03","OSBS","OSBS_003","I1","distributed","evergreenForest",29.695764,-81.946187,"WGS84",45.2,34.3,0.6,"6 - trap set and empty",,"2015-04-14","2015-04-14",,,,,,,,,,,,,,,,,,,,,,,,,,,,,,,,,,,,,,,"bzale@field-ops.org","echartrand@field-ops.org",,
"d41a08c0-6426-43ff-8edc-706c11ac3842","9D95C76425174D37A6EC77F62597EB07","OSBS_003.mammalGrid.mam","D03","OSBS","OSBS_003","B6","distributed","evergreenForest",29.695764,-81.946187,"WGS84",45.2,34.3,0.6,"6 - trap set and empty",,"2015-04-14","2015-04-14",,,,,,,,,,,,,,,,,,,,,,,,,,,,,,,,,,,,,,,"bzale@field-ops.org","echartrand@field-ops.org",,
"43341c71-5729-41c5-8f45-06ad78a5afa3","9D95C76425174D37A6EC77F62597EB07","OSBS_003.mammalGrid.mam","D03","OSBS","OSBS_003","C3","distributed","evergreenForest",29.695764,-81.946187,"WGS84",45.2,34.3,0.6,"6 - trap set and empty",,"2015-04-14","2015-04-14",,,,,,,,,,,,,,,,,,,,,,,,,,,,,,,,,,,,,,,"bzale@field-ops.org","echartrand@field-ops.org",,
"eefbd6aa-5719-495a-915e-4b48609b0a8c","9D95C76425174D37A6EC77F62597EB07","OSBS_003.mammalGrid.mam","D03","OSBS","OSBS_003","I9","distributed","evergreenForest",29.695764,-81.946187,"WGS84",45.2,34.3,0.6,"6 - trap set and empty",,"2015-04-14","2015-04-14",,,,,,,,,,,,,,,,,,,,,,,,,,,,,,,,,,,,,,,"bzale@field-ops.org","echartrand@field-ops.org",,
"59995fa3-e4c3-42d4-818c-ab53108e90fa","9D95C76425174D37A6EC77F62597EB07","OSBS_003.mammalGrid.mam","D03","OSBS","OSBS_003","J4","distributed","evergreenForest",29.695764,-81.946187,"WGS84",45.2,34.3,0.6,"6 - trap set and empty",,"2015-04-14","2015-04-14",,,,,,,,,,,,,,,,,,,,,,,,,,,,,,,,,,,,,,,"bzale@field-ops.org","echartrand@field-ops.org",,
"8c679679-5b0f-48c5-b0da-4ea5dd3414a0","9D95C76425174D37A6EC77F62597EB07","OSBS_003.mammalGrid.mam","D03","OSBS","OSBS_003","J2","distributed","evergreenForest",29.695764,-81.946187,"WGS84",45.2,34.3,0.6,"6 - trap set and empty",,"2015-04-14","2015-04-14",,,,,,,,,,,,,,,,,,,,,,,,,,,,,,,,,,,,,,,"bzale@field-ops.org","echartrand@field-ops.org",,
"ad89cbf1-506a-43cc-a7a3-4c0a86ef1a18","9D95C76425174D37A6EC77F62597EB07","OSBS_003.mammalGrid.mam","D03","OSBS","OSBS_003","B8","distributed","evergreenForest",29.695764,-81.946187,"WGS84",45.2,34.3,0.6,"6 - trap set and empty",,"2015-04-14","2015-04-14",,,,,,,,,,,,,,,,,,,,,,,,,,,,,,,,,,,,,,,"bzale@field-ops.org","echartrand@field-ops.org",,
"7dc6ed5a-36ee-4466-89e0-b5db09bb1806","9D95C76425174D37A6EC77F62597EB07","OSBS_003.mammalGrid.mam","D03","OSBS","OSBS_003","B7","distributed","evergreenForest",29.695764,-81.946187,"WGS84",45.2,34.3,0.6,"6 - trap set and empty",,"2015-04-14","2015-04-14",,,,,,,,,,,,,,,,,,,,,,,,,,,,,,,,,,,,,,,"bzale@field-ops.org","echartrand@field-ops.org",,
"a9ae45a5-fc0b-46bf-82aa-2f05e67b5a62","254C0A6F9A5E4CF9A251EED6F6CAD87B","OSBS_004.mammalGrid.mam","D03","OSBS","OSBS_004","J9","distributed","evergreenForest",29.682962,-81.958186,"WGS84",45.1,34.7,0.1,"6 - trap set and empty",,"2015-04-14","2015-04-14",,,,,,,,,,,,,,,,,,,,,,,,,,,,,,,,,,,,,,,"bzale@field-ops.org","echartrand@field-ops.org",,
"400f4acd-a2a0-4baf-82c6-21b94ea8cc5d","254C0A6F9A5E4CF9A251EED6F6CAD87B","OSBS_004.mammalGrid.mam","D03","OSBS","OSBS_004","C8","distributed","evergreenForest",29.682962,-81.958186,"WGS84",45.1,34.7,0.1,"6 - trap set and empty",,"2015-04-14","2015-04-14",,,,,,,,,,,,,,,,,,,,,,,,,,,,,,,,,,,,,,,"bzale@field-ops.org","echartrand@field-ops.org",,
"b5174fd6-23ae-43d5-b6e8-3e6aa4a75fb1","254C0A6F9A5E4CF9A251EED6F6CAD87B","OSBS_004.mammalGrid.mam","D03","OSBS","OSBS_004","A5","distributed","evergreenForest",29.682962,-81.958186,"WGS84",45.1,34.7,0.1,"6 - trap set and empty",,"2015-04-14","2015-04-14",,,,,,,,,,,,,,,,,,,,,,,,,,,,,,,,,,,,,,,"bzale@field-ops.org","echartrand@field-ops.org",,
"44fa8bec-6836-414d-ae3a-140d2693c14b","254C0A6F9A5E4CF9A251EED6F6CAD87B","OSBS_004.mammalGrid.mam","D03","OSBS","OSBS_004","G10","distributed","evergreenForest",29.682962,-81.958186,"WGS84",45.1,34.7,0.1,"6 - trap set and empty",,"2015-04-14","2015-04-14",,,,,,,,,,,,,,,,,,,,,,,,,,,,,,,,,,,,,,,"bzale@field-ops.org","echartrand@field-ops.org",,
"9ddaa6be-7a98-4fd1-b863-7ccc116d3924","254C0A6F9A5E4CF9A251EED6F6CAD87B","OSBS_004.mammalGrid.mam","D03","OSBS","OSBS_004","E10","distributed","evergreenForest",29.682962,-81.958186,"WGS84",45.1,34.7,0.1,"6 - trap set and empty",,"2015-04-14","2015-04-14",,,,,,,,,,,,,,,,,,,,,,,,,,,,,,,,,,,,,,,"bzale@field-ops.org","echartrand@field-ops.org",,
"41a423f4-108a-4976-80cc-e35956f68a0d","254C0A6F9A5E4CF9A251EED6F6CAD87B","OSBS_004.mammalGrid.mam","D03","OSBS","OSBS_004","B6","distributed","evergreenForest",29.682962,-81.958186,"WGS84",45.1,34.7,0.1,"6 - trap set and empty",,"2015-04-14","2015-04-14",,,,,,,,,,,,,,,,,,,,,,,,,,,,,,,,,,,,,,,"bzale@field-ops.org","echartrand@field-ops.org",,
"5a42777b-6e6e-49ff-b36d-330cab040205","254C0A6F9A5E4CF9A251EED6F6CAD87B","OSBS_004.mammalGrid.mam","D03","OSBS","OSBS_004","J10","distributed","evergreenForest",29.682962,-81.958186,"WGS84",45.1,34.7,0.1,"6 - trap set and empty",,"2015-04-14","2015-04-14",,,,,,,,,,,,,,,,,,,,,,,,,,,,,,,,,,,,,,,"bzale@field-ops.org","echartrand@field-ops.org",,
"db6984cf-08cc-472c-99ec-8d035442a919","254C0A6F9A5E4CF9A251EED6F6CAD87B","OSBS_004.mammalGrid.mam","D03","OSBS","OSBS_004","D9","distributed","evergreenForest",29.682962,-81.958186,"WGS84",45.1,34.7,0.1,"6 - trap set and empty",,"2015-04-14","2015-04-14",,,,,,,,,,,,,,,,,,,,,,,,,,,,,,,,,,,,,,,"bzale@field-ops.org","echartrand@field-ops.org",,
"0a9474b3-bca7-4e5c-a748-bc39481f302f","254C0A6F9A5E4CF9A251EED6F6CAD87B","OSBS_004.mammalGrid.mam","D03","OSBS","OSBS_004","G8","distributed","evergreenForest",29.682962,-81.958186,"WGS84",45.1,34.7,0.1,"6 - trap set and empty",,"2015-04-14","2015-04-14",,,,,,,,,,,,,,,,,,,,,,,,,,,,,,,,,,,,,,,"bzale@field-ops.org","echartrand@field-ops.org",,
"2bf74b62-d6ca-4ab8-8e4b-a991b245760d","254C0A6F9A5E4CF9A251EED6F6CAD87B","OSBS_004.mammalGrid.mam","D03","OSBS","OSBS_004","G6","distributed","evergreenForest",29.682962,-81.958186,"WGS84",45.1,34.7,0.1,"6 - trap set and empty",,"2015-04-14","2015-04-14",,,,,,,,,,,,,,,,,,,,,,,,,,,,,,,,,,,,,,,"bzale@field-ops.org","echartrand@field-ops.org",,
"00928851-a9e8-499d-b598-cbbccfaad786","254C0A6F9A5E4CF9A251EED6F6CAD87B","OSBS_004.mammalGrid.mam","D03","OSBS","OSBS_004","B3","distributed","evergreenForest",29.682962,-81.958186,"WGS84",45.1,34.7,0.1,"6 - trap set and empty",,"2015-04-14","2015-04-14",,,,,,,,,,,,,,,,,,,,,,,,,,,,,,,,,,,,,,,"bzale@field-ops.org","echartrand@field-ops.org",,
"efeabad8-03b3-4ed8-9eb4-a8f7611fa331","254C0A6F9A5E4CF9A251EED6F6CAD87B","OSBS_004.mammalGrid.mam","D03","OSBS","OSBS_004","H3","distributed","evergreenForest",29.682962,-81.958186,"WGS84",45.1,34.7,0.1,"6 - trap set and empty",,"2015-04-14","2015-04-14",,,,,,,,,,,,,,,,,,,,,,,,,,,,,,,,,,,,,,,"bzale@field-ops.org","echartrand@field-ops.org",,
"c12ff2f4-7334-48c4-9676-a8232abc4b58","254C0A6F9A5E4CF9A251EED6F6CAD87B","OSBS_004.mammalGrid.mam","D03","OSBS","OSBS_004","E5","distributed","evergreenForest",29.682962,-81.958186,"WGS84",45.1,34.7,0.1,"6 - trap set and empty",,"2015-04-14","2015-04-14",,,,,,,,,,,,,,,,,,,,,,,,,,,,,,,,,,,,,,,"bzale@field-ops.org","echartrand@field-ops.org",,
"4d489a17-2142-4c6b-a276-c8d74f7edb59","254C0A6F9A5E4CF9A251EED6F6CAD87B","OSBS_004.mammalGrid.mam","D03","OSBS","OSBS_004","A6","distributed","evergreenForest",29.682962,-81.958186,"WGS84",45.1,34.7,0.1,"6 - trap set and empty",,"2015-04-14","2015-04-14",,,,,,,,,,,,,,,,,,,,,,,,,,,,,,,,,,,,,,,"bzale@field-ops.org","echartrand@field-ops.org",,
"42606b1e-38af-4c4d-8b70-9811ca9091bc","254C0A6F9A5E4CF9A251EED6F6CAD87B","OSBS_004.mammalGrid.mam","D03","OSBS","OSBS_004","F9","distributed","evergreenForest",29.682962,-81.958186,"WGS84",45.1,34.7,0.1,"6 - trap set and empty",,"2015-04-14","2015-04-14",,,,,,,,,,,,,,,,,,,,,,,,,,,,,,,,,,,,,,,"bzale@field-ops.org","echartrand@field-ops.org",,
"172c9038-01fa-4d5f-ad32-3ec2936b7844","254C0A6F9A5E4CF9A251EED6F6CAD87B","OSBS_004.mammalGrid.mam","D03","OSBS","OSBS_004","H5","distributed","evergreenForest",29.682962,-81.958186,"WGS84",45.1,34.7,0.1,"6 - trap set and empty",,"2015-04-14","2015-04-14",,,,,,,,,,,,,,,,,,,,,,,,,,,,,,,,,,,,,,,"bzale@field-ops.org","echartrand@field-ops.org",,
"f64333ce-c2fa-4a83-b3f1-5e915f40e7e1","254C0A6F9A5E4CF9A251EED6F6CAD87B","OSBS_004.mammalGrid.mam","D03","OSBS","OSBS_004","D3","distributed","evergreenForest",29.682962,-81.958186,"WGS84",45.1,34.7,0.1,"6 - trap set and empty",,"2015-04-14","2015-04-14",,,,,,,,,,,,,,,,,,,,,,,,,,,,,,,,,,,,,,,"bzale@field-ops.org","echartrand@field-ops.org",,
"4a13c785-9f5c-4445-99ca-b163e8f40757","254C0A6F9A5E4CF9A251EED6F6CAD87B","OSBS_004.mammalGrid.mam","D03","OSBS","OSBS_004","I4","distributed","evergreenForest",29.682962,-81.958186,"WGS84",45.1,34.7,0.1,"6 - trap set and empty",,"2015-04-14","2015-04-14",,,,,,,,,,,,,,,,,,,,,,,,,,,,,,,,,,,,,,,"bzale@field-ops.org","echartrand@field-ops.org",,
