uid,nightuid,namedLocation,domainID,siteID,plotID,collectDate,endDate,samplingProtocolVersion,remarks,dataQF
"f3815354-161f-43cd-b04a-6873e88b9b9e","31FF21F57381400FA32A352A98294A09","ONAQ_023.mammalGrid.mam","D15","ONAQ","ONAQ_023","2015-08-14","2015-08-14",,,
"27e30cb2-ec52-4d49-a085-2bb82cf06829","10862F7A53844A61BBC9590A66AAB16E","ONAQ_020.mammalGrid.mam","D15","ONAQ","ONAQ_020","2015-08-14","2015-08-14",,,
"5ae58831-a0c0-498c-ab0b-8350180eb679","DD10E4B4EEDA4B298E70B107A9B6A255","ONAQ_020.mammalGrid.mam","D15","ONAQ","ONAQ_020","2015-08-15","2015-08-15",,,
"6a0e4898-a75d-4d01-b11f-e77ccac71c05","DD3B2079C778428191375C0B9B2FC456","ONAQ_015.mammalGrid.mam","D15","ONAQ","ONAQ_015","2015-08-15","2015-08-15",,,
"c61162d6-c3ce-4dcb-98c9-2a2fe0ee6782","666E67095CC24192BA66B5B388E80BA4","ONAQ_023.mammalGrid.mam","D15","ONAQ","ONAQ_023","2015-08-15","2015-08-15",,,
"c23ae4db-5faa-4154-87b2-e57a30d6c6f5","20B3267604F945F0B412268360BC745C","ONAQ_015.mammalGrid.mam","D15","ONAQ","ONAQ_015","2015-08-16","2015-08-16",,,
"2b010413-2e3c-46ab-b3b6-b3e36b390c17","5C5124484D4F4EFF887DFA786475C805","ONAQ_020.mammalGrid.mam","D15","ONAQ","ONAQ_020","2015-08-16","2015-08-16",,,
"a2b842f8-69ba-4229-870b-f4db6e9e93b9","CD01278B8C1B49AEB49986E01951676F","ONAQ_023.mammalGrid.mam","D15","ONAQ","ONAQ_023","2015-08-16","2015-08-16",,"Total measurements were not taken on recaptured animals because we had a large number of animals at the other grids, so we were short on time.",
"ba9a0c1d-a187-4dae-9fc1-62b7700da7b5","CCEAE1DD0EED48D49F1B8B7609E75A55","ONAQ_015.mammalGrid.mam","D15","ONAQ","ONAQ_015","2015-08-17","2015-08-17",,,
"53d95b49-46c4-432f-be89-21d561b75b5c","6E7442FFBDBC462D9D21876244A28CA8","ONAQ_005.mammalGrid.mam","D15","ONAQ","ONAQ_005","2015-08-17","2015-08-17",,,
"15e5bf3a-cafd-4365-8f02-b958eea5f3b0","7BCEB57AD35B43F68BA9BA91F14FA74E","ONAQ_004.mammalGrid.mam","D15","ONAQ","ONAQ_004","2015-08-17","2015-08-17",,"Not all measurements were taken due to high capture rates at other plots.",
"0924089d-fd42-4a38-8cb4-5debe79c8eb9","478ABCB03D2A4931BB88304AA971DE6D","ONAQ_019.mammalGrid.mam","D15","ONAQ","ONAQ_019","2015-08-18","2015-08-18",,,
