uid,nightuid,namedLocation,domainID,siteID,plotID,collectDate,endDate,samplingProtocolVersion,remarks,dataQF
"32f0de7e-db68-4bbf-99a4-5590fb557a32","48b22dd5-7f73-46b8-a319-454d670073a4","ONAQ_023.mammalGrid.mam","D15","ONAQ","ONAQ_023","2017-09-21","2017-09-21","NEON.DOC.000481vJ",,
"45313c65-8873-4893-9b70-d2a9d2b04bb0","e79f81f0-da98-4df3-8b8e-de264ecc2006","ONAQ_005.mammalGrid.mam","D15","ONAQ","ONAQ_005","2017-09-21","2017-09-21","NEON.DOC.000481vJ",,
"7e7bc262-fa2b-4b43-8c71-cc90dfcded68","80c9158e-2f68-45b1-9879-2fd87b25f898","ONAQ_020.mammalGrid.mam","D15","ONAQ","ONAQ_020","2017-09-21","2017-09-21","NEON.DOC.000481vJ",,
"548e06c2-d47b-4751-971c-9160943774c8","c6e7eb6e-d761-44c4-89c7-6ba8016bcfd6","ONAQ_003.mammalGrid.mam","D15","ONAQ","ONAQ_003","2017-09-21","2017-09-21","NEON.DOC.000481vJ",,
"fe30b712-d22b-41f3-a664-d5d8ea3c8438","62a84ee0-aab6-4fda-89d7-2c7e8b982f0d","ONAQ_020.mammalGrid.mam","D15","ONAQ","ONAQ_020","2017-09-26","2017-09-26","NEON.DOC.000481vJ",,
"aa348918-dc43-48c9-9d23-e537efb402a0","4423aec5-4d1c-4436-8bcd-a07686c1f149","ONAQ_005.mammalGrid.mam","D15","ONAQ","ONAQ_005","2017-09-26","2017-09-26","NEON.DOC.000481vJ",,
"ba8ddc6e-4477-415a-ad9d-b9c037db455d","43f2a45a-78a0-470b-9f29-f93d352f44e2","ONAQ_019.mammalGrid.mam","D15","ONAQ","ONAQ_019","2017-09-26","2017-09-26","NEON.DOC.000481vJ",,
"493d9652-8333-411a-9a6e-64f196eb36c8","7a0c9706-7916-4a3c-b444-a41f2e9ee1f4","ONAQ_003.mammalGrid.mam","D15","ONAQ","ONAQ_003","2017-09-26","2017-09-26","NEON.DOC.000481vJ",,
"8531b63b-2caa-4484-bfae-734387fa5b11","d8b0c37f-a24c-425f-9751-9968fcdd6a9f","ONAQ_004.mammalGrid.mam","D15","ONAQ","ONAQ_004","2017-09-27","2017-09-27","NEON.DOC.000481vJ",,
"d5783976-c3db-4201-808f-9f496bf1c639","5f14321e-ca40-4749-9069-bdc5691eee6f","ONAQ_003.mammalGrid.mam","D15","ONAQ","ONAQ_003","2017-09-27","2017-09-27","NEON.DOC.000481vJ","Reduced processing due to high capture rate no measurements taken for recaptures",
"6e5e0cc6-3c73-440c-84f1-af960f84629d","904defff-bb21-4eeb-81b0-1b2948f32ec3","ONAQ_020.mammalGrid.mam","D15","ONAQ","ONAQ_020","2017-09-27","2017-09-27","NEON.DOC.000481vJ",,
"3b970d2f-ce85-430b-b9c5-e53eaffd8c32","3fd1ea47-e115-487c-9b00-8a27405c37f0","ONAQ_005.mammalGrid.mam","D15","ONAQ","ONAQ_005","2017-09-27","2017-09-27","NEON.DOC.000481vJ",,
