uid,nightuid,namedLocation,domainID,siteID,plotID,collectDate,endDate,samplingProtocolVersion,remarks,dataQF
"3b37869f-0658-471d-a093-6c6bd9c7cbd3","17044A92B62A4E3FB230B2E1A98CA8E0","NOGP_005.mammalGrid.mam","D09","NOGP","NOGP_005","2016-08-09","2016-08-09","NEON.DOC.000481vH",,
"40782b68-95bd-4cd2-adea-8194d71ae3d2","4AA054447BFF42B9A6E7C450C26E4C87","NOGP_017.mammalGrid.mam","D09","NOGP","NOGP_017","2016-08-09","2016-08-09","NEON.DOC.000481vH",,
"00097eab-ede0-402b-9ed4-9aab17945ab1","8684FF4BD68348CF91AD3B859A8933D7","NOGP_010.mammalGrid.mam","D09","NOGP","NOGP_010","2016-08-09","2016-08-09","NEON.DOC.000481vH",,
"e87df31a-e990-43ea-930d-b5be1e884d2c","A1E54C148A89441180EA7CBB7DA55FBD","NOGP_002.mammalGrid.mam","D09","NOGP","NOGP_002","2016-08-09","2016-08-09","NEON.DOC.000481vH",,
"6442a5b1-b79c-4b22-9517-36e6a3a45346","FC562D4585434D7E82027A18EFA7E0F3","NOGP_017.mammalGrid.mam","D09","NOGP","NOGP_017","2016-08-10","2016-08-10","NEON.DOC.000481vH",,
"5c33ead2-e3b9-425e-bad8-68804e2ecd26","6602E6169A2D485EA412674F643FC8D3","NOGP_010.mammalGrid.mam","D09","NOGP","NOGP_010","2016-08-10","2016-08-10","NEON.DOC.000481vH",,
"716ec494-e71f-4310-a563-1a8dfa3b3344","70548283E9DC40618113562DFCDD1740","NOGP_002.mammalGrid.mam","D09","NOGP","NOGP_002","2016-08-10","2016-08-10","NEON.DOC.000481vH",,
"b934ac6a-61d3-426a-8653-2addb116cc6e","1CDE982C1CFA4D968D311988D549EDE3","NOGP_009.mammalGrid.mam","D09","NOGP","NOGP_009","2016-08-10","2016-08-10","NEON.DOC.000481vH",,
"8dc62e52-9e2a-43dd-8f65-6d4449140658","EFF3B7EF9CD04C1EB69A152F10D97438","NOGP_002.mammalGrid.mam","D09","NOGP","NOGP_002","2016-08-11","2016-08-11","NEON.DOC.000481vH",,
"6f214409-8a57-4fcc-85c1-e93c885adce8","DE6CE0A57B254D5CAE9015955461DC4B","NOGP_017.mammalGrid.mam","D09","NOGP","NOGP_017","2016-08-11","2016-08-11","NEON.DOC.000481vH",,
"b5a31a52-9f91-4a3a-a6f7-cc261ebe2fdb","4D0D876DE3D8479B9EE4578C87E3E79F","NOGP_010.mammalGrid.mam","D09","NOGP","NOGP_010","2016-08-11","2016-08-11","NEON.DOC.000481vH",,
"0bd1765b-cac5-466d-8601-8634d959df79","FB833A8B18D348A38350FF1FDC5C29D8","NOGP_007.mammalGrid.mam","D09","NOGP","NOGP_007","2016-08-11","2016-08-11","NEON.DOC.000481vH",,
