uid,nightuid,namedLocation,domainID,siteID,plotID,collectDate,endDate,samplingProtocolVersion,remarks,dataQF
"44c2b78d-67d5-4fd2-9a39-5327729acc39","42027777-9726-4a07-8ba5-273b2d72465b","NIWO_001.mammalGrid.mam","D13","NIWO","NIWO_001","2017-07-23","2017-07-23","NEON.DOC.000481vJ",,
"c727a4e2-426d-4c8a-8509-149436d95e59","a32c8ce5-44dc-426a-b6ca-578e233b8963","NIWO_007.mammalGrid.mam","D13","NIWO","NIWO_007","2017-07-23","2017-07-23","NEON.DOC.000481vJ",,
"2f491796-1d52-4745-ac67-656544f7f917","e207d02b-af20-4e14-8809-df97c0698f29","NIWO_023.mammalGrid.mam","D13","NIWO","NIWO_023","2017-07-23","2017-07-23","NEON.DOC.000481vJ",,
"967c6bc4-9b61-466d-8b31-a7a1ace4cf0b","09e5ec87-45bb-4a7c-ae80-8ab16282ce58","NIWO_002.mammalGrid.mam","D13","NIWO","NIWO_002","2017-07-23","2017-07-23","NEON.DOC.000481vJ",,
"d40858aa-b0d0-4e0c-825a-2f3375d6618d","5aeb12f9-29c6-403f-a0e4-4ddbe7837849","NIWO_025.mammalGrid.mam","D13","NIWO","NIWO_025","2017-07-23","2017-07-23","NEON.DOC.000481vJ",,
"3b23b73a-6488-41da-a19c-762e2a3f03cb","fbae9bb3-7ad3-4605-9bd8-64cc66155d3f","NIWO_007.mammalGrid.mam","D13","NIWO","NIWO_007","2017-07-24","2017-07-24","NEON.DOC.000481vJ",,
"f84b37a8-ef02-4308-a2e0-77a174ad8e8a","44822071-9f23-4f00-81c5-f2e6ef6536e4","NIWO_023.mammalGrid.mam","D13","NIWO","NIWO_023","2017-07-24","2017-07-24","NEON.DOC.000481vJ",,
"63d4f924-337d-42ef-8a33-ff00666a7d3f","2e8a1031-ec77-4037-8adc-5acdf1951929","NIWO_002.mammalGrid.mam","D13","NIWO","NIWO_002","2017-07-24","2017-07-24","NEON.DOC.000481vJ",,
"906c0294-9e2c-4339-b069-6482aba8bdbe","d02a1ab2-4f04-4f6c-b46e-c0c5ccb818ef","NIWO_005.mammalGrid.mam","D13","NIWO","NIWO_005","2017-07-24","2017-07-24","NEON.DOC.000481vJ",,
"7135fee7-51b7-4da2-8778-0a4f79c9bdc4","9500c498-9427-4c5c-a72c-ade1856817d2","NIWO_007.mammalGrid.mam","D13","NIWO","NIWO_007","2017-07-25","2017-07-25","NEON.DOC.000481vJ",,
"7f800ff1-85bb-4ee0-ba52-5d2a2718c680","72d605bc-9611-498f-9c0f-b2e710d1e7d0","NIWO_023.mammalGrid.mam","D13","NIWO","NIWO_023","2017-07-25","2017-07-25","NEON.DOC.000481vJ",,
"7084c905-3b45-481f-ab42-9b39588a5ea4","0307c28b-b537-4a3d-9657-e34dbc937a41","NIWO_002.mammalGrid.mam","D13","NIWO","NIWO_002","2017-07-25","2017-07-25","NEON.DOC.000481vJ",,
