uid,nightuid,namedLocation,domainID,siteID,plotID,collectDate,endDate,samplingProtocolVersion,remarks,dataQF
"3f3b8ce9-c754-4880-aec4-dc901b4d9e0a","41707b17-2a6e-4032-88d0-32d6041331d2","GRSM_070.mammalGrid.mam","D07","GRSM","GRSM_070","2018-08-14","2018-08-14","NEON.DOC.000481vK",,
"96b05587-d583-4d05-b8fc-54e6c76bad7d","7f2a2d81-e0c8-4d06-955d-a7b75b4e3142","GRSM_014.mammalGrid.mam","D07","GRSM","GRSM_014","2018-08-14","2018-08-14","NEON.DOC.000481vK",,
"72bbe3c2-7f66-4ec5-be51-feadf5f564d9","ea461895-a408-486f-917f-a582f4a19207","GRSM_069.mammalGrid.mam","D07","GRSM","GRSM_069","2018-08-14","2018-08-14","NEON.DOC.000481vK",,
"71ea426c-3730-42cc-9ba5-3f1a85c71cbe","2dcbb041-8dfe-41b6-a96a-89a7b83ac7d7","GRSM_020.mammalGrid.mam","D07","GRSM","GRSM_020","2018-08-14","2018-08-14","NEON.DOC.000481vK",,
"6a96a4b4-6e47-4b86-ad42-22f7ab9131e7","dba79b5b-8d5c-4f5e-8d51-b36450f85f67","GRSM_033.mammalGrid.mam","D07","GRSM","GRSM_033","2018-08-15","2018-08-15","NEON.DOC.000481vK",,
"cb2a6189-9774-49fc-aae7-c2659fbdd46c","5f2eeb8c-14d8-4c61-a44c-6fb23eae8514","GRSM_014.mammalGrid.mam","D07","GRSM","GRSM_014","2018-08-15","2018-08-15","NEON.DOC.000481vK",,
"7393a44a-e108-459a-a577-8f6f355c1487","468697d7-c0ef-45c0-813c-9e7e8f65ee73","GRSM_069.mammalGrid.mam","D07","GRSM","GRSM_069","2018-08-15","2018-08-15","NEON.DOC.000481vK",,
"71e3769c-ba2d-437e-ad01-f8200660b3af","b7408e4a-646b-48be-89b0-213fe568b9f4","GRSM_020.mammalGrid.mam","D07","GRSM","GRSM_020","2018-08-15","2018-08-15","NEON.DOC.000481vK",,
"0a1dcfc4-3a7c-4b53-aec5-39c1d3fb1c2d","f501b4b6-1340-4bf7-b250-9e65c492793d","GRSM_020.mammalGrid.mam","D07","GRSM","GRSM_020","2018-08-16","2018-08-16","NEON.DOC.000481vK",,
"56c456d3-9984-46e2-aaaa-4b410b2980d2","85dbb2e9-9b4e-4200-a42b-59efa1f2838a","GRSM_071.mammalGrid.mam","D07","GRSM","GRSM_071","2018-08-16","2018-08-16","NEON.DOC.000481vK",,
"5fdc3122-2271-423a-b266-83939ad5cd6b","d248bdbe-809a-4b0e-a338-fc028f949528","GRSM_015.mammalGrid.mam","D07","GRSM","GRSM_015","2018-08-16","2018-08-16","NEON.DOC.000481vK",,
"b4ae675a-2ef5-4f7f-a327-d638802d8cd6","705cbac3-6148-4be4-a928-0f4a3c0c4f57","GRSM_014.mammalGrid.mam","D07","GRSM","GRSM_014","2018-08-16","2018-08-16","NEON.DOC.000481vK",,
