uid,nightuid,namedLocation,domainID,siteID,plotID,collectDate,endDate,samplingProtocolVersion,remarks,dataQF
"0783c45d-20cf-4d09-82d7-2c2e30d3db14","47D101468D954B9A812B682846D3661A","STER_006.mammalGrid.mam","D10","STER","STER_006","2015-06-17","2015-06-17",,"Used version 'vG",
"11465e71-f8ab-44f2-aa3d-c49294bb82fc","FBA1F07928714940ABD514117BD9F445","STER_029.mammalGrid.mam","D10","STER","STER_029","2015-06-17","2015-06-17",,"used version 'vG",
"514509cf-5904-4e05-a56a-013316c07023","5A1ADCDC5157420C957B60B91D1E0D87","STER_031.mammalGrid.mam","D10","STER","STER_031","2015-06-17","2015-06-17",,"Used version 'vG",
"969b9b13-3aaa-44be-bafc-5be6c6e4c1cd","3EC336F728CE4ECCB989556512426E69","STER_029.mammalGrid.mam","D10","STER","STER_029","2015-06-18","2015-06-18",,,
"a9fa5e95-2de1-415f-9d83-bbdc5fd50c27","3DCD52E3E56141C0ADBE5990D4D746E5","STER_006.mammalGrid.mam","D10","STER","STER_006","2015-06-18","2015-06-18",,"Using protocol vg",
"92e92742-7f74-42b3-95ff-47ee22159ebc","FFE955667BCD494FA168CA7EBCBA9A9B","STER_029.mammalGrid.mam","D10","STER","STER_029","2015-06-18","2015-06-18",,"used version 'vG",
"14c550df-e0b9-4b5b-9ac1-a41afe2ae0b5","F5AE3EE3D2024D1BABC3F7026DC97674","STER_031.mammalGrid.mam","D10","STER","STER_031","2015-06-18","2015-06-18",,"Used version 'vG",
"f329e794-b26a-476f-bfcc-c9f5970d5479","EF6DC335326D4BCBB5E5A108790C266F","STER_029.mammalGrid.mam","D10","STER","STER_029","2015-06-18","2015-06-18",,"Using protocol vG",
"d353e36a-f850-41cd-8f0f-db7f041a6af0","2D641DDAE8FB4F76867067EE9B702274","STER_031.mammalGrid.mam","D10","STER","STER_031","2015-06-19","2015-06-19",,"used version 'vG",
"a01e91a8-0a8e-41b7-8554-3b308818d817","E485F63FCC66429884791C02EDCC7847","STER_006.mammalGrid.mam","D10","STER","STER_006","2015-06-19","2015-06-19",,,
"977bc19f-75ff-42fc-9cd3-9580cf330189","0DDF148EC60B44C8A7FC1A41E1A3A26F","STER_028.mammalGrid.mam","D10","STER","STER_028","2015-06-20","2015-06-20",,"used version 'vG",
"3f2ae57a-89e4-4918-b1c1-5c43914963d0","3B6CB4CA8A824F0E8A9C63D0E32A90F2","STER_026.mammalGrid.mam","D10","STER","STER_026","2015-06-20","2015-06-20",,"Using protocol vg",
"99d05c8a-8bf7-4d2a-aa4e-a7ef05cabae4","4579EB50E2AA4B8AA5F7017E3A35624F","STER_027.mammalGrid.mam","D10","STER","STER_027","2015-06-20","2015-06-20",,"Using protocol vg",
