uid,nightuid,namedLocation,domainID,siteID,plotID,collectDate,endDate,samplingProtocolVersion,remarks,dataQF
"c84eb09e-6330-4624-bbad-b9dd8ba5320c","31BFE0C9DD4649DAA46D14735D525ADE","CPER_009.mammalGrid.mam","D10","CPER","CPER_009","2015-10-06","2015-10-06",,"Using protocol vg.",
"8a1f0066-1cf0-477a-8ec5-5e50dedaa3dc","9672DC620CD241D59DC4EF098210927A","CPER_005.mammalGrid.mam","D10","CPER","CPER_005","2015-10-06","2015-10-06",,"Using protocol vg.",
"97cdd13a-7462-4d07-8289-be88bec59eff","4C071FC0D4E64C4B8AAF194F1C1F1E03","CPER_006.mammalGrid.mam","D10","CPER","CPER_006","2015-10-06","2015-10-06",,"Using protocol vg.",
"82826a42-60c3-4c83-a11b-80416698a52f","5F391FEB91AE44BE8338E896D300A249","CPER_015.mammalGrid.mam","D10","CPER","CPER_015","2015-10-06","2015-10-06",,"Using protocol vg.",
"ccc36975-5747-4b74-8a0e-dcdc0e1639a1","5AFD784BEDD748F2A1B188F2559EA3B5","CPER_011.mammalGrid.mam","D10","CPER","CPER_011","2015-10-06","2015-10-06",,"Using protocol vg.",
"52ca7c24-e6aa-4d2c-967f-c3b04beb3333","7CE7F8C54A25466A9CFCAC69A755E92E","CPER_008.mammalGrid.mam","D10","CPER","CPER_008","2015-10-07","2015-10-07",,"Used version 'vG",
"df667043-20da-4a63-a883-e2d00c6c82d4","5586D7956BDC45148AD79A4FB7246A2D","CPER_015.mammalGrid.mam","D10","CPER","CPER_015","2015-10-07","2015-10-07",,"Used version 'vG",
"74ae52ca-e409-4e91-98b8-df87503ce012","28E3B8C814424653B066FF04768731F0","CPER_011.mammalGrid.mam","D10","CPER","CPER_011","2015-10-07","2015-10-07",,"Used version 'vG",
"81e7ec19-e535-46a3-a3f3-e0d273c34948","673F72685BDF428FB796D91F9287D3F9","CPER_002.mammalGrid.mam","D10","CPER","CPER_002","2015-10-07","2015-10-07",,"Used version 'vG",
"2b1eb8ec-9a9e-40d5-a50e-5c6b09582de4","7196821F12194540A7C727370AE29620","CPER_005.mammalGrid.mam","D10","CPER","CPER_005","2015-10-07","2015-10-07",,"Used version 'vG",
"4aa3db5f-a522-40bc-b2a7-ee5123640d0f","B1C06A5CA0554CAAA25F216207D0249B","CPER_004.mammalGrid.mam","D10","CPER","CPER_004","2015-10-08","2015-10-08",,"Using protocol vg",
"82cb2650-6629-4ee7-92c4-d07db6ccd7fe","6BECE51B814746C4B49A6CC111CB6EBE","CPER_005.mammalGrid.mam","D10","CPER","CPER_005","2015-10-08","2015-10-08",,"Using protocol vg",
"dbeb730a-43cb-4607-9d0e-07c8d36e5f70","43CFD1F4A4B14E03BC80433447B83544","CPER_015.mammalGrid.mam","D10","CPER","CPER_015","2015-10-08","2015-10-08",,"Using protocol vg",
"3c8be916-bc81-44cc-a51e-888d218ebb79","3E40BFE92DDA42FA8E834D6E5F00BA52","CPER_011.mammalGrid.mam","D10","CPER","CPER_011","2015-10-08","2015-10-08",,"Using protocol vg",
"e28e8085-f147-47c7-977d-f54505dfaa49","E4BD60DB89BB485B896B5C380C79D3FF","CPER_005.mammalGrid.mam","D10","CPER","CPER_005","2015-10-25","2015-10-25","NEON.DOC.000481vH",,
