uid,nightuid,namedLocation,domainID,siteID,plotID,collectDate,endDate,samplingProtocolVersion,remarks,dataQF
"b43a83f6-3b23-4505-872c-d900ed124081","B027543865AF40AC94AB79DAC42F88B3","JORN_017.mammalGrid.mam","D14","JORN","JORN_017","2015-06-10","2015-06-10",,,
"62c98035-1c41-4795-bd87-5716fc738230","01F6663B13D6487198D66473E97F8992","JORN_018.mammalGrid.mam","D14","JORN","JORN_018","2015-06-10","2015-06-10",,,
"db275a18-a576-454f-b8a3-f02ced8028c1","DAFBC514D0F84EFB82C49F1839368129","JORN_018.mammalGrid.mam","D14","JORN","JORN_018","2015-06-11","2015-06-11",,,
"494fde29-74fc-49da-a1d6-347b711f5dbe","528A4A1B20E743DF8229E2EBD4FFFFA4","JORN_017.mammalGrid.mam","D14","JORN","JORN_017","2015-06-11","2015-06-11",,,
"ba320e88-b9fa-4a3e-af0c-0c6262b4c0d2","A4729E2E49D44E5A9EF72C642A6A2032","JORN_017.mammalGrid.mam","D14","JORN","JORN_017","2015-06-12","2015-06-12",,"Bout 2",
"05be7155-30c0-4956-9870-722d91ecc314","E860BE29C3E447ECB5A2885C4EDC8C4F","JORN_018.mammalGrid.mam","D14","JORN","JORN_018","2015-06-12","2015-06-12",,,
"26855aa5-0959-42f0-a0a7-97b635cd9ab3","C54E7AA50DC2468EB81A5788EF86A56C","JORN_011.mammalGrid.mam","D14","JORN","JORN_011","2015-06-13","2015-06-13",,,
"aa3c9f80-f07a-4528-b27a-e6f0d61c2455","95232E408BED4E62813027FE4B2AB530","JORN_001.mammalGrid.mam","D14","JORN","JORN_001","2015-06-13","2015-06-13",,,
"a29946f7-fdf0-4518-9f6f-de47a50e6be0","8E38A623275B4A1EB1587FF4BEB99AA9","JORN_007.mammalGrid.mam","D14","JORN","JORN_007","2015-06-14","2015-06-14",,,
"28df051f-64ca-43c7-9ea1-b42684abed9d","9F879FA4FC86462DB8CA5F9F6F2CE47D","JORN_001.mammalGrid.mam","D14","JORN","JORN_001","2015-06-14","2015-06-14",,,
"af3103e5-3c2e-45dc-b499-190cbc5af9c2","CF3E9C17AAAA483BA4B5DD655D495C37","JORN_031.mammalGrid.mam","D14","JORN","JORN_031","2015-06-15","2015-06-15",,,
"b3d01745-fff2-4fd7-a644-f3ab87e314ac","19D4BB1F108445BA899E13871C556CD2","JORN_001.mammalGrid.mam","D14","JORN","JORN_001","2015-06-15","2015-06-15",,,
