uid,nightuid,namedLocation,domainID,siteID,plotID,collectDate,endDate,samplingProtocolVersion,remarks,dataQF
"c7fc3b9d-65f6-4f7f-97c9-461c3932beb5","10D6FD0CA7F240638142F46BDBCA29BA","OSBS_004.mammalGrid.mam","D03","OSBS","OSBS_004","2014-07-22","2014-07-22",,,
"1d2cfde5-a0d7-43e5-8bf2-df90908c8a6a","560CEAE30F404A2CB6B4507813130B7F","OSBS_003.mammalGrid.mam","D03","OSBS","OSBS_003","2014-07-22","2014-07-22",,,
"8bac97f1-cdac-4457-a66c-b27f243ca4fa","273016B7723546F78C4D746477ECFACD","OSBS_023.mammalGrid.mam","D03","OSBS","OSBS_023","2014-07-22","2014-07-22",,,
"1e85b2c3-30c0-410d-a89f-249be5d055c3","ABB6E1C50AB34003AC77AEE99FF4A679","OSBS_004.mammalGrid.mam","D03","OSBS","OSBS_004","2014-07-23","2014-07-23",,,
"32355913-f9a9-4791-ad3c-6fa4625f766a","9CC4A4DF6CA040E78CFD7502DC700D5F","OSBS_023.mammalGrid.mam","D03","OSBS","OSBS_023","2014-07-23","2014-07-23",,,
"ebd893d9-fd24-4670-8ba7-daccae48ced0","C7E7F0A3A29C4F70B38A9A3223A67128","OSBS_003.mammalGrid.mam","D03","OSBS","OSBS_003","2014-07-23","2014-07-23",,,
"b2494895-e456-4433-b63a-75f0ff53929c","AA44AF3536D84706B0A3228E0FAB1FCD","OSBS_003.mammalGrid.mam","D03","OSBS","OSBS_003","2014-07-23","2014-07-23",,,
"014e4587-7d2c-4f98-b355-af215d65ddc1","69CC1EE25AB648D7972187378A08B233","OSBS_004.mammalGrid.mam","D03","OSBS","OSBS_004","2014-07-24","2014-07-24",,"Data entered by employee in different domain with resulting errors (plots 4 and 3 were entered together). This is re-entered data, hopefully with no errors.",
"317636b9-b41e-449c-8c88-934ba05997a2","6530CABBE639486595B9D1B906E7EFEB","OSBS_004.mammalGrid.mam","D03","OSBS","OSBS_004","2014-07-24","2014-07-24",,,
"be8f566e-ec8e-40a7-8ff4-538dd6fe8a95","6D64147F858A4BB8AFB167D50E1B93EC","OSBS_003.mammalGrid.mam","D03","OSBS","OSBS_003","2014-07-24","2014-07-24",,"Data entered by employee from different domain with errors (plots 3 and 4 were combined. This is re-entered data solely for plot 3.",
"04da56a7-8481-4d27-8285-fe1d9166c132","C21B3BB1586B445F8693346F5FE565E3","OSBS_023.mammalGrid.mam","D03","OSBS","OSBS_023","2014-07-24","2014-07-24",,,
