uid,nightuid,namedLocation,domainID,siteID,plotID,collectDate,endDate,samplingProtocolVersion,remarks,dataQF
"d9ebeef6-c725-4b57-9dd4-680eaa835132","8621b746-3993-4d2e-9388-dba1a0b0ed4b","SRER_014.mammalGrid.mam","D14","SRER","SRER_014","2017-07-18","2017-07-18","NEON.DOC.000481vJ","Purposefully set a 7x7 grid due to high capture rates",
"42398bed-bdb7-4ee8-82ea-0caee329bc52","62768a2f-3740-445e-ae60-975204f99956","SRER_007.mammalGrid.mam","D14","SRER","SRER_007","2017-07-18","2017-07-18","NEON.DOC.000481vJ","Purposefully set a 7x7 grid due to high capture rates",
"8bc10cc1-aba9-434d-890d-2f9ad941535e","6ddb2617-9816-401c-b0a5-6f453dc6e612","SRER_007.mammalGrid.mam","D14","SRER","SRER_007","2017-07-19","2017-07-19","NEON.DOC.000481vJ","Purposefully set a 7x7 grid due to high capture rates",
"3fc304f1-1604-4e93-8017-0967136eafa2","5b7766b3-ab96-4720-af24-74e061a173e6","SRER_009.mammalGrid.mam","D14","SRER","SRER_009","2017-07-19","2017-07-19","NEON.DOC.000481vJ","Purposefully set a 7x7 grid due to high capture rates",
"0359e57c-07df-4d62-8a9f-cd9e2b2e06b3","34c9cbf5-8fd2-4881-b6ad-ca12efe5c801","SRER_007.mammalGrid.mam","D14","SRER","SRER_007","2017-07-20","2017-07-20","NEON.DOC.000481vJ","Set a 7x7 grid due to high capture rates",
"eda10a40-0f30-41db-bbb6-25bfdc1e4fb3","89f950ed-1387-41a4-91bc-ca92b06bab06","SRER_008.mammalGrid.mam","D14","SRER","SRER_008","2017-07-20","2017-07-20","NEON.DOC.000481vJ","Purposefully set a 7x7 grid due to high capture rates",
"95001b20-ecbc-4e25-bcf6-7c5c060e221a","76c7ff20-7ef5-4fb1-b28d-074bb5937e0f","SRER_005.mammalGrid.mam","D14","SRER","SRER_005","2017-07-21","2017-07-21","NEON.DOC.000481vJ","Purposefully set a 7x7 grid due to high capture rates",
"79b6f746-b08f-4ed5-94fb-79eac855dea9","5a26b4bf-2a3e-47ef-ac9b-fd1b0637cdb0","SRER_012.mammalGrid.mam","D14","SRER","SRER_012","2017-07-21","2017-07-21","NEON.DOC.000481vJ","Purposefully set a 7x7 grid due to high capture rates",
"c6af4d22-8ea3-452d-88ff-10deb0496323","4e8e9d27-b419-4f40-bcb6-69098c269af2","SRER_005.mammalGrid.mam","D14","SRER","SRER_005","2017-07-22","2017-07-22","NEON.DOC.000481vJ","Purposefully set grid of 7x7 due to high capture rates",
"ab414b8d-08bd-4b0f-a607-122edc4f2ac5","a0fdc420-0807-4381-87aa-e0ceebaeb4c6","SRER_012.mammalGrid.mam","D14","SRER","SRER_012","2017-07-23","2017-07-23","NEON.DOC.000481vJ",,
"7eb96753-50ab-4783-9623-e701d5a766fb","754704f4-d27c-43c6-956f-89ac34db9bcc","SRER_005.mammalGrid.mam","D14","SRER","SRER_005","2017-07-23","2017-07-23","NEON.DOC.000481vJ","Due to high capture rates a 7x7 grid was set",
