uid,nightuid,namedLocation,domainID,siteID,plotID,collectDate,endDate,samplingProtocolVersion,remarks,dataQF
"39830f86-b59f-4063-9f7c-07849f5caf23","A50A42D32A6A45B885490E8643197FFA","MOAB_025.mammalGrid.mam","D13","MOAB","MOAB_025","2016-06-01","2016-06-01","NEON.DOC.000481vG","Only blood taken due to high capture rates.",
"f216276e-cb4c-4a86-8eb6-576ea7e23197","CAF8784F7B42419493103D3AC491F214","MOAB_003.mammalGrid.mam","D13","MOAB","MOAB_003","2016-06-01","2016-06-01","NEON.DOC.000481vG","All other animals released w/o processing due to time limit in traps.",
"004117e8-cdee-44d4-bec6-bb6c23152026","8A59F214A78A4E0DA3F672860E21DE96","MOAB_006.mammalGrid.mam","D13","MOAB","MOAB_006","2016-06-01","2016-06-01","NEON.DOC.000481vG","Did not have list of previously tissue sampled captures. Only took tissue samples on animals that definitely had not had samples taken previously. Also did not have datasheets. Data transcribed from makeshift sheet by AWalker on 20160601.",
"dab29e61-53f5-49e5-80d4-1c632ad8d2c8","2B5BDE076F024971BBDF6EB2383A25F1","MOAB_006.mammalGrid.mam","D13","MOAB","MOAB_006","2016-06-02","2016-06-02","NEON.DOC.000481vH",,
"bd3d93f4-f6fc-438b-95af-ab2b889c5ea9","F3D4DF48F8884FDD8B5CA8032085E26C","MOAB_025.mammalGrid.mam","D13","MOAB","MOAB_025","2016-06-02","2016-06-02","NEON.DOC.000481vH",,
"002a5da2-d885-44a6-ac05-d6d33b9f5ea8","7481D223C5424A9BBF5EBB7C74503D56","MOAB_025.mammalGrid.mam","D13","MOAB","MOAB_025","2016-06-03","2016-06-03","NEON.DOC.000481vH","No other samples taken due to high capture rate.",
"ea264dcc-13d9-4a71-9a1b-0850e15696ee","9DB373D366C042B2B8C1A2B7ADF66F87","MOAB_006.mammalGrid.mam","D13","MOAB","MOAB_006","2016-06-03","2016-06-03","NEON.DOC.000481vH",,
"1e42332e-8b79-43a2-95df-363ec631bc23","2E4EFA4B6171490483C0CD4926894081","MOAB_004.mammalGrid.mam","D13","MOAB","MOAB_004","2016-06-04","2016-06-04","NEON.DOC.000481vH",,
"19fa5349-7225-4a53-8b7c-46595a5722b2","5075AD9B820249718F97549EF7A8EA7E","MOAB_002.mammalGrid.mam","D13","MOAB","MOAB_002","2016-06-04","2016-06-04","NEON.DOC.000481vH",,
"733cf36e-937b-447e-9777-97a240218286","8666A14A881B47EE95DFAD2BB5697428","MOAB_009.mammalGrid.mam","D13","MOAB","MOAB_009","2016-06-04","2016-06-04","NEON.DOC.000481vH",,
