uid,nightuid,namedLocation,domainID,siteID,plotID,collectDate,endDate,samplingProtocolVersion,remarks,dataQF
"52598ab1-1a68-413c-ac0f-eb5778fccac6","69188863-f9dd-43a6-955a-ef62686d3bef","RMNP_013.mammalGrid.mam","D10","RMNP","RMNP_013","2017-08-16","2017-08-16","NEON.DOC.000481vJ",,
"2b46d024-6ec6-4e7a-b2b6-c3d217442f5d","cc8f0d87-2ff1-4cc1-8fee-76ecaaa167d9","RMNP_014.mammalGrid.mam","D10","RMNP","RMNP_014","2017-08-16","2017-08-16","NEON.DOC.000481vJ",,
"8a44e55c-e97b-4187-89ea-d9a810202073","ee90eb48-2e71-425e-bd10-7cc483257ad7","RMNP_003.mammalGrid.mam","D10","RMNP","RMNP_003","2017-08-16","2017-08-16","NEON.DOC.000481vJ",,
"d333facd-bc25-404a-bdba-da121f330482","b6a533ec-e56d-4ed1-b717-56594fc9995e","RMNP_004.mammalGrid.mam","D10","RMNP","RMNP_004","2017-08-16","2017-08-16","NEON.DOC.000481vJ",,
"5acb9a0a-61fb-4e32-91d6-f439100f77e5","7d1e3709-2e15-49bc-9e71-b71f02e3ed81","RMNP_009.mammalGrid.mam","D10","RMNP","RMNP_009","2017-08-17","2017-08-17","NEON.DOC.000481vJ",,
"3a90fa2b-0626-4570-b008-a96c6a0e0558","5e87c66d-881b-40bd-ae62-a0c19b046ca6","RMNP_014.mammalGrid.mam","D10","RMNP","RMNP_014","2017-08-17","2017-08-17","NEON.DOC.000481vJ",,
"a2a78d05-b7ac-4cd3-b25b-8565a9e0d207","db5251ff-e933-4ee3-890f-b43133124346","RMNP_003.mammalGrid.mam","D10","RMNP","RMNP_003","2017-08-17","2017-08-17","NEON.DOC.000481vJ",,
"131e39c4-b01f-431d-8e75-3003661aa7b9","0cd0bac7-b2f8-41c7-948c-9ffafa35f253","RMNP_005.mammalGrid.mam","D10","RMNP","RMNP_005","2017-08-17","2017-08-17","NEON.DOC.000481vJ",,
"215b4081-ddef-468f-abdb-5776c8b291ed","a0fcc0c9-041c-4dd5-96fc-8d4c5eadaa76","RMNP_004.mammalGrid.mam","D10","RMNP","RMNP_004","2017-08-17","2017-08-17","NEON.DOC.000481vJ",,
"00978af1-c46d-4ba9-b2ff-a0379b885889","94fbace9-bdd7-4700-b001-fc7095b3ca7e","RMNP_004.mammalGrid.mam","D10","RMNP","RMNP_004","2017-08-18","2017-08-18","NEON.DOC.000481vJ",,
