uid,nightuid,namedLocation,domainID,siteID,plotID,collectDate,endDate,samplingProtocolVersion,remarks,dataQF
"3d1a5732-329c-4a1d-b739-6101bb73f558","0c8ea7ae-b9b3-4f97-9513-f0b623c07fda","SCBI_002.mammalGrid.mam","D02","SCBI","SCBI_002","2018-09-05","2018-09-05","NEON.DOC.000481vK",,
"7179ccfc-0c7f-49d7-93f4-4669bc039221","4170b915-27d1-4991-a9eb-a8dc76536cd6","SCBI_035.mammalGrid.mam","D02","SCBI","SCBI_035","2018-09-05","2018-09-05","NEON.DOC.000481vK",,
"b861986e-7a03-4d7a-8577-1467fe3b6a3b","f5667cc4-625e-400e-bbf2-902931715184","SCBI_008.mammalGrid.mam","D02","SCBI","SCBI_008","2018-09-05","2018-09-05","NEON.DOC.000481vK",,
"549a0a76-18cb-4b03-aa5e-3fbcee1b6ac4","e91c9b47-8d1d-4a13-8532-edcbe5bab399","SCBI_035.mammalGrid.mam","D02","SCBI","SCBI_035","2018-09-06","2018-09-06","NEON.DOC.000481vK",,
"d7e8e8b8-3a8c-4b24-b74d-9314f32ea941","123dec75-a62c-48e3-bf2f-04ddc14e652c","SCBI_008.mammalGrid.mam","D02","SCBI","SCBI_008","2018-09-06","2018-09-06","NEON.DOC.000481vK",,
"1e6529d5-1177-468c-840a-497afa608f92","3d660181-c324-41bf-abf2-e1c7ab00dd73","SCBI_002.mammalGrid.mam","D02","SCBI","SCBI_002","2018-09-06","2018-09-06","NEON.DOC.000481vK",,
"5665f56e-c236-4db6-94ae-4a20344fe0f7","d4c6393b-2c48-42d5-baf3-3cb49e3a9ec6","SCBI_002.mammalGrid.mam","D02","SCBI","SCBI_002","2018-09-07","2018-09-07","NEON.DOC.000481vK",,
"25468f8c-d892-41a4-a9cf-f5e3a5bebbca","fdcb9d5e-4156-4fee-8c6a-2172d4c18f74","SCBI_035.mammalGrid.mam","D02","SCBI","SCBI_035","2018-09-07","2018-09-07","NEON.DOC.000481vK","Bear in plot yesterday evening and thunderstorms over night",
"01600680-3b9a-49a7-887f-57161365ca9f","4ecc7b1c-5cbd-4c2e-b99f-299e5a7ec3f4","SCBI_008.mammalGrid.mam","D02","SCBI","SCBI_008","2018-09-07","2018-09-07","NEON.DOC.000481vK",,
"5c05f8a5-9edf-4903-aef9-4ed9a288a8f5","8d76cfa5-d431-48c0-a902-70c79a0bc559","SCBI_004.mammalGrid.mam","D02","SCBI","SCBI_004","2018-09-08","2018-09-08","NEON.DOC.000481vK","Plot not fully set due to thunderstorms",
