uid,nightuid,namedLocation,domainID,siteID,plotID,collectDate,endDate,samplingProtocolVersion,remarks,dataQF
"cd7ce489-7221-48ce-b4aa-d3c0d9818cc3","7A10C76B3C724D3597168ECC257CAE9A","OSBS_004.mammalGrid.mam","D03","OSBS","OSBS_004","2014-04-22","2014-04-22",,,
"4d796f9a-f4ca-49a1-bb61-994c39fa3f8c","79105D3E7DB1428BB5617C7000F5235E","OSBS_003.mammalGrid.mam","D03","OSBS","OSBS_003","2014-04-22","2014-04-22",,"first bout for the year",
"89db02fa-a13f-424d-8ae1-02c341b0ef27","2DFB2F87E16747518CBFD5DF693B6FC1","OSBS_002.mammalGrid.mam","D03","OSBS","OSBS_002","2014-04-22","2014-04-22",,,
"11cd64cd-22d2-4677-b147-01c5ee683aa4","D6482B6F692E4A5E830B41B3F9365289","OSBS_005.mammalGrid.mam","D03","OSBS","OSBS_005","2014-04-22","2014-04-22",,,
"1d9f7ed3-e534-4e0a-8f28-dc98277abee5","26F2F40B7E7E4F95A886A02EEA821C40","OSBS_005.mammalGrid.mam","D03","OSBS","OSBS_005","2014-04-23","2014-04-23",,,
"6b8ebcae-3152-4c25-a593-85c70bf82296","C877C32A2C70424AB8451DD24FAFC210","OSBS_002.mammalGrid.mam","D03","OSBS","OSBS_002","2014-04-23","2014-04-23",,,
"ae2b5d3d-2187-4b81-95fa-ea70691bbe18","0CD63A2A958948A39B6CABF3364636FB","OSBS_004.mammalGrid.mam","D03","OSBS","OSBS_004","2014-04-23","2014-04-23",,"raccoons disturbed plot",
"70be463c-6a6d-4dae-a157-03b2305feff5","AA4F53B27875416292F57A400EE2FB8D","OSBS_002.mammalGrid.mam","D03","OSBS","OSBS_002","2014-04-24","2014-04-24",,,
"6afdc20d-21d3-4137-a53a-aa0d17b0f0ab","DCC1262BEFEB4DD4ACB8DF46C02E9EB1","OSBS_005.mammalGrid.mam","D03","OSBS","OSBS_005","2014-04-24","2014-04-24",,,
"990ee60a-980c-499d-ac32-4ea9361e1f2c","AE0A405148C44C3CB17CA3631EF7EB21","OSBS_004.mammalGrid.mam","D03","OSBS","OSBS_004","2014-04-24","2014-04-24",,"34 traps were disturbed and two went missing",
