uid,nightuid,namedLocation,domainID,siteID,plotID,collectDate,endDate,samplingProtocolVersion,remarks,dataQF
"6a7db0e9-9db6-4cd3-b317-816218da84a3","9e591396-96b8-4dc1-8011-d0d46e1ed5dd","UNDE_008.mammalGrid.mam","D05","UNDE","UNDE_008","2018-07-10","2018-07-10","NEON.DOC.000481vK",,
"00042ec9-a70a-4929-9916-971be207ae36","106fc5d5-7251-40cb-89ef-fa773d252561","UNDE_001.mammalGrid.mam","D05","UNDE","UNDE_001","2018-07-10","2018-07-10","NEON.DOC.000481vK",,
"76d89fe0-1d7e-483f-b8bb-4e55644b7f00","84a4860b-acd0-4446-be13-635640d0c128","UNDE_003.mammalGrid.mam","D05","UNDE","UNDE_003","2018-07-10","2018-07-10","NEON.DOC.000481vK",,
"c1eadcd6-bc23-4f0a-9aea-6f21c4f3d9f3","ef4968fd-517c-4bc0-9725-039c82a072cf","UNDE_002.mammalGrid.mam","D05","UNDE","UNDE_002","2018-07-10","2018-07-10","NEON.DOC.000481vK",,
"5069467e-20f9-483b-ac89-f67e32bd918e","c506c3dd-6776-469c-8406-7959bef8910c","UNDE_027.mammalGrid.mam","D05","UNDE","UNDE_027","2018-07-11","2018-07-11","NEON.DOC.000481vK",,
"2ff91f9c-ba37-4ddd-b0bf-b547a7dccf77","106bce82-e71e-4b52-aef6-bdd88299869f","UNDE_012.mammalGrid.mam","D05","UNDE","UNDE_012","2018-07-11","2018-07-11","NEON.DOC.000481vK",,
"30eac991-ad7f-4a66-a103-d96f94628a69","3967bcd0-c792-4937-9a38-bb95b43c2e1a","UNDE_032.mammalGrid.mam","D05","UNDE","UNDE_032","2018-07-11","2018-07-11","NEON.DOC.000481vK",,
"a1628786-631f-4ca9-8712-ff40c917e516","47dfbc94-422d-49f5-a0d9-075bba6bd01d","UNDE_012.mammalGrid.mam","D05","UNDE","UNDE_012","2018-07-13","2018-07-13","NEON.DOC.000481vK",,
"ab2be356-a4e7-4757-a1f1-3885fcdfde03","b1020374-1599-4409-9d15-941cbe81fa36","UNDE_027.mammalGrid.mam","D05","UNDE","UNDE_027","2018-07-13","2018-07-13","NEON.DOC.000481vK",,
"d4206cb2-4a35-4a96-827b-eacbde106338","f52cf9ba-5d1e-4662-8b99-ff4c840e50a5","UNDE_027.mammalGrid.mam","D05","UNDE","UNDE_027","2018-07-17","2018-07-17","NEON.DOC.000481vK",,
"3c6971ce-8932-4bc8-a349-903254c08a03","36dc4622-fbe2-419c-bb76-a2cbdc112ebd","UNDE_032.mammalGrid.mam","D05","UNDE","UNDE_032","2018-07-17","2018-07-17","NEON.DOC.000481vK",,
"b47ed25a-6b07-4d54-9125-1d2cfd1ca1a5","8fc0d14b-5415-41cd-98c6-fcf33dd23685","UNDE_012.mammalGrid.mam","D05","UNDE","UNDE_012","2018-07-17","2018-07-17","NEON.DOC.000481vK",,
