uid,nightuid,namedLocation,domainID,siteID,plotID,collectDate,endDate,samplingProtocolVersion,remarks,dataQF
"3255a128-445a-45cb-9c9c-8bd08fd898bb","9128c5ac-680f-43c6-ab39-0c5fae3509a5","WREF_001.mammalGrid.mam","D16","WREF","WREF_001","2018-08-13","2018-08-13","NEON.DOC.000481vK",,
"f27034ce-f9da-411f-a49a-6f1a8848f34c","4d363385-71b6-4150-865d-8963800ad14a","WREF_011.mammalGrid.mam","D16","WREF","WREF_011","2018-08-13","2018-08-13","NEON.DOC.000481vK",,
"47a45ef1-36f8-48f4-80a7-06f2c79ded33","7638a59c-3e91-4a5f-a7c6-a5e8474b920b","WREF_005.mammalGrid.mam","D16","WREF","WREF_005","2018-08-13","2018-08-13","NEON.DOC.000481vK",,
"404800f3-a345-4055-9d0b-e850da9bbdc4","b00e716b-5d1a-4005-ba9e-b11dd339edb8","WREF_007.mammalGrid.mam","D16","WREF","WREF_007","2018-08-13","2018-08-13","NEON.DOC.000481vK",,
"fa6b1f14-9ee3-4a7a-a4b2-940b1b115aa9","569df691-c615-4cff-b203-8a74ad1af803","WREF_012.mammalGrid.mam","D16","WREF","WREF_012","2018-08-14","2018-08-14","NEON.DOC.000481vK",,
"ba08602f-0770-4667-af1c-2a04ff3223a1","912d4107-aa6d-4601-a472-6aeeb39b0365","WREF_004.mammalGrid.mam","D16","WREF","WREF_004","2018-08-14","2018-08-14","NEON.DOC.000481vK",,
"eddd5435-75d6-40d9-9f1c-00b2edc19c13","b08853fa-81f1-4308-9d72-72e9a667c57f","WREF_003.mammalGrid.mam","D16","WREF","WREF_003","2018-08-14","2018-08-14","NEON.DOC.000481vK",,
"5e22f3bb-613d-4536-967f-b2a7e93e24cc","fbf4964f-2fa0-4c1e-90f9-696d119df3e0","WREF_011.mammalGrid.mam","D16","WREF","WREF_011","2018-08-14","2018-08-14","NEON.DOC.000481vK",,
"d36c1e8b-b854-4818-b9d0-a623574e14e4","f0002183-22ff-4bf1-978a-9027848cfbb1","WREF_012.mammalGrid.mam","D16","WREF","WREF_012","2018-08-15","2018-08-15","NEON.DOC.000481vK",,
"92d8d6d4-3772-496d-b3b3-a0f68de5a6ca","adf80aad-994e-438e-9fa8-75109566c112","WREF_010.mammalGrid.mam","D16","WREF","WREF_010","2018-08-15","2018-08-15","NEON.DOC.000481vK",,
"a9d7ca13-26e0-4513-ad47-2ed81f8613a7","282d03ce-43df-4321-b5da-803a1482b594","WREF_003.mammalGrid.mam","D16","WREF","WREF_003","2018-08-15","2018-08-15","NEON.DOC.000481vK",,
"6db46fc8-17e9-45b4-84b3-b2eb34b77e58","d6f09dd2-9822-4915-96bf-f3bdc7472b32","WREF_011.mammalGrid.mam","D16","WREF","WREF_011","2018-08-15","2018-08-15","NEON.DOC.000481vK",,
"d8ec1d8e-8a5a-4ce5-9418-43fb8d9af36b","2673af54-97b7-4d2b-b98b-5e672ee8ab7b","WREF_012.mammalGrid.mam","D16","WREF","WREF_012","2018-08-16","2018-08-16","NEON.DOC.000481vK",,
"c294b17c-4741-4469-aff9-016c01563d9d","e0f9be77-867d-45d4-b52b-65dae58c81cc","WREF_003.mammalGrid.mam","D16","WREF","WREF_003","2018-08-16","2018-08-16","NEON.DOC.000481vK",,
