uid,nightuid,namedLocation,domainID,siteID,plotID,collectDate,endDate,samplingProtocolVersion,remarks,dataQF
"f1d09993-0160-42df-afab-05d8e2177c06","CCB193E9570F45C88D37AEA24E310FE4","TALL_015.mammalGrid.mam","D08","TALL","TALL_015","2015-03-16","2015-03-16","NEON.DOC.000481vG",,
"26b67b1c-3a28-4df3-b01f-f3e2c4a4d4fa","F98014B7147840AFBED1163D69853714","TALL_024.mammalGrid.mam","D08","TALL","TALL_024","2015-03-17","2015-03-17",,,
"b8f132ab-33ab-452c-9d96-759e9f10bb92","DAF95FCF1F3C4EC6B00DB7ADD9E49931","TALL_010.mammalGrid.mam","D08","TALL","TALL_010","2015-03-17","2015-03-17",,,
"d9d5017b-8124-430f-a970-40ed9629b895","BCE9066E188142C98C7250E5D8B4D16A","TALL_031.mammalGrid.mam","D08","TALL","TALL_031","2015-03-17","2015-03-17",,,
"094a57bc-453e-4a68-95a9-dbd947a6dbfd","FF3E378C90AA476B82C36C6AC04C4E5B","TALL_024.mammalGrid.mam","D08","TALL","TALL_024","2015-03-17","2015-03-17",,,
"cd59ef98-8d57-44f5-9f29-9dbf8cbc47f7","475C709C645B4CC88425276F5123F6D0","TALL_015.mammalGrid.mam","D08","TALL","TALL_015","2015-03-17","2015-03-17",,,
"fb3d880c-03da-4dfb-9922-850d666108bb","C8554C7C65E64651960BA5B82D8CF5E4","TALL_031.mammalGrid.mam","D08","TALL","TALL_031","2015-03-17","2015-03-17",,,
"dc1ba796-8695-4f8c-a8a9-e21f192afc02","CBF894E2101049A39D709E4B26DECD0C","TALL_031.mammalGrid.mam","D08","TALL","TALL_031","2015-03-17","2015-03-17",,,
"7d947ada-0573-4a7d-835d-bd32ed43becc","C1DB8CE01F9C4674AF4D38C29AAD500C","TALL_015.mammalGrid.mam","D08","TALL","TALL_015","2015-03-18","2015-03-18",,,
"cb5e0c23-f4ff-4aa8-8086-cdc59adacc9e","1890153F361B47B1A83FAC392DFDED74","TALL_024.mammalGrid.mam","D08","TALL","TALL_024","2015-03-18","2015-03-18",,,
"1724ed4e-e9b6-45f9-bbef-76cfbf85711e","04B428F3E4CC48EC891289EF3CD33C95","TALL_010.mammalGrid.mam","D08","TALL","TALL_010","2015-03-18","2015-03-18",,,
"21c3a7c1-6d39-4dac-bd93-85275bbfc27d","65D8BBBC35E44457AD970D1873952FB9","TALL_031.mammalGrid.mam","D08","TALL","TALL_031","2015-03-18","2015-03-18",,,
"d1fd7950-de74-4752-8e8d-47103acdce43","F9FC918E30934E5E9AF25BE6F87F2050","TALL_024.mammalGrid.mam","D08","TALL","TALL_024","2015-03-19","2015-03-19",,,
"4f1056aa-e883-48d4-b5f3-349c970adaf2","E28342E4B219404E903A67C51D068077","TALL_031.mammalGrid.mam","D08","TALL","TALL_031","2015-03-19","2015-03-19",,,
"6114780a-e8e1-4159-b750-323b70bb9ab9","972DB7C326C14B6B97CE5275C314021D","TALL_015.mammalGrid.mam","D08","TALL","TALL_015","2015-03-19","2015-03-19",,,
"798b4bfe-8e94-4848-b01a-f6a40c6ff3b7","E3A7E9AC33574D1AAA18FCA037FC4DBC","TALL_010.mammalGrid.mam","D08","TALL","TALL_010","2015-03-19","2015-03-19",,,
"9d3fe4ea-5334-456a-9510-c440b3005de9","98F60011EB944BDFA295591442583803","TALL_005.mammalGrid.mam","D08","TALL","TALL_005","2015-03-20","2015-03-20",,,
"400807e5-56fd-458b-9005-1c653154aa02","1971314AE5E64B869884523E62DF072D","TALL_013.mammalGrid.mam","D08","TALL","TALL_013","2015-03-20","2015-03-20",,,
"16e962c6-430a-43eb-bdb7-89a738403c8f","24AB02A8B3654405B4154A7528080426","TALL_006.mammalGrid.mam","D08","TALL","TALL_006","2015-03-20","2015-03-20",,,
"53bc7a48-a1f7-4ef7-9697-0da83dcb3a0f","EB94FF13BBC64AFB87DE695F264A81A6","TALL_012.mammalGrid.mam","D08","TALL","TALL_012","2015-03-20","2015-03-20",,,
