uid,nightuid,namedLocation,domainID,siteID,plotID,collectDate,endDate,samplingProtocolVersion,remarks,dataQF
"67fcf772-0c03-44c7-babf-6bfadd4dc9e7","D2E4E0FAA0294E568894894A83A4C884","SRER_007.mammalGrid.mam","D14","SRER","SRER_007","2016-05-25","2016-05-25","NEON.DOC.000481vG",,
"b05f3a7a-2aea-4213-9459-5bf793c9db48","1B124E3B3FE54CACA0B61D5451CB96BD","SRER_012.mammalGrid.mam","D14","SRER","SRER_012","2016-05-25","2016-05-25","NEON.DOC.000481vG",,
"c3a68f6e-d9ca-425b-8e5d-d61375d3ad23","EFEAFE25550C4F6985B9EFEA4D177E33","SRER_012.mammalGrid.mam","D14","SRER","SRER_012","2016-05-26","2016-05-26","NEON.DOC.000481vG",,
"24a694b2-1386-4101-9bbb-50dfa7a5b903","78229C453CA74CFFB10F2A429306AE75","SRER_014.mammalGrid.mam","D14","SRER","SRER_014","2016-05-26","2016-05-26","NEON.DOC.000481vG",,
"120f1273-5f9e-40b7-a5b2-f3819860a660","F47FE390EF554F249EB3B9596463DFAA","SRER_007.mammalGrid.mam","D14","SRER","SRER_007","2016-05-26","2016-05-26","NEON.DOC.000481vG",,
"5f5ac156-3107-4d29-aa77-9419495ee2d7","C21A51281BC149249874932343685A9D","SRER_007.mammalGrid.mam","D14","SRER","SRER_007","2016-05-27","2016-05-27","NEON.DOC.000481vG",,
"61c00efc-d52d-4158-a6b8-955e1a7a513f","FC8230E10E7540A9AB92A1146367DDD1","SRER_012.mammalGrid.mam","D14","SRER","SRER_012","2016-05-27","2016-05-27","NEON.DOC.000481vG","Several traps not set due to ants",
"e9950f3a-9220-4452-ab56-ee1f38c9eaa8","E29D5F861E8B418F859BB519B8034479","SRER_002.mammalGrid.mam","D14","SRER","SRER_002","2016-05-27","2016-05-27","NEON.DOC.000481vG","Several traps not set due to ants. No measurements or samples collected due to time constrains.",
"8b7d6ad4-71bb-4540-b4b1-4a70fc873f6a","32597774B9914647AA271B22E2132046","SRER_008.mammalGrid.mam","D14","SRER","SRER_008","2016-05-28","2016-05-28","NEON.DOC.000481vG",,
"fcbf4453-f3af-4165-a8f5-4d0d0b9437f3","85A2145132C045219C7836492D9064C2","SRER_005.mammalGrid.mam","D14","SRER","SRER_005","2016-05-28","2016-05-28","NEON.DOC.000481vG",,
"7753d36b-6013-4673-89bd-9a35525bf1dc","FD61FE7E7DA94A5A89F85AE5B2090453","SRER_005.mammalGrid.mam","D14","SRER","SRER_005","2016-05-29","2016-05-29","NEON.DOC.000481vG",,
"72f0ba7c-d2a2-4c8b-8ea7-a35b5dc2e728","AFAC60ABD43244779ABB08461AE09140","SRER_009.mammalGrid.mam","D14","SRER","SRER_009","2016-05-29","2016-05-29","NEON.DOC.000481vG",,
"c1d004b6-c7d4-4c10-8c9e-5bc2576c9c39","BE2773651DF04E6EAB51AC6882F8FF18","SRER_005.mammalGrid.mam","D14","SRER","SRER_005","2016-05-30","2016-05-30","NEON.DOC.000481vG",,
