uid,nightuid,namedLocation,domainID,siteID,plotID,collectDate,endDate,samplingProtocolVersion,remarks,dataQF
"af1278f9-9029-4917-b4e0-dd6229b93c73","3C276169131F4D2B9F419CA67B855597","TALL_012.mammalGrid.mam","D08","TALL","TALL_012","2016-03-14","2016-03-14","NEON.DOC.000481vG",,
"2c048790-f33a-4cdb-a514-735170c99401","A04068A9A1B44A0CBF0DE07A2E8CF810","TALL_024.mammalGrid.mam","D08","TALL","TALL_024","2016-03-15","2016-03-15","NEON.DOC.000481vG",,
"f3ff5285-9a3b-4aad-af05-c4c7014c65de","D758266FCE3643D98D556E2F62DD9CF2","TALL_010.mammalGrid.mam","D08","TALL","TALL_010","2016-03-15","2016-03-15","NEON.DOC.000481vG",,
"0fb99bae-afe6-4f4a-8e56-1e1f8c02e127","6BF49EDB0D804F6EA3CE2438BDF6902E","TALL_012.mammalGrid.mam","D08","TALL","TALL_012","2016-03-15","2016-03-15","NEON.DOC.000481vG",,
"574b1df9-5a3b-4c6b-a22d-fe46d7f79cd8","58498F67A7764ABCB4C968AA6D57490D","TALL_015.mammalGrid.mam","D08","TALL","TALL_015","2016-03-15","2016-03-15","NEON.DOC.000481vG",,
"0873ff91-3230-44a2-9109-94ed97b607b6","348BAB36D3C2469DA4531B5595858CA1","TALL_012.mammalGrid.mam","D08","TALL","TALL_012","2016-03-16","2016-03-16","NEON.DOC.000481vG",,
"4b69cde7-f0ee-4bce-88a5-94a84f1161b1","1400E3809F0747969D219F0F9D600359","TALL_024.mammalGrid.mam","D08","TALL","TALL_024","2016-03-16","2016-03-16","NEON.DOC.000481vG",,
"9973ab34-7d04-4b64-839f-b4c86ce541da","BC9616DA5C5F40429013842F5FD6864B","TALL_010.mammalGrid.mam","D08","TALL","TALL_010","2016-03-16","2016-03-16","NEON.DOC.000481vG","no captures",
"3d4ff3d2-fc7a-47b4-9eb0-2018f1908273","0543B7A068934957A9CFB94555952C09","TALL_012.mammalGrid.mam","D08","TALL","TALL_012","2016-03-16","2016-03-16","NEON.DOC.000481vG",,
"228f9159-fe8d-4c4a-8d4b-bf1c04b02256","8B2027CB3623485F961C4E863227F389","TALL_015.mammalGrid.mam","D08","TALL","TALL_015","2016-03-17","2016-03-17","NEON.DOC.000481vG",,
"b729bd97-f3a2-4d74-8d2a-e81db5ec4ca4","C4DAF6F9B0474EF7B9B3594DFD68A390","TALL_010.mammalGrid.mam","D08","TALL","TALL_010","2016-03-17","2016-03-17","NEON.DOC.000481vG",,
"f266979b-d8d4-468b-8040-cc2b6622f407","0415904B7C8943268D0ACC02A9CC43C2","TALL_024.mammalGrid.mam","D08","TALL","TALL_024","2016-03-17","2016-03-17","NEON.DOC.000481vG",,
"bf9b102e-746e-43ec-ad8e-72399a19e5ce","EA2DA09EE00C4F88B6BFFC75664B2944","TALL_013.mammalGrid.mam","D08","TALL","TALL_013","2016-03-18","2016-03-18","NEON.DOC.000481vG",,
"de9739bf-f708-4c28-8ffb-27fa4c130329","E6C4EA7D29A843C29E1588C26BC09267","TALL_006.mammalGrid.mam","D08","TALL","TALL_006","2016-03-18","2016-03-18","NEON.DOC.000481vH","We did not set this plot because of heavy smoke from a recent prescribed burn in the area.",
"06341b98-c42b-4466-9960-4935ce849b81","E830F57576F34A158E5483DC6C638653","TALL_005.mammalGrid.mam","D08","TALL","TALL_005","2016-03-18","2016-03-18","NEON.DOC.000481vG",,
"9b492ff6-d45b-44a3-928b-18d8526620ec","52106FEC05754AE8867B870864AD4F46","TALL_031.mammalGrid.mam","D08","TALL","TALL_031","2016-03-18","2016-03-18","NEON.DOC.000481vG",,
