uid,nightuid,namedLocation,domainID,siteID,plotID,collectDate,endDate,samplingProtocolVersion,remarks,dataQF
"c6c822d6-4d6d-422d-9182-a43448889425","C22BEB2D1F2F4BA3AD1840DFA6B758A7","CPER_006.mammalGrid.mam","D10","CPER","CPER_006","2015-08-10","2015-08-10",,,
"477ee95e-2c7a-43fb-8c33-b1cfdd5a886e","F7A4036A211648BF9D7FE2C933BDD988","CPER_015.mammalGrid.mam","D10","CPER","CPER_015","2015-08-10","2015-08-10",,"Used Version 'G",
"795e05c2-2726-4ba2-bdb7-b5f735df9762","15E3A8C578E54E129C6F6EC76A553DA9","CPER_005.mammalGrid.mam","D10","CPER","CPER_005","2015-08-10","2015-08-10",,"Used protocol v 'G",
"ee085023-17ff-4c31-a966-52a132c4b273","EC61D6CDB8E647FBBA3559AA35581D08","CPER_011.mammalGrid.mam","D10","CPER","CPER_011","2015-08-10","2015-08-10",,"Used protocol v 'G",
"e7a82a6e-be86-4874-a5c4-ea04bb5e04c9","95168BE9D5A145A792B7A5CF67C697E6","CPER_009.mammalGrid.mam","D10","CPER","CPER_009","2015-08-10","2015-08-10",,,
"d59267b9-2195-48a7-b420-fd5914e2ebc0","00ED994045CB4ECCB0D73D93A6E47E45","CPER_004.mammalGrid.mam","D10","CPER","CPER_004","2015-08-11","2015-08-11",,"Using protocol vg",
"81b1105a-3c27-4233-9fa0-59ca947e2db8","97FE6EE0724342EC93200D28D834C839","CPER_005.mammalGrid.mam","D10","CPER","CPER_005","2015-08-11","2015-08-11",,"Used protocol v 'G",
"3dc6fa6f-d8a5-4938-aa3d-b1f0f18ecd57","606E5608145C4AD483BF9D1CEBC58E98","CPER_002.mammalGrid.mam","D10","CPER","CPER_002","2015-08-11","2015-08-11",,,
"f5171b44-f50a-4f25-ab46-44840325792c","C1CDA4FE0F9F4B80B1CF7BEC3F6482D5","CPER_015.mammalGrid.mam","D10","CPER","CPER_015","2015-08-11","2015-08-11",,"Used protocol v 'G",
"97ff0ed6-a3b7-4536-9caa-67c0df57fe5b","2E37D9AC1E344B4E95C7558E7FDD1185","CPER_011.mammalGrid.mam","D10","CPER","CPER_011","2015-08-12","2015-08-12",,"Using protocol vg",
"a4a783e3-dd2b-4c7e-a83e-96801d2212af","375509A9BECB478FA4D14CFEB37AEE0F","CPER_005.mammalGrid.mam","D10","CPER","CPER_005","2015-08-12","2015-08-12",,"Using protocol vg",
"046ba365-490a-47ee-a792-1d5ac7490690","0F9714CB45334A18A075F5F833BE8862","CPER_008.mammalGrid.mam","D10","CPER","CPER_008","2015-08-12","2015-08-12",,"Using protocol vg",
"d96ce372-6e52-4dff-9472-126548aca06b","F6D5BCE650BC48BBB1B1493AC8AEB475","CPER_015.mammalGrid.mam","D10","CPER","CPER_015","2015-08-12","2015-08-12",,"Using protocol vg",
"03fa3b83-aa4b-4179-89a2-13a371d58643","B02A442F640F4DA1B9926511B739B213","CPER_011.mammalGrid.mam","D10","CPER","CPER_011","2015-08-12","2015-08-12",,,
