uid,nightuid,namedLocation,domainID,siteID,plotID,collectDate,endDate,samplingProtocolVersion,remarks,dataQF
"fb9dbe44-33fe-4c35-bdd9-c86c5cebdf97","5045A4CEE8EE472CBE40D6754DFB55BD","WOOD_002.mammalGrid.mam","D09","WOOD","WOOD_002","2015-08-10","2015-08-10",,,
"dd77eef5-9e69-409e-a3f5-a97f4deba390","AB91EB1E219F47BAB703465CB10DEF0B","WOOD_001.mammalGrid.mam","D09","WOOD","WOOD_001","2015-08-10","2015-08-10",,,
"29c2589a-7188-4dd4-b696-a952079de534","0B2EE999954C46949DE9FAE1D9D1EF0E","WOOD_002.mammalGrid.mam","D09","WOOD","WOOD_002","2015-08-11","2015-08-11",,,
"2c9239c9-fa7e-43b1-975f-f03058b6dec7","787E59D8481A4697A9A8E4D3136F3EE5","WOOD_001.mammalGrid.mam","D09","WOOD","WOOD_001","2015-08-11","2015-08-11",,,
"4d5bef16-1c49-4aa0-bd43-d0debeb8c7b6","1519DB15E9E44C939BB74CC468183F52","WOOD_011.mammalGrid.mam","D09","WOOD","WOOD_011","2015-08-11","2015-08-11",,,
"445fd4c7-315c-43f3-96bc-2538a0bd7b65","504D8FCA9BE145A6823C1E8B220F3A21","WOOD_002.mammalGrid.mam","D09","WOOD","WOOD_002","2015-08-12","2015-08-12",,,
"90bdfb58-51f3-45e4-916f-d5f45c88aa91","7408B848869646C1B86AE48FD0601B2A","WOOD_001.mammalGrid.mam","D09","WOOD","WOOD_001","2015-08-12","2015-08-12",,,
"d890c81f-2f84-43b0-9538-6392e39df9a7","A006F112B22D40A789D58942E7AF1966","WOOD_006.mammalGrid.mam","D09","WOOD","WOOD_006","2015-08-18","2015-08-18",,,
"8ea9e688-ce2a-4dbe-9f09-519c43665868","8D06AAE0984645479EA74961E28EFD4F","WOOD_015.mammalGrid.mam","D09","WOOD","WOOD_015","2015-08-18","2015-08-18",,,
"6943e05a-65f2-400c-bcce-c5f272ed55d0","6C3670E31C94430892FCC34C25A67D3D","WOOD_009.mammalGrid.mam","D09","WOOD","WOOD_009","2015-08-18","2015-08-18",,,
"cb7a811c-c7f3-44d8-9ac4-fe3baf802373","C92FA8FC3EC245DF9C8AA5EA8C42E482","WOOD_009.mammalGrid.mam","D09","WOOD","WOOD_009","2015-08-19","2015-08-19",,,
"15508db6-64e3-41ca-95fc-0cefa67a3c27","95BB9E87A75443CEAAEE8952E11290FB","WOOD_013.mammalGrid.mam","D09","WOOD","WOOD_013","2015-08-19","2015-08-19",,,
"8bf10515-37f9-4b04-b370-757dca2af72c","FB39733EE51E4A2298B28F318A525B28","WOOD_008.mammalGrid.mam","D09","WOOD","WOOD_008","2015-08-20","2015-08-20",,,
"f1cdabd2-a718-42e0-a23b-fa5d67695928","8C1AEFA0D1E94459B31A907919CF60C7","WOOD_009.mammalGrid.mam","D09","WOOD","WOOD_009","2015-08-20","2015-08-20",,,
