uid,nightuid,namedLocation,domainID,siteID,plotID,collectDate,endDate,samplingProtocolVersion,remarks,dataQF
"e3663110-337b-47db-b2fe-caad37437454","67251F603386420AB1AFEDBC1FDC3E9B","SERC_014.mammalGrid.mam","D02","SERC","SERC_014","2016-05-10","2016-05-10","NEON.DOC.000481vG",,
"61587f00-1066-4e0a-a494-766ee701bda0","E55809BAC704451A88AE96166028A5DA","SERC_007.mammalGrid.mam","D02","SERC","SERC_007","2016-05-10","2016-05-10","NEON.DOC.000481vG","Recently tilled; no vegetation",
"a48a8b90-e316-4c8a-9a9e-e3c2a8181813","12525D98BE32463CBF190C5B2C05927D","SERC_008.mammalGrid.mam","D02","SERC","SERC_008","2016-05-10","2016-05-10","NEON.DOC.000481vG","Recently tilled; no vegetation",
"639f3783-45c8-4df7-af31-1e3db27b5557","882B78D04B8B4EC089A437B56FD28599","SERC_015.mammalGrid.mam","D02","SERC","SERC_015","2016-05-10","2016-05-10","NEON.DOC.000481vG",,
"88109962-5f84-491c-873c-d25de2ab1028","D30039F23AEA4038AD33858E31AEDF38","SERC_014.mammalGrid.mam","D02","SERC","SERC_014","2016-05-11","2016-05-11","NEON.DOC.000481vG","High disturbance; plot pulled after 2 nights",
"0fc66e55-83d6-452a-a5b1-c4934ba8e62b","0012B18AF15F4390ADF9DCFDA41D9B2C","SERC_011.mammalGrid.mam","D02","SERC","SERC_011","2016-05-11","2016-05-11","NEON.DOC.000481vG",,
"3d5c316e-514d-43d9-b70f-8965fc04a384","422B1C284BC7400A869F5B65395841C6","SERC_015.mammalGrid.mam","D02","SERC","SERC_015","2016-05-11","2016-05-11","NEON.DOC.000481vG",,
"68989128-8dbe-46bd-9dc0-4df75d9cb431","B6AA728390AA44FC927C39254EC770D8","SERC_031.mammalGrid.mam","D02","SERC","SERC_031","2016-05-11","2016-05-11","NEON.DOC.000481vG",,
"8a3bc9ec-548f-4eb2-9952-b662a0695c6d","4B8FEB6D38E54841A95CC40FB60A4B76","SERC_014.mammalGrid.mam","D02","SERC","SERC_014","2016-05-12","2016-05-12","NEON.DOC.000481vG","This plot was not trapped for a third night due to high trap disturbance",
"c8be58dd-03b2-4431-9c5e-bbd1d736b8e8","1CBD5F686C7F4A33A2A8CD02C6BF5620","SERC_011.mammalGrid.mam","D02","SERC","SERC_011","2016-05-12","2016-05-12","NEON.DOC.000481vG","Rainy and foggy; high in 50s",
"0fc4b298-060b-4fb4-a53c-902a73d35710","D655328F2A9143C581D23464F1AE2ADA","SERC_016.mammalGrid.mam","D02","SERC","SERC_016","2016-05-12","2016-05-12","NEON.DOC.000481vG","Rainy and foggy; high 50s",
"41dc3467-1d02-4357-a477-646dd2820615","FB42DDF462574BA7B5FFA930DBBAA865","SERC_015.mammalGrid.mam","D02","SERC","SERC_015","2016-05-12","2016-05-12","NEON.DOC.000481vG",,
"0465221b-7d81-418e-9fd4-00b3998e09e5","A886DB9C11D340778994450D063FD008","SERC_032.mammalGrid.mam","D02","SERC","SERC_032","2016-05-13","2016-05-13","NEON.DOC.000481vG",,
"45b4e034-8ca2-4d43-8db0-b97846f3fc91","69061F8EECC049BCA9C767F1BBBC0DC2","SERC_011.mammalGrid.mam","D02","SERC","SERC_011","2016-05-13","2016-05-13","NEON.DOC.000481vG",,
