uid,nightuid,namedLocation,domainID,siteID,plotID,collectDate,endDate,samplingProtocolVersion,remarks,dataQF
"81fcd55f-31f5-4703-ac84-06711ef79eab","69b4c48c-a76c-42e4-9617-bfa1d7582b9a","KONA_004.mammalGrid.mam","D06","KONA","KONA_004","2018-05-14","2018-05-14","NEON.DOC.000481vK",,
"55f19522-eaba-40bc-9ec5-d75559152be7","afed2e60-cad2-4733-98ce-e9239cb825ec","KONA_003.mammalGrid.mam","D06","KONA","KONA_003","2018-05-14","2018-05-14","NEON.DOC.000481vK",,
"1cc16ed0-194d-4442-b075-1db164129482","25e2059a-52fc-4766-9ffd-f9231a4dcdde","KONA_006.mammalGrid.mam","D06","KONA","KONA_006","2018-05-14","2018-05-14","NEON.DOC.000481vK",,
"9e631155-4666-4929-bf81-9b050948ec75","035c1aac-0627-46c6-ad73-ac18dacccbab","KONA_013.mammalGrid.mam","D06","KONA","KONA_013","2018-05-16","2018-05-16","NEON.DOC.000481vK",,
"73d0320e-36ee-4908-b385-d69cca422f24","a4729576-2286-4b04-8b45-dc7956b10707","KONA_016.mammalGrid.mam","D06","KONA","KONA_016","2018-05-16","2018-05-16","NEON.DOC.000481vK",,
"2ab785c0-bce7-4041-bb2a-19ef7d75b005","1e55ea6f-7c81-450a-b1c3-d34e0f13632f","KONA_001.mammalGrid.mam","D06","KONA","KONA_001","2018-05-16","2018-05-16","NEON.DOC.000481vK",,
"a7d2748a-a17d-44b8-b54e-64c0c2943c3b","34b310b2-b123-4f0b-b4ea-893b20285acc","KONA_001.mammalGrid.mam","D06","KONA","KONA_001","2018-05-17","2018-05-17","NEON.DOC.000481vK",,
"c9c1db92-72b6-4128-acb2-f7da61732e82","054efa9d-e017-4fc0-8902-1e1224eec211","KONA_016.mammalGrid.mam","D06","KONA","KONA_016","2018-05-17","2018-05-17","NEON.DOC.000481vK",,
"8288fddd-49e9-409e-bef7-4ded002be367","e2788371-97c2-414d-9650-3489ffe90354","KONA_013.mammalGrid.mam","D06","KONA","KONA_013","2018-05-17","2018-05-17","NEON.DOC.000481vK",,
"47fdb25d-9253-48be-88af-955e77ca3dd1","fa8066ba-1048-4c0d-adab-8093bb13e958","KONA_016.mammalGrid.mam","D06","KONA","KONA_016","2018-05-18","2018-05-18","NEON.DOC.000481vK",,
"9dcd64b1-b559-4aa2-a651-90355535d7ae","b78978be-57a9-4d27-88ba-c28161094d50","KONA_013.mammalGrid.mam","D06","KONA","KONA_013","2018-05-18","2018-05-18","NEON.DOC.000481vK",,
"d6dcd727-0a34-4ee3-8740-11ca4f11b5e1","d5461fe7-284d-47b8-b872-897966d9e11b","KONA_001.mammalGrid.mam","D06","KONA","KONA_001","2018-05-18","2018-05-18","NEON.DOC.000481vK",,
