uid,nightuid,namedLocation,domainID,siteID,plotID,collectDate,endDate,samplingProtocolVersion,remarks,dataQF
"2c5f923b-dc6b-43c4-8c22-0f466066d882","1571B09CED9340E69FE7779AD3C01252","BART_062.mammalGrid.mam","D01","BART","BART_062","2016-07-07","2016-07-07","NEON.DOC.000481vH",,
"40559e7d-9084-4fbc-9e19-754adfacdbae","D1D691D051C44361A954EC945A0BBB26","BART_012.mammalGrid.mam","D01","BART","BART_012","2016-07-07","2016-07-07","NEON.DOC.000481vH",,
"09f3c1d9-e815-44cc-9956-20edae7f703b","5094EE2B3AD44F569E43090A88571C1F","BART_015.mammalGrid.mam","D01","BART","BART_015","2016-07-07","2016-07-07","NEON.DOC.000481vH",,
"ace0818b-bff0-432a-8a5f-757fe6bebb68","4BEF5ED104954750B38F41355B1F3BAF","BART_062.mammalGrid.mam","D01","BART","BART_062","2016-07-08","2016-07-08","NEON.DOC.000481vH",,
"56f3a53a-101c-4d71-a324-a3c7f761ca52","F59574F2A6F6417D80F424FFB4DA17FC","BART_001.mammalGrid.mam","D01","BART","BART_001","2016-07-08","2016-07-08","NEON.DOC.000481vH",,
"4863a3d8-0ce2-4e64-9253-5867a51667cf","25E58680E1E444489B3ED6331217C3BA","BART_015.mammalGrid.mam","D01","BART","BART_015","2016-07-08","2016-07-08","NEON.DOC.000481vH",,
"6bce64ad-5407-4439-bac3-3ed23b1f9dd5","144B3BB4D1A0402194C21B723EAC3350","BART_062.mammalGrid.mam","D01","BART","BART_062","2016-07-09","2016-07-09","NEON.DOC.000481vH",,
"efa08cbf-1a50-4155-9403-d7c5e843f59a","9BB43A1248B24423A9478809C8C29D17","BART_015.mammalGrid.mam","D01","BART","BART_015","2016-07-09","2016-07-09","NEON.DOC.000481vH",,
"894fdc10-3641-4c3f-ab3b-6f7ef5cd97ee","4DD3A08B5AB54BB4AF99CEB54C2F1633","BART_084.mammalGrid.mam","D01","BART","BART_084","2016-07-10","2016-07-10","NEON.DOC.000481vH",,
"350ce6d4-454a-45b8-8fb5-b771f378f9e1","C0FF9EC8565040F08933C150E465464F","BART_007.mammalGrid.mam","D01","BART","BART_007","2016-07-10","2016-07-10","NEON.DOC.000481vH",,
