uid,nightuid,namedLocation,domainID,siteID,plotID,collectDate,endDate,samplingProtocolVersion,remarks,dataQF
"92b3958a-f1af-414d-acdd-57580d75d90d","284D20E78ADD4BD299B402C463FEC564","BLAN_001.mammalGrid.mam","D02","BLAN","BLAN_001","2015-05-20","2015-05-20",,"Samples kept on ice packs due to no dry ice available.",
"cd5bdc4c-141e-424e-ae0a-ab9bbb908338","5330B94863BE4BEA991C2E1334B76382","BLAN_003.mammalGrid.mam","D02","BLAN","BLAN_003","2015-05-20","2015-05-20",,"Samples kept on ice packs due to dry ice not being available.",
"3272187f-fbd2-48b2-ab43-a5c665db90ee","F43B6DCC53DE44768E2ED5F7A7FC6A6E","BLAN_009.mammalGrid.mam","D02","BLAN","BLAN_009","2015-05-20","2015-05-20",,"Samples kept on ice packs due to dry ice not being available.",
"6facc10c-11b6-4c41-a7f9-4b548830df2d","B6CC05E18E5D4A1CA3A90857336D4C91","BLAN_002.mammalGrid.mam","D02","BLAN","BLAN_002","2015-05-20","2015-05-20",,"Samples kept on ice packs due to no dry ice available.",
"913152a9-a239-4782-9406-2a8e4ef6d85c","0DFF8776F28A4B6185A97AE6FC0D8D13","BLAN_009.mammalGrid.mam","D02","BLAN","BLAN_009","2015-05-21","2015-05-21",,,
"87e166eb-d34c-402e-a60b-1031e7564612","B7005FFA576B4FC6AC6C623879ACA4BB","BLAN_003.mammalGrid.mam","D02","BLAN","BLAN_003","2015-05-21","2015-05-21",,,
"ec59a5b2-7ab4-4b03-b2d0-38fc78a7594a","E665D36D28BD4842AB1B30524B8240E9","BLAN_002.mammalGrid.mam","D02","BLAN","BLAN_002","2015-05-21","2015-05-21",,,
"41952e74-97ac-434e-853d-891a8b66afb4","E114EE8F4D1A4AA7A8E1E18A189E8B20","BLAN_001.mammalGrid.mam","D02","BLAN","BLAN_001","2015-05-21","2015-05-21",,,
"831a5c58-3b36-4ad9-9bc4-5d889a3d552a","FC76BBC044B84C069356A2B49443D560","BLAN_002.mammalGrid.mam","D02","BLAN","BLAN_002","2015-05-22","2015-05-22",,,
"f24519bc-acb3-4ef1-95f3-859386b41be9","628F428F848449F2A9DB20FFA78CABCE","BLAN_003.mammalGrid.mam","D02","BLAN","BLAN_003","2015-05-22","2015-05-22",,,
"d6b78fb6-3278-4500-b40a-1ce8828db271","E3208967EB494F7BAC3C74EB5618CD9C","BLAN_009.mammalGrid.mam","D02","BLAN","BLAN_009","2015-05-22","2015-05-22",,,
"5aca2fb6-1b18-49b5-9ee5-287ab0526da0","5D9AA44BC68D45C3867FF0EC0CD04407","BLAN_001.mammalGrid.mam","D02","BLAN","BLAN_001","2015-05-22","2015-05-22",,"Only 99 traps were pulled from the grid as one trapping station was not set. The unset trapping coordinate is unknown.",
