uid,nightuid,namedLocation,domainID,siteID,plotID,collectDate,endDate,samplingProtocolVersion,remarks,dataQF
"8235b431-f380-4e68-8b29-b96846d05aee","DD19AEC092904E55940634057FC6705A","STER_026.mammalGrid.mam","D10","STER","STER_026","2014-05-21","2014-05-21",,"most current data set 20141022",
"55356610-d146-4608-aacf-82ba05505e82","AD6CB022B7944C8E8063159C4D4657DA","STER_026.mammalGrid.mam","D10","STER","STER_026","2014-05-21","2014-05-21",,"Bout was unsuccessful due lightening.",
"a1d384e5-baea-4c9b-b420-d5c504b67c2e","BB656D865AEB4386A80965399829133B","STER_026.mammalGrid.mam","D10","STER","STER_026","2014-05-22","2014-05-22",,"Bout not completed due to lightening",
"093755ee-b727-4d20-83e8-da00f5c483e4","79A6AF5FB21645CC8874016246164781","STER_031.mammalGrid.mam","D10","STER","STER_031","2014-05-22","2014-05-22",,,
"f901adc6-b6ad-446d-a90b-d441495f9e97","0794CBFE146D42958B561775516383A0","STER_029.mammalGrid.mam","D10","STER","STER_029","2014-05-22","2014-05-22",,"Bout not completed due to lightening",
