uid,nightuid,namedLocation,domainID,siteID,plotID,collectDate,endDate,samplingProtocolVersion,remarks,dataQF
"379ff6ea-6f33-457a-99ac-3ba3dac3fc3c","170542A56D8D4B0389F95477A34C0D51","WOOD_001.mammalGrid.mam","D09","WOOD","WOOD_001","2016-05-03","2016-05-03","NEON.DOC.000481vG",,
"d3c13333-6174-4221-885b-cb118b74653c","EF222D88824044C59256884832BBB998","WOOD_006.mammalGrid.mam","D09","WOOD","WOOD_006","2016-05-03","2016-05-03","NEON.DOC.000481vG",,
"d985a1e8-6384-4e71-a40c-d04e088c1a03","31924BAC28F44AE3AC964DE393137C71","WOOD_002.mammalGrid.mam","D09","WOOD","WOOD_002","2016-05-04","2016-05-04","NEON.DOC.000481vG",,
"87e153ae-e622-484a-b2e7-e109a7acd801","5960EC50FB4A4AE7AB561B49E644F6EE","WOOD_001.mammalGrid.mam","D09","WOOD","WOOD_001","2016-05-04","2016-05-04","NEON.DOC.000481vG",,
"8c7c61c9-0cca-47f3-999f-b5319ad3ef4b","1D3A4271DA22407CAC0C640D66CF364E","WOOD_011.mammalGrid.mam","D09","WOOD","WOOD_011","2016-05-04","2016-05-04","NEON.DOC.000481vG",,
"9016dee4-7079-417d-9728-42ce60eecb67","83211849462B4CF3976DAF759FCBDBC6","WOOD_009.mammalGrid.mam","D09","WOOD","WOOD_009","2016-05-04","2016-05-04","NEON.DOC.000481vG",,
"31f89286-6ff3-4e49-89b0-3a85612dc09f","F2271C22B70B40298F6A37034FA56739","WOOD_009.mammalGrid.mam","D09","WOOD","WOOD_009","2016-05-05","2016-05-05","NEON.DOC.000481vG",,
"f03abcc4-d2bd-43ea-a67f-b8f8130848da","6DA0AFF6294942E9A7EF93F27F42FD26","WOOD_013.mammalGrid.mam","D09","WOOD","WOOD_013","2016-05-05","2016-05-05","NEON.DOC.000481vG",,
"9dc96d41-69d5-4c17-93f8-e37e793db106","6218BD08B1124A7B977078021C06DB6B","WOOD_001.mammalGrid.mam","D09","WOOD","WOOD_001","2016-05-05","2016-05-05","NEON.DOC.000481vG",,
"9086f471-1c3e-4273-8746-9ca0402ac6f6","711188C5EF3E4670B8FE89FD15020993","WOOD_002.mammalGrid.mam","D09","WOOD","WOOD_002","2016-05-05","2016-05-05","NEON.DOC.000481vG",,
"c953385d-04c9-46c0-b1a4-617f7490bb13","917F5059E4B7462C8C4B7036DAE1CCAE","WOOD_009.mammalGrid.mam","D09","WOOD","WOOD_009","2016-05-06","2016-05-06","NEON.DOC.000481vG",,
"2b94a53c-c042-4a9f-82de-22160b1c51fc","C25BB9B58FB94F019CE6FF27CD969E54","WOOD_002.mammalGrid.mam","D09","WOOD","WOOD_002","2016-05-06","2016-05-06","NEON.DOC.000481vG",,
"dd855994-4eff-4462-984c-342519693196","2609A281EACB47009BA0953E5FD7F930","WOOD_008.mammalGrid.mam","D09","WOOD","WOOD_008","2016-05-06","2016-05-06","NEON.DOC.000481vG",,
"c495b955-c36c-49c1-9a21-5a74be9bc14b","ADBCCC93255E4DC4A521F5626AC7929C","WOOD_015.mammalGrid.mam","D09","WOOD","WOOD_015","2016-05-06","2016-05-06","NEON.DOC.000481vG",,
