uid,nightuid,namedLocation,domainID,siteID,plotID,collectDate,endDate,samplingProtocolVersion,remarks,dataQF
"23ad01fd-943c-46fc-8cac-f42725ac4e5c","4BAADD9E2BC148CC871D8391366FB06C","NIWO_007.mammalGrid.mam","D13","NIWO","NIWO_007","2015-09-15","2015-09-15",,"Using protocol vg.",
"8507b2c6-34b3-470e-8747-872e2aa514bd","9A4EB761C526468EBC054385873B5E65","NIWO_002.mammalGrid.mam","D13","NIWO","NIWO_002","2015-09-15","2015-09-15",,"Using protocol vg.",
"6e768528-b721-42b6-b76d-41fc41edf690","AC206349C2754F259E4D68B8B5A59E39","NIWO_007.mammalGrid.mam","D13","NIWO","NIWO_007","2015-09-16","2015-09-16",,"Using protocol vg.",
"fd6f86f5-c06e-462d-a4e4-c045cd59269b","F364F8B7917A4A99AC832F2ED9881774","NIWO_002.mammalGrid.mam","D13","NIWO","NIWO_002","2015-09-16","2015-09-16",,"Using protocol vg.",
"6e6d8508-06a3-4ae9-99fc-9d05d068647a","C6340E99F3FF4C03A5275F21F5763389","NIWO_001.mammalGrid.mam","D13","NIWO","NIWO_001","2015-09-16","2015-09-16",,"Using protocol vg.",
"f9be39b3-ad35-4947-9df0-85a778b4cab2","DCD78C141E554CB5BF246C423796BC48","NIWO_002.mammalGrid.mam","D13","NIWO","NIWO_002","2015-09-17","2015-09-17",,"Using protocol vg.",
"e9759275-f233-49a6-a637-260234c93441","FE50037599F243F28D690F424E2925AC","NIWO_005.mammalGrid.mam","D13","NIWO","NIWO_005","2015-09-17","2015-09-17",,"Using protocol vg.",
"e474a440-012b-466c-8443-d5e587c08049","EB1CA8759A58435ABDA89DC0B171325A","NIWO_007.mammalGrid.mam","D13","NIWO","NIWO_007","2015-09-17","2015-09-17",,"Using protocol vg.",
"e34b33a5-caa2-47a7-8a86-d9d50f05952a","3DC117D2DA68478B85267C142B425D5F","NIWO_023.mammalGrid.mam","D13","NIWO","NIWO_023","2015-09-21","2015-09-21",,"Using protocol vg.",
"6b1feda1-ffbb-4856-ac3e-fa64a38b2cde","68C724B73F2246E5B82B0F7E8E72E6A7","NIWO_025.mammalGrid.mam","D13","NIWO","NIWO_025","2015-09-22","2015-09-22",,"Using protocol vg.",
"0111bb8a-c4dd-4583-8b2a-66d7601dcf20","00E057744F8D4B54AB634DC5367AC467","NIWO_023.mammalGrid.mam","D13","NIWO","NIWO_023","2015-09-22","2015-09-22",,"used protocol vG",
