uid,nightuid,namedLocation,domainID,siteID,plotID,collectDate,endDate,samplingProtocolVersion,remarks,dataQF
"bb258253-8af5-49f7-845b-8a0e8a4d9a57","b70e0a0a-bdf2-4e9b-abac-d67949a379bb","CPER_005.mammalGrid.mam","D10","CPER","CPER_005","2019-04-01","2019-04-01","NEON.DOC.000481vK",,
"aac1e34b-cc5a-4ea3-b1ca-36eacfed41d4","f59e931e-a0de-4a03-9932-ca846d7beb9c","CPER_004.mammalGrid.mam","D10","CPER","CPER_004","2019-04-01","2019-04-01","NEON.DOC.000481vK",,
"430a9dfa-8915-441f-958d-c9906d182b06","e39f791a-bb09-4885-b858-682c0dfbd373","CPER_015.mammalGrid.mam","D10","CPER","CPER_015","2019-04-01","2019-04-01","NEON.DOC.000481vK",,
"067d8f99-7de3-4e4c-8ab1-0e511d993c95","43ef18a0-e653-4407-a078-6902b7af8f22","CPER_011.mammalGrid.mam","D10","CPER","CPER_011","2019-04-01","2019-04-01","NEON.DOC.000481vK",,
"4b060127-e279-42f9-8abf-716432cb9b88","5621efe4-ec58-46b5-8b6e-3a8894484848","CPER_011.mammalGrid.mam","D10","CPER","CPER_011","2019-04-02","2019-04-02","NEON.DOC.000481vL",,
"6f7de38d-667f-425d-9d34-8bc8ddf806bc","3e8bd0cc-93b5-49f8-bb06-71ba89fda0cd","CPER_005.mammalGrid.mam","D10","CPER","CPER_005","2019-04-02","2019-04-02","NEON.DOC.000481vL",,
"e4c7af0b-6d99-489f-8803-4c35be45fe0c","a918af5d-7390-4f3c-af78-7301fc9be96b","CPER_015.mammalGrid.mam","D10","CPER","CPER_015","2019-04-02","2019-04-02","NEON.DOC.000481vL",,
"dc6fa5db-b6d0-4d80-b903-245a5314f473","39290053-0b27-4fe1-9b87-fa9b31c7f65e","CPER_002.mammalGrid.mam","D10","CPER","CPER_002","2019-04-05","2019-04-05","NEON.DOC.000481vK",,
"9f83ff76-aae5-420c-8fb4-666f81554ca8","548555f7-fc90-466c-b450-669d20ecd4a9","CPER_008.mammalGrid.mam","D10","CPER","CPER_008","2019-04-05","2019-04-05","NEON.DOC.000481vK",,
"eb68a1af-98e2-4867-a862-10f74ece7b48","a61c6ff8-fe00-4b90-bb06-ad9fea4053b3","CPER_006.mammalGrid.mam","D10","CPER","CPER_006","2019-04-05","2019-04-05","NEON.DOC.000481vK",,
"ffa58a23-8aa7-4847-bc5e-4dabfa8c97c1","0fb483de-81c5-4670-bcc9-b41f12b96367","CPER_009.mammalGrid.mam","D10","CPER","CPER_009","2019-04-05","2019-04-05","NEON.DOC.000481vK",,
"47746d02-e301-4c12-9136-7f9d334bd974","b8892c23-a7b1-43ac-92de-0b4f4913a5a5","CPER_011.mammalGrid.mam","D10","CPER","CPER_011","2019-04-05","2019-04-05","NEON.DOC.000481vK",,
"fa7e3312-1ab8-483f-b199-35d65584db76","8201eba8-801a-4cdd-8936-c46db0b60cdd","CPER_015.mammalGrid.mam","D10","CPER","CPER_015","2019-04-05","2019-04-05","NEON.DOC.000481vK",,
"803c3f4a-2e64-4fd2-95a5-7032dd4b3a3c","ed2d96a9-6f32-44e1-82ab-401436a8e8de","CPER_005.mammalGrid.mam","D10","CPER","CPER_005","2019-04-05","2019-04-05","NEON.DOC.000481vK",,
