uid,nightuid,namedLocation,domainID,siteID,plotID,collectDate,endDate,samplingProtocolVersion,remarks,dataQF
"d721e117-1cce-4d15-9b83-45681796008e","11B54B9565C74C7AA7B464906491A964","JERC_009.mammalGrid.mam","D03","JERC","JERC_009","2014-06-25","2014-06-25",,,
"cf80b618-73bb-424b-a0f2-81c1f3c4de03","3870D85E92264E57A5CCE7CDB0B95823","JERC_005.mammalGrid.mam","D03","JERC","JERC_005","2014-06-25","2014-06-25",,"Rainstorm previous night",
"3695e4bb-4e9e-40f5-a5ea-17dacf2ed5ac","2C5D99C7013044D1902E4134B19800DD","JERC_003.mammalGrid.mam","D03","JERC","JERC_003","2014-06-25","2014-06-25",,"Rainstorm previous night",
"897e237d-8049-4686-8e8b-42c6e9c6ec71","8BED0558AFC84202870199B26407B667","JERC_006.mammalGrid.mam","D03","JERC","JERC_006","2014-06-25","2014-06-25",,,
"753813d4-7f06-4281-a356-a7e7ad00da43","5D735430DCCF4AE9B3DEB424E474722B","JERC_006.mammalGrid.mam","D03","JERC","JERC_006","2014-06-26","2014-06-26",,,
"2a89a83d-fe59-4afa-9f87-c2c2db270046","4C6127A43FE4458DA42CAFB96F255022","JERC_009.mammalGrid.mam","D03","JERC","JERC_009","2014-06-26","2014-06-26",,,
"40f33661-1bf9-42ac-ab5e-e7713dad52a0","C22BB382E67B4A0FB4F59D6F61B66D20","JERC_005.mammalGrid.mam","D03","JERC","JERC_005","2014-06-26","2014-06-26",,,
"736a8fb8-79bf-47c9-ac94-de48e35ab115","0EFD6D08DE2D4A37AFF698F27C66C4D9","JERC_003.mammalGrid.mam","D03","JERC","JERC_003","2014-06-26","2014-06-26",,,
"912a63bd-b8f3-4c78-a3e6-fd766cb1f08c","3CBB8793248045FC8B848E454434A169","JERC_006.mammalGrid.mam","D03","JERC","JERC_006","2014-06-27","2014-06-27",,"No fecal or ear punches (not enough vials)",
"6c4115f0-0e0a-4042-a2e2-02eee6a81377","0A64C7855ECD401AB046B7F6DE59F7E0","JERC_005.mammalGrid.mam","D03","JERC","JERC_005","2014-06-27","2014-06-27",,"short on vials, blood is priority",
"96e8d6c6-bb7c-42ee-995d-b7caefd8230b","4392D8DE04984AD5A51CC63BE6B09A98","JERC_003.mammalGrid.mam","D03","JERC","JERC_003","2014-06-27","2014-06-27",,"short on vials, blood is priority",
"bf20eedc-5d9d-40e2-bbc6-fd564f86bd67","2AFDF8ED637B4A6DABEC315FC7C67802","JERC_009.mammalGrid.mam","D03","JERC","JERC_009","2014-06-27","2014-06-27",,,
"cb19a39a-7f67-47f9-85eb-74de42955125","6CFAED0C0C32428E819D4060C11659E9","JERC_019.mammalGrid.mam","D03","JERC","JERC_019","2014-06-28","2014-06-28",,,
"50233334-fcd1-4c8b-802f-e10adbf1d0ee","BCC1101B53DE449B91A8677C7F6D8B0D","JERC_002.mammalGrid.mam","D03","JERC","JERC_002","2014-06-28","2014-06-28",,,
"0870ca4d-aeb7-456d-beb1-44e563ae8ebe","E9DC91CCD2F643F289DA6A29CE92900F","JERC_019.mammalGrid.mam","D03","JERC","JERC_019","2014-06-28","2014-06-28",,"Second entry for this plot on 6/29. Some data got missed from the first submission.",
"ede74162-f4d4-4cfd-8d4d-e958143d6300","E663BD174BB34CD486358E6966DA929A","JERC_002.mammalGrid.mam","D03","JERC","JERC_002","2014-06-29","2014-06-29",,,
"cea16d80-c1f6-4bbf-b2c7-b13458727fbd","0EAD2C5EB06F47BB88741147DCD684DE","JERC_019.mammalGrid.mam","D03","JERC","JERC_019","2014-06-29","2014-06-29",,,
"1f06bdf5-5327-4b51-8344-874da63c7bef","311925B5F9084A41883BD188FB50BDAA","JERC_002.mammalGrid.mam","D03","JERC","JERC_002","2014-06-30","2014-06-30",,"no fecal or ear punches taken",
"4ff6c222-f262-4390-95de-3f8cd42fd28e","76AC81307B7042F7B82628144DC35D99","JERC_019.mammalGrid.mam","D03","JERC","JERC_019","2014-06-30","2014-06-30",,"no fecal or ear punches taken",
