uid,nightuid,namedLocation,domainID,siteID,plotID,collectDate,endDate,samplingProtocolVersion,remarks,dataQF
"38c62c46-bc8f-4fd2-990f-3acc5c1d9616","7F61A18BB13C4801B531A74E31095AA5","JORN_018.mammalGrid.mam","D14","JORN","JORN_018","2016-06-08","2016-06-08","NEON.DOC.000481vG",,
"0b52170a-2a76-4e12-bfae-ae61612086f4","EB91927BDE7641BC8FDBB7E8FACC5C14","JORN_017.mammalGrid.mam","D14","JORN","JORN_017","2016-06-08","2016-06-08","NEON.DOC.000481vG",,
"03d61b1d-f2de-4bbb-834a-a622d68b7411","E6896F50271A48CEB2BD268ACC35AA57","JORN_018.mammalGrid.mam","D14","JORN","JORN_018","2016-06-09","2016-06-09","NEON.DOC.000481vG",,
"15c3c80d-e6e8-46a5-aab0-5772f6dfea04","A6FB2F80F5A54E8E966A3DD99C3B888A","JORN_017.mammalGrid.mam","D14","JORN","JORN_017","2016-06-09","2016-06-09","NEON.DOC.000481vG",,
"98cb5495-936f-4389-85f5-35e65d572bbb","E5EE0134AB8C47E98E3FE29CA10ABB3A","JORN_018.mammalGrid.mam","D14","JORN","JORN_018","2016-06-10","2016-06-10","NEON.DOC.000481vG",,
"fcf3c4f8-92ad-47a9-8f22-7b3bc7358328","DBE1B3158FE949F9B90F5BC27F1D67BD","JORN_017.mammalGrid.mam","D14","JORN","JORN_017","2016-06-10","2016-06-10","NEON.DOC.000481vH",,
"c080b52b-bad9-44a9-9244-5a7338f7b36b","F77B915FDF994FDD945D8452A794AC2A","JORN_001.mammalGrid.mam","D14","JORN","JORN_001","2016-06-11","2016-06-11","NEON.DOC.000481vG",,
"71cd2174-60f3-4663-8c1a-591fd4d11c29","8F02C81152A343849D4FFAE610220834","JORN_007.mammalGrid.mam","D14","JORN","JORN_007","2016-06-11","2016-06-11","NEON.DOC.000481vG",,
"76404c56-1173-4f66-9c6c-c1f099c499cf","C2C27D82FE0B43CE941E32A884EA562E","JORN_001.mammalGrid.mam","D14","JORN","JORN_001","2016-06-12","2016-06-12","NEON.DOC.000481vG",,
"bad69339-c14e-4d52-97a1-f09ade8cc11a","D0F311DEB25648F88054EC26D3CCF451","JORN_011.mammalGrid.mam","D14","JORN","JORN_011","2016-06-12","2016-06-12","NEON.DOC.000481vG",,
"40ff17d6-8847-4ccf-b903-4ab0a20dba15","D22541FE085F4D2782845FC323668A7F","JORN_001.mammalGrid.mam","D14","JORN","JORN_001","2016-06-13","2016-06-13","NEON.DOC.000481vG",,
"76f11a33-78f0-4d5f-81bc-5f8e2029643b","4EB13E326BE444E4B2565C3BAA81C32D","JORN_031.mammalGrid.mam","D14","JORN","JORN_031","2016-06-13","2016-06-13","NEON.DOC.000481vG",,
