uid,nightuid,namedLocation,domainID,siteID,plotID,collectDate,endDate,samplingProtocolVersion,remarks,dataQF
"48a8c730-a076-4a04-ba4b-e8faa5b78da4","f5d1de8a-53fd-4dee-a987-7fc5f841f09f","GRSM_020.mammalGrid.mam","D07","GRSM","GRSM_020","2017-06-27","2017-06-27","NEON.DOC.000481vH",,
"28471958-607f-4bbe-a368-f50f41b5a794","72d49154-fa77-4a1e-b53b-45ec68b1091f","GRSM_003.mammalGrid.mam","D07","GRSM","GRSM_003","2017-06-27","2017-06-27","NEON.DOC.000481vH","Bear disturbance",
"71ab70c0-d97b-4b3d-b286-173df9e69fdd","798e42c0-24d7-4c15-a652-f8c3f76b7b9d","GRSM_014.mammalGrid.mam","D07","GRSM","GRSM_014","2017-06-27","2017-06-27","NEON.DOC.000481vG",,
"6e93a4ec-0176-4ac1-9b95-de9d6daf6a91","ed0b1c63-c661-4b10-a5bd-6e167305e435","GRSM_013.mammalGrid.mam","D07","GRSM","GRSM_013","2017-06-27","2017-06-27","NEON.DOC.000481vG",,
"f7c4caba-fba5-463c-8792-563de53055f8","8a2b9337-f338-4564-8622-7ecf7b6fbf42","GRSM_020.mammalGrid.mam","D07","GRSM","GRSM_020","2017-06-28","2017-06-28","NEON.DOC.000481vH",,
"b8d1c911-c674-4147-95e7-9b7a93eb3c2b","44eb25af-56aa-415c-bd33-b0c2368237c0","GRSM_069.mammalGrid.mam","D07","GRSM","GRSM_069","2017-06-28","2017-06-28","NEON.DOC.000481vH",,
"ebabc60b-6a94-48e6-8013-a28d93ea66ca","d2d7f8d4-83fa-46d9-82d9-fbad8455f896","GRSM_014.mammalGrid.mam","D07","GRSM","GRSM_014","2017-06-28","2017-06-28","NEON.DOC.000481vJ",,
"3858cf70-afc6-4912-97ab-6656a702b63e","7bf5c1e5-908f-41fc-9ccf-cecc062d1d1b","GRSM_033.mammalGrid.mam","D07","GRSM","GRSM_033","2017-06-28","2017-06-28","NEON.DOC.000481vJ",,
"8b5cea56-f876-4d97-8ccc-57eb34da5315","0785f08d-a4c1-4f57-acb3-f78193cdb93c","GRSM_014.mammalGrid.mam","D07","GRSM","GRSM_014","2017-06-29","2017-06-29","NEON.DOC.000481vH",,
"4ea39ce8-a33e-4bc4-bc9e-2cdfe8b8e146","9f5f45db-3d7e-4d71-8162-0b45247e8a48","GRSM_020.mammalGrid.mam","D07","GRSM","GRSM_020","2017-06-29","2017-06-29","NEON.DOC.000481vH",,
"b0506781-4010-4dec-868a-0509fdc9749a","ad24a3ac-7619-42e7-a169-688e20ac16c9","GRSM_015.mammalGrid.mam","D07","GRSM","GRSM_015","2017-06-29","2017-06-29","NEON.DOC.000481vH",,
"ba3e7bc1-c345-425d-bf99-04725d14b72f","f207a5c4-0a4d-4096-9e5e-d5c4d527ad32","GRSM_069.mammalGrid.mam","D07","GRSM","GRSM_069","2017-06-29","2017-06-29","NEON.DOC.000481vH",,
