uid,nightuid,namedLocation,domainID,siteID,plotID,collectDate,endDate,samplingProtocolVersion,remarks,dataQF
"56413cb4-5c04-45aa-8c03-bfc1058fc207","2A58AF34DC5E45E38B46A3A90FA7269B","SJER_032.mammalGrid.mam","D17","SJER","SJER_032","2017-01-18","2017-01-18","NEON.DOC.000481vH",,
"63e5c586-36ac-487e-9db1-3324f036fb8f","B4A99478C3BC48229C2C3607189E77E2","SJER_002.mammalGrid.mam","D17","SJER","SJER_002","2017-01-18","2017-01-18","NEON.DOC.000481vH",,
"98ea1b27-14e2-4700-a8d5-20e63f5a0688","5620454E7D514C17BCE519A480E57466","SJER_033.mammalGrid.mam","D17","SJER","SJER_033","2017-01-18","2017-01-18","NEON.DOC.000481vH",,
"592a9fc6-cb07-454b-b603-abde86f0efe6","5BF70A247DB84DEBBFD5E3F12C9723E2","SJER_013.mammalGrid.mam","D17","SJER","SJER_013","2017-01-18","2017-01-18","NEON.DOC.000481vH",,
"32299f68-425b-4fe7-9ad5-e621dba9b543","6783F7DE3EB1461DBEA6CA5A18DCCDEE","SJER_002.mammalGrid.mam","D17","SJER","SJER_002","2017-01-19","2017-01-19","NEON.DOC.000481vH",,
"dc994d01-8604-42be-80cc-94570aca7562","5D3A918DBBA24130968FAB40909B8E1B","SJER_033.mammalGrid.mam","D17","SJER","SJER_033","2017-01-19","2017-01-19","NEON.DOC.000481vH",,
"6857fc8f-144d-448b-b00c-263e88d69ab1","157E529EE4474A46BFB15942358A56F4","SJER_007.mammalGrid.mam","D17","SJER","SJER_007","2017-01-19","2017-01-19","NEON.DOC.000481vH","blood samples collected at abundance plot due to overall low capture rates",
"7a9469b5-3a74-491c-bd07-6344afca967c","96B5503496424A2A8F9CFC18BA1596FC","SJER_032.mammalGrid.mam","D17","SJER","SJER_032","2017-01-19","2017-01-19","NEON.DOC.000481vH",,
"6f7d73ec-4a5f-4262-a306-1efcee70ee51","EE5D20737E334A61BD937FB94995384E","SJER_033.mammalGrid.mam","D17","SJER","SJER_033","2017-01-20","2017-01-20","NEON.DOC.000481vH",,
"588fbbb8-b205-4c16-8047-06cb1ee70965","E9CFB6865C674D768478944C8E088B76","SJER_032.mammalGrid.mam","D17","SJER","SJER_032","2017-01-20","2017-01-20","NEON.DOC.000481vH",,
"74f6501d-385a-4ecb-9b74-f595873f672e","9E119BF31F2D4DB0B208BD49D23F68DF","SJER_002.mammalGrid.mam","D17","SJER","SJER_002","2017-01-20","2017-01-20","NEON.DOC.000481vH",,
