uid,nightuid,namedLocation,domainID,siteID,plotID,collectDate,endDate,samplingProtocolVersion,remarks,dataQF
"26bbbea7-9c4a-4395-a8b5-3314ad6810e7","1A64D1628DCC49B69069C8DDF0C68747","ORNL_007.mammalGrid.mam","D07","ORNL","ORNL_007","2015-08-11","2015-08-11",,"Sampling protocol was NEON.DOC.000481vG.",
"0145eae1-f45b-477c-9564-cbc5c6243eab","C1B59C3D456F4B10A43E178EB48547D6","ORNL_001.mammalGrid.mam","D07","ORNL","ORNL_001","2015-08-11","2015-08-11",,"Sampling protocol was NEON.DOC.000481vG",
"c3cc3bc2-c072-4289-b776-196a3923714b","A51A054F539E45B78097B5B45EF309F7","ORNL_039.mammalGrid.mam","D07","ORNL","ORNL_039","2015-08-11","2015-08-11",,"Sampling protocol was NEON.DOC.000481vG.",
"c361afe7-01ec-485b-89f5-5e6208e5d063","8C0CF95097AE48E8AA7CCF79963493A5","ORNL_003.mammalGrid.mam","D07","ORNL","ORNL_003","2015-08-12","2015-08-12",,,
"ff70b23e-d2f7-4262-b8b1-cfc355192e7f","71B37CF1252A4AE090910D6C105AAE25","ORNL_027.mammalGrid.mam","D07","ORNL","ORNL_027","2015-08-12","2015-08-12",,,
"2df606d6-1642-404f-8be3-d082c3ae732c","1A4F230459D044F79F3A4F86CED43967","ORNL_002.mammalGrid.mam","D07","ORNL","ORNL_002","2015-08-12","2015-08-12",,"Sampling protocol used was NEON.DOC.000481vD",
"5698b366-86b8-4325-912a-ecf5b84142cc","6ADAF1763C63414A930E267130962FF5","ORNL_027.mammalGrid.mam","D07","ORNL","ORNL_027","2015-08-13","2015-08-13",,,
"424eb1f1-85aa-4a01-8cfb-c59394a5b648","5174CC17B4094AB5BD1BE041F6DACB51","ORNL_002.mammalGrid.mam","D07","ORNL","ORNL_002","2015-08-13","2015-08-13",,,
"10d3ca0f-b602-465a-a237-b59c7c348bfb","93921C1F88B34230B23DF852120082AA","ORNL_003.mammalGrid.mam","D07","ORNL","ORNL_003","2015-08-13","2015-08-13",,,
"331350ca-eb55-4dff-ac1b-f85806a1fbb1","260F76C182D9473999B978F326FD21E9","ORNL_003.mammalGrid.mam","D07","ORNL","ORNL_003","2015-08-14","2015-08-14",,,
"207c82d9-8e36-4311-a82f-2b2d42611d87","73DF4AE39CB7442A8A952EE0B0011FF1","ORNL_027.mammalGrid.mam","D07","ORNL","ORNL_027","2015-08-14","2015-08-14",,,
"f51b6197-fdd1-4a0f-90bd-baf014984f05","0C4B40FF6691433B80F75AC113A005B8","ORNL_002.mammalGrid.mam","D07","ORNL","ORNL_002","2015-08-14","2015-08-14",,,
