uid,nightuid,namedLocation,domainID,siteID,plotID,collectDate,endDate,samplingProtocolVersion,remarks,dataQF
"5b55a98f-2a76-4a1d-bea7-01bc5fb91419","FA6D0C457BCA4673A05C635D9FD5618C","TALL_012.mammalGrid.mam","D08","TALL","TALL_012","2014-08-20","2014-08-20",,,
"877fc099-d869-48b0-859a-030ca6a4be2b","0EFEDFF150AD4E3285522C22E25E1665","TALL_031.mammalGrid.mam","D08","TALL","TALL_031","2014-08-20","2014-08-20",,,
"5868910b-b23f-402c-83ad-e531682afb8d","E5210CF307CC41179BBBC589BB21B1A5","TALL_015.mammalGrid.mam","D08","TALL","TALL_015","2014-08-20","2014-08-20",,,
"9497f489-cc11-4e8b-80e9-6c2756fae747","4686B5915D244DD7841815393F61A010","TALL_024.mammalGrid.mam","D08","TALL","TALL_024","2014-08-20","2014-08-20",,,
"95ad0689-04dc-4b60-b271-37c424482b95","1A059020B46545719FFD893A853D58E8","TALL_024.mammalGrid.mam","D08","TALL","TALL_024","2014-08-21","2014-08-21",,,
"6ca44024-734e-4bfb-a9f6-225ab6beb062","61D88C36B6584E4CAEDE66E6635D0925","TALL_015.mammalGrid.mam","D08","TALL","TALL_015","2014-08-21","2014-08-21",,,
"4343c2d3-757f-4782-8e80-eb8e640ff41a","39FD00700ACE40DC81AD21C152B7BECF","TALL_012.mammalGrid.mam","D08","TALL","TALL_012","2014-08-21","2014-08-21",,,
"a7caa931-8f8e-4f70-91b1-24e7417f691b","5344F40BE68842279087BC216347E215","TALL_031.mammalGrid.mam","D08","TALL","TALL_031","2014-08-21","2014-08-21",,,
"06ae99d2-66aa-45b2-8d4a-f9aea56438cb","7F96F3899120418AB75EE4EDF4E98F5E","TALL_012.mammalGrid.mam","D08","TALL","TALL_012","2014-08-22","2014-08-22",,,
"8a6c8a68-0563-4ec2-a578-b4d272b4cbd6","0ADB07328C2F45B49C6033094E30AE29","TALL_031.mammalGrid.mam","D08","TALL","TALL_031","2014-08-22","2014-08-22",,,
"50fded11-1bce-4235-8fbb-2b6752670bcf","160211516F4A453CBAF3129388D8DEB9","TALL_015.mammalGrid.mam","D08","TALL","TALL_015","2014-08-22","2014-08-22",,,
"a659f01c-86be-486a-a403-d264c82c3522","48EE909E79564CE385CA2B1D78B00A4C","TALL_024.mammalGrid.mam","D08","TALL","TALL_024","2014-08-22","2014-08-22",,,
