uid,nightuid,namedLocation,domainID,siteID,plotID,collectDate,endDate,samplingProtocolVersion,remarks,dataQF
"5dc73e45-af76-428b-adbd-6c99ceef9911","D315656EC3F941DB94A22F5F77AF9F6B","TALL_012.mammalGrid.mam","D08","TALL","TALL_012","2014-07-22","2014-07-22",,,
"5d240ede-157c-4064-996c-6425158e54e3","A6B023D8C00C4C17AD92E3166B6BFC01","TALL_015.mammalGrid.mam","D08","TALL","TALL_015","2014-07-22","2014-07-22",,,
"876c1a18-f76d-4b27-8103-1ad364169cc3","76303DB64D1F4E5585741B1ECFCEB904","TALL_031.mammalGrid.mam","D08","TALL","TALL_031","2014-07-22","2014-07-22",,,
"cdb2f5ef-5cf2-476a-b458-a882d3d50caa","02543A31DE26481DBF6B334F64762F6F","TALL_024.mammalGrid.mam","D08","TALL","TALL_024","2014-07-22","2014-07-22",,,
"bb1e1503-4fb8-4b2d-bc53-ff5552661579","8FB293F9167543CEB128D2E785011B42","TALL_015.mammalGrid.mam","D08","TALL","TALL_015","2014-07-23","2014-07-23",,,
"9bf64e74-9083-43b5-ac2e-41fe7147d516","9D768183D56C492D9514EC2BF83543D3","TALL_031.mammalGrid.mam","D08","TALL","TALL_031","2014-07-23","2014-07-23",,,
"42e20295-d02a-41ec-afc5-46cbfd427996","065F2C0F8D304F52B639719A38FC9E80","TALL_024.mammalGrid.mam","D08","TALL","TALL_024","2014-07-23","2014-07-23",,,
"578afaa5-8f47-40a7-a04e-4ee0fb76efb0","6974D3500C964C55964833E5503B089B","TALL_012.mammalGrid.mam","D08","TALL","TALL_012","2014-07-23","2014-07-23",,,
"e9b179b7-6d94-486e-a6fc-39cab2613399","CCF95871E495407C80C6FD842B941835","TALL_012.mammalGrid.mam","D08","TALL","TALL_012","2014-07-24","2014-07-24",,,
"a289dc97-e494-443b-a704-148556b5678e","053669D8947545C599874A878C1D95A7","TALL_015.mammalGrid.mam","D08","TALL","TALL_015","2014-07-24","2014-07-24",,,
"ed7983ae-3ed0-4bed-95ec-40bc7e240a0a","DEE6D07EDD314880ABAC85943EF76B00","TALL_031.mammalGrid.mam","D08","TALL","TALL_031","2014-07-24","2014-07-24",,,
"95bf1e10-f09c-4ecf-9183-e5cb9f21c6f5","AFAE75C883B6441B9303FBF3FFB108A9","TALL_024.mammalGrid.mam","D08","TALL","TALL_024","2014-07-24","2014-07-24",,,
"8847c9f7-2454-4870-b95b-d541b4bbef93","9445C4F33BB848A6B431416215F8EE58","TALL_010.mammalGrid.mam","D08","TALL","TALL_010","2014-07-25","2014-07-25",,,
"aea4ca40-bdce-4cc0-a011-92cd7071a8ef","5CFEF622E2EA4AB1B19D245A932B7F06","TALL_013.mammalGrid.mam","D08","TALL","TALL_013","2014-07-25","2014-07-25",,,
"4851bf63-f6ac-489b-928e-e0cc04d78ead","10BB73B23CDB4BFBBA295719D8943BE7","TALL_005.mammalGrid.mam","D08","TALL","TALL_005","2014-07-25","2014-07-25",,,
"8da1150f-6ec0-42b4-bb5c-713709d47df9","BA60929872CF4EC8B4A96DB90CF970AA","TALL_010.mammalGrid.mam","D08","TALL","TALL_010","2014-07-25","2014-07-25",,,
"f41c9e18-a412-4ae6-a14d-65c5752442c7","536DB1BB36A74FB1BFB80F54E94939A6","TALL_006.mammalGrid.mam","D08","TALL","TALL_006","2014-07-25","2014-07-25",,,
"1d3bbaf9-696f-4345-9569-febf42bb1899","6A51A5AE0FAF4802A274239F6DDE3525","TALL_005.mammalGrid.mam","D08","TALL","TALL_005","2014-07-26","2014-07-26",,,
"e33900cb-840a-4315-ace7-1bfd584427a2","A96F6AADF82948C2AE3D5E8613E212C4","TALL_013.mammalGrid.mam","D08","TALL","TALL_013","2014-07-26","2014-07-26",,,
"86feafa4-7b57-48bf-a442-9f51d5508a66","7F2E1DC266ED4F0DA9D409C000460D7A","TALL_006.mammalGrid.mam","D08","TALL","TALL_006","2014-07-26","2014-07-26",,,
"0cd666eb-b2ca-4053-bc86-20fdc622e4c0","0A0F2AF1136C4517A1B307375DC4A8FB","TALL_010.mammalGrid.mam","D08","TALL","TALL_010","2014-07-26","2014-07-26",,,
"51bc526b-3ee8-4b97-8029-ece4009c9ed3","9CC356D2A05345ACAB74D9914114C913","TALL_006.mammalGrid.mam","D08","TALL","TALL_006","2014-07-27","2014-07-27",,,
"e05fea28-839b-4f10-b286-1044eeedd34c","F769B03BAAAF432090F70B280CD43919","TALL_005.mammalGrid.mam","D08","TALL","TALL_005","2014-07-27","2014-07-27",,,
"418a41d6-3c89-43d3-934e-1cef2fb5b48d","029235109B074BFB9BF9490CD5CE23AB","TALL_010.mammalGrid.mam","D08","TALL","TALL_010","2014-07-27","2014-07-27",,,
"868d454d-7e1f-4a07-9566-fd0dd78edfe4","0EEE1F92587B4232B03D16324FDD5C60","TALL_013.mammalGrid.mam","D08","TALL","TALL_013","2014-07-27","2014-07-27",,,
