uid,nightuid,namedLocation,domainID,siteID,plotID,collectDate,endDate,samplingProtocolVersion,remarks,dataQF
"f0ea4863-0f23-415c-a00c-30d6b7c0239c","5907b893-449e-4128-8170-b9d7370c5c0d","SERC_011.mammalGrid.mam","D02","SERC","SERC_011","2017-08-22","2017-08-22","NEON.DOC.000481vJ",,
"ffd552e9-9061-46f2-ab2c-62a0ea9e8de2","cfd1212b-03d6-4e49-8ffe-61ba51f3252e","SERC_014.mammalGrid.mam","D02","SERC","SERC_014","2017-08-22","2017-08-22","NEON.DOC.000481vJ",,
"6013be47-a5f9-4127-8f0a-aeb8871ba373","468ca185-7285-43d8-b796-3c701f4447da","SERC_007.mammalGrid.mam","D02","SERC","SERC_007","2017-08-22","2017-08-22","NEON.DOC.000481vJ","soybeans 4 to 5 feet tall",
"99264253-fd2c-47ab-9c48-11a7f4603d47","3cd3006a-77e4-400d-a479-372faa8cff8f","SERC_015.mammalGrid.mam","D02","SERC","SERC_015","2017-08-22","2017-08-22","NEON.DOC.000481vJ",,
"f3922077-8dd2-44eb-8514-0ec45fb6e3d4","21fc7b77-36e0-4735-b8bd-38e59f941e3d","SERC_015.mammalGrid.mam","D02","SERC","SERC_015","2017-08-23","2017-08-23","NEON.DOC.000481vJ",,
"14a0e9d2-bf68-4775-bc25-78a216bef96f","defea5f4-5da1-46dc-8ff1-111f805e4a7d","SERC_011.mammalGrid.mam","D02","SERC","SERC_011","2017-08-23","2017-08-23","NEON.DOC.000481vJ",,
"6ddfccd4-9fd9-4ec1-9d16-b40eb51043d9","b84ac7c3-f5b2-421c-90d4-0c1a796cb323","SERC_016.mammalGrid.mam","D02","SERC","SERC_016","2017-08-23","2017-08-23","NEON.DOC.000481vJ",,
"a74e3dac-d345-4ca9-ade1-5c5fc5173220","d63b8d6e-83a6-42cb-ad2e-3411113053c1","SERC_032.mammalGrid.mam","D02","SERC","SERC_032","2017-08-23","2017-08-23","NEON.DOC.000481vJ",,
"2d7c3c65-da05-4a43-8b3d-aec5491af4d8","fd94242a-1b1a-4471-924a-6b795816d918","SERC_008.mammalGrid.mam","D02","SERC","SERC_008","2017-08-24","2017-08-24","NEON.DOC.000481vJ","Soybeans between elbow and chin height",
"ecc2118e-c049-4f2e-b19f-fbe4028b4d2b","769861a0-6db3-4a5e-b6bc-52d0ed0bc967","SERC_031.mammalGrid.mam","D02","SERC","SERC_031","2017-08-24","2017-08-24","NEON.DOC.000481vJ",,
"f2595989-dc75-4a51-acde-bbef0030642b","c4c8a023-0240-4e6e-b707-3679176d4720","SERC_015.mammalGrid.mam","D02","SERC","SERC_015","2017-08-24","2017-08-24","NEON.DOC.000481vJ",,
"af209483-4477-46fb-84c3-80dc922cce7c","a0a1a593-6d2b-4a06-b78a-1dc8d39da016","SERC_011.mammalGrid.mam","D02","SERC","SERC_011","2017-08-24","2017-08-24","NEON.DOC.000481vJ",,
