uid,nightuid,namedLocation,domainID,siteID,plotID,collectDate,endDate,samplingProtocolVersion,remarks,dataQF
"bbd3e49f-081f-409d-a2dc-2c59c8a227b5","28972d56-15de-4ebe-8684-58d26cd2bd45","BLAN_001.mammalGrid.mam","D02","BLAN","BLAN_001","2017-09-19","2017-09-19","NEON.DOC.000481vJ",,
"8f53f2a9-ce92-4a4a-8d6c-3ec843bdfd69","f900ec5f-609c-4362-bc67-936a89960898","BLAN_003.mammalGrid.mam","D02","BLAN","BLAN_003","2017-09-19","2017-09-19","NEON.DOC.000481vJ",,
"97c0334b-9798-4ea0-bf1f-34f972af6fbd","5fc7701d-29d5-499c-986e-0721c2e27b3d","BLAN_009.mammalGrid.mam","D02","BLAN","BLAN_009","2017-09-19","2017-09-19","NEON.DOC.000481vJ",,
"64e6ab58-ed0d-465f-805e-c8137943c924","5c9ea749-8e36-4253-8c16-7d469c5ffdf3","BLAN_002.mammalGrid.mam","D02","BLAN","BLAN_002","2017-09-20","2017-09-20","NEON.DOC.000481vJ","Cows haven't been in field for months; grass 1 meter tall",
"686a4450-9b12-46ca-9077-aa3ab5d83cc7","a5d3f096-3654-4e08-a765-f7cdaf31d130","BLAN_009.mammalGrid.mam","D02","BLAN","BLAN_009","2017-09-20","2017-09-20","NEON.DOC.000481vJ",,
"f4f1f9b5-4437-42f8-a259-65fdb50361d5","be3af408-9ffd-4f5c-89f8-c242dfcb1ac2","BLAN_001.mammalGrid.mam","D02","BLAN","BLAN_001","2017-09-20","2017-09-20","NEON.DOC.000481vJ",,
"b2285000-edf0-4d2d-aed7-ff13e9a672fa","455a8b2f-69b6-4a6a-b3f2-b5f61044ccd1","BLAN_003.mammalGrid.mam","D02","BLAN","BLAN_003","2017-09-20","2017-09-20","NEON.DOC.000481vJ",,
"e691d1a3-b5df-4f19-be55-3c7f3fe26cd0","01cc24f7-4faa-421f-9ab2-1770fdefb501","BLAN_009.mammalGrid.mam","D02","BLAN","BLAN_009","2017-09-21","2017-09-21","NEON.DOC.000481vJ",,
"5ed331b4-aff4-4d81-9d71-9c7405974f86","422705f0-2de3-49c6-93dd-b0b47af39151","BLAN_001.mammalGrid.mam","D02","BLAN","BLAN_001","2017-09-21","2017-09-21","NEON.DOC.000481vJ",,
"3ade51c5-f300-4a68-99dd-515c94d383a8","30b9beae-c63e-42d4-a8ce-5db33eface89","BLAN_003.mammalGrid.mam","D02","BLAN","BLAN_003","2017-09-21","2017-09-21","NEON.DOC.000481vJ",,
