uid,nightuid,namedLocation,domainID,siteID,plotID,collectDate,endDate,samplingProtocolVersion,remarks,dataQF
"7daf80a9-51ca-4c9e-812d-dc30898168cc","AFA08F8E709E49FDA1121E551BF7DF7E","DSNY_004.mammalGrid.mam","D03","DSNY","DSNY_004","2015-07-14","2015-07-14",,"traps not set due to road closures at DSNY - entrance routes blocked / inundated with water",
"af9fe77f-a0f0-4e15-81bb-e227e43bceba","6CC37BB56F61487D999D7C8FBED6A470","DSNY_005.mammalGrid.mam","D03","DSNY","DSNY_005","2015-07-14","2015-07-14",,,
"3ac2aab0-9fde-4960-8188-7ae5183bf449","65249914FC57431DB89F5D9906F2652A","DSNY_016.mammalGrid.mam","D03","DSNY","DSNY_016","2015-07-14","2015-07-14",,,
"c895fd64-a639-4e42-8070-c44dbf23ba1f","2FFA06692CB64AF082927D5EE6C21EB6","DSNY_001.mammalGrid.mam","D03","DSNY","DSNY_001","2015-07-14","2015-07-14",,,
"4a0825a0-7d0d-4af3-acab-11bcf9a20241","D5EA2F043D7B4B57ACB1C09D012E2D0F","DSNY_004.mammalGrid.mam","D03","DSNY","DSNY_004","2015-07-15","2015-07-15",,,
"1ee3d63e-48f9-498f-8c4d-821bb96cc2e8","220D0D917F134079879972EC3B3E10DF","DSNY_001.mammalGrid.mam","D03","DSNY","DSNY_001","2015-07-15","2015-07-15",,,
"d56253e0-dac2-4d2f-83ea-44e1689f3ab7","517C9C79335C45A3B12FB74E2DDD0285","DSNY_005.mammalGrid.mam","D03","DSNY","DSNY_005","2015-07-15","2015-07-15",,,
"ad193cd0-28d2-46ea-9866-86afe1d796ca","0F063400035E4E008A7010864ED64B14","DSNY_009.mammalGrid.mam","D03","DSNY","DSNY_009","2015-07-15","2015-07-15",,,
"48d90140-d7bd-4737-8c2f-23266be9ba10","72807F62E51B4FA3952461CC3316C5AA","DSNY_004.mammalGrid.mam","D03","DSNY","DSNY_004","2015-07-16","2015-07-16",,,
"4f4246eb-8bec-4ce0-a8c4-a8d257225632","D164E3557EBA4666AA8D8E22A8FEB1CD","DSNY_005.mammalGrid.mam","D03","DSNY","DSNY_005","2015-07-16","2015-07-16",,,
"498de29a-edfc-4a61-8709-43e4e6b30687","C0BC9AC977344D1295601EF278EBB258","DSNY_001.mammalGrid.mam","D03","DSNY","DSNY_001","2015-07-16","2015-07-16",,,
"c61717e3-e528-4496-8a90-93fa697864e9","EA4BC9087B384A0981F3B513AE828436","DSNY_004.mammalGrid.mam","D03","DSNY","DSNY_004","2015-07-17","2015-07-17",,,
