uid,nightuid,namedLocation,domainID,siteID,plotID,collectDate,endDate,samplingProtocolVersion,remarks,dataQF
"5599d7f1-9e2f-438d-889e-1978b46b3806","5b310710-78e2-44ef-9425-0de105f2afc2","UNDE_027.mammalGrid.mam","D05","UNDE","UNDE_027","2018-08-08","2018-08-08","NEON.DOC.000481vK",,
"ccd58593-1b47-4adb-a773-fef14ccb4313","81056462-8424-4cd3-a2df-2a9ec5d18838","UNDE_012.mammalGrid.mam","D05","UNDE","UNDE_012","2018-08-08","2018-08-08","NEON.DOC.000481vK",,
"4a539ac4-3173-4355-b5dd-e1ab57c7859c","bb030b55-808c-4b21-8d63-ec09ba8a88fd","UNDE_032.mammalGrid.mam","D05","UNDE","UNDE_032","2018-08-08","2018-08-08","NEON.DOC.000481vK","Suspected bear activity disturbed 87 traps on grid. Sampling was discontinued for the remainder of the bout",
"b441faf0-c054-471b-9bbb-34e0da8e0432","e8126ae3-7b3b-46c0-945e-f142e9848635","UNDE_027.mammalGrid.mam","D05","UNDE","UNDE_027","2018-08-09","2018-08-09","NEON.DOC.000481vK",,
"7257d848-ab18-41d4-8326-768e5a401d40","984fd740-33f4-44d7-9198-514d8d33b8e2","UNDE_012.mammalGrid.mam","D05","UNDE","UNDE_012","2018-08-09","2018-08-09","NEON.DOC.000481vK",,
"b7723f2a-599d-4592-8fbb-bf337442a238","1383b11b-64bc-4103-bb40-919aaa46822f","UNDE_012.mammalGrid.mam","D05","UNDE","UNDE_012","2018-08-10","2018-08-10","NEON.DOC.000481vK",,
"054218bb-458a-4102-a17c-d18c28dbcf8e","d3c507fe-ee95-4acd-b85a-802c030f8864","UNDE_027.mammalGrid.mam","D05","UNDE","UNDE_027","2018-08-10","2018-08-10","NEON.DOC.000481vK",,
"1d190c7c-e56b-4fd8-b532-8e9acad44e49","08d9e920-a5cd-4cd4-842a-772c09a41d7d","UNDE_003.mammalGrid.mam","D05","UNDE","UNDE_003","2018-08-11","2018-08-11","NEON.DOC.000481vK",,
"a73347b5-0494-4e8a-89d0-6b1c0e0198ca","0288762d-3e27-4fad-8f7f-491730f916bd","UNDE_008.mammalGrid.mam","D05","UNDE","UNDE_008","2018-08-11","2018-08-11","NEON.DOC.000481vK",,
"29b94827-f6e5-451d-9bc6-c42d49127860","82c4ba99-3914-49fc-843f-49dd793a4448","UNDE_001.mammalGrid.mam","D05","UNDE","UNDE_001","2018-08-11","2018-08-11","NEON.DOC.000481vK",,
"43e0aa52-f98a-41f2-bbee-e8370feac7db","fcc2805c-20b6-47a8-87bf-10596fa8b034","UNDE_002.mammalGrid.mam","D05","UNDE","UNDE_002","2018-08-11","2018-08-11","NEON.DOC.000481vK",,
