uid,nightuid,namedLocation,domainID,siteID,plotID,collectDate,endDate,samplingProtocolVersion,remarks,dataQF
"827e0372-65dc-401f-b304-285e998076f6","edeab570-f1d4-4378-a3bd-c914aea5a154","SJER_032.mammalGrid.mam","D17","SJER","SJER_032","2018-12-03","2018-12-03","NEON.DOC.000481vK",,
"c2a338fa-e64a-4a2e-a308-35ec885a8a15","e667a969-af53-4abc-9f2a-3f5d56ef4f9c","SJER_033.mammalGrid.mam","D17","SJER","SJER_033","2018-12-03","2018-12-03","NEON.DOC.000481vK","COWS",
"58ead69d-53d9-43f7-9307-685f27163282","7c07aa96-e61a-40fd-93b1-47e7ab2040bb","SJER_007.mammalGrid.mam","D17","SJER","SJER_007","2018-12-04","2018-12-04","NEON.DOC.000481vK",,
"6a48a4da-8adc-4ae1-9c30-2981c848ded3","1d5c40b6-6ca2-4c92-adb2-52235ca2ccff","SJER_006.mammalGrid.mam","D17","SJER","SJER_006","2018-12-04","2018-12-04","NEON.DOC.000481vK",,
"069b58cc-0545-4f3c-9fc5-9283804f695b","1d5c40b6-6ca2-4c92-adb2-52235ca2ccff","SJER_006.mammalGrid.mam","D17","SJER","SJER_006","2018-12-04","2018-12-04","NEON.DOC.000481vK",,
"36ed9aa0-1e9a-434c-b43e-493c780fa228","3bd3932a-0b08-4ce2-8580-209369822af0","SJER_033.mammalGrid.mam","D17","SJER","SJER_033","2018-12-04","2018-12-04","NEON.DOC.000481vK",,
"17f64294-3555-45b3-b8bb-dbb8a987a7ae","e9588d3f-2a49-4b46-8f11-584b5081740c","SJER_032.mammalGrid.mam","D17","SJER","SJER_032","2018-12-04","2018-12-04","NEON.DOC.000481vK","Some cow disturbance",
"4f3f9e57-8773-4623-b286-f296f10da44c","79b5e9c9-cb4b-4c08-8cae-79067bbd561b","SJER_006.mammalGrid.mam","D17","SJER","SJER_006","2018-12-05","2018-12-05","NEON.DOC.000481vK",,
"cfdc01e5-8548-4541-b23a-bca40c71073d","3ba32968-af08-4a47-b135-19423aa457ff","SJER_032.mammalGrid.mam","D17","SJER","SJER_032","2018-12-05","2018-12-05","NEON.DOC.000481vK",,
"898093e2-f52b-4efb-b448-0d0e78d6db1f","3033999d-69a9-403c-a5d1-0a28e943d9b6","SJER_010.mammalGrid.mam","D17","SJER","SJER_010","2018-12-05","2018-12-05","NEON.DOC.000481vK",,
"44376294-5f35-4937-a054-5542c03cded1","7688d4ef-ac0b-4817-b337-32ea327dcd21","SJER_033.mammalGrid.mam","D17","SJER","SJER_033","2018-12-05","2018-12-05","NEON.DOC.000481vK",,
"0d0ed184-0698-4915-9fb7-acdef5204a04","93d11d91-a3ad-416b-8ab3-d39743196375","SJER_012.mammalGrid.mam","D17","SJER","SJER_012","2018-12-06","2018-12-06","NEON.DOC.000481vK",,
"f9723f65-3a0c-4759-8ecf-35726d78143a","8d3e54b6-4f3a-45f3-9f2a-fa1471422f95","SJER_002.mammalGrid.mam","D17","SJER","SJER_002","2018-12-06","2018-12-06","NEON.DOC.000481vK",,
"b96538ba-19cf-40ad-abc3-3149614bcb52","0f74e261-4c3b-40b1-bf4b-d591f4b7e64c","SJER_009.mammalGrid.mam","D17","SJER","SJER_009","2018-12-06","2018-12-06","NEON.DOC.000481vK",,
