uid,nightuid,namedLocation,domainID,siteID,plotID,collectDate,endDate,samplingProtocolVersion,remarks,dataQF
"b593b417-0d79-4081-a2ad-aacd05df3f2f","6bd71afc-c1b9-4f86-9979-ee7be6e27c70","LENO_006.mammalGrid.mam","D08","LENO","LENO_006","2017-07-31","2017-07-31","NEON.DOC.000481vJ",,
"5c4c8ef0-862c-4401-b7a9-1895a1c2bf66","c80b95af-8fb7-41c3-80d0-ff492852c44b","LENO_008.mammalGrid.mam","D08","LENO","LENO_008","2017-07-31","2017-07-31","NEON.DOC.000481vJ","Southern side of plot flooded no traps set",
"79ea541d-58c8-4961-b4eb-243d165459b2","cf93a6db-726a-4ccd-931e-c30bf6900275","LENO_002.mammalGrid.mam","D08","LENO","LENO_002","2017-07-31","2017-07-31","NEON.DOC.000481vJ",,
"6088f24a-1de3-4d51-a196-59ad8f54cdd1","f9a37f4b-9bd4-498f-ab9a-ae2251b2c3be","LENO_031.mammalGrid.mam","D08","LENO","LENO_031","2017-07-31","2017-07-31","NEON.DOC.000481vG",,
