uid,nightuid,namedLocation,domainID,siteID,plotID,collectDate,endDate,samplingProtocolVersion,remarks,dataQF
"5eeae03c-42a6-4b41-a99e-5e3ec4e986fa","AA3E0F2C7515442F8E051892A9E4F169","LENO_008.mammalGrid.mam","D08","LENO","LENO_008","2016-08-09","2016-08-09","NEON.DOC.000481vH",,
"bb4566b2-1ff4-4fa2-8fb4-80853bd71471","37DB3D653D1D4140B94BD6075436DF4B","LENO_002.mammalGrid.mam","D08","LENO","LENO_002","2016-08-09","2016-08-09","NEON.DOC.000481vH",,
"882c8e4a-0de5-402f-ab14-3d11291ae2d5","B72ED06CCC234E2D847C83F5987E7FD9","LENO_031.mammalGrid.mam","D08","LENO","LENO_031","2016-08-09","2016-08-09","NEON.DOC.000481vH",,
"d4e99ec0-c396-47cc-b263-beb4d7031d36","74F90B27D17F42ED89A3521609F2D3F9","LENO_006.mammalGrid.mam","D08","LENO","LENO_006","2016-08-09","2016-08-09","NEON.DOC.000481vH",,
"007d74f0-1182-4028-8ea8-cbc5686d92bc","086246940368442583652A3B5E9B6927","LENO_002.mammalGrid.mam","D08","LENO","LENO_002","2016-08-10","2016-08-10","NEON.DOC.000481vH",,
"2394bc1e-dd17-4703-9747-eb38692c3c33","E8D5B46294EA422F85E29BB085E10253","LENO_006.mammalGrid.mam","D08","LENO","LENO_006","2016-08-10","2016-08-10","NEON.DOC.000481vH",,
"62eb0a84-8577-4783-b31d-bc762343d384","7E075E64615F49DD975FAFF78FAD658A","LENO_008.mammalGrid.mam","D08","LENO","LENO_008","2016-08-10","2016-08-10","NEON.DOC.000481vH","This plot had heavy disturbance by animals. All traps that are marked as 3's were either kicked over or moved, but did not have spoor.",
"6a9d1b8b-25ca-431e-b25c-89d3f1cbb145","01EB94D699BA4C1C8C508B2C8BA022ED","LENO_015.mammalGrid.mam","D08","LENO","LENO_015","2016-08-10","2016-08-10","NEON.DOC.000481vH",,
"e1703d89-49fe-4d18-92ac-225072199787","A52F09188A0746C5B8DE79FA9CCDA23C","LENO_031.mammalGrid.mam","D08","LENO","LENO_031","2016-08-10","2016-08-10","NEON.DOC.000481vH",,
"7d60920d-5fbc-46fb-8303-2bc1870ba4da","5BD7E40E3DA241FC86A36CE296A174BE","LENO_003.mammalGrid.mam","D08","LENO","LENO_003","2016-08-10","2016-08-10","NEON.DOC.000481vH",,
"281c49ad-eef2-4ebf-9bb3-8c1f0c21644c","DC8F62DA1BC345F4B6F9AA562BDA331D","LENO_022.mammalGrid.mam","D08","LENO","LENO_022","2016-08-11","2016-08-11","NEON.DOC.000481vH",,
"298bd758-440c-42a8-8ac8-a558c0c92b69","8780A5950EFA4CD6B5C533EA93D2CDEF","LENO_008.mammalGrid.mam","D08","LENO","LENO_008","2016-08-11","2016-08-11","NEON.DOC.000481vH","This plot was heavily disturbed by animals moving through the plot. All traps that are categorized as 3s were either knocked over or moved by an animal, but did not have spoor inside.",
"6550ba8b-74ca-4011-80ee-f138932eaab6","4AA3DF3DAAA242A09573F01050E83985","LENO_031.mammalGrid.mam","D08","LENO","LENO_031","2016-08-11","2016-08-11","NEON.DOC.000481vH",,
"4e54df6c-7ec8-41a4-9bb1-5f690e9e302e","B9EC48CB80B041F39CF0FF202E03425F","LENO_002.mammalGrid.mam","D08","LENO","LENO_002","2016-08-11","2016-08-11","NEON.DOC.000481vH",,
"d72f93bf-3ab7-43cd-a204-62804d728cd1","18E231FB80E047B08F9D3FF44352344E","LENO_006.mammalGrid.mam","D08","LENO","LENO_006","2016-08-11","2016-08-11","NEON.DOC.000481vH",,
