uid,nightuid,namedLocation,domainID,siteID,plotID,collectDate,endDate,samplingProtocolVersion,remarks,dataQF
"5eb5b472-a4fe-4cb2-8ad4-bfccb2173227","66217E5B3F874582B8D25BCA782E95F1","STER_028.mammalGrid.mam","D10","STER","STER_028","2014-08-18","2014-08-18",,,
"81179c80-defe-4971-aaf8-817acede33d9","2894E92D4C104C7AB131F71469EE5B37","STER_028.mammalGrid.mam","D10","STER","STER_028","2014-08-18","2014-08-18",,"Corrected data.",
"fbf9cb52-3703-42e8-9191-7a8ddd626476","99CF660A56D14849ADF467EC127E17E8","STER_026.mammalGrid.mam","D10","STER","STER_026","2014-08-18","2014-08-18",,,
"8bff3faa-9eec-4ceb-8394-e07e5318288f","86EE8428B1CC49A394B3A1C39156CB0C","STER_006.mammalGrid.mam","D10","STER","STER_006","2014-08-18","2014-08-18",,,
"284deb06-f87e-4c1c-ae47-5569dea015e0","A73D084120764B33814F91DF78621923","STER_027.mammalGrid.mam","D10","STER","STER_027","2014-08-19","2014-08-19",,"Corrected data.",
"602b8b9a-0d47-432a-b28d-68da0f62b942","3221F4F28EA44B8EACE7F42FB4F74AD2","STER_006.mammalGrid.mam","D10","STER","STER_006","2014-08-19","2014-08-19",,,
"5c404e82-af49-4875-affa-472f715422c1","A62151E8D29647F4BEC52DCBA87F4886","STER_028.mammalGrid.mam","D10","STER","STER_028","2014-08-19","2014-08-19",,,
"34ef8c04-2864-447a-9a2a-063d9df9c745","23C9D0A2A21742839670A6AFA81E3B4D","STER_026.mammalGrid.mam","D10","STER","STER_026","2014-08-19","2014-08-19",,,
"4d75ecbe-5d29-40f1-bcd4-542942317ef1","84DC65E11BDA4780BCC5A7321F3A84E2","STER_031.mammalGrid.mam","D10","STER","STER_031","2014-08-19","2014-08-19",,,
"fa9b023d-2251-44fa-b09f-720e6688b9ee","0D798ACC10C94E5BA48D700E60D8A3AF","STER_029.mammalGrid.mam","D10","STER","STER_029","2014-08-19","2014-08-19",,,
"6b2bc562-64aa-418a-85f9-ad51cbfcaaaf","E578621502EF47C6BC7571060571BA5D","STER_027.mammalGrid.mam","D10","STER","STER_027","2014-08-19","2014-08-19",,,
"12fd897a-f200-4dda-b170-2ec4ac7ec62b","72849FCC8C734B038B03BAFBDD0CBD95","STER_031.mammalGrid.mam","D10","STER","STER_031","2014-08-19","2014-08-19",,"Corrected data. High disturbance.",
"97fb9a1e-6fa0-476f-8668-d97d4d595a52","D18059F7483340EAB698F04F66510BC6","STER_029.mammalGrid.mam","D10","STER","STER_029","2014-08-19","2014-08-19",,,
"7acd7dae-3101-4c0d-ab43-81003bf06831","1A1A87D808BD40718F41A56EC5AE6D73","STER_006.mammalGrid.mam","D10","STER","STER_006","2014-08-20","2014-08-20",,,
"cf5b6b9d-a694-466c-ac3c-6f24274e26d9","6C036945069C4DFDBAE557998CF9A9B2","STER_027.mammalGrid.mam","D10","STER","STER_027","2014-08-20","2014-08-20",,,
"132c28d5-2504-44c0-9502-d382441d7318","76576D63DB464ADA8BFE3E2B9AD8D4C1","STER_029.mammalGrid.mam","D10","STER","STER_029","2014-08-20","2014-08-20",,,
"497ff890-e289-4f78-94dd-8f0fefa3c603","A7AC2048174A442B90BED6DB00CDAE65","STER_031.mammalGrid.mam","D10","STER","STER_031","2014-08-20","2014-08-20",,,
"1f562112-3f41-496a-97af-205ef49a650a","C6261C0515B442B096FC6483F707384D","STER_026.mammalGrid.mam","D10","STER","STER_026","2014-08-20","2014-08-20",,,
"32703b31-be74-47d1-ac51-9e8cac1f58f9","40683FAA67704F50A21E8AB1030B2C97","STER_006.mammalGrid.mam","D10","STER","STER_006","2014-08-20","2014-08-20",,,
"b3c751a6-8753-40da-9816-6411ab96cef0","AD2D0DC1BB0548BFB091286D1366A0D5","STER_028.mammalGrid.mam","D10","STER","STER_028","2014-08-20","2014-08-20",,,
"253fcaca-eae8-482c-81ee-3f32f608759c","8EBE53038A3843DCAAD9D38ACECD7690","STER_029.mammalGrid.mam","D10","STER","STER_029","2014-08-21","2014-08-21",,,
"c6cb4c25-e2a1-43bb-940b-012e43e57125","75C887C2F45F48F8B0CC24DFC8A0D0A3","STER_031.mammalGrid.mam","D10","STER","STER_031","2014-08-21","2014-08-21",,,
"bcde6891-c552-44d2-8726-aedfbf5c8435","AE3A7CCA63234454B4C7EDF9459DCBDA","STER_029.mammalGrid.mam","D10","STER","STER_029","2014-08-21","2014-08-21",,"Corrected data.",
"e557322c-4c7b-4ae2-a55f-cefbe5e1ce2d","3EA62FB021884E3DA5D0CB35EDB0C17D","STER_026.mammalGrid.mam","D10","STER","STER_026","2014-08-21","2014-08-21",,"High disturbance.",
"26b1ac4e-e2c3-460f-995c-6bce63be9a6a","7A085AB14F9F46B9A6DD03CCE1496C42","STER_027.mammalGrid.mam","D10","STER","STER_027","2014-08-21","2014-08-21",,,
