uid,nightuid,namedLocation,domainID,siteID,plotID,collectDate,endDate,samplingProtocolVersion,remarks,dataQF
"f13e2969-73c2-4ed6-9188-891e17c506c8","AE3BF33033604583B793FEA15954B5C4","STER_031.mammalGrid.mam","D10","STER","STER_031","2016-04-12","2016-04-12","NEON.DOC.000481vG","Used version H",
"4abcb936-adcd-4f30-ac84-d8c0b6b84324","C4A4D4F8707F4369A7A799D96EC74312","STER_029.mammalGrid.mam","D10","STER","STER_029","2016-04-12","2016-04-12","NEON.DOC.000481vG","Used version H",
"312c9209-ef52-4998-a752-36c14195a54e","7C17F47A36A6474D9DA832A882CE1A6B","STER_006.mammalGrid.mam","D10","STER","STER_006","2016-04-12","2016-04-12","NEON.DOC.000481vG","Used Version H",
"f9136848-a57c-42b0-a8ca-4ac58e0f7f1b","E3281107857041F884EEFC08A447411C","STER_027.mammalGrid.mam","D10","STER","STER_027","2016-04-13","2016-04-13","NEON.DOC.000481vG","used Version H",
"14e67ae0-8bc7-4e76-a02b-a69ed827eb81","D2D796D229DA48C790E73177AD067008","STER_031.mammalGrid.mam","D10","STER","STER_031","2016-04-13","2016-04-13","NEON.DOC.000481vG","Used Version H",
"b1ed832e-a592-4435-877c-a1d7954ff19c","6248DEDFDAE54524AD5329E197E3C7E8","STER_029.mammalGrid.mam","D10","STER","STER_029","2016-04-13","2016-04-13","NEON.DOC.000481vG","Used Version H",
"d3e09e08-bdc2-47c7-b93d-bb67f67066f9","86165EA438E44B2BA2D30915743D5C15","STER_006.mammalGrid.mam","D10","STER","STER_006","2016-04-13","2016-04-13","NEON.DOC.000481vG","Used version H",
"1f2c6734-dd48-4006-9076-eb1a72e8fa84","B293A7DB0DEA4683BA26D767A9F75A6C","STER_028.mammalGrid.mam","D10","STER","STER_028","2016-04-14","2016-04-14","NEON.DOC.000481vG","Used Version H",
"88488bbe-2b95-4114-9f32-01217c7995bd","F9FF5B48263D4BB9915BC2AA28BB7AEA","STER_029.mammalGrid.mam","D10","STER","STER_029","2016-04-14","2016-04-14","NEON.DOC.000481vG","Used version H",
"66abd1be-988b-4b0f-b3a7-062a9e55174b","FA43C24F64C74F7EA2F50C1972FE76F0","STER_026.mammalGrid.mam","D10","STER","STER_026","2016-04-14","2016-04-14","NEON.DOC.000481vG","using version H",
"6a187ee1-0b13-4881-8d96-737355a33893","2DAAD408CBB241AA862F7CA9548B36EC","STER_031.mammalGrid.mam","D10","STER","STER_031","2016-04-14","2016-04-14","NEON.DOC.000481vG","Used version H",
"787b67c3-bf0a-40d9-a8d5-322f5e503513","1674C1FCE46E4839A1485F2AA3A222A0","STER_006.mammalGrid.mam","D10","STER","STER_006","2016-04-14","2016-04-14","NEON.DOC.000481vG","used version H",
