uid,nightuid,namedLocation,domainID,siteID,plotID,collectDate,endDate,samplingProtocolVersion,remarks,dataQF
"da23274b-1681-4fd4-b818-26e396ab32dd","c7f73cbc-8859-47a5-8c46-bfc56b46df6f","SJER_013.mammalGrid.mam","D17","SJER","SJER_013","2018-02-13","2018-02-13",,"Also measured by SRuano recorded by AKantola",
"9359277a-e560-43aa-843d-7edf395695d6","d609f4dc-9b48-4af8-8319-49c5aa334abe","SJER_032.mammalGrid.mam","D17","SJER","SJER_032","2018-02-13","2018-02-13",,,
"cf3e759b-72b6-483e-bdf5-95889050330e","c3e88020-3049-45ba-9373-243384340f74","SJER_033.mammalGrid.mam","D17","SJER","SJER_033","2018-02-13","2018-02-13",,,
"efab4e2b-4a6b-49d6-915b-7a404ae286ad","f0774dd0-014a-4562-809f-89a76392fad8","SJER_033.mammalGrid.mam","D17","SJER","SJER_033","2018-02-14","2018-02-14",,,
"df6a1ce3-56a1-4f7a-a493-9d9d1c1caa72","ac519b35-cdcb-448f-b2b5-eeacb44e2782","SJER_007.mammalGrid.mam","D17","SJER","SJER_007","2018-02-14","2018-02-14",,,
"ae0c07d9-0cdb-4bd2-b247-bee11679f029","8210c891-88c2-4d4a-9501-8e71ffd286d9","SJER_006.mammalGrid.mam","D17","SJER","SJER_006","2018-02-14","2018-02-14",,,
"26d7e0e4-5477-4349-be37-4d1ec03416cf","992f21db-50b6-43e8-bd29-9755574e73a0","SJER_032.mammalGrid.mam","D17","SJER","SJER_032","2018-02-14","2018-02-14",,,
"2b7f84c2-ea45-4268-a8a9-4f8fb15a0c1f","4118fdc8-193a-431a-b902-ef2c299acd49","SJER_033.mammalGrid.mam","D17","SJER","SJER_033","2018-02-15","2018-02-15",,,
"188c8574-66d5-44b5-a03a-05a5af725945","63498729-4894-49f0-9763-5a538df6c56b","SJER_032.mammalGrid.mam","D17","SJER","SJER_032","2018-02-15","2018-02-15",,,
"3d897de6-3a33-4ae0-9023-eb6913a6b13d","5f977b4e-b49b-4667-a129-e1d174df8db2","SJER_002.mammalGrid.mam","D17","SJER","SJER_002","2018-02-15","2018-02-15",,,
"9488edae-5f72-4a0e-b72c-3b29c4f8e8a9","18d4e454-1107-4b79-b821-61feb2f5601b","SJER_006.mammalGrid.mam","D17","SJER","SJER_006","2018-02-15","2018-02-15",,,
"32e0ce2c-f931-445c-8cc6-c484fb45a545","5ac3d683-bcb4-46c6-91d5-0b49cd9fd831","SJER_006.mammalGrid.mam","D17","SJER","SJER_006","2018-02-16","2018-02-16","NEON.DOC.000481vG","Additional measurements eartz measured by jschnebelen",
"b9b99ea7-9dc6-412f-93a2-cfa3c9ed84d2","847f4225-7422-47f0-a7ef-a3dff63cbcd1","SJER_010.mammalGrid.mam","D17","SJER","SJER_010","2018-02-16","2018-02-16",,,
"373b4e36-1604-4969-ad25-55e7fee71cd5","743b4cea-6e90-47e4-b2f1-4eef48807344","SJER_009.mammalGrid.mam","D17","SJER","SJER_009","2018-02-16","2018-02-16",,,
