uid,nightuid,namedLocation,domainID,siteID,plotID,collectDate,endDate,samplingProtocolVersion,remarks,dataQF
"ebed0750-1d20-4231-8e5b-770a9935dc42","0dda6dc5-d425-45b2-98a0-cb838ad8b42c","BART_012.mammalGrid.mam","D01","BART","BART_012","2017-07-25","2017-07-25","NEON.DOC.000481vG",,
"d0f2dfdd-9b42-49c6-be84-3f292c01e9bb","d3be1a14-a715-46cb-806b-dc3b96c5ee1d","BART_015.mammalGrid.mam","D01","BART","BART_015","2017-07-25","2017-07-25","NEON.DOC.000481vG",,
"38849c92-9526-4d64-8241-2182ed6a456c","487e5d3d-a3ac-4a54-8464-721489444b7d","BART_062.mammalGrid.mam","D01","BART","BART_062","2017-07-25","2017-07-25","NEON.DOC.000481vG",,
"da2d78d3-8c43-467f-86a6-e5e6d5e83ddc","987b8e0e-8add-4dfa-bd07-ac1e7f1d46b6","BART_015.mammalGrid.mam","D01","BART","BART_015","2017-07-26","2017-07-26","NEON.DOC.000481vG",,
"7349d223-5916-485b-b1fa-68c4c808908e","3fdc0cc8-686c-4fcc-9019-8d061959e888","BART_084.mammalGrid.mam","D01","BART","BART_084","2017-07-26","2017-07-26","NEON.DOC.000481vG",,
"8ec8f6da-ac01-445c-866c-cdc0117bfd11","7136cb5b-25f4-44c6-819f-9d3c7746e130","BART_001.mammalGrid.mam","D01","BART","BART_001","2017-07-27","2017-07-27","NEON.DOC.000481vG",,
"59080a7c-85bb-4bf1-a048-b17a1b7e5028","8899ac4d-857d-4907-84c7-b6f768702d90","BART_015.mammalGrid.mam","D01","BART","BART_015","2017-07-27","2017-07-27","NEON.DOC.000481vG",,
"67b5a920-a466-4d6a-a96b-0b1307edb40b","438cb75e-5b33-47cf-a183-c3b4c8cd5696","BART_012.mammalGrid.mam","D01","BART","BART_012","2017-07-27","2017-07-27","NEON.DOC.000481vG",,
"c84c0ad1-fa6e-4c02-bc47-bd46cb621716","26e8926c-7e89-4c09-8f79-8e0eaad3b419","BART_007.mammalGrid.mam","D01","BART","BART_007","2017-07-28","2017-07-28","NEON.DOC.000481vG",,
