uid,nightuid,namedLocation,domainID,siteID,plotID,collectDate,endDate,samplingProtocolVersion,remarks,dataQF
"ad56fd2a-426e-4d54-b846-42d7ff8a2dcc","75B3A409FEB344D9933C8D3A9B84B85E","CPER_002.mammalGrid.mam","D10","CPER","CPER_002","2014-06-29","2014-06-29",,"No captures or disturbed traps.",
"f3307967-0a40-48a3-b030-73b4a56728ad","4D9C1B72AC384134AE8FE3C1E314A616","CPER_009.mammalGrid.mam","D10","CPER","CPER_009","2014-06-29","2014-06-29",,,
"3ca886f6-a773-4d26-9646-7326a0c3b0a0","991A31AFE8A94B24A2C4054E14249923","CPER_006.mammalGrid.mam","D10","CPER","CPER_006","2014-06-29","2014-06-29",,,
"efd4aca6-9e18-44f2-a86a-6f0c0785a2a6","0774A07919034D6BA2A5ABE58C958FDC","CPER_008.mammalGrid.mam","D10","CPER","CPER_008","2014-06-29","2014-06-29",,"No captures or disturbed traps.",
"1bf19da7-97da-4be1-a916-64ce87b1f22f","A152F714877148CB830294181BD6A9CF","CPER_002.mammalGrid.mam","D10","CPER","CPER_002","2014-06-30","2014-06-30",,"No captures or disturbed traps.",
"9ac98dbd-32c7-4349-8ca1-828f6de5ebbf","8E859862A0284DAB9C6B3387D269FB07","CPER_009.mammalGrid.mam","D10","CPER","CPER_009","2014-06-30","2014-06-30",,,
"426eabc0-065d-4cb5-9572-ea1baa638d9e","9069EC65DD294F46851D8998B6E213D4","CPER_006.mammalGrid.mam","D10","CPER","CPER_006","2014-06-30","2014-06-30",,"No captures or disturbed traps.",
"9683f467-c544-42ec-a3e3-ad487ab9a840","35C284C17B934991B98780AF6B8E7BA7","CPER_008.mammalGrid.mam","D10","CPER","CPER_008","2014-06-30","2014-06-30",,"No captures or disturbed traps.",
