uid,nightuid,namedLocation,domainID,siteID,plotID,collectDate,endDate,samplingProtocolVersion,remarks,dataQF
"af5551b2-e227-41d3-8091-03624cef6dd0","918463bf-ec45-4e2d-bc1e-dbaa9c022884","SERC_031.mammalGrid.mam","D02","SERC","SERC_031","2018-05-21","2018-05-21","NEON.DOC.000481vK","samples were taken from plot but then were cold compromised and discarded",
"32b1ceff-8297-4d65-b6bb-60ca57c90504","a5ba15f1-8b0c-474c-a859-a1405b2488f5","SERC_015.mammalGrid.mam","D02","SERC","SERC_015","2018-05-21","2018-05-21","NEON.DOC.000481vK",,
"d22560e9-9f72-4b2b-9f0d-4a0eea8e4504","667ac361-a0d0-4321-b3f7-4a235ca92619","SERC_011.mammalGrid.mam","D02","SERC","SERC_011","2018-05-21","2018-05-21","NEON.DOC.000481vK",,
"2fba9c0f-37bb-495e-873c-858e7647e1ec","e2dc3b9c-468c-4572-b542-28f43da2fbca","SERC_016.mammalGrid.mam","D02","SERC","SERC_016","2018-05-21","2018-05-21","NEON.DOC.000481vK","samples were taken in this plot but vials cold compromised and discarded",
"519233cd-a89d-4696-86dd-b817afbab85f","5611a2be-4f1c-428e-a268-c5245d5b18a6","SERC_011.mammalGrid.mam","D02","SERC","SERC_011","2018-05-22","2018-05-22","NEON.DOC.000481vK",,
"e2ebbb06-23ee-484f-8cca-2ac80b8b3501","0123e300-bca2-488f-85e3-34b78d4c3dbf","SERC_015.mammalGrid.mam","D02","SERC","SERC_015","2018-05-22","2018-05-22","NEON.DOC.000481vK",,
"31911b55-de36-4601-b618-05f5dc0753ed","15655722-4da7-42b8-bd56-7a0f05fbef56","SERC_031.mammalGrid.mam","D02","SERC","SERC_031","2018-05-22","2018-05-22","NEON.DOC.000481vK",,
"e510ca79-0470-4527-bc81-9b35913b6a42","ed9f7b5c-c531-43af-ae47-1f2b94e478a7","SERC_007.mammalGrid.mam","D02","SERC","SERC_007","2018-05-22","2018-05-22","NEON.DOC.000481vK","Plot has not been tilled or planted yet; grass and Forbes at 1ft tall",
"9d1bd02f-0acc-40e5-be39-af75c0a5e879","7d63a0d8-aee5-4021-aa20-10e0fdca9fe6","SERC_011.mammalGrid.mam","D02","SERC","SERC_011","2018-05-23","2018-05-23","NEON.DOC.000481vK",,
"004a4db2-4846-4a33-8ec5-5205f2a05db4","33fb451c-faaf-4461-b214-22ebb29696c4","SERC_015.mammalGrid.mam","D02","SERC","SERC_015","2018-05-23","2018-05-23","NEON.DOC.000481vK",,
"044ebcfd-35a1-4045-948d-5ec18272930b","10411633-1f66-4b53-b900-f05dc26d89b7","SERC_031.mammalGrid.mam","D02","SERC","SERC_031","2018-05-23","2018-05-23","NEON.DOC.000481vK","Tablet lost all data; we know codes from cards. New animals captured include: R2792; R2791; R2790; and R2770. Recaps include: R2921; R2797. One animal caught unknown as it had no samples",
"7db43ea2-3abf-4c39-9966-ab0f833d260f","df63952e-7892-4ce9-bde3-1512651da7f3","SERC_014.mammalGrid.mam","D02","SERC","SERC_014","2018-05-23","2018-05-23","NEON.DOC.000481vK","Did not set all 100 traps due to thunderstorm; animal disturbance many traps knocked over or moved",
"68c933ae-4252-4bed-85a5-42163e129910","29bb8819-0bbe-4a97-876c-acb61a603b8e","SERC_008.mammalGrid.mam","D02","SERC","SERC_008","2018-05-24","2018-05-24","NEON.DOC.000481vK","plot untilled and unplanted; grass and forbes 1 foot tall; some flooding in plot - traps not set in these areas",
"eb742893-5a3b-4743-a817-dd0c22e0adf8","5a3d6196-47ea-4092-b528-d13fb010a4d8","SERC_032.mammalGrid.mam","D02","SERC","SERC_032","2018-05-24","2018-05-24","NEON.DOC.000481vK","Some flooded spots in plot",
