uid,nightuid,namedLocation,domainID,siteID,plotID,collectDate,endDate,samplingProtocolVersion,remarks,dataQF
"be94f43d-f5a9-414f-871f-3a56c5004f9e","05A809663F5245F2B0A479A8003F39CE","WOOD_006.mammalGrid.mam","D09","WOOD","WOOD_006","2015-10-12","2015-10-12",,"Too windy to weigh captures",
"a9c800bc-fa2f-4b7f-afa9-0670dc6ab4e0","E7F7492EC26C4FAD9EF75AC3CE3EBE0B","WOOD_015.mammalGrid.mam","D09","WOOD","WOOD_015","2015-10-12","2015-10-12",,,
"a5aa9e71-9ff9-42a3-b0ad-089d6c15c70c","D479CEAAAF944DD096CA7E4BE5D12E59","WOOD_001.mammalGrid.mam","D09","WOOD","WOOD_001","2015-10-12","2015-10-12",,"Extremely windy, unable to weigh any captures",
"a8c80273-9ff8-46f2-89a9-fe2fce297140","DCEC40C1F7604B9F83D35205FAF17132","WOOD_009.mammalGrid.mam","D09","WOOD","WOOD_009","2015-10-13","2015-10-13",,,
"e13795a7-8c2c-44eb-b23d-7e0d80841264","9B964B2354D04B66A29E818C917EDC23","WOOD_011.mammalGrid.mam","D09","WOOD","WOOD_011","2015-10-13","2015-10-13",,,
"7cd4e041-0015-4064-a2d4-d2dfd6940d61","826C035AD1324CB28D5C1FB0E13BA338","WOOD_001.mammalGrid.mam","D09","WOOD","WOOD_001","2015-10-13","2015-10-13",,,
"1c89f0d2-52b3-44ba-b42c-ca0aa0881907","F19F01BF34974CED849682AE4D06E30C","WOOD_002.mammalGrid.mam","D09","WOOD","WOOD_002","2015-10-13","2015-10-13",,,
"47fa5b27-25a4-49f7-b010-415a5f440bca","6F134D5F16464237B009FD1B671E5526","WOOD_009.mammalGrid.mam","D09","WOOD","WOOD_009","2015-10-14","2015-10-14",,,
"d627b55a-01c6-4ea6-8a3f-16becaff56db","3BE4F3225D7747FFA13ECED119665059","WOOD_001.mammalGrid.mam","D09","WOOD","WOOD_001","2015-10-14","2015-10-14",,,
"4fd36bb6-36a2-453a-aab4-74e5ea3e36c3","5F4483EF9155433BBB6E7132E8DA1C40","WOOD_013.mammalGrid.mam","D09","WOOD","WOOD_013","2015-10-14","2015-10-14",,"Cows on grid",
"3c8caeaa-25df-4a79-942a-4fb51150eac2","04881BFE1B50447999899F6687A464E3","WOOD_002.mammalGrid.mam","D09","WOOD","WOOD_002","2015-10-14","2015-10-14",,"Cows on grid",
"fe23ee18-f653-4801-9ec8-56ca15aa5f09","097A4575AB2A482A960A31C854D292F6","WOOD_002.mammalGrid.mam","D09","WOOD","WOOD_002","2015-10-15","2015-10-15",,,
"4ca3d1fe-b7ae-4ce2-af2a-71979ac8f654","5308EB3114E543FBA29F2A205FE555D3","WOOD_008.mammalGrid.mam","D09","WOOD","WOOD_008","2015-10-15","2015-10-15",,"Plot burned ~1 week previous to start of bout",
"eb97ecdc-81f9-4648-be9a-d691eb8bd194","43C9342771504F91901F1CB1DCBDB29D","WOOD_009.mammalGrid.mam","D09","WOOD","WOOD_009","2015-10-15","2015-10-15",,,
