uid,nightuid,namedLocation,domainID,siteID,plotID,collectDate,endDate,samplingProtocolVersion,remarks,dataQF
"ffb30bab-764d-42a7-82cc-cb6857f59756","a333900c-91d4-4a71-bbc0-f83bef1912d6","BART_062.mammalGrid.mam","D01","BART","BART_062","2018-08-14","2018-08-14","NEON.DOC.000481vK",,
"8c7d6499-945c-48f7-aa9a-d1b502c4317f","0d4cc8cf-df58-4758-bdc4-278e43c0cbd1","BART_012.mammalGrid.mam","D01","BART","BART_012","2018-08-14","2018-08-14","NEON.DOC.000481vK",,
"5dbf6177-961b-4ad7-8d5e-cae27cfddc13","701bb153-ab74-46f0-a3fb-3eadc7824f7b","BART_015.mammalGrid.mam","D01","BART","BART_015","2018-08-14","2018-08-14","NEON.DOC.000481vK",,
"6ac31811-253b-433d-af2b-936be43bc632","84b61574-7715-4bfc-9a32-fc706fd4d597","BART_015.mammalGrid.mam","D01","BART","BART_015","2018-08-15","2018-08-15","NEON.DOC.000481vK",,
"312d073b-0d72-405d-a770-85db209bc816","7cafb75d-29b1-492b-a0d1-61f78d78f8ae","BART_062.mammalGrid.mam","D01","BART","BART_062","2018-08-15","2018-08-15","NEON.DOC.000481vK",,
"7a14b034-14db-4855-bb17-265f30d8280c","873f33bc-a5f4-4cd3-b43e-df92e46309d0","BART_015.mammalGrid.mam","D01","BART","BART_015","2018-08-16","2018-08-16","NEON.DOC.000481vK",,
"2a230838-f904-46b2-86fc-4b62b27610e1","203712c1-6798-4cac-8f37-af30c10ea771","BART_084.mammalGrid.mam","D01","BART","BART_084","2018-08-16","2018-08-16","NEON.DOC.000481vK",,
"d0af0666-1794-43d4-b61f-84da38c2a67a","bd83e878-d140-48e1-9d76-aadf4ecbac5e","BART_001.mammalGrid.mam","D01","BART","BART_001","2018-08-16","2018-08-16","NEON.DOC.000481vK",,
"0d9a456e-a310-46fd-a594-fd0e552bc5e7","6ac96e13-413d-4a06-96b6-f7cc08e620a0","BART_007.mammalGrid.mam","D01","BART","BART_007","2018-08-17","2018-08-17","NEON.DOC.000481vK",,
