uid,nightuid,namedLocation,domainID,siteID,plotID,collectDate,endDate,samplingProtocolVersion,remarks,dataQF
"da57eca5-9720-43d8-b34d-358c0bdc18b4","DE18305D226140D6B20D8F7879A63D11","SCBI_002.mammalGrid.mam","D02","SCBI","SCBI_002","2016-03-29","2016-03-29","NEON.DOC.000481vG","Low 43 F",
"70fa9f28-adbb-4ea2-adab-38a18faa4d86","52398D58CE64419E9F0693FB9E2FFEEA","SCBI_039.mammalGrid.mam","D02","SCBI","SCBI_039","2016-03-29","2016-03-29","NEON.DOC.000481vG","Plot vegetation is 1.5m high thorns, sassafras, and other brush, with 15% of plot in forest. Not yet brushhogged",
"99386653-8467-4601-9857-ba2bae9d562f","D0DA717F401A40AB88E39E381C69F0F8","SCBI_002.mammalGrid.mam","D02","SCBI","SCBI_002","2016-03-30","2016-03-30","NEON.DOC.000481vG","Low 34 F; windy",
"a2560213-bbad-4823-ac63-939a3a6fdc47","071D2894386D4693866C381C383E285B","SCBI_004.mammalGrid.mam","D02","SCBI","SCBI_004","2016-03-30","2016-03-30","NEON.DOC.000481vG",,
"cc2465ae-cb7c-440f-aabf-8060ac0e77e9","23749B7F76FA4A32A81D0D3C65CE0DA4","SCBI_002.mammalGrid.mam","D02","SCBI","SCBI_002","2016-03-31","2016-03-31","NEON.DOC.000481vG","Overnight low in 50s; clear",
"996f8c7d-3711-479d-87f1-d0407fea4167","BE80052D26B74E71B60FAC7A21973652","SCBI_003.mammalGrid.mam","D02","SCBI","SCBI_003","2016-03-31","2016-03-31","NEON.DOC.000481vG","Overnight Low in the 50's, clear",
