uid,nightuid,namedLocation,domainID,siteID,plotID,collectDate,endDate,samplingProtocolVersion,remarks,dataQF
"d66388ff-c6cc-4a51-8b23-1f719daf9371","8c4c1e63-ff08-49a9-875b-ebe0c557c1eb","MLBS_004.mammalGrid.mam","D07","MLBS","MLBS_004","2018-05-22","2018-05-22","NEON.DOC.000481vK","A lot of snails disturbed traps or dirtied them",
"e0a25227-b4d3-4c2d-8f99-b94da4798cbb","fbf17741-0ea2-4b07-ac95-268f6fde5d78","MLBS_006.mammalGrid.mam","D07","MLBS","MLBS_006","2018-05-22","2018-05-22","NEON.DOC.000481vK",,
"89f0161f-8808-4baa-a614-322777702679","cebd7b59-fca3-43fb-b0d3-b4fa0d21d9d2","MLBS_008.mammalGrid.mam","D07","MLBS","MLBS_008","2018-05-22","2018-05-22","NEON.DOC.000481vK",,
"b8333f33-81d9-404e-8343-647a17ae5f1d","976d9dd8-f407-40b0-95ae-b7ba786b2ecb","MLBS_003.mammalGrid.mam","D07","MLBS","MLBS_003","2018-05-22","2018-05-22","NEON.DOC.000481vK",,
"dd0e830e-da28-4261-bfb7-350b094ec9f9","565f4019-d878-4c14-b920-e4e627efc908","MLBS_008.mammalGrid.mam","D07","MLBS","MLBS_008","2018-05-23","2018-05-23","NEON.DOC.000481vK",,
"0260e74b-288e-44cc-8b53-e20f4d5bcbdb","b4d1e27e-8770-4380-a828-e2db324b5456","MLBS_006.mammalGrid.mam","D07","MLBS","MLBS_006","2018-05-23","2018-05-23","NEON.DOC.000481vK",,
"51714157-b9e2-4ff7-a328-5c2f5ae37a3c","ee95aa33-4a3d-4cff-8ac7-57de4523eab3","MLBS_003.mammalGrid.mam","D07","MLBS","MLBS_003","2018-05-23","2018-05-23","NEON.DOC.000481vK",,
"0926daf2-0f79-40be-a0e5-2b64645631bc","a53a2c9f-bab5-45ab-abcc-958cc61bbe63","MLBS_002.mammalGrid.mam","D07","MLBS","MLBS_002","2018-05-23","2018-05-23","NEON.DOC.000481vK",,
"b820d917-f58c-46be-a933-608cb04f7460","c130b34c-5f98-49bb-82f8-e50fe79899b9","MLBS_009.mammalGrid.mam","D07","MLBS","MLBS_009","2018-05-24","2018-05-24","NEON.DOC.000481vK",,
"25e1a117-0069-442c-90e1-88e43c847bf3","293ae7c0-ab1d-4f6a-a94d-99b8aae54f9c","MLBS_006.mammalGrid.mam","D07","MLBS","MLBS_006","2018-05-24","2018-05-24","NEON.DOC.000481vK",,
"c451576d-9979-4741-8de8-fd33d1f8ae2c","3a32d1f3-7f3c-41e9-8a02-98b326239214","MLBS_008.mammalGrid.mam","D07","MLBS","MLBS_008","2018-05-24","2018-05-24","NEON.DOC.000481vK",,
"c59b4572-3d3d-4c7e-a0e6-e1e981c23a4b","7c7f9c00-ff7b-4548-921c-599e76b0b539","MLBS_003.mammalGrid.mam","D07","MLBS","MLBS_003","2018-05-24","2018-05-24","NEON.DOC.000481vK",,
