uid,nightuid,namedLocation,domainID,siteID,plotID,collectDate,endDate,samplingProtocolVersion,remarks,dataQF
"9128b006-58be-49aa-9f71-edcc0fdcf797","8E19E34F2A4645F5AC348C599189D383","STEI_002.mammalGrid.mam","D05","STEI","STEI_002","2015-10-08","2015-10-08",,"On the night of Oct 7 a 40 percent chance of rain was forecasted and temperatures were predicted to drop to 42 degrees F. As a result of this forecast, traps were not set on this night.",
"9dc2ada7-7b34-405e-8b12-20feb8993694","08EE4926D1AA4BDF8AE2F4506777B9E6","STEI_005.mammalGrid.mam","D05","STEI","STEI_005","2015-10-08","2015-10-08",,"On the night of Oct 7 a 40 percent chance of rain was forecasted and temperatures were predicted to drop to 42 degrees F. As a result of this forecast, traps were not set on this night.",
"6917c582-3e18-43b0-a454-9e8be67b1fee","80EA77EADE974F2891BE2E1C1E3D9A5F","STEI_022.mammalGrid.mam","D05","STEI","STEI_022","2015-10-08","2015-10-08",,"On the night of Oct 7 a 40 percent chance of rain was forecasted and temperatures were predicted to drop to 42 degrees F. As a result of this forecast, traps were not set on this night.",
"43f6beeb-e062-4d3e-94e9-f01482d6c5ff","A76B19D2F3CB4E159C69B3A58C02E808","STEI_001.mammalGrid.mam","D05","STEI","STEI_001","2015-10-09","2015-10-09",,"ALL DEAD SHREWS WERE DEAD UPON ARRIVAL. MOST WERE WET. ASSUMED CAUSE OF DEATH IS HYPOTHERMIA.",
"ae8b679b-0101-40fa-ad02-5a8f264bf6b7","A15C58EAD88E4661B88344B50E7C1FA1","STEI_019.mammalGrid.mam","D05","STEI","STEI_019","2015-10-09","2015-10-09",,,
"9afbd181-4ac6-4cd9-bbb9-8894879c74a2","65AFDFF614734E1A9640FF95007C6E80","STEI_012.mammalGrid.mam","D05","STEI","STEI_012","2015-10-09","2015-10-09",,,
"ffac08d1-4fdb-4f02-95a9-c1c2621ce7f8","FE52E5965A374576B194F6681C41FC90","STEI_022.mammalGrid.mam","D05","STEI","STEI_022","2015-10-10","2015-10-10",,,
"c22b9e16-8c55-41ba-a5c1-2ca5cfa19314","78FC6ADB8EF74709ADD61B3A0082C276","STEI_005.mammalGrid.mam","D05","STEI","STEI_005","2015-10-10","2015-10-10",,"Weights are suspect. We believe that the scale broke partway through processing and we began giving reading 5 for more grams greater than what the animal truly weighed.",
"5581a30f-7f5c-4811-ad7e-fcc8ddad492b","F77767D4A28844589815683E9FF5C89C","STEI_002.mammalGrid.mam","D05","STEI","STEI_002","2015-10-10","2015-10-10",,,
"1cf96266-df62-40bf-8013-990afc49b988","32FB933048E34C7499C89A2B376C1B6D","STEI_022.mammalGrid.mam","D05","STEI","STEI_022","2015-10-11","2015-10-11",,"On the first night of trapping 8 animals were found dead in the traps. Due to the high mortality all traps were closed and the grid was not reset",
"4223eb26-0301-48e0-ab7d-ff2bc1872863","0D8BDF1811884E84A43E906FF44928B9","STEI_005.mammalGrid.mam","D05","STEI","STEI_005","2015-10-11","2015-10-11",,,
"87f3f382-fa15-4ee6-b71b-fa4981733104","B799DA7125CD4552AFA8CDA492AE659E","STEI_002.mammalGrid.mam","D05","STEI","STEI_002","2015-10-11","2015-10-11",,,
