uid,nightuid,namedLocation,domainID,siteID,plotID,collectDate,endDate,samplingProtocolVersion,remarks,dataQF
"6d1da2ae-dd7c-49b0-944b-fbf7e8df1e48","a80518ec-7ba7-4b8f-9521-b55b344326fa","LENO_008.mammalGrid.mam","D08","LENO","LENO_008","2018-05-22","2018-05-22","NEON.DOC.000481vK",,
"1fa99f20-e513-4404-b14d-1cf91d42115d","718a3212-a5ac-4896-a3d4-79f4a37996f1","LENO_006.mammalGrid.mam","D08","LENO","LENO_006","2018-05-22","2018-05-22","NEON.DOC.000481vK",,
"e97b6f1d-e9d0-4145-a978-4047d18ef44f","8da10873-1260-404c-ab13-04ba3fe24a4c","LENO_031.mammalGrid.mam","D08","LENO","LENO_031","2018-05-22","2018-05-22","NEON.DOC.000481vK",,
"fc4649e8-4df5-4ff2-b6ee-ab31ac214294","781ed8a8-4494-4d51-8363-b351fc353566","LENO_002.mammalGrid.mam","D08","LENO","LENO_002","2018-05-22","2018-05-22","NEON.DOC.000481vK",,
"bec5b6e3-bef3-47e3-a89d-9afb5045a3d0","0352bd4f-b1e8-4c38-8278-60ff3953362a","LENO_008.mammalGrid.mam","D08","LENO","LENO_008","2018-05-23","2018-05-23","NEON.DOC.000481vK",,
"9fec3bc5-d5f2-4e09-b722-b80449e23a92","93d321e8-90c5-407e-b576-641b8db9140c","LENO_022.mammalGrid.mam","D08","LENO","LENO_022","2018-05-23","2018-05-23","NEON.DOC.000481vK",,
"eee99859-c1fb-4e1a-bb37-b7ca642a456c","dcf02ea0-7d26-40b7-aace-d27ec61fe3d4","LENO_031.mammalGrid.mam","D08","LENO","LENO_031","2018-05-23","2018-05-23","NEON.DOC.000481vK",,
"9e1dadab-d3c9-4f76-9b56-e4eded5b12bd","d9e6ff25-6575-4168-9fe2-1c1bb6ba6cc7","LENO_006.mammalGrid.mam","D08","LENO","LENO_006","2018-05-23","2018-05-23","NEON.DOC.000481vK",,
"2c8c4786-1c84-403e-b979-a2f723b2979a","962a9dee-082d-4fe3-ac39-43d797b57724","LENO_002.mammalGrid.mam","D08","LENO","LENO_002","2018-05-23","2018-05-23","NEON.DOC.000481vK",,
"a873614d-1bd9-49be-a45c-0faf947dc21b","27964d83-98d5-4529-812f-352a76c686ce","LENO_002.mammalGrid.mam","D08","LENO","LENO_002","2018-05-24","2018-05-24","NEON.DOC.000481vK",,
"e92bc755-e601-4103-a6e2-d0eda0629e04","95030b64-d007-4375-981a-7cca5e4dc3e9","LENO_006.mammalGrid.mam","D08","LENO","LENO_006","2018-05-24","2018-05-24","NEON.DOC.000481vK",,
"0ea04fcd-3130-412a-921d-645ca9bebd19","749817d1-72bc-4c0a-a106-e3fd37a6cde7","LENO_008.mammalGrid.mam","D08","LENO","LENO_008","2018-05-24","2018-05-24","NEON.DOC.000481vK",,
"d3f7005c-72ef-4159-99ae-03cf26a321fb","63438721-a06d-454b-8c3a-251e5125d3d9","LENO_015.mammalGrid.mam","D08","LENO","LENO_015","2018-05-24","2018-05-24","NEON.DOC.000481vK",,
"34e70d7c-38c8-4a69-8aa7-121cf9d5ea8f","2b0bb2b4-e7c4-4f53-b3f6-54841da0c6ea","LENO_031.mammalGrid.mam","D08","LENO","LENO_031","2018-05-24","2018-05-24","NEON.DOC.000481vK",,
