uid,nightuid,namedLocation,domainID,siteID,plotID,collectDate,endDate,samplingProtocolVersion,remarks,dataQF
"6a5091c0-ede7-488d-b503-94be54ec4d3f","4b6b0609-1b92-4011-a5b3-45576a0a40b3","ONAQ_003.mammalGrid.mam","D15","ONAQ","ONAQ_003","2018-09-11","2018-09-11","NEON.DOC.000481vK",,
"f5b66e84-901d-46a0-8778-936ddc7832c1","678663b4-c243-4303-960f-52d50f3ad8f1","ONAQ_005.mammalGrid.mam","D15","ONAQ","ONAQ_005","2018-09-11","2018-09-11","NEON.DOC.000481vK",,
"f5dba825-8d11-4484-b7aa-14853f6f8d96","7aa50b7f-ef09-42ed-91b3-313e9641845e","ONAQ_020.mammalGrid.mam","D15","ONAQ","ONAQ_020","2018-09-11","2018-09-11","NEON.DOC.000481vK",,
"a4e6fc29-db8b-44a1-8e17-3525b2bc80bf","c0ded7b4-f19c-421c-8ada-46545caa5b58","ONAQ_020.mammalGrid.mam","D15","ONAQ","ONAQ_020","2018-09-12","2018-09-12","NEON.DOC.000481vK",,
"14151f57-928e-4f97-bad6-41a39232b59e","4cdf88c2-4212-410b-b3cd-75e18f62438d","ONAQ_005.mammalGrid.mam","D15","ONAQ","ONAQ_005","2018-09-12","2018-09-12","NEON.DOC.000481vK",,
"983f0466-db0e-4378-b499-3ef5f5e1d11b","cd8e6b84-9dbc-46ff-b9c5-7371e2ba08cf","ONAQ_003.mammalGrid.mam","D15","ONAQ","ONAQ_003","2018-09-12","2018-09-12","NEON.DOC.000481vK",,
"ef44692c-b2a4-4135-8638-bfb445b42172","cdde34c8-63ef-452e-8872-383500a8e4e0","ONAQ_003.mammalGrid.mam","D15","ONAQ","ONAQ_003","2018-09-13","2018-09-13","NEON.DOC.000481vK",,
"ee62e44b-3f51-4859-bc7a-a6071543adc0","563e6aa7-79e9-4595-9756-caf96567be5c","ONAQ_005.mammalGrid.mam","D15","ONAQ","ONAQ_005","2018-09-13","2018-09-13","NEON.DOC.000481vK",,
"5a208516-bc18-4287-bd82-f5df6ffbc998","7eff7752-2043-44d2-979a-c617655e0c64","ONAQ_020.mammalGrid.mam","D15","ONAQ","ONAQ_020","2018-09-13","2018-09-13","NEON.DOC.000481vK",,
"af917071-62c9-4e88-8b62-783b11125507","2ae65bae-db3f-4beb-9f7d-b70b53af7953","ONAQ_023.mammalGrid.mam","D15","ONAQ","ONAQ_023","2018-09-14","2018-09-14","NEON.DOC.000481vK",,
"4305e871-d51a-44d8-b4fa-54da436be1ec","947cf4ce-8cbc-46dc-9ab3-706a26e78748","ONAQ_004.mammalGrid.mam","D15","ONAQ","ONAQ_004","2018-09-14","2018-09-14","NEON.DOC.000481vK",,
"93a5d1f0-bb5f-402f-971d-7ba336a8af71","f6ec08a3-aa36-42ae-9333-c3da79906749","ONAQ_019.mammalGrid.mam","D15","ONAQ","ONAQ_019","2018-09-14","2018-09-14","NEON.DOC.000481vK",,
