uid,nightuid,namedLocation,domainID,siteID,plotID,collectDate,endDate,samplingProtocolVersion,remarks,dataQF
"59e4d350-3bb9-4a8e-ab8b-913f653e6b38","ba17b2c9-3cca-4a15-9917-296f78e97203","ONAQ_005.mammalGrid.mam","D15","ONAQ","ONAQ_005","2018-06-15","2018-06-15","NEON.DOC.000481vK",,
"7a27faac-867d-4b2b-8d29-eeadad6ee504","76ac3470-3f84-493b-87ed-d0a2be6deebd","ONAQ_003.mammalGrid.mam","D15","ONAQ","ONAQ_003","2018-06-15","2018-06-15","NEON.DOC.000481vK",,
"416faa91-5938-43f1-b158-9be416312efb","edbbaf0b-78d1-4253-9a58-b2dc2f2040b3","ONAQ_020.mammalGrid.mam","D15","ONAQ","ONAQ_020","2018-06-15","2018-06-15","NEON.DOC.000481vK",,
"a20057e4-d488-4f09-86d0-7fdabf628389","5f2ceec6-1797-4e0b-9e26-b1bdcc99ad94","ONAQ_003.mammalGrid.mam","D15","ONAQ","ONAQ_003","2018-06-16","2018-06-16","NEON.DOC.000481vK",,
"62086c9d-138a-4e13-9436-00e623dfb0ea","d9e938b6-6655-445c-a383-cb41e97071ee","ONAQ_020.mammalGrid.mam","D15","ONAQ","ONAQ_020","2018-06-16","2018-06-16","NEON.DOC.000481vK",,
"b5a951ca-6d88-4cfa-9d2a-34ca660fa827","985a30b0-d9f5-447f-8d70-16deca9ab5c8","ONAQ_005.mammalGrid.mam","D15","ONAQ","ONAQ_005","2018-06-16","2018-06-16","NEON.DOC.000481vK",,
"775a2b3a-19e3-459d-a03c-d287bb812503","c183e121-f1bd-4c26-8878-1653416d96c4","ONAQ_003.mammalGrid.mam","D15","ONAQ","ONAQ_003","2018-06-17","2018-06-17","NEON.DOC.000481vK",,
"4de37553-95c7-47fb-9cbe-97b144438d32","cda328d2-73a3-4351-9cd4-3c706899e631","ONAQ_020.mammalGrid.mam","D15","ONAQ","ONAQ_020","2018-06-17","2018-06-17","NEON.DOC.000481vK",,
"f3def8b7-641f-4430-a6ac-ae473ccd0cf1","31adf390-bcf7-4226-bd9e-c31d40433db5","ONAQ_005.mammalGrid.mam","D15","ONAQ","ONAQ_005","2018-06-17","2018-06-17","NEON.DOC.000481vK",,
"19d02804-7101-4e93-b6a4-a7c26265d2d8","c7af5000-ee52-4b3b-8474-d28d4081838b","ONAQ_023.mammalGrid.mam","D15","ONAQ","ONAQ_023","2018-06-18","2018-06-18","NEON.DOC.000481vK",,
"d0784d38-ec28-43ba-850d-412408b46361","77a6ae7a-b767-4a7b-8693-d5b93cf01cf7","ONAQ_004.mammalGrid.mam","D15","ONAQ","ONAQ_004","2018-06-18","2018-06-18","NEON.DOC.000481vK",,
"625ede80-04cb-4670-849e-a0f174eafd97","99e89702-3acb-4910-b398-32ced4ed02f2","ONAQ_019.mammalGrid.mam","D15","ONAQ","ONAQ_019","2018-06-18","2018-06-18","NEON.DOC.000481vK",,
