uid,nightuid,namedLocation,domainID,siteID,plotID,collectDate,endDate,samplingProtocolVersion,remarks,dataQF
"336a3dad-3be2-4732-ae2a-1493a4046ecf","e8f0a8d0-e454-4804-8bc6-9d0c08ea011c","JORN_017.mammalGrid.mam","D14","JORN","JORN_017","2017-06-01","2017-06-01","NEON.DOC.000481vJ",,
"9589f584-4deb-41cc-b381-93108c911304","1ecbb239-e475-470a-8bec-c0ca32cf17c7","JORN_001.mammalGrid.mam","D14","JORN","JORN_001","2017-06-01","2017-06-01","NEON.DOC.000481vJ",,
"107c70bc-d0bd-470c-904a-35999fdc9c75","44a335e0-4320-4ff7-8aca-4057184687f4","JORN_018.mammalGrid.mam","D14","JORN","JORN_018","2017-06-01","2017-06-01","NEON.DOC.000481vJ",,
"1d492950-fe90-4c76-95d4-c6e52dc445eb","14d5b8bd-0000-4379-9710-1eb0d85fcd74","JORN_001.mammalGrid.mam","D14","JORN","JORN_001","2017-06-02","2017-06-02","NEON.DOC.000481vJ",,
"0c521058-37d6-489d-9764-5f3b4e5472d6","38f7f9b7-ff97-4b34-8182-27798c2b6633","JORN_018.mammalGrid.mam","D14","JORN","JORN_018","2017-06-02","2017-06-02","NEON.DOC.000481vJ",,
"3d68400e-3215-4cd5-873a-fe62f08de86f","718f57d6-d76a-405f-9473-66f808aa3e81","JORN_017.mammalGrid.mam","D14","JORN","JORN_017","2017-06-02","2017-06-02","NEON.DOC.000481vJ","Heavy rain caused many traps to fill with sand and obstruct the closing mechanism resulting in many traps marked as 1",
"684e0bbd-c540-49e8-8d1e-4842225dbb3e","48a07950-20b0-4cbc-bca1-ac6ec8024907","JORN_017.mammalGrid.mam","D14","JORN","JORN_017","2017-06-03","2017-06-03","NEON.DOC.000481vJ",,
"80a21f92-83e5-4f7d-a62c-b35e4bc4ec0f","15d93075-d477-4ff9-a377-12faa8cf633f","JORN_001.mammalGrid.mam","D14","JORN","JORN_001","2017-06-03","2017-06-03","NEON.DOC.000481vJ",,
"8a2cf4c7-d75e-4069-8c1b-b136df5cc5b1","3b331575-0408-4fbb-bc56-24ce45b30fc2","JORN_011.mammalGrid.mam","D14","JORN","JORN_011","2017-06-03","2017-06-03","NEON.DOC.000481vJ","Most disturbed traps were on their side with obvious animal disturbance",
"f3280063-473f-4fc9-87e1-db8b6a522df7","e3e6fe28-ae59-465d-aa37-341117961d75","JORN_031.mammalGrid.mam","D14","JORN","JORN_031","2017-06-04","2017-06-04","NEON.DOC.000481vJ",,
"14192720-87e5-42ef-908a-383469fc5b43","bb41f70c-161f-45b0-8e8f-b47ac59ef0c9","JORN_007.mammalGrid.mam","D14","JORN","JORN_007","2017-06-04","2017-06-04","NEON.DOC.000481vJ","A 7x7 grid was set intentionally due to high capture rates",
"b71976d5-7cb7-48a5-90e5-2b059339bbf2","c50ae0ed-8c51-4367-81b3-ebce971fe712","JORN_017.mammalGrid.mam","D14","JORN","JORN_017","2017-06-28","2017-06-28","NEON.DOC.000481vH",,
"e2bc1d33-a86b-42c5-bd6b-adc41cbe793e","948d2a4e-f5de-4517-8305-edb96c5216e8","JORN_018.mammalGrid.mam","D14","JORN","JORN_018","2017-06-28","2017-06-28","NEON.DOC.000481vJ",,
"231f9f43-03cd-47a5-9bca-105d7a9499b5","8b74344a-1460-4bb0-b99b-723a2972e8a5","JORN_018.mammalGrid.mam","D14","JORN","JORN_018","2017-06-29","2017-06-29","NEON.DOC.000481vH",,
"1a6d4388-b2c6-49df-95e0-bce967465e95","bf8f95b5-0fb3-4bc0-aa20-c426d395857e","JORN_017.mammalGrid.mam","D14","JORN","JORN_017","2017-06-29","2017-06-29","NEON.DOC.000481vH",,
"1a2dbe8f-4f61-48cd-8b35-aaf3cdd5621a","e15c4e97-e4c6-4d91-a639-f39b60c115fe","JORN_018.mammalGrid.mam","D14","JORN","JORN_018","2017-06-30","2017-06-30","NEON.DOC.000481vH",,
"f1c81676-9ad1-4e4d-baa2-2ce5a5a25e4e","a70a5161-4ff8-42cc-b9fe-8603beafc191","JORN_017.mammalGrid.mam","D14","JORN","JORN_017","2017-06-30","2017-06-30","NEON.DOC.000481vH",,
