uid,nightuid,namedLocation,domainID,siteID,plotID,collectDate,endDate,samplingProtocolVersion,remarks,dataQF
"b139b66b-f93e-4d23-8a0c-d63bfb060c52","c52a4886-a075-4263-9846-2b1a4712187e","HEAL_010.mammalGrid.mam","D19","HEAL","HEAL_010","2017-06-01","2017-06-01","NEON.DOC.000481vJ",,
"5d8515fa-1fb9-44a7-9e72-4b0e22448d4f","42189f45-85b8-43cc-b341-2acec340523f","HEAL_002.mammalGrid.mam","D19","HEAL","HEAL_002","2017-06-01","2017-06-01","NEON.DOC.000481vJ",,
"033d4aa7-0952-4793-aa46-a2835947d33a","6f2ea128-40bb-4b71-86cc-8d9dc437da99","HEAL_031.mammalGrid.mam","D19","HEAL","HEAL_031","2017-06-01","2017-06-01","NEON.DOC.000481vJ",,
"14b1f6d4-b671-4d63-b0b1-c103165650e6","8a3e9c99-55c8-4134-8467-61040af41a98","HEAL_014.mammalGrid.mam","D19","HEAL","HEAL_014","2017-06-01","2017-06-01","NEON.DOC.000481vJ",,
"c27389d3-509d-407d-872c-f0a9eec2d95b","fc36baca-4e75-4a23-b397-2b3bd04e01b8","HEAL_032.mammalGrid.mam","D19","HEAL","HEAL_032","2017-06-01","2017-06-01","NEON.DOC.000481vJ",,
"2b18bdbe-771f-439e-8ec6-d22b2c5c4aee","ae7baf8b-7d1e-4a45-a2f3-b3f1dce43039","HEAL_033.mammalGrid.mam","D19","HEAL","HEAL_033","2017-06-01","2017-06-01","NEON.DOC.000481vJ",,
"881bb835-de24-4cfb-88ba-7b9cc9db4a57","2afdbcd8-7305-4efa-a6cf-5ead0c716137","HEAL_033.mammalGrid.mam","D19","HEAL","HEAL_033","2017-06-02","2017-06-02","NEON.DOC.000481vJ",,
"24b3c0f1-1547-4dbc-98c8-53331bd75d4f","db3d5d1a-cde7-415d-9a08-f67f923c6ba5","HEAL_032.mammalGrid.mam","D19","HEAL","HEAL_032","2017-06-02","2017-06-02","NEON.DOC.000481vJ",,
"26f13a8e-9bfe-4288-843b-e6000b0295fb","ed0b2cae-1167-4d5f-a521-0cfd20260f3a","HEAL_031.mammalGrid.mam","D19","HEAL","HEAL_031","2017-06-02","2017-06-02","NEON.DOC.000481vJ",,
"35e5e015-aadc-4591-a007-42e4a51e1978","23058744-4765-436c-aa63-db52ba2d51be","HEAL_034.mammalGrid.mam","D19","HEAL","HEAL_034","2017-06-02","2017-06-02","NEON.DOC.000481vJ",,
"dd442e5f-d8a9-46d4-b2d9-2aed05d85c64","13af1cbd-60ce-4277-8c91-840509f3e442","HEAL_016.mammalGrid.mam","D19","HEAL","HEAL_016","2017-06-02","2017-06-02","NEON.DOC.000481vJ",,
"12ab4e40-46c0-4381-94e3-adc3a321b972","e03c3ac8-61af-499c-9c0b-89fb89b655a5","HEAL_002.mammalGrid.mam","D19","HEAL","HEAL_002","2017-06-27","2017-06-27","NEON.DOC.000481vJ",,
"220e9c61-f4cd-4ad6-b122-96c827a1aa16","0a7dcfbc-3468-45ed-bee5-c3dcf37390bb","HEAL_033.mammalGrid.mam","D19","HEAL","HEAL_033","2017-06-27","2017-06-27","NEON.DOC.000481vJ",,
"eeb31adc-f6be-4a38-9638-1123c9d0e23c","ea146039-f1c5-430e-92ff-35789cd49b66","HEAL_031.mammalGrid.mam","D19","HEAL","HEAL_031","2017-06-27","2017-06-27","NEON.DOC.000481vJ",,
"29d84d82-733d-405b-8f20-80f9e538dcc9","ffbef90e-2322-459f-9100-557cfc1b601c","HEAL_032.mammalGrid.mam","D19","HEAL","HEAL_032","2017-06-27","2017-06-27","NEON.DOC.000481vJ",,
"0ef5258b-8ad2-44f6-8499-715e48e51222","a10a7770-ab3d-46da-a973-f89b69e3b503","HEAL_010.mammalGrid.mam","D19","HEAL","HEAL_010","2017-06-27","2017-06-27","NEON.DOC.000481vJ",,
"385487eb-b0bd-463f-96ab-c611b6a571a8","228e54f0-405b-4347-95e7-460cc00c7134","HEAL_031.mammalGrid.mam","D19","HEAL","HEAL_031","2017-06-28","2017-06-28","NEON.DOC.000481vJ",,
"dd32ddf4-30b4-4266-ada0-f96136032bec","94230b98-c507-481d-a100-e052e4cb89e2","HEAL_034.mammalGrid.mam","D19","HEAL","HEAL_034","2017-06-28","2017-06-28","NEON.DOC.000481vJ",,
"b149c83f-30d5-4b98-bc27-773c9ee8c888","4cdeb3a6-3eb7-4f30-bafe-1e7ad980ef3d","HEAL_032.mammalGrid.mam","D19","HEAL","HEAL_032","2017-06-28","2017-06-28","NEON.DOC.000481vJ",,
"c2019759-c5ea-411c-ae86-c52f59bbb581","eee46360-51f5-4dec-8198-6ddd1e107362","HEAL_014.mammalGrid.mam","D19","HEAL","HEAL_014","2017-06-28","2017-06-28","NEON.DOC.000481vJ",,
"996b3aa2-14fb-4816-adad-c86a8d49283c","1b5d9b26-fa0c-4141-b563-98717ad478bd","HEAL_031.mammalGrid.mam","D19","HEAL","HEAL_031","2017-06-29","2017-06-29","NEON.DOC.000481vJ",,
"6c50082e-adea-432e-b6f3-bac75ea469e8","f503d79b-1db9-4c04-8fd0-0b2ebd042631","HEAL_032.mammalGrid.mam","D19","HEAL","HEAL_032","2017-06-29","2017-06-29","NEON.DOC.000481vJ",,
"91cf9595-83cc-462d-9cf8-5f8333d2a723","80ac1886-9021-488e-92fc-dbd2218b9424","HEAL_016.mammalGrid.mam","D19","HEAL","HEAL_016","2017-06-29","2017-06-29","NEON.DOC.000481vJ",,
