uid,nightuid,namedLocation,domainID,siteID,plotID,collectDate,endDate,samplingProtocolVersion,remarks,dataQF
"bc81e351-bb5d-40c1-8b1f-277682f0cf59","807a344b-43f7-4435-8ea8-114adac30c1e","OSBS_004.mammalGrid.mam","D03","OSBS","OSBS_004","2018-08-07","2018-08-07","NEON.DOC.000481vK",,
"f35952e4-353d-4316-a0f7-3a97a83d01b0","c336b71c-f03f-4858-beb6-463598df2fad","OSBS_003.mammalGrid.mam","D03","OSBS","OSBS_003","2018-08-07","2018-08-07","NEON.DOC.000481vK",,
"bc83a10c-85ee-4cd5-87b6-4fa1cb555ac0","cb07782f-9f49-4ea9-8f2d-5300072116ec","OSBS_003.mammalGrid.mam","D03","OSBS","OSBS_003","2018-08-08","2018-08-08","NEON.DOC.000481vK",,
"ff2f40af-a75a-4485-a9d6-d28afc6b217c","264d7f7c-0feb-4f8d-8400-74a13eb31d32","OSBS_004.mammalGrid.mam","D03","OSBS","OSBS_004","2018-08-08","2018-08-08","NEON.DOC.000481vK",,
"68109759-458a-4405-9685-0958549fb884","cf9d3fcf-144e-4563-b376-142557b9a81f","OSBS_005.mammalGrid.mam","D03","OSBS","OSBS_005","2018-08-08","2018-08-08","NEON.DOC.000481vK",,
"70966700-af05-40cc-9f19-0e102d7cd2fe","09b4bc67-0d9d-4a3f-a047-a3e86b40900c","OSBS_004.mammalGrid.mam","D03","OSBS","OSBS_004","2018-08-09","2018-08-09","NEON.DOC.000481vK",,
"c7a9ee93-4284-4633-be2d-fbf2cec8b72e","2d934b8c-ef01-461e-928a-8ec05b5e22a2","OSBS_003.mammalGrid.mam","D03","OSBS","OSBS_003","2018-08-09","2018-08-09","NEON.DOC.000481vK",,
"069780eb-cf96-4214-b682-9f0ab8f38304","357acd6a-184a-4aab-ac6c-c06351100a25","OSBS_002.mammalGrid.mam","D03","OSBS","OSBS_002","2018-08-09","2018-08-09","NEON.DOC.000481vK",,
