uid,nightuid,namedLocation,domainID,siteID,plotID,collectDate,endDate,samplingProtocolVersion,remarks,dataQF
"bbc39e72-5d5a-4fc7-918f-ed892055fd10","9a646318-ab2a-4a4a-9f4f-cb70c0faf707","NOGP_017.mammalGrid.mam","D09","NOGP","NOGP_017","2017-09-27","2017-09-27","NEON.DOC.000481vJ",,
"f1f1c379-43fa-42c1-8252-768e14ef0e73","b4a5d67d-dd42-47f0-b4c0-409aa6d69d4e","NOGP_005.mammalGrid.mam","D09","NOGP","NOGP_005","2017-09-27","2017-09-27","NEON.DOC.000481vJ",,
"b83141dd-1ec9-4bf2-8993-eef2cb5142ba","286fa7d4-dd33-4af9-9773-0f9f6e6ac4c6","NOGP_002.mammalGrid.mam","D09","NOGP","NOGP_002","2017-09-27","2017-09-27",,,
"7473fc81-3e24-4035-89e2-f5fc52368b56","17fc1522-66fc-440f-bcbb-fda272df4784","NOGP_007.mammalGrid.mam","D09","NOGP","NOGP_007","2017-09-27","2017-09-27",,,
"dd96628c-a624-4bea-af5e-4df0ade57efd","8c3f55d3-cc2a-48fb-ad9f-3a640e5c7029","NOGP_009.mammalGrid.mam","D09","NOGP","NOGP_009","2017-09-28","2017-09-28","NEON.DOC.000481vJ",,
"d1d23752-f676-41ac-a109-d94de3c790ea","f6a7a219-91a7-4f1c-8426-c40d4d82f615","NOGP_002.mammalGrid.mam","D09","NOGP","NOGP_002","2017-09-28","2017-09-28","NEON.DOC.000481vJ",,
"9db831e1-eb49-4d1d-8174-d7f82674739c","bbc91120-d29f-41df-bbb5-f4cf068c69a6","NOGP_017.mammalGrid.mam","D09","NOGP","NOGP_017","2017-09-28","2017-09-28","NEON.DOC.000481vJ",,
"cf723bd5-d67f-4013-b8cc-4cbbe63852aa","2a004dae-6dfd-4172-a070-4bfb35027344","NOGP_005.mammalGrid.mam","D09","NOGP","NOGP_005","2017-09-28","2017-09-28","NEON.DOC.000481vJ",,
"4db54e03-8fdf-4392-9990-66ed6d38d132","39fe89b3-9db8-467a-877e-34308c7c9cb1","NOGP_014.mammalGrid.mam","D09","NOGP","NOGP_014","2017-09-29","2017-09-29",,,
"eda2c704-fdb2-4821-bdb3-76cbc82a5080","9cef9fe7-27cc-4c8b-9de8-21a063b26c90","NOGP_002.mammalGrid.mam","D09","NOGP","NOGP_002","2017-09-29","2017-09-29","NEON.DOC.000481vJ",,
"d6bc5b67-eac0-444f-93eb-16d4db295fa3","29014d7b-8a8c-43af-a08a-b9ec41013c99","NOGP_017.mammalGrid.mam","D09","NOGP","NOGP_017","2017-09-29","2017-09-29","NEON.DOC.000481vJ",,
"92657918-0144-4ef4-88a0-4e3b401cbefc","cc9aa618-af91-4755-9513-d1e38ea25f8e","NOGP_005.mammalGrid.mam","D09","NOGP","NOGP_005","2017-09-29","2017-09-29","NEON.DOC.000481vJ",,
