uid,nightuid,namedLocation,domainID,siteID,plotID,collectDate,endDate,samplingProtocolVersion,remarks,dataQF
"b646acd4-7135-4521-881d-6ea1bf76f49d","B2AC7C0615F548418D0D274096D0CE62","STEI_005.mammalGrid.mam","D05","STEI","STEI_005","2015-09-09","2015-09-09",,,
"96da6dc5-aa9b-4746-b1ab-02633f374074","7A3A6C8529C0470EB1FC3E292582B00C","STEI_022.mammalGrid.mam","D05","STEI","STEI_022","2015-09-09","2015-09-09",,,
"bb1fd0f9-0d81-4e0e-9f3b-347218a09078","42A68CF6190C412FB75835690B96E863","STEI_002.mammalGrid.mam","D05","STEI","STEI_002","2015-09-09","2015-09-09",,,
"f76e525a-cbc7-47b4-a0a3-3e1906c61e99","BDCDFB36BC954D44A066407E54C74928","STEI_005.mammalGrid.mam","D05","STEI","STEI_005","2015-09-10","2015-09-10",,,
"e08fac6c-10f1-4f60-bfa9-68133f80c240","081F8E700CB2467588FD309A48D193EC","STEI_022.mammalGrid.mam","D05","STEI","STEI_022","2015-09-10","2015-09-10",,,
"557fdd15-2fd4-492a-965f-c4b22e88c463","82B7B18B1917424CBCD32B470E1EB2C0","STEI_002.mammalGrid.mam","D05","STEI","STEI_002","2015-09-10","2015-09-10",,,
"eca252a4-232f-4e77-9152-1c535a553719","5BFA1626BCB94345886CDB36732CB8F1","STEI_002.mammalGrid.mam","D05","STEI","STEI_002","2015-09-11","2015-09-11",,,
"4c3ae9e9-b76a-4a54-b654-0eaeee3b4d19","389B004783C94D64A6851DEC8FEECE8F","STEI_022.mammalGrid.mam","D05","STEI","STEI_022","2015-09-11","2015-09-11",,"No traps were set on this grid on the night of Sept 11 because the supply of batting ran out and temperatures were predicted to drop below 42 degrees F",
"d627e182-05ad-4c62-9e28-b7c2f75ef768","1CD5D4E5D8034DE4907D8453239077FB","STEI_005.mammalGrid.mam","D05","STEI","STEI_005","2015-09-11","2015-09-11",,,
"18beb73d-d116-4a47-b9a5-a100e7a57015","F8E60A1AA9264C1B8A51BAE62014F5DE","STEI_001.mammalGrid.mam","D05","STEI","STEI_001","2015-09-12","2015-09-12",,,
"044b2f58-3a37-4702-9602-40a0df8be3a9","34886DDAAEB04FF497B0BC1A30D84590","STEI_019.mammalGrid.mam","D05","STEI","STEI_019","2015-09-12","2015-09-12",,,
"5f12b6f5-f3de-4e15-b9bb-72fdbe36c75c","C0FCF985AA334062897220BCA20DCF15","STEI_012.mammalGrid.mam","D05","STEI","STEI_012","2015-09-12","2015-09-12",,,
