uid,nightuid,namedLocation,domainID,siteID,plotID,collectDate,endDate,samplingProtocolVersion,remarks,dataQF
"1ca47960-df68-4ee0-87aa-c75feecd43bb","3EB9FFF81A2E4C728E23C45A1EABB920","CPER_006.mammalGrid.mam","D10","CPER","CPER_006","2014-04-28","2014-04-28",,"High trap disturbance due to wind",
"dabda870-91c8-44e1-a238-f6c07c5b59bd","3FFF5A6061C440159C8E84B52EA1278C","CPER_002.mammalGrid.mam","D10","CPER","CPER_002","2014-04-28","2014-04-28",,,
"161269c4-46ff-4113-b22c-0e4025b6e2b8","EAD3EED8FB3C4320A60636F67163ECB4","CPER_002.mammalGrid.mam","D10","CPER","CPER_002","2014-04-28","2014-04-28",,,
"40a0002c-4b30-4e41-9bdb-962508d0a648","10BFD72271C5432F8E23A5D9A3E466FF","CPER_006.mammalGrid.mam","D10","CPER","CPER_006","2014-04-28","2014-04-28",,,
"9c7d9f07-a935-4fed-a98b-96bb22c2398b","A6641A50A06646FEA8BC8DAC0D29DD77","CPER_006.mammalGrid.mam","D10","CPER","CPER_006","2014-04-28","2014-04-28",,,
"690ae45b-1226-4988-b802-8475eb80cd2f","CA3E0AE6B4624E3B8CC7D0195AB4C7CE","CPER_009.mammalGrid.mam","D10","CPER","CPER_009","2014-04-28","2014-04-28",,,
"1c4d863b-f7bb-4505-8c15-dc3904d752d7","515FD8B9E9664412BE106CF60BE622FA","CPER_008.mammalGrid.mam","D10","CPER","CPER_008","2014-04-28","2014-04-28",,,
