uid,nightuid,namedLocation,domainID,siteID,plotID,collectDate,endDate,samplingProtocolVersion,remarks,dataQF
"0672b047-afe4-421d-a9a9-cc6c4f478a24","11242a84-be2f-4d1b-849b-432e64b38308","MOAB_009.mammalGrid.mam","D13","MOAB","MOAB_009","2018-07-06","2018-07-06","NEON.DOC.000481vK",,
"2c4a8a06-e6f5-45c4-87f5-7bb7047678ae","b0473cee-29a6-490e-8ac5-901019378cb8","MOAB_006.mammalGrid.mam","D13","MOAB","MOAB_006","2018-07-06","2018-07-06","NEON.DOC.000481vK",,
"be0042f5-2d1a-4530-b206-f4175285915a","d651a175-0184-49f8-afd3-f5a0c3ac8adc","MOAB_003.mammalGrid.mam","D13","MOAB","MOAB_003","2018-07-06","2018-07-06","NEON.DOC.000481vK",,
"e6130f29-ea6b-4221-b377-8fa0ad6703b3","d85cd745-2b49-4851-b347-14eb329c96e7","MOAB_006.mammalGrid.mam","D13","MOAB","MOAB_006","2018-07-07","2018-07-07","NEON.DOC.000481vK",,
"3b0d474e-e61c-4ee7-8b7c-0bced184c104","e99276ad-8aa1-4a43-ac48-8dff302ccb52","MOAB_003.mammalGrid.mam","D13","MOAB","MOAB_003","2018-07-07","2018-07-07","NEON.DOC.000481vK",,
"9e0f8781-be24-4689-aee6-ca024415bb11","f6fca4a5-9bec-4d8e-812b-1c24d7e7a815","MOAB_009.mammalGrid.mam","D13","MOAB","MOAB_009","2018-07-07","2018-07-07","NEON.DOC.000481vK",,
"c5bc1fed-76e7-45f4-8fc7-b50ff5be83e2","61006898-7e0f-49f9-8d11-e631a3d167eb","MOAB_003.mammalGrid.mam","D13","MOAB","MOAB_003","2018-07-08","2018-07-08","NEON.DOC.000481vK",,
"8cbb9301-30a8-4033-b20c-826d4abf3bea","6426fa5e-227c-4f97-91e4-f34e99fc82b1","MOAB_006.mammalGrid.mam","D13","MOAB","MOAB_006","2018-07-08","2018-07-08","NEON.DOC.000481vK",,
"d7173c8b-a03b-4edb-8dc9-bb372819d01d","ecf7bec6-dc3e-44ae-b94a-e2d540461341","MOAB_007.mammalGrid.mam","D13","MOAB","MOAB_007","2018-07-09","2018-07-09","NEON.DOC.000481vK",,
"0d94fcfe-e2ef-44c2-8163-4a5608b8f496","c511685b-9832-4a0d-a096-194c26a81407","MOAB_009.mammalGrid.mam","D13","MOAB","MOAB_009","2018-07-09","2018-07-09","NEON.DOC.000481vK",,
"55d8bb73-1aee-45e9-b916-7e76752aed6c","b446346a-9670-4289-b7b4-476d1d4de9ff","MOAB_004.mammalGrid.mam","D13","MOAB","MOAB_004","2018-07-09","2018-07-09","NEON.DOC.000481vK",,
"7fd73e1b-c65b-4404-8ea9-39d74f00d6c9","8d0b038d-ec53-4117-8bbc-80d55acc58f7","MOAB_002.mammalGrid.mam","D13","MOAB","MOAB_002","2018-07-09","2018-07-09","NEON.DOC.000481vK",,
