uid,nightuid,namedLocation,domainID,siteID,plotID,collectDate,endDate,samplingProtocolVersion,remarks,dataQF
"c3360bdd-f513-49c1-af56-c42bcf6dca6c","9705C90640644AAF9B5A54699C931AC4","OSBS_012.mammalGrid.mam","D03","OSBS","OSBS_012","2014-08-26","2014-08-26",,"this is a FIX for OSBS_012 20140826",
"ba871eab-e96c-4fcd-a867-d3161bb6384a","5DD4AA3B2706498BA3033AC77B0C56DC","OSBS_004.mammalGrid.mam","D03","OSBS","OSBS_004","2014-08-26","2014-08-26",,"this is a FIX for OSBS_004 on 20140826",
"a5fd5113-a03e-40ed-8691-46270fbe902e","BF9133381E6E403DB14A1030C1C9A7E3","OSBS_005.mammalGrid.mam","D03","OSBS","OSBS_005","2014-08-26","2014-08-26",,"this is a FIX for OSBS_005 on 20140826",
"9543a3a0-004d-4209-bbf9-1ef5149d4398","8D8D72B8AB3049948A7EF3EB2F7DB8BA","OSBS_004.mammalGrid.mam","D03","OSBS","OSBS_004","2014-08-26","2014-08-26",,,
"a795ebcf-386b-4918-b8a0-aa23ea8ba2ff","572B16B424164648BD41B1F85BC016C3","OSBS_002.mammalGrid.mam","D03","OSBS","OSBS_002","2014-08-26","2014-08-26",,,
"2a69443e-3b66-47ed-ba25-d0e0f69ce536","2AF6F59F8270487EB5097FA132DFFE81","OSBS_003.mammalGrid.mam","D03","OSBS","OSBS_003","2014-08-26","2014-08-26",,,
"7f6da9e6-79b3-42ac-b3f0-6c372ccf0ff0","C14F8DF281E8428F9C54A050C873512E","OSBS_012.mammalGrid.mam","D03","OSBS","OSBS_012","2014-08-26","2014-08-26",,,
"576ef3af-2778-4a38-a196-5ac61b9d6f7c","0C8989F2CDD34CE8861C61466281C582","OSBS_023.mammalGrid.mam","D03","OSBS","OSBS_023","2014-08-26","2014-08-26",,"no captures for plot",
"8635bca3-5f7d-4d15-b591-16b78389c948","1C0FFE952A8448C29F0AF6C2BFC0D40B","OSBS_003.mammalGrid.mam","D03","OSBS","OSBS_003","2014-08-26","2014-08-26",,,
"83d9b128-d78d-46fa-8726-2184c465b9da","0961F7BB1F9E43CBA4B4AEE6A42D3C8B","OSBS_005.mammalGrid.mam","D03","OSBS","OSBS_005","2014-08-27","2014-08-27",,"raccoon tracks on sand road",
"96743584-f901-4d47-998b-c49d59479a35","CC5CCB3C49FF4FF1B3058C81D6E5C3F1","OSBS_003.mammalGrid.mam","D03","OSBS","OSBS_003","2014-08-27","2014-08-27",,,
"8a08609a-50a8-42fa-8f5e-ae2010a0b4bf","DB7864B317634438B1AC8D4DF530B1CA","OSBS_023.mammalGrid.mam","D03","OSBS","OSBS_023","2014-08-27","2014-08-27",,,
"933c1efe-2863-41ae-a7fd-806bf34dbc1b","74CC99F5AB7C456C8761B8A63B7F6771","OSBS_012.mammalGrid.mam","D03","OSBS","OSBS_012","2014-08-27","2014-08-27",,,
"0bc0c1ae-48c5-403b-bd27-52583b361ea6","B4EF3F1C5B1C4B2FB79CE6F8E3392771","OSBS_004.mammalGrid.mam","D03","OSBS","OSBS_004","2014-08-27","2014-08-27",,,
"b3de4f49-ca19-49ed-8258-ca559bc76215","B2D7C2202EBB4C528B57ABFAAC77C0B7","OSBS_012.mammalGrid.mam","D03","OSBS","OSBS_012","2014-08-28","2014-08-28",,,
"8684c5ab-7a28-4164-8052-deae29a71819","6BF741B7B36143D39BD8F7935F350971","OSBS_023.mammalGrid.mam","D03","OSBS","OSBS_023","2014-08-28","2014-08-28",,"no captures on this plot",
"3425a911-690d-4f5d-92f1-7e62f05a3a8d","99490A1ED4A94C86A6DE246C17160619","OSBS_004.mammalGrid.mam","D03","OSBS","OSBS_004","2014-08-28","2014-08-28",,,
"f54c000c-356b-4f58-b478-0f8248dab714","F9AAE4DE96AF40208F2F12942137220D","OSBS_005.mammalGrid.mam","D03","OSBS","OSBS_005","2014-08-28","2014-08-28",,,
"7cf64f43-ff14-4e9d-a282-c557cfa1659f","C8639A2C5C824EB2A5B15D293AE4B9A2","OSBS_003.mammalGrid.mam","D03","OSBS","OSBS_003","2014-08-28","2014-08-28",,,
