uid,nightuid,namedLocation,domainID,siteID,plotID,collectDate,endDate,samplingProtocolVersion,remarks,dataQF
"3cd86bc1-09e5-42ff-b979-712164e3a35d","bd14359e-89b3-464d-8ef5-738ea0ba5a92","OSBS_023.mammalGrid.mam","D03","OSBS","OSBS_023","2017-08-15","2017-08-15","NEON.DOC.000481vH",,
"d460ae3d-0c5d-4b2e-8edb-e5f6dff24d15","f1084d31-c17f-4084-8a76-135f007dd357","OSBS_004.mammalGrid.mam","D03","OSBS","OSBS_004","2017-08-15","2017-08-15",,,
"bbd4c458-5f76-4b37-b290-950de38ec8cf","6398ad90-4d9b-4a0e-bdbd-29f01278a4b3","OSBS_012.mammalGrid.mam","D03","OSBS","OSBS_012","2017-08-15","2017-08-15","NEON.DOC.000481vJ",,
"ae54f04f-59b6-44d8-b906-8929ea5e040d","6fbe4537-8ce9-42f7-80c8-d5fadb7bf505","OSBS_012.mammalGrid.mam","D03","OSBS","OSBS_012","2017-08-15","2017-08-15",,,
"0ae218ce-e048-402c-adb5-4555e0a098dd","7f5ed733-d597-40b1-bd1a-0a8714782967","OSBS_023.mammalGrid.mam","D03","OSBS","OSBS_023","2017-08-15","2017-08-15","NEON.DOC.000481vJ",,
"b7c6e3f4-7f1f-47ca-857c-14d8cb49a9ab","185ac885-6120-4856-aba5-d9b0d8e05b42","OSBS_003.mammalGrid.mam","D03","OSBS","OSBS_003","2017-08-15","2017-08-15",,,
"13867cf8-cc2d-4c02-b511-43f71500c5e7","84b35620-fe4b-4a17-9663-041bf20c386e","OSBS_023.mammalGrid.mam","D03","OSBS","OSBS_023","2017-08-16","2017-08-16","NEON.DOC.000481vJ",,
"1386a2fc-27f4-4ea6-9ec5-a909d5c78afe","430f2b67-4e27-4a1e-a38b-63d147148450","OSBS_002.mammalGrid.mam","D03","OSBS","OSBS_002","2017-08-16","2017-08-16","NEON.DOC.000481vJ",,
"b2b0835d-1c4a-41eb-a7ae-56b566624641","a91867ef-aafb-484b-80b6-42a402196aca","OSBS_003.mammalGrid.mam","D03","OSBS","OSBS_003","2017-08-16","2017-08-16","NEON.DOC.000481vJ",,
"09fed8ce-3b7c-4cbc-973a-e3297d7ac476","a1b72b3e-2324-44c1-a038-1c3bbd372324","OSBS_004.mammalGrid.mam","D03","OSBS","OSBS_004","2017-08-16","2017-08-16","NEON.DOC.000481vJ",,
"de904597-76b0-4a54-be7c-8082f3ba202e","d82bdd48-81a0-4d9b-a7f5-605ea9e5c1eb","OSBS_004.mammalGrid.mam","D03","OSBS","OSBS_004","2017-08-17","2017-08-17","NEON.DOC.000481vJ",,
"66294369-368d-482f-b205-8f30d9da9af8","8bd8b1af-e282-4492-9776-302dad8c9a1b","OSBS_023.mammalGrid.mam","D03","OSBS","OSBS_023","2017-08-17","2017-08-17",,,
"75986da4-13e5-4289-9a00-1bc98714c2c4","45f3f6b8-9903-4b14-95db-5692b1c1dafb","OSBS_005.mammalGrid.mam","D03","OSBS","OSBS_005","2017-08-17","2017-08-17","NEON.DOC.000481vJ",,
"80e30ccb-490e-4b9d-bbca-dd9b098c85a5","189ad201-de0f-452f-9aa0-edcac8bde35b","OSBS_003.mammalGrid.mam","D03","OSBS","OSBS_003","2017-08-17","2017-08-17","NEON.DOC.000481vJ","Hog damage to plot",
