uid,nightuid,namedLocation,domainID,siteID,plotID,collectDate,endDate,samplingProtocolVersion,remarks,dataQF
"bce9648a-23bb-4a03-87f9-b1b30a15356a","C0ABB6726FAA4D2DBC3F9B75FE739FF8","NIWO_002.mammalGrid.mam","D13","NIWO","NIWO_002","2016-09-01","2016-09-01","NEON.DOC.000481vH",,
"24acd847-9b71-47b9-923e-90009b0ade45","C1C9E946A4944ADC9DAC95EF071416EE","NIWO_023.mammalGrid.mam","D13","NIWO","NIWO_023","2016-09-01","2016-09-01","NEON.DOC.000481vH",,
"e8668eff-e965-4651-97fe-abb45269d3d0","94CF1485F469440692E267BA284765E2","NIWO_025.mammalGrid.mam","D13","NIWO","NIWO_025","2016-09-01","2016-09-01","NEON.DOC.000481vH",,
"49593e46-b75a-45cc-a1f3-e88a681b1e4e","5C13B7D75DF3450DBE1848EE22325EAE","NIWO_005.mammalGrid.mam","D13","NIWO","NIWO_005","2016-09-07","2016-09-07","NEON.DOC.000481vH",,
