uid,nightuid,namedLocation,domainID,siteID,plotID,trapCoordinate,plotType,nlcdClass,decimalLatitude,decimalLongitude,geodeticDatum,coordinateUncertainty,elevation,elevationUncertainty,trapStatus,trapType,collectDate,endDate,tagID,individualCode,taxonID,scientificName,taxonRank,identificationQualifier,identificationReferences,nativeStatusCode,sex,recapture,fate,replacedTag,lifeStage,testes,nipples,pregnancyStatus,vagina,hindfootLength,earLength,tailLength,totalLength,weight,larvalTicksAttached,nymphalTicksAttached,adultTicksAttached,bloodSampleID,bloodSampleBarcode,bloodSampleMethod,fecalSampleID,fecalSampleBarcode,fecalSampleCondition,earSampleID,earSampleBarcode,hairSampleID,hairSampleBarcode,hairSampleContents,voucherSampleID,voucherSampleBarcode,measuredBy,recordedBy,remarks,dataQF
"97612961-5021-4057-887e-6efe2d60f2cc","DCA2FE1B3EBF4DE8AD3E31204CB511CE","JORN_001.mammalGrid.mam","D14","JORN","JORN_001","C5","distributed","shrubScrub",32.605706,-106.803361,"WGS84",45.1,1324.8,0.1,"6 - trap set and empty",,"2015-09-04","2015-09-04",,,,,,,,,,,,,,,,,,,,,,,,,,,,,,,,,,,,,,,"rolinger@field-ops.org","ewashburne@field-ops.org",,
"3ba240ff-018c-4c37-b3f1-f8fc31e8b51a","DCA2FE1B3EBF4DE8AD3E31204CB511CE","JORN_001.mammalGrid.mam","D14","JORN","JORN_001","F9","distributed","shrubScrub",32.605706,-106.803361,"WGS84",45.1,1324.8,0.1,"2 - trap disturbed/door closed but empty",,"2015-09-04","2015-09-04",,,,,,,,,,,,,,,,,,,,,,,,,,,,,,,,,,,,,,,"rolinger@field-ops.org","ewashburne@field-ops.org",,
"edd9d10d-ca4d-4e14-8b4d-0e4fc902c5f8","DCA2FE1B3EBF4DE8AD3E31204CB511CE","JORN_001.mammalGrid.mam","D14","JORN","JORN_001","E2","distributed","shrubScrub",32.605706,-106.803361,"WGS84",45.1,1324.8,0.1,"2 - trap disturbed/door closed but empty",,"2015-09-04","2015-09-04",,,,,,,,,,,,,,,,,,,,,,,,,,,,,,,,,,,,,,,"rolinger@field-ops.org","ewashburne@field-ops.org",,
"9d5e8b47-0c30-4469-9083-541fa7330673","DCA2FE1B3EBF4DE8AD3E31204CB511CE","JORN_001.mammalGrid.mam","D14","JORN","JORN_001","B5","distributed","shrubScrub",32.605706,-106.803361,"WGS84",45.1,1324.8,0.1,"6 - trap set and empty",,"2015-09-04","2015-09-04",,,,,,,,,,,,,,,,,,,,,,,,,,,,,,,,,,,,,,,"rolinger@field-ops.org","ewashburne@field-ops.org",,
"66b4bcab-2ee6-4c9a-ad1b-07dc05ecff8a","DCA2FE1B3EBF4DE8AD3E31204CB511CE","JORN_001.mammalGrid.mam","D14","JORN","JORN_001","J1","distributed","shrubScrub",32.605706,-106.803361,"WGS84",45.1,1324.8,0.1,"6 - trap set and empty",,"2015-09-04","2015-09-04",,,,,,,,,,,,,,,,,,,,,,,,,,,,,,,,,,,,,,,"rolinger@field-ops.org","ewashburne@field-ops.org",,
"a1813164-cbd6-40ed-8f2f-cc5b66266b77","DCA2FE1B3EBF4DE8AD3E31204CB511CE","JORN_001.mammalGrid.mam","D14","JORN","JORN_001","C7","distributed","shrubScrub",32.605706,-106.803361,"WGS84",45.1,1324.8,0.1,"6 - trap set and empty",,"2015-09-04","2015-09-04",,,,,,,,,,,,,,,,,,,,,,,,,,,,,,,,,,,,,,,"rolinger@field-ops.org","ewashburne@field-ops.org",,
"d7a2d648-3029-409b-b479-b89eca8b6eb4","DCA2FE1B3EBF4DE8AD3E31204CB511CE","JORN_001.mammalGrid.mam","D14","JORN","JORN_001","I2","distributed","shrubScrub",32.605706,-106.803361,"WGS84",45.1,1324.8,0.1,"2 - trap disturbed/door closed but empty",,"2015-09-04","2015-09-04",,,,,,,,,,,,,,,,,,,,,,,,,,,,,,,,,,,,,,,"rolinger@field-ops.org","ewashburne@field-ops.org",,
"8e53917f-89a0-45fa-9e51-bfd371336ed3","DCA2FE1B3EBF4DE8AD3E31204CB511CE","JORN_001.mammalGrid.mam","D14","JORN","JORN_001","F8","distributed","shrubScrub",32.605706,-106.803361,"WGS84",45.1,1324.8,0.1,"6 - trap set and empty",,"2015-09-04","2015-09-04",,,,,,,,,,,,,,,,,,,,,,,,,,,,,,,,,,,,,,,"rolinger@field-ops.org","ewashburne@field-ops.org",,
"5600d2a8-46ad-4f87-9ca7-6bfb2a186c3c","DCA2FE1B3EBF4DE8AD3E31204CB511CE","JORN_001.mammalGrid.mam","D14","JORN","JORN_001","G10","distributed","shrubScrub",32.605706,-106.803361,"WGS84",45.1,1324.8,0.1,"6 - trap set and empty",,"2015-09-04","2015-09-04",,,,,,,,,,,,,,,,,,,,,,,,,,,,,,,,,,,,,,,"rolinger@field-ops.org","ewashburne@field-ops.org",,
"f2174c24-ea9c-4a79-8d6f-9f36440e9728","DCA2FE1B3EBF4DE8AD3E31204CB511CE","JORN_001.mammalGrid.mam","D14","JORN","JORN_001","C8","distributed","shrubScrub",32.605706,-106.803361,"WGS84",45.1,1324.8,0.1,"5 - capture",,"2015-09-04","2015-09-04","NEON.MAM.D14.188279",,"CHPE","Chaetodipus penicillatus","species",,"Reid, F. 2006. Peterson Field Guide to Mammals of North America. 4th Ed. Houghton Mifflin Company, New York, NY.","N","F","Y",,,"adult",,"enlarged","pregnant","neither",21,,,,17,,,,,,,,,,,,,,,,,"rolinger@field-ops.org","ewashburne@field-ops.org",,
"41f2d69a-7542-46b6-889f-c96673a94007","DCA2FE1B3EBF4DE8AD3E31204CB511CE","JORN_001.mammalGrid.mam","D14","JORN","JORN_001","A3","distributed","shrubScrub",32.605706,-106.803361,"WGS84",45.1,1324.8,0.1,"6 - trap set and empty",,"2015-09-04","2015-09-04",,,,,,,,,,,,,,,,,,,,,,,,,,,,,,,,,,,,,,,"rolinger@field-ops.org","ewashburne@field-ops.org",,
"7b372b9a-0984-4a38-a464-26931fcdbe2b","DCA2FE1B3EBF4DE8AD3E31204CB511CE","JORN_001.mammalGrid.mam","D14","JORN","JORN_001","J9","distributed","shrubScrub",32.605706,-106.803361,"WGS84",45.1,1324.8,0.1,"6 - trap set and empty",,"2015-09-04","2015-09-04",,,,,,,,,,,,,,,,,,,,,,,,,,,,,,,,,,,,,,,"rolinger@field-ops.org","ewashburne@field-ops.org",,
"a3d91754-32d5-4c42-aa35-e472820c7375","DCA2FE1B3EBF4DE8AD3E31204CB511CE","JORN_001.mammalGrid.mam","D14","JORN","JORN_001","D5","distributed","shrubScrub",32.605706,-106.803361,"WGS84",45.1,1324.8,0.1,"6 - trap set and empty",,"2015-09-04","2015-09-04",,,,,,,,,,,,,,,,,,,,,,,,,,,,,,,,,,,,,,,"rolinger@field-ops.org","ewashburne@field-ops.org",,
"c42b41d9-6713-4a5c-a253-2f4eb558d720","DCA2FE1B3EBF4DE8AD3E31204CB511CE","JORN_001.mammalGrid.mam","D14","JORN","JORN_001","C4","distributed","shrubScrub",32.605706,-106.803361,"WGS84",45.1,1324.8,0.1,"6 - trap set and empty",,"2015-09-04","2015-09-04",,,,,,,,,,,,,,,,,,,,,,,,,,,,,,,,,,,,,,,"rolinger@field-ops.org","ewashburne@field-ops.org",,
"cab40992-7ac5-4604-9b4a-caa1ebaa6248","DCA2FE1B3EBF4DE8AD3E31204CB511CE","JORN_001.mammalGrid.mam","D14","JORN","JORN_001","F7","distributed","shrubScrub",32.605706,-106.803361,"WGS84",45.1,1324.8,0.1,"6 - trap set and empty",,"2015-09-04","2015-09-04",,,,,,,,,,,,,,,,,,,,,,,,,,,,,,,,,,,,,,,"rolinger@field-ops.org","ewashburne@field-ops.org",,
"4109e755-4d85-4107-ae9c-9bd7c5bcfde6","DCA2FE1B3EBF4DE8AD3E31204CB511CE","JORN_001.mammalGrid.mam","D14","JORN","JORN_001","H7","distributed","shrubScrub",32.605706,-106.803361,"WGS84",45.1,1324.8,0.1,"6 - trap set and empty",,"2015-09-04","2015-09-04",,,,,,,,,,,,,,,,,,,,,,,,,,,,,,,,,,,,,,,"rolinger@field-ops.org","ewashburne@field-ops.org",,
"7c62265c-68b7-4161-ba8f-618334d154f3","DCA2FE1B3EBF4DE8AD3E31204CB511CE","JORN_001.mammalGrid.mam","D14","JORN","JORN_001","F3","distributed","shrubScrub",32.605706,-106.803361,"WGS84",45.1,1324.8,0.1,"5 - capture",,"2015-09-04","2015-09-04","NEON.MAM.D14.833799",,"PEFL","Perognathus flavus","species",,"Reid, F. 2006. Peterson Field Guide to Mammals of North America. 4th Ed. Houghton Mifflin Company, New York, NY.","N","M","Y",,,"adult","scrotal",,"not",,16,,,,7,,,,,,,,,,,,,,,,,"rolinger@field-ops.org","ewashburne@field-ops.org",,
"b21415bf-08da-4e99-bff1-dda88f569bd4","DCA2FE1B3EBF4DE8AD3E31204CB511CE","JORN_001.mammalGrid.mam","D14","JORN","JORN_001","D4","distributed","shrubScrub",32.605706,-106.803361,"WGS84",45.1,1324.8,0.1,"6 - trap set and empty",,"2015-09-04","2015-09-04",,,,,,,,,,,,,,,,,,,,,,,,,,,,,,,,,,,,,,,"rolinger@field-ops.org","ewashburne@field-ops.org",,
"30aabce5-e8ed-483c-b8e2-29ae52abaf8f","DCA2FE1B3EBF4DE8AD3E31204CB511CE","JORN_001.mammalGrid.mam","D14","JORN","JORN_001","B1","distributed","shrubScrub",32.605706,-106.803361,"WGS84",45.1,1324.8,0.1,"6 - trap set and empty",,"2015-09-04","2015-09-04",,,,,,,,,,,,,,,,,,,,,,,,,,,,,,,,,,,,,,,"rolinger@field-ops.org","ewashburne@field-ops.org",,
"9b94f973-2880-4aad-b3d9-8bbf3f89e496","DCA2FE1B3EBF4DE8AD3E31204CB511CE","JORN_001.mammalGrid.mam","D14","JORN","JORN_001","D1","distributed","shrubScrub",32.605706,-106.803361,"WGS84",45.1,1324.8,0.1,"5 - capture",,"2015-09-04","2015-09-04","NEON.MAM.D14.R1150",,"DIME","Dipodomys merriami","species",,"Reid, F. 2006. Peterson Field Guide to Mammals of North America. 4th Ed. Houghton Mifflin Company, New York, NY.","N","F","Y",,,"adult",,"nonenlarged","not","swollen",38,,,,36,,,,,,,,,,,,,,,,,"rolinger@field-ops.org","ewashburne@field-ops.org",,
"c8707677-f843-446a-89db-0f6773eaae0e","DCA2FE1B3EBF4DE8AD3E31204CB511CE","JORN_001.mammalGrid.mam","D14","JORN","JORN_001","A6","distributed","shrubScrub",32.605706,-106.803361,"WGS84",45.1,1324.8,0.1,"5 - capture",,"2015-09-04","2015-09-04","NEON.MAM.D14.187868",,"CHPE","Chaetodipus penicillatus","species",,"Reid, F. 2006. Peterson Field Guide to Mammals of North America. 4th Ed. Houghton Mifflin Company, New York, NY.","N","F","Y",,,"adult",,"enlarged","not","neither",21,,,,15,,,,,,,,,,,,,,,,,"rolinger@field-ops.org","ewashburne@field-ops.org",,
"7b874e9c-8b6f-4247-a320-c7d95a69fe74","DCA2FE1B3EBF4DE8AD3E31204CB511CE","JORN_001.mammalGrid.mam","D14","JORN","JORN_001","G1","distributed","shrubScrub",32.605706,-106.803361,"WGS84",45.1,1324.8,0.1,"5 - capture",,"2015-09-04","2015-09-04","NEON.MAM.D14.833842",,"CHPE","Chaetodipus penicillatus","species",,"Reid, F. 2006. Peterson Field Guide to Mammals of North America. 4th Ed. Houghton Mifflin Company, New York, NY.","N","M","N",,,"subadult","nonscrotal",,"not",,20,6,84,152,10,,,,,,,,,,,,,,,,,"rolinger@field-ops.org","ewashburne@field-ops.org",,
"95c50db2-1977-4c29-bd34-91ae9bdcc9a0","DCA2FE1B3EBF4DE8AD3E31204CB511CE","JORN_001.mammalGrid.mam","D14","JORN","JORN_001","D7","distributed","shrubScrub",32.605706,-106.803361,"WGS84",45.1,1324.8,0.1,"6 - trap set and empty",,"2015-09-04","2015-09-04",,,,,,,,,,,,,,,,,,,,,,,,,,,,,,,,,,,,,,,"rolinger@field-ops.org","ewashburne@field-ops.org",,
"c51f26b0-9c93-4fb4-8f26-e1483c1d965e","DCA2FE1B3EBF4DE8AD3E31204CB511CE","JORN_001.mammalGrid.mam","D14","JORN","JORN_001","I8","distributed","shrubScrub",32.605706,-106.803361,"WGS84",45.1,1324.8,0.1,"6 - trap set and empty",,"2015-09-04","2015-09-04",,,,,,,,,,,,,,,,,,,,,,,,,,,,,,,,,,,,,,,"rolinger@field-ops.org","ewashburne@field-ops.org",,
"22080054-e0ff-437e-8b9e-a4c712222628","DCA2FE1B3EBF4DE8AD3E31204CB511CE","JORN_001.mammalGrid.mam","D14","JORN","JORN_001","A8","distributed","shrubScrub",32.605706,-106.803361,"WGS84",45.1,1324.8,0.1,"2 - trap disturbed/door closed but empty",,"2015-09-04","2015-09-04",,,,,,,,,,,,,,,,,,,,,,,,,,,,,,,,,,,,,,,"rolinger@field-ops.org","ewashburne@field-ops.org",,
"40c792cd-d231-45f2-944d-065bfcfce740","DCA2FE1B3EBF4DE8AD3E31204CB511CE","JORN_001.mammalGrid.mam","D14","JORN","JORN_001","H8","distributed","shrubScrub",32.605706,-106.803361,"WGS84",45.1,1324.8,0.1,"6 - trap set and empty",,"2015-09-04","2015-09-04",,,,,,,,,,,,,,,,,,,,,,,,,,,,,,,,,,,,,,,"rolinger@field-ops.org","ewashburne@field-ops.org",,
"3ae5aad0-0452-4d84-b94b-a951494a8b88","DCA2FE1B3EBF4DE8AD3E31204CB511CE","JORN_001.mammalGrid.mam","D14","JORN","JORN_001","I5","distributed","shrubScrub",32.605706,-106.803361,"WGS84",45.1,1324.8,0.1,"5 - capture",,"2015-09-04","2015-09-04","NEON.MAM.D14.R1250",,"DIME","Dipodomys merriami","species",,"Reid, F. 2006. Peterson Field Guide to Mammals of North America. 4th Ed. Houghton Mifflin Company, New York, NY.","N","M","Y",,,"adult","scrotal",,"not",,35,,,,45,,,,,,,,,,,,,,,,,"rolinger@field-ops.org","ewashburne@field-ops.org",,
"3b9e73f1-60df-450f-80a8-0267162ab951","DCA2FE1B3EBF4DE8AD3E31204CB511CE","JORN_001.mammalGrid.mam","D14","JORN","JORN_001","F4","distributed","shrubScrub",32.605706,-106.803361,"WGS84",45.1,1324.8,0.1,"6 - trap set and empty",,"2015-09-04","2015-09-04",,,,,,,,,,,,,,,,,,,,,,,,,,,,,,,,,,,,,,,"rolinger@field-ops.org","ewashburne@field-ops.org",,
"c889acd6-58eb-49e5-aa66-ba4a3e07c8c8","DCA2FE1B3EBF4DE8AD3E31204CB511CE","JORN_001.mammalGrid.mam","D14","JORN","JORN_001","H5","distributed","shrubScrub",32.605706,-106.803361,"WGS84",45.1,1324.8,0.1,"5 - capture",,"2015-09-04","2015-09-04","NEON.MAM.D14.188951",,"CHPE","Chaetodipus penicillatus","species",,"Reid, F. 2006. Peterson Field Guide to Mammals of North America. 4th Ed. Houghton Mifflin Company, New York, NY.","N","F","Y",,,"adult",,"enlarged","pregnant","neither",20,,,,14,,,,,,,,,,,,,,,,,"rolinger@field-ops.org","ewashburne@field-ops.org",,
"55de3f8f-1c77-4077-b5ce-36763d10968a","DCA2FE1B3EBF4DE8AD3E31204CB511CE","JORN_001.mammalGrid.mam","D14","JORN","JORN_001","I10","distributed","shrubScrub",32.605706,-106.803361,"WGS84",45.1,1324.8,0.1,"6 - trap set and empty",,"2015-09-04","2015-09-04",,,,,,,,,,,,,,,,,,,,,,,,,,,,,,,,,,,,,,,"rolinger@field-ops.org","ewashburne@field-ops.org",,
"e2d066d9-9ff3-4801-b4e3-04e059bce2ef","DCA2FE1B3EBF4DE8AD3E31204CB511CE","JORN_001.mammalGrid.mam","D14","JORN","JORN_001","A10","distributed","shrubScrub",32.605706,-106.803361,"WGS84",45.1,1324.8,0.1,"5 - capture",,"2015-09-04","2015-09-04","NEON.MAM.D14.R1236",,"DIOR","Dipodomys ordii","species",,"Reid, F. 2006. Peterson Field Guide to Mammals of North America. 4th Ed. Houghton Mifflin Company, New York, NY.","N","F","Y",,,"adult",,"nonenlarged","not","neither",33,,,,49,,,,,,,,,,,,,,,,,"rolinger@field-ops.org","ewashburne@field-ops.org",,
"a163c929-3854-4582-89f6-0dea1fba34e5","DCA2FE1B3EBF4DE8AD3E31204CB511CE","JORN_001.mammalGrid.mam","D14","JORN","JORN_001","E4","distributed","shrubScrub",32.605706,-106.803361,"WGS84",45.1,1324.8,0.1,"6 - trap set and empty",,"2015-09-04","2015-09-04",,,,,,,,,,,,,,,,,,,,,,,,,,,,,,,,,,,,,,,"rolinger@field-ops.org","ewashburne@field-ops.org",,
"65d2baf4-9ea0-42c8-8204-176ce749471d","DCA2FE1B3EBF4DE8AD3E31204CB511CE","JORN_001.mammalGrid.mam","D14","JORN","JORN_001","A5","distributed","shrubScrub",32.605706,-106.803361,"WGS84",45.1,1324.8,0.1,"6 - trap set and empty",,"2015-09-04","2015-09-04",,,,,,,,,,,,,,,,,,,,,,,,,,,,,,,,,,,,,,,"rolinger@field-ops.org","ewashburne@field-ops.org",,
"ccab70cd-3cf9-4099-9e33-0b811f1319ae","DCA2FE1B3EBF4DE8AD3E31204CB511CE","JORN_001.mammalGrid.mam","D14","JORN","JORN_001","E3","distributed","shrubScrub",32.605706,-106.803361,"WGS84",45.1,1324.8,0.1,"6 - trap set and empty",,"2015-09-04","2015-09-04",,,,,,,,,,,,,,,,,,,,,,,,,,,,,,,,,,,,,,,"rolinger@field-ops.org","ewashburne@field-ops.org",,
"f1754e7c-1b94-4c02-a929-6ca018aa9ed3","DCA2FE1B3EBF4DE8AD3E31204CB511CE","JORN_001.mammalGrid.mam","D14","JORN","JORN_001","E9","distributed","shrubScrub",32.605706,-106.803361,"WGS84",45.1,1324.8,0.1,"6 - trap set and empty",,"2015-09-04","2015-09-04",,,,,,,,,,,,,,,,,,,,,,,,,,,,,,,,,,,,,,,"rolinger@field-ops.org","ewashburne@field-ops.org",,
"9875e5e6-9e22-446e-9c0b-fdfbe3a53405","DCA2FE1B3EBF4DE8AD3E31204CB511CE","JORN_001.mammalGrid.mam","D14","JORN","JORN_001","G3","distributed","shrubScrub",32.605706,-106.803361,"WGS84",45.1,1324.8,0.1,"6 - trap set and empty",,"2015-09-04","2015-09-04",,,,,,,,,,,,,,,,,,,,,,,,,,,,,,,,,,,,,,,"rolinger@field-ops.org","ewashburne@field-ops.org",,
"ecdfafaf-a2d1-48f3-8a5f-b1ec9eb677c4","DCA2FE1B3EBF4DE8AD3E31204CB511CE","JORN_001.mammalGrid.mam","D14","JORN","JORN_001","H6","distributed","shrubScrub",32.605706,-106.803361,"WGS84",45.1,1324.8,0.1,"6 - trap set and empty",,"2015-09-04","2015-09-04",,,,,,,,,,,,,,,,,,,,,,,,,,,,,,,,,,,,,,,"rolinger@field-ops.org","ewashburne@field-ops.org",,
"1572b4d5-7830-4c04-8f7c-7b84e9bb3837","DCA2FE1B3EBF4DE8AD3E31204CB511CE","JORN_001.mammalGrid.mam","D14","JORN","JORN_001","H3","distributed","shrubScrub",32.605706,-106.803361,"WGS84",45.1,1324.8,0.1,"5 - capture",,"2015-09-04","2015-09-04","NEON.MAM.D14.148931",,"CHPE","Chaetodipus penicillatus","species",,"Reid, F. 2006. Peterson Field Guide to Mammals of North America. 4th Ed. Houghton Mifflin Company, New York, NY.","N","M","Y",,,"adult","scrotal",,"not",,22,,,,16,,,,,,,,,,,,,,,,,"rolinger@field-ops.org","ewashburne@field-ops.org",,
"f55e0e45-f4a8-4f00-9f9f-742a82b51fa7","DCA2FE1B3EBF4DE8AD3E31204CB511CE","JORN_001.mammalGrid.mam","D14","JORN","JORN_001","F2","distributed","shrubScrub",32.605706,-106.803361,"WGS84",45.1,1324.8,0.1,"6 - trap set and empty",,"2015-09-04","2015-09-04",,,,,,,,,,,,,,,,,,,,,,,,,,,,,,,,,,,,,,,"rolinger@field-ops.org","ewashburne@field-ops.org",,
"84740b39-1af7-484f-9006-e8ff202a8ad7","DCA2FE1B3EBF4DE8AD3E31204CB511CE","JORN_001.mammalGrid.mam","D14","JORN","JORN_001","F5","distributed","shrubScrub",32.605706,-106.803361,"WGS84",45.1,1324.8,0.1,"6 - trap set and empty",,"2015-09-04","2015-09-04",,,,,,,,,,,,,,,,,,,,,,,,,,,,,,,,,,,,,,,"rolinger@field-ops.org","ewashburne@field-ops.org",,
"c3c09e04-525c-4f60-9a94-aa490db043cf","DCA2FE1B3EBF4DE8AD3E31204CB511CE","JORN_001.mammalGrid.mam","D14","JORN","JORN_001","B4","distributed","shrubScrub",32.605706,-106.803361,"WGS84",45.1,1324.8,0.1,"6 - trap set and empty",,"2015-09-04","2015-09-04",,,,,,,,,,,,,,,,,,,,,,,,,,,,,,,,,,,,,,,"rolinger@field-ops.org","ewashburne@field-ops.org",,
"78f4dbc7-e7b1-4a65-9de7-bfdf0031d372","DCA2FE1B3EBF4DE8AD3E31204CB511CE","JORN_001.mammalGrid.mam","D14","JORN","JORN_001","H9","distributed","shrubScrub",32.605706,-106.803361,"WGS84",45.1,1324.8,0.1,"6 - trap set and empty",,"2015-09-04","2015-09-04",,,,,,,,,,,,,,,,,,,,,,,,,,,,,,,,,,,,,,,"rolinger@field-ops.org","ewashburne@field-ops.org",,
"a0390de3-9188-466a-ace0-4b767dc7ec88","DCA2FE1B3EBF4DE8AD3E31204CB511CE","JORN_001.mammalGrid.mam","D14","JORN","JORN_001","C3","distributed","shrubScrub",32.605706,-106.803361,"WGS84",45.1,1324.8,0.1,"6 - trap set and empty",,"2015-09-04","2015-09-04",,,,,,,,,,,,,,,,,,,,,,,,,,,,,,,,,,,,,,,"rolinger@field-ops.org","ewashburne@field-ops.org",,
"42c8a47b-eaba-4a46-95ec-c75a38493c2f","DCA2FE1B3EBF4DE8AD3E31204CB511CE","JORN_001.mammalGrid.mam","D14","JORN","JORN_001","F1","distributed","shrubScrub",32.605706,-106.803361,"WGS84",45.1,1324.8,0.1,"6 - trap set and empty",,"2015-09-04","2015-09-04",,,,,,,,,,,,,,,,,,,,,,,,,,,,,,,,,,,,,,,"rolinger@field-ops.org","ewashburne@field-ops.org",,
"41228067-7e74-45d6-afb1-8fbfb5cb9ab5","DCA2FE1B3EBF4DE8AD3E31204CB511CE","JORN_001.mammalGrid.mam","D14","JORN","JORN_001","H2","distributed","shrubScrub",32.605706,-106.803361,"WGS84",45.1,1324.8,0.1,"6 - trap set and empty",,"2015-09-04","2015-09-04",,,,,,,,,,,,,,,,,,,,,,,,,,,,,,,,,,,,,,,"rolinger@field-ops.org","ewashburne@field-ops.org",,
"a0de9ff8-efdb-4488-861c-29b878988091","DCA2FE1B3EBF4DE8AD3E31204CB511CE","JORN_001.mammalGrid.mam","D14","JORN","JORN_001","I9","distributed","shrubScrub",32.605706,-106.803361,"WGS84",45.1,1324.8,0.1,"6 - trap set and empty",,"2015-09-04","2015-09-04",,,,,,,,,,,,,,,,,,,,,,,,,,,,,,,,,,,,,,,"rolinger@field-ops.org","ewashburne@field-ops.org",,
"3ddb03e0-398d-4532-8008-62579edd87b7","DCA2FE1B3EBF4DE8AD3E31204CB511CE","JORN_001.mammalGrid.mam","D14","JORN","JORN_001","J6","distributed","shrubScrub",32.605706,-106.803361,"WGS84",45.1,1324.8,0.1,"5 - capture",,"2015-09-04","2015-09-04","NEON.MAM.D14.R1089",,"DIOR","Dipodomys ordii","species",,"Reid, F. 2006. Peterson Field Guide to Mammals of North America. 4th Ed. Houghton Mifflin Company, New York, NY.","N","M","Y",,,"adult","scrotal",,"not",,35,,,,51,,,,,,,,,,,,,,,,,"rolinger@field-ops.org","ewashburne@field-ops.org",,
"e7115917-785f-4429-827d-9ee7cd137ec0","DCA2FE1B3EBF4DE8AD3E31204CB511CE","JORN_001.mammalGrid.mam","D14","JORN","JORN_001","I4","distributed","shrubScrub",32.605706,-106.803361,"WGS84",45.1,1324.8,0.1,"5 - capture",,"2015-09-04","2015-09-04","NEON.MAM.D14.R1153",,"DIOR","Dipodomys ordii","species",,"Reid, F. 2006. Peterson Field Guide to Mammals of North America. 4th Ed. Houghton Mifflin Company, New York, NY.","N","F","Y",,,"adult",,"nonenlarged","not","neither",34,,,,52,,,,,,,,,,,,,,,,,"rolinger@field-ops.org","ewashburne@field-ops.org",,
"b69baad2-1437-4468-87c1-4a609d057513","DCA2FE1B3EBF4DE8AD3E31204CB511CE","JORN_001.mammalGrid.mam","D14","JORN","JORN_001","I1","distributed","shrubScrub",32.605706,-106.803361,"WGS84",45.1,1324.8,0.1,"2 - trap disturbed/door closed but empty",,"2015-09-04","2015-09-04",,,,,,,,,,,,,,,,,,,,,,,,,,,,,,,,,,,,,,,"rolinger@field-ops.org","ewashburne@field-ops.org",,
"4c89107b-b16c-4494-9a52-c37fa02105e2","DCA2FE1B3EBF4DE8AD3E31204CB511CE","JORN_001.mammalGrid.mam","D14","JORN","JORN_001","E10","distributed","shrubScrub",32.605706,-106.803361,"WGS84",45.1,1324.8,0.1,"6 - trap set and empty",,"2015-09-04","2015-09-04",,,,,,,,,,,,,,,,,,,,,,,,,,,,,,,,,,,,,,,"rolinger@field-ops.org","ewashburne@field-ops.org",,
"899bb0f0-9983-47f2-ad0c-d30db663d7e2","DCA2FE1B3EBF4DE8AD3E31204CB511CE","JORN_001.mammalGrid.mam","D14","JORN","JORN_001","H1","distributed","shrubScrub",32.605706,-106.803361,"WGS84",45.1,1324.8,0.1,"5 - capture",,"2015-09-04","2015-09-04","NEON.MAM.D14.R1252",,"DIOR","Dipodomys ordii","species",,"Reid, F. 2006. Peterson Field Guide to Mammals of North America. 4th Ed. Houghton Mifflin Company, New York, NY.","N","M","Y",,,"adult","scrotal",,"not",,37,,,,56,,,,,,,,,,,,,,,,,"rolinger@field-ops.org","ewashburne@field-ops.org",,
"ae648d34-a68c-4fc2-9f41-90c1b521c457","DCA2FE1B3EBF4DE8AD3E31204CB511CE","JORN_001.mammalGrid.mam","D14","JORN","JORN_001","F10","distributed","shrubScrub",32.605706,-106.803361,"WGS84",45.1,1324.8,0.1,"5 - capture",,"2015-09-04","2015-09-04","NEON.MAM.D14.R1247",,"DIOR","Dipodomys ordii","species",,"Reid, F. 2006. Peterson Field Guide to Mammals of North America. 4th Ed. Houghton Mifflin Company, New York, NY.","N","F","Y",,,"adult",,"nonenlarged","pregnant","neither",36,,,,49,,,,,,,,,,,,,,,,,"rolinger@field-ops.org","ewashburne@field-ops.org",,
"6e6c66a0-ec44-4242-91ce-9f704b8861aa","DCA2FE1B3EBF4DE8AD3E31204CB511CE","JORN_001.mammalGrid.mam","D14","JORN","JORN_001","B6","distributed","shrubScrub",32.605706,-106.803361,"WGS84",45.1,1324.8,0.1,"6 - trap set and empty",,"2015-09-04","2015-09-04",,,,,,,,,,,,,,,,,,,,,,,,,,,,,,,,,,,,,,,"rolinger@field-ops.org","ewashburne@field-ops.org",,
"ab90d5fb-99c9-4c37-8b73-59fed2ee4caa","DCA2FE1B3EBF4DE8AD3E31204CB511CE","JORN_001.mammalGrid.mam","D14","JORN","JORN_001","D8","distributed","shrubScrub",32.605706,-106.803361,"WGS84",45.1,1324.8,0.1,"2 - trap disturbed/door closed but empty",,"2015-09-04","2015-09-04",,,,,,,,,,,,,,,,,,,,,,,,,,,,,,,,,,,,,,,"rolinger@field-ops.org","ewashburne@field-ops.org",,
"ab1f340e-0269-4b3b-9fed-01ad68291ece","DCA2FE1B3EBF4DE8AD3E31204CB511CE","JORN_001.mammalGrid.mam","D14","JORN","JORN_001","E6","distributed","shrubScrub",32.605706,-106.803361,"WGS84",45.1,1324.8,0.1,"6 - trap set and empty",,"2015-09-04","2015-09-04",,,,,,,,,,,,,,,,,,,,,,,,,,,,,,,,,,,,,,,"rolinger@field-ops.org","ewashburne@field-ops.org",,
"efddc398-8bf2-472a-83c8-b8ac51be8354","DCA2FE1B3EBF4DE8AD3E31204CB511CE","JORN_001.mammalGrid.mam","D14","JORN","JORN_001","B9","distributed","shrubScrub",32.605706,-106.803361,"WGS84",45.1,1324.8,0.1,"5 - capture",,"2015-09-04","2015-09-04","NEON.MAM.D14.833679",,"CHPE","Chaetodipus penicillatus","species",,"Reid, F. 2006. Peterson Field Guide to Mammals of North America. 4th Ed. Houghton Mifflin Company, New York, NY.","N","F","Y",,,"adult",,"enlarged","pregnant","neither",20,,,,14,,,,,,,,,,,,,,,,,"rolinger@field-ops.org","ewashburne@field-ops.org",,
"c52eddef-753a-4cff-983d-bd27d7293f22","DCA2FE1B3EBF4DE8AD3E31204CB511CE","JORN_001.mammalGrid.mam","D14","JORN","JORN_001","D2","distributed","shrubScrub",32.605706,-106.803361,"WGS84",45.1,1324.8,0.1,"6 - trap set and empty",,"2015-09-04","2015-09-04",,,,,,,,,,,,,,,,,,,,,,,,,,,,,,,,,,,,,,,"rolinger@field-ops.org","ewashburne@field-ops.org",,
"782051da-b9a9-4b6a-ae75-0b62848ba272","DCA2FE1B3EBF4DE8AD3E31204CB511CE","JORN_001.mammalGrid.mam","D14","JORN","JORN_001","C10","distributed","shrubScrub",32.605706,-106.803361,"WGS84",45.1,1324.8,0.1,"2 - trap disturbed/door closed but empty",,"2015-09-04","2015-09-04",,,,,,,,,,,,,,,,,,,,,,,,,,,,,,,,,,,,,,,"rolinger@field-ops.org","ewashburne@field-ops.org",,
"7db42211-7e0f-4536-9c95-00a9f9037d7a","DCA2FE1B3EBF4DE8AD3E31204CB511CE","JORN_001.mammalGrid.mam","D14","JORN","JORN_001","B8","distributed","shrubScrub",32.605706,-106.803361,"WGS84",45.1,1324.8,0.1,"5 - capture",,"2015-09-04","2015-09-04","NEON.MAM.D14.R1272",,"ONLE","Onychomys leucogaster","species",,"Reid, F. 2006. Peterson Field Guide to Mammals of North America. 4th Ed. Houghton Mifflin Company, New York, NY.","N","F","Y",,,"adult",,"nonenlarged","pregnant","neither",21,,,,32,,,,,,,,,,,,,,,,,"rolinger@field-ops.org","ewashburne@field-ops.org",,
"ea2eab68-b52c-4a2a-bdf6-829f9ef40649","DCA2FE1B3EBF4DE8AD3E31204CB511CE","JORN_001.mammalGrid.mam","D14","JORN","JORN_001","H10","distributed","shrubScrub",32.605706,-106.803361,"WGS84",45.1,1324.8,0.1,"6 - trap set and empty",,"2015-09-04","2015-09-04",,,,,,,,,,,,,,,,,,,,,,,,,,,,,,,,,,,,,,,"rolinger@field-ops.org","ewashburne@field-ops.org",,
"19e3a337-887e-4831-86b6-c608f84e558f","DCA2FE1B3EBF4DE8AD3E31204CB511CE","JORN_001.mammalGrid.mam","D14","JORN","JORN_001","J2","distributed","shrubScrub",32.605706,-106.803361,"WGS84",45.1,1324.8,0.1,"6 - trap set and empty",,"2015-09-04","2015-09-04",,,,,,,,,,,,,,,,,,,,,,,,,,,,,,,,,,,,,,,"rolinger@field-ops.org","ewashburne@field-ops.org",,
"28586164-79c7-4ec5-89fd-61f77551a133","DCA2FE1B3EBF4DE8AD3E31204CB511CE","JORN_001.mammalGrid.mam","D14","JORN","JORN_001","E1","distributed","shrubScrub",32.605706,-106.803361,"WGS84",45.1,1324.8,0.1,"5 - capture",,"2015-09-04","2015-09-04","NEON.MAM.D14.R1242",,"DIME","Dipodomys merriami","species",,"Reid, F. 2006. Peterson Field Guide to Mammals of North America. 4th Ed. Houghton Mifflin Company, New York, NY.","N","M","Y",,,"adult","scrotal",,"not",,37,,,,41,,,,,,,,,,,,,,,,,"rolinger@field-ops.org","ewashburne@field-ops.org",,
"67b82c2f-a56c-45d5-b2f4-4bdefb71e37d","DCA2FE1B3EBF4DE8AD3E31204CB511CE","JORN_001.mammalGrid.mam","D14","JORN","JORN_001","G2","distributed","shrubScrub",32.605706,-106.803361,"WGS84",45.1,1324.8,0.1,"5 - capture",,"2015-09-04","2015-09-04","NEON.MAM.D14.R1099",,"DIOR","Dipodomys ordii","species",,"Reid, F. 2006. Peterson Field Guide to Mammals of North America. 4th Ed. Houghton Mifflin Company, New York, NY.","N","F","Y",,,"adult",,"nonenlarged","pregnant","plugged",34,,,,45,,,,,,,,,,,,,,,,,"rolinger@field-ops.org","ewashburne@field-ops.org",,
"886c6ff6-f2c9-4460-8204-ea5ffb704bce","DCA2FE1B3EBF4DE8AD3E31204CB511CE","JORN_001.mammalGrid.mam","D14","JORN","JORN_001","J3","distributed","shrubScrub",32.605706,-106.803361,"WGS84",45.1,1324.8,0.1,"6 - trap set and empty",,"2015-09-04","2015-09-04",,,,,,,,,,,,,,,,,,,,,,,,,,,,,,,,,,,,,,,"rolinger@field-ops.org","ewashburne@field-ops.org",,
"a10bbf99-b6ed-4a26-a4fb-88524ffffd73","DCA2FE1B3EBF4DE8AD3E31204CB511CE","JORN_001.mammalGrid.mam","D14","JORN","JORN_001","I7","distributed","shrubScrub",32.605706,-106.803361,"WGS84",45.1,1324.8,0.1,"5 - capture",,"2015-09-04","2015-09-04","NEON.MAM.D14.909231",,"CHPE","Chaetodipus penicillatus","species",,"Reid, F. 2006. Peterson Field Guide to Mammals of North America. 4th Ed. Houghton Mifflin Company, New York, NY.","N","F","Y",,,"adult",,"enlarged","pregnant","neither",20,,,,15,,,,,,,,,,,,,,,,,"rolinger@field-ops.org","ewashburne@field-ops.org",,
"f31a9144-7405-4a08-a9e7-50920e03ab73","DCA2FE1B3EBF4DE8AD3E31204CB511CE","JORN_001.mammalGrid.mam","D14","JORN","JORN_001","G9","distributed","shrubScrub",32.605706,-106.803361,"WGS84",45.1,1324.8,0.1,"5 - capture",,"2015-09-04","2015-09-04","NEON.MAM.D14.809605",,"CHPE","Chaetodipus penicillatus","species",,"Reid, F. 2006. Peterson Field Guide to Mammals of North America. 4th Ed. Houghton Mifflin Company, New York, NY.","N","F","Y",,,"adult",,"enlarged","pregnant","neither",20,,,,12,,,,,,,,,,,,,,,,,"rolinger@field-ops.org","ewashburne@field-ops.org",,
"8856039f-5846-4b69-b109-96043e043501","DCA2FE1B3EBF4DE8AD3E31204CB511CE","JORN_001.mammalGrid.mam","D14","JORN","JORN_001","G4","distributed","shrubScrub",32.605706,-106.803361,"WGS84",45.1,1324.8,0.1,"5 - capture",,"2015-09-04","2015-09-04","NEON.MAM.D14.299391",,"PEFL","Perognathus flavus","species",,"Reid, F. 2006. Peterson Field Guide to Mammals of North America. 4th Ed. Houghton Mifflin Company, New York, NY.","N","M","Y",,,"adult","scrotal",,"not",,14,,,,7,,,,,,,,,,,,,,,,,"rolinger@field-ops.org","ewashburne@field-ops.org",,
"c91faab4-bed7-49db-84e0-7815a3ea497f","DCA2FE1B3EBF4DE8AD3E31204CB511CE","JORN_001.mammalGrid.mam","D14","JORN","JORN_001","B7","distributed","shrubScrub",32.605706,-106.803361,"WGS84",45.1,1324.8,0.1,"6 - trap set and empty",,"2015-09-04","2015-09-04",,,,,,,,,,,,,,,,,,,,,,,,,,,,,,,,,,,,,,,"rolinger@field-ops.org","ewashburne@field-ops.org",,
"e2432822-9484-4f2c-883a-48e250e88926","DCA2FE1B3EBF4DE8AD3E31204CB511CE","JORN_001.mammalGrid.mam","D14","JORN","JORN_001","C9","distributed","shrubScrub",32.605706,-106.803361,"WGS84",45.1,1324.8,0.1,"6 - trap set and empty",,"2015-09-04","2015-09-04",,,,,,,,,,,,,,,,,,,,,,,,,,,,,,,,,,,,,,,"rolinger@field-ops.org","ewashburne@field-ops.org",,
"a6cc7396-e96e-4b23-ae19-86a05e700e3d","DCA2FE1B3EBF4DE8AD3E31204CB511CE","JORN_001.mammalGrid.mam","D14","JORN","JORN_001","A2","distributed","shrubScrub",32.605706,-106.803361,"WGS84",45.1,1324.8,0.1,"6 - trap set and empty",,"2015-09-04","2015-09-04",,,,,,,,,,,,,,,,,,,,,,,,,,,,,,,,,,,,,,,"rolinger@field-ops.org","ewashburne@field-ops.org",,
"df9f5200-7316-4f50-8bf5-533f763aa17d","DCA2FE1B3EBF4DE8AD3E31204CB511CE","JORN_001.mammalGrid.mam","D14","JORN","JORN_001","G5","distributed","shrubScrub",32.605706,-106.803361,"WGS84",45.1,1324.8,0.1,"2 - trap disturbed/door closed but empty",,"2015-09-04","2015-09-04",,,,,,,,,,,,,,,,,,,,,,,,,,,,,,,,,,,,,,,"rolinger@field-ops.org","ewashburne@field-ops.org",,
"5534526b-50c5-4e41-b566-9b1b492a32bb","DCA2FE1B3EBF4DE8AD3E31204CB511CE","JORN_001.mammalGrid.mam","D14","JORN","JORN_001","D10","distributed","shrubScrub",32.605706,-106.803361,"WGS84",45.1,1324.8,0.1,"5 - capture",,"2015-09-04","2015-09-04","NEON.MAM.D14.808313",,"CHPE","Chaetodipus penicillatus","species",,"Reid, F. 2006. Peterson Field Guide to Mammals of North America. 4th Ed. Houghton Mifflin Company, New York, NY.","N","M","Y",,,"adult","scrotal",,"not",,21,,,,16,,,,,,,,,,,,,,,,,"rolinger@field-ops.org","ewashburne@field-ops.org",,
"2b2fe1ac-ec50-4e96-a833-1b5fe98d9bd6","DCA2FE1B3EBF4DE8AD3E31204CB511CE","JORN_001.mammalGrid.mam","D14","JORN","JORN_001","H4","distributed","shrubScrub",32.605706,-106.803361,"WGS84",45.1,1324.8,0.1,"6 - trap set and empty",,"2015-09-04","2015-09-04",,,,,,,,,,,,,,,,,,,,,,,,,,,,,,,,,,,,,,,"rolinger@field-ops.org","ewashburne@field-ops.org",,
"c000a6ee-b0c2-4a8c-81d4-e4b3e208b8db","DCA2FE1B3EBF4DE8AD3E31204CB511CE","JORN_001.mammalGrid.mam","D14","JORN","JORN_001","E8","distributed","shrubScrub",32.605706,-106.803361,"WGS84",45.1,1324.8,0.1,"6 - trap set and empty",,"2015-09-04","2015-09-04",,,,,,,,,,,,,,,,,,,,,,,,,,,,,,,,,,,,,,,"rolinger@field-ops.org","ewashburne@field-ops.org",,
"e488fa7b-c4d0-4c98-bf14-9a804e1afd4c","DCA2FE1B3EBF4DE8AD3E31204CB511CE","JORN_001.mammalGrid.mam","D14","JORN","JORN_001","E7","distributed","shrubScrub",32.605706,-106.803361,"WGS84",45.1,1324.8,0.1,"6 - trap set and empty",,"2015-09-04","2015-09-04",,,,,,,,,,,,,,,,,,,,,,,,,,,,,,,,,,,,,,,"rolinger@field-ops.org","ewashburne@field-ops.org",,
"0f14edec-f526-4e74-8a03-5196882c5f3a","DCA2FE1B3EBF4DE8AD3E31204CB511CE","JORN_001.mammalGrid.mam","D14","JORN","JORN_001","G6","distributed","shrubScrub",32.605706,-106.803361,"WGS84",45.1,1324.8,0.1,"5 - capture",,"2015-09-04","2015-09-04","NEON.MAM.D14.OJORN_001G620150904",,"CHPE","Chaetodipus penicillatus","species",,"Reid, F. 2006. Peterson Field Guide to Mammals of North America. 4th Ed. Houghton Mifflin Company, New York, NY.","N","F","N","dead",,"adult",,"enlarged","not","neither",,,,,,,,,,,,,,,,,,,,"JORN.20150904.OJORN_001G620150904.V",,"rolinger@field-ops.org","ewashburne@field-ops.org","CHPE was found dead in trap completely covered in ants",
"164cdf96-3d87-4732-9623-d7f6db6fbe69","DCA2FE1B3EBF4DE8AD3E31204CB511CE","JORN_001.mammalGrid.mam","D14","JORN","JORN_001","C2","distributed","shrubScrub",32.605706,-106.803361,"WGS84",45.1,1324.8,0.1,"6 - trap set and empty",,"2015-09-04","2015-09-04",,,,,,,,,,,,,,,,,,,,,,,,,,,,,,,,,,,,,,,"rolinger@field-ops.org","ewashburne@field-ops.org",,
"485b27d2-294a-4eb0-bc81-fa25aa8adbef","DCA2FE1B3EBF4DE8AD3E31204CB511CE","JORN_001.mammalGrid.mam","D14","JORN","JORN_001","G7","distributed","shrubScrub",32.605706,-106.803361,"WGS84",45.1,1324.8,0.1,"6 - trap set and empty",,"2015-09-04","2015-09-04",,,,,,,,,,,,,,,,,,,,,,,,,,,,,,,,,,,,,,,"rolinger@field-ops.org","ewashburne@field-ops.org",,
"b07f9a68-403a-4534-84fb-7d2827a6af35","DCA2FE1B3EBF4DE8AD3E31204CB511CE","JORN_001.mammalGrid.mam","D14","JORN","JORN_001","B10","distributed","shrubScrub",32.605706,-106.803361,"WGS84",45.1,1324.8,0.1,"5 - capture",,"2015-09-04","2015-09-04","NEON.MAM.D14.R1154",,"DIOR","Dipodomys ordii","species",,"Reid, F. 2006. Peterson Field Guide to Mammals of North America. 4th Ed. Houghton Mifflin Company, New York, NY.","N","M","Y",,,"adult","scrotal",,"not",,35,,,,53,,,,,,,,,,,,,,,,,"rolinger@field-ops.org","ewashburne@field-ops.org",,
"81a2902b-d530-4b7a-a38e-175232eb1cc4","DCA2FE1B3EBF4DE8AD3E31204CB511CE","JORN_001.mammalGrid.mam","D14","JORN","JORN_001","D6","distributed","shrubScrub",32.605706,-106.803361,"WGS84",45.1,1324.8,0.1,"6 - trap set and empty",,"2015-09-04","2015-09-04",,,,,,,,,,,,,,,,,,,,,,,,,,,,,,,,,,,,,,,"rolinger@field-ops.org","ewashburne@field-ops.org",,
"d4e44b42-d5a1-4016-8f57-6e014b6b00d1","DCA2FE1B3EBF4DE8AD3E31204CB511CE","JORN_001.mammalGrid.mam","D14","JORN","JORN_001","B3","distributed","shrubScrub",32.605706,-106.803361,"WGS84",45.1,1324.8,0.1,"6 - trap set and empty",,"2015-09-04","2015-09-04",,,,,,,,,,,,,,,,,,,,,,,,,,,,,,,,,,,,,,,"rolinger@field-ops.org","ewashburne@field-ops.org",,
"adbd18e4-f0ef-47d7-a73d-2298443d7314","DCA2FE1B3EBF4DE8AD3E31204CB511CE","JORN_001.mammalGrid.mam","D14","JORN","JORN_001","A4","distributed","shrubScrub",32.605706,-106.803361,"WGS84",45.1,1324.8,0.1,"6 - trap set and empty",,"2015-09-04","2015-09-04",,,,,,,,,,,,,,,,,,,,,,,,,,,,,,,,,,,,,,,"rolinger@field-ops.org","ewashburne@field-ops.org",,
"338f4f0c-f9bb-4d9a-afb0-d3ef76ea3edc","DCA2FE1B3EBF4DE8AD3E31204CB511CE","JORN_001.mammalGrid.mam","D14","JORN","JORN_001","J4","distributed","shrubScrub",32.605706,-106.803361,"WGS84",45.1,1324.8,0.1,"5 - capture",,"2015-09-04","2015-09-04",,,"OTHE","Mammalia sp.","class",,"Reid, F. 2006. Peterson Field Guide to Mammals of North America. 4th Ed. Houghton Mifflin Company, New York, NY.","UNK",,"N","escaped",,,,,"not",,,,,,,,,,,,,,,,,,,,,,,"rolinger@field-ops.org","ewashburne@field-ops.org",,
"21b8c9cd-0a69-4ae4-97ef-108e68385be1","DCA2FE1B3EBF4DE8AD3E31204CB511CE","JORN_001.mammalGrid.mam","D14","JORN","JORN_001","I6","distributed","shrubScrub",32.605706,-106.803361,"WGS84",45.1,1324.8,0.1,"6 - trap set and empty",,"2015-09-04","2015-09-04",,,,,,,,,,,,,,,,,,,,,,,,,,,,,,,,,,,,,,,"rolinger@field-ops.org","ewashburne@field-ops.org",,
"8d20c4c3-b7f2-4466-bb73-be323a95293c","DCA2FE1B3EBF4DE8AD3E31204CB511CE","JORN_001.mammalGrid.mam","D14","JORN","JORN_001","C1","distributed","shrubScrub",32.605706,-106.803361,"WGS84",45.1,1324.8,0.1,"6 - trap set and empty",,"2015-09-04","2015-09-04",,,,,,,,,,,,,,,,,,,,,,,,,,,,,,,,,,,,,,,"rolinger@field-ops.org","ewashburne@field-ops.org",,
"ee2726c1-5439-4832-ac8e-f44b136f79bb","DCA2FE1B3EBF4DE8AD3E31204CB511CE","JORN_001.mammalGrid.mam","D14","JORN","JORN_001","J5","distributed","shrubScrub",32.605706,-106.803361,"WGS84",45.1,1324.8,0.1,"6 - trap set and empty",,"2015-09-04","2015-09-04",,,,,,,,,,,,,,,,,,,,,,,,,,,,,,,,,,,,,,,"rolinger@field-ops.org","ewashburne@field-ops.org",,
"9934cfeb-4138-44f6-8596-6a7a48d2acbf","DCA2FE1B3EBF4DE8AD3E31204CB511CE","JORN_001.mammalGrid.mam","D14","JORN","JORN_001","A1","distributed","shrubScrub",32.605706,-106.803361,"WGS84",45.1,1324.8,0.1,"6 - trap set and empty",,"2015-09-04","2015-09-04",,,,,,,,,,,,,,,,,,,,,,,,,,,,,,,,,,,,,,,"rolinger@field-ops.org","ewashburne@field-ops.org",,
"a7b1d6a0-fa7d-4eb0-be4e-1aadd9b3edf6","DCA2FE1B3EBF4DE8AD3E31204CB511CE","JORN_001.mammalGrid.mam","D14","JORN","JORN_001","J8","distributed","shrubScrub",32.605706,-106.803361,"WGS84",45.1,1324.8,0.1,"5 - capture",,"2015-09-04","2015-09-04","NEON.MAM.D14.R1246",,"DIME","Dipodomys merriami","species",,"Reid, F. 2006. Peterson Field Guide to Mammals of North America. 4th Ed. Houghton Mifflin Company, New York, NY.","N","M","Y",,,"adult","scrotal",,"not",,37,,,,44,,,,,,,,,,,,,,,,,"rolinger@field-ops.org","ewashburne@field-ops.org",,
"12e41c84-9964-45e4-b07f-4e0223b2d23d","DCA2FE1B3EBF4DE8AD3E31204CB511CE","JORN_001.mammalGrid.mam","D14","JORN","JORN_001","G8","distributed","shrubScrub",32.605706,-106.803361,"WGS84",45.1,1324.8,0.1,"5 - capture",,"2015-09-04","2015-09-04","NEON.MAM.D14.R1237",,"DIME","Dipodomys merriami","species",,"Reid, F. 2006. Peterson Field Guide to Mammals of North America. 4th Ed. Houghton Mifflin Company, New York, NY.","N","F","Y",,,"adult",,"nonenlarged","pregnant","neither",37,,,,41,,,,,,,,,,,,,,,,,"rolinger@field-ops.org","ewashburne@field-ops.org",,
"4bab4b6b-f3d1-42e1-adf2-8a7259cdf637","DCA2FE1B3EBF4DE8AD3E31204CB511CE","JORN_001.mammalGrid.mam","D14","JORN","JORN_001","J10","distributed","shrubScrub",32.605706,-106.803361,"WGS84",45.1,1324.8,0.1,"5 - capture",,"2015-09-04","2015-09-04","NEON.MAM.D14.R1255",,"DISP","Dipodomys spectabilis","species",,"Reid, F. 2006. Peterson Field Guide to Mammals of North America. 4th Ed. Houghton Mifflin Company, New York, NY.","N","F","Y",,,"adult",,"nonenlarged","not","neither",53,,,,120,,,,,,,,,,,,,,,,,"rolinger@field-ops.org","ewashburne@field-ops.org",,
"a8e13c46-77f7-4fa1-9420-0ef9ab5165af","DCA2FE1B3EBF4DE8AD3E31204CB511CE","JORN_001.mammalGrid.mam","D14","JORN","JORN_001","B2","distributed","shrubScrub",32.605706,-106.803361,"WGS84",45.1,1324.8,0.1,"6 - trap set and empty",,"2015-09-04","2015-09-04",,,,,,,,,,,,,,,,,,,,,,,,,,,,,,,,,,,,,,,"rolinger@field-ops.org","ewashburne@field-ops.org",,
"25dccbbb-8ea4-4fe2-856a-54c6dce40651","DCA2FE1B3EBF4DE8AD3E31204CB511CE","JORN_001.mammalGrid.mam","D14","JORN","JORN_001","C6","distributed","shrubScrub",32.605706,-106.803361,"WGS84",45.1,1324.8,0.1,"6 - trap set and empty",,"2015-09-04","2015-09-04",,,,,,,,,,,,,,,,,,,,,,,,,,,,,,,,,,,,,,,"rolinger@field-ops.org","ewashburne@field-ops.org",,
"923b8b89-57ca-43ce-8062-ec4f096bd625","DCA2FE1B3EBF4DE8AD3E31204CB511CE","JORN_001.mammalGrid.mam","D14","JORN","JORN_001","E5","distributed","shrubScrub",32.605706,-106.803361,"WGS84",45.1,1324.8,0.1,"6 - trap set and empty",,"2015-09-04","2015-09-04",,,,,,,,,,,,,,,,,,,,,,,,,,,,,,,,,,,,,,,"rolinger@field-ops.org","ewashburne@field-ops.org",,
"6540b5e8-7a7e-4e07-b33a-76f3e595be0a","DCA2FE1B3EBF4DE8AD3E31204CB511CE","JORN_001.mammalGrid.mam","D14","JORN","JORN_001","J7","distributed","shrubScrub",32.605706,-106.803361,"WGS84",45.1,1324.8,0.1,"6 - trap set and empty",,"2015-09-04","2015-09-04",,,,,,,,,,,,,,,,,,,,,,,,,,,,,,,,,,,,,,,"rolinger@field-ops.org","ewashburne@field-ops.org",,
"4e04c35a-8d42-4145-8dfa-61e1703bd1bf","DCA2FE1B3EBF4DE8AD3E31204CB511CE","JORN_001.mammalGrid.mam","D14","JORN","JORN_001","A7","distributed","shrubScrub",32.605706,-106.803361,"WGS84",45.1,1324.8,0.1,"5 - capture",,"2015-09-04","2015-09-04","NEON.MAM.D14.807931",,"CHPE","Chaetodipus penicillatus","species",,"Reid, F. 2006. Peterson Field Guide to Mammals of North America. 4th Ed. Houghton Mifflin Company, New York, NY.","N","M","Y",,,"adult","scrotal",,"not",,21,,,,16,,,,,,,,,,,,,,,,,"rolinger@field-ops.org","ewashburne@field-ops.org",,
"5c429cad-3f75-4d5c-bbd0-228a457161c5","DCA2FE1B3EBF4DE8AD3E31204CB511CE","JORN_001.mammalGrid.mam","D14","JORN","JORN_001","D3","distributed","shrubScrub",32.605706,-106.803361,"WGS84",45.1,1324.8,0.1,"6 - trap set and empty",,"2015-09-04","2015-09-04",,,,,,,,,,,,,,,,,,,,,,,,,,,,,,,,,,,,,,,"rolinger@field-ops.org","ewashburne@field-ops.org",,
"847d0c7d-2f56-4c73-b371-b1f404fb7ef8","DCA2FE1B3EBF4DE8AD3E31204CB511CE","JORN_001.mammalGrid.mam","D14","JORN","JORN_001","I3","distributed","shrubScrub",32.605706,-106.803361,"WGS84",45.1,1324.8,0.1,"6 - trap set and empty",,"2015-09-04","2015-09-04",,,,,,,,,,,,,,,,,,,,,,,,,,,,,,,,,,,,,,,"rolinger@field-ops.org","ewashburne@field-ops.org",,
"ea9d92e1-c8ad-458a-bb3f-26a79fec5eb8","DCA2FE1B3EBF4DE8AD3E31204CB511CE","JORN_001.mammalGrid.mam","D14","JORN","JORN_001","F6","distributed","shrubScrub",32.605706,-106.803361,"WGS84",45.1,1324.8,0.1,"6 - trap set and empty",,"2015-09-04","2015-09-04",,,,,,,,,,,,,,,,,,,,,,,,,,,,,,,,,,,,,,,"rolinger@field-ops.org","ewashburne@field-ops.org",,
"9b5f98cc-5401-49ac-96ce-a182502bb3a0","DCA2FE1B3EBF4DE8AD3E31204CB511CE","JORN_001.mammalGrid.mam","D14","JORN","JORN_001","D9","distributed","shrubScrub",32.605706,-106.803361,"WGS84",45.1,1324.8,0.1,"6 - trap set and empty",,"2015-09-04","2015-09-04",,,,,,,,,,,,,,,,,,,,,,,,,,,,,,,,,,,,,,,"rolinger@field-ops.org","ewashburne@field-ops.org",,
"5bcb243b-f46c-41ef-978b-1ce0266c455f","DCA2FE1B3EBF4DE8AD3E31204CB511CE","JORN_001.mammalGrid.mam","D14","JORN","JORN_001","A9","distributed","shrubScrub",32.605706,-106.803361,"WGS84",45.1,1324.8,0.1,"5 - capture",,"2015-09-04","2015-09-04","NEON.MAM.D14.R1235",,"DIME","Dipodomys merriami","species",,"Reid, F. 2006. Peterson Field Guide to Mammals of North America. 4th Ed. Houghton Mifflin Company, New York, NY.","N","M","Y",,,"adult","scrotal",,"not",,34,,,,47,,,,,,,,,,,,,,,,,"rolinger@field-ops.org","ewashburne@field-ops.org",,
