uid,nightuid,namedLocation,domainID,siteID,plotID,collectDate,endDate,samplingProtocolVersion,remarks,dataQF
"81170f39-df20-44aa-b1c1-e0a6b8fdf2d5","836d460c-f0c7-450d-b617-36e14f380058","JERC_019.mammalGrid.mam","D03","JERC","JERC_019","2017-10-17","2017-10-17",,,
"9c479219-625a-400d-95b5-ea2fdf2e9557","b6307444-5b2d-4250-be25-29bc2883adeb","JERC_005.mammalGrid.mam","D03","JERC","JERC_005","2017-10-17","2017-10-17","NEON.DOC.000481vJ",,
"fe063bd6-c507-4aee-ad12-ea6aba522941","41315028-1ab0-42ab-8475-eddebfbe95af","JERC_003.mammalGrid.mam","D03","JERC","JERC_003","2017-10-17","2017-10-17",,,
"b53ffbfe-5571-41a3-b713-b815ba8f01d2","fb2b5184-4771-4236-8c69-ee862d1b9427","JERC_009.mammalGrid.mam","D03","JERC","JERC_009","2017-10-17","2017-10-17","NEON.DOC.000481vJ",,
"0f6126ff-fda5-4ff2-8384-b008c74db7c2","90d49ba9-1324-444c-bf28-1a5e2ff3df59","JERC_002.mammalGrid.mam","D03","JERC","JERC_002","2017-10-18","2017-10-18",,,
"b03e2e07-df33-4462-a2b8-56a7bca6d358","870c35e8-5347-4922-bd84-494863757598","JERC_005.mammalGrid.mam","D03","JERC","JERC_005","2017-10-18","2017-10-18",,,
"b52dec81-9ad9-45da-9544-4c7cb46c1957","875d2329-7def-45e2-8593-31bfc6e62ffe","JERC_003.mammalGrid.mam","D03","JERC","JERC_003","2017-10-18","2017-10-18",,,
"cab9418d-1cf5-4110-aea0-747d39fe9dfa","3a6e85f5-36ce-42cc-bc64-a771a4fd8d36","JERC_009.mammalGrid.mam","D03","JERC","JERC_009","2017-10-18","2017-10-18",,,
"30355e8b-66b5-437a-9b94-ec376c96855d","3181f799-0f41-4a01-8fd0-385bd8e13d67","JERC_006.mammalGrid.mam","D03","JERC","JERC_006","2017-10-19","2017-10-19","NEON.DOC.000481vG",,
"0b55785d-5cdf-4840-b032-58370706af38","4e25f149-5df4-448a-8660-85ad9770f948","JERC_003.mammalGrid.mam","D03","JERC","JERC_003","2017-10-19","2017-10-19","NEON.DOC.000481vG",,
"33af506a-61d9-463c-8a32-462e7e7e56ec","2ad8c089-5b27-4a4f-8f88-fb906a361c61","JERC_005.mammalGrid.mam","D03","JERC","JERC_005","2017-10-19","2017-10-19","NEON.DOC.000481vG",,
"e6e50fa8-61be-4afe-937a-e6e1d4362743","350dcd4c-717e-404b-9e55-816041dcd355","JERC_009.mammalGrid.mam","D03","JERC","JERC_009","2017-10-19","2017-10-19","NEON.DOC.000481vG",,
