uid,nightuid,namedLocation,domainID,siteID,plotID,collectDate,endDate,samplingProtocolVersion,remarks,dataQF
"a1c45451-5ce4-4b23-867a-581e744ba759","7411ED5D1D6649388C660C19EF135D2F","WOOD_006.mammalGrid.mam","D09","WOOD","WOOD_006","2015-09-09","2015-09-09",,,
"cef17b51-5f3f-43b1-bdd4-158d281670f1","F2568ED41A6F43D8B8393C565EE88A5F","WOOD_001.mammalGrid.mam","D09","WOOD","WOOD_001","2015-09-09","2015-09-09",,,
"abd7ea15-3a43-4138-a3a9-8f26bc8ebc7c","B1B919115EEA4D40A256D655FEFC440A","WOOD_015.mammalGrid.mam","D09","WOOD","WOOD_015","2015-09-09","2015-09-09",,,
"da238b11-ecd7-4aa9-a3c1-d5f940293efd","9A0C5EC9EBFC4C64AE517F8F8E2EC7FF","WOOD_009.mammalGrid.mam","D09","WOOD","WOOD_009","2015-09-10","2015-09-10",,,
"d06e101e-8ca0-436d-a8c9-f7d1d49847b7","9F4644AAD55D4B31B17968F468B2BE1D","WOOD_001.mammalGrid.mam","D09","WOOD","WOOD_001","2015-09-10","2015-09-10",,,
"ba8271b3-c871-4266-a6fb-b2ed0827d6e3","8F8CDC1968AB4436A546119649C5EE33","WOOD_011.mammalGrid.mam","D09","WOOD","WOOD_011","2015-09-10","2015-09-10",,,
"711ce42a-c1e8-47c6-9314-c8956f830d11","E252B9E0B01E47CB98BC0210A7428784","WOOD_002.mammalGrid.mam","D09","WOOD","WOOD_002","2015-09-10","2015-09-10",,,
"7b1a3b78-110c-4c27-a5d3-aa3d2048e257","88866857655E41298D769808EE9F9CB7","WOOD_013.mammalGrid.mam","D09","WOOD","WOOD_013","2015-09-11","2015-09-11",,,
"5a19a273-29cf-4601-a886-fded2276470e","EB999A3169424BA9BBF681543DF9E397","WOOD_009.mammalGrid.mam","D09","WOOD","WOOD_009","2015-09-11","2015-09-11",,,
"28783fa7-110b-4d47-a913-b2fcc30c26eb","4ED71BDEE81F4518A9F383572E5039DB","WOOD_002.mammalGrid.mam","D09","WOOD","WOOD_002","2015-09-11","2015-09-11",,,
"db52246d-4c16-4043-b3a0-6b5037b5f835","81832CB3540B4D73B056715657F50017","WOOD_001.mammalGrid.mam","D09","WOOD","WOOD_001","2015-09-11","2015-09-11",,,
"15ff5d73-f724-4d20-8646-60b24ecd9862","7028D5B4A78A4175A9A08FA715E79493","WOOD_009.mammalGrid.mam","D09","WOOD","WOOD_009","2015-09-12","2015-09-12",,,
"c70dfdd1-406c-4d8e-a1e4-d267a9f50fe2","A9AE9E7DA9B446D3862D91C1BCEAB144","WOOD_008.mammalGrid.mam","D09","WOOD","WOOD_008","2015-09-12","2015-09-12",,,
"bb2b0219-88b4-483c-8599-cbffbeae87cb","70E2E9E1A9864A3197679829F1CE5047","WOOD_002.mammalGrid.mam","D09","WOOD","WOOD_002","2015-09-12","2015-09-12",,,
