uid,nightuid,namedLocation,domainID,siteID,plotID,collectDate,endDate,samplingProtocolVersion,remarks,dataQF
"7462df10-292a-4e08-ba1f-909816181049","1c40c5b3-8e88-4db4-b75a-12dd4c5586e2","SRER_007.mammalGrid.mam","D14","SRER","SRER_007","2018-10-09","2018-10-09","NEON.DOC.000481vK",,
"18002085-1580-41db-8be4-19f4064ce862","84c05b19-6f56-449c-b5c4-46dc399dec72","SRER_012.mammalGrid.mam","D14","SRER","SRER_012","2018-10-09","2018-10-09","NEON.DOC.000481vK",,
"e852ea88-8fd0-48e7-be65-2df0c1d7a356","12fc4ca3-6a0b-4a94-bf52-6262793d6594","SRER_007.mammalGrid.mam","D14","SRER","SRER_007","2018-10-10","2018-10-10","NEON.DOC.000481vK",,
"a2413bc8-f739-4d5b-9118-0b28b7acbc08","ce3492f5-5554-4d7b-a2cd-f5d8b23fbc91","SRER_012.mammalGrid.mam","D14","SRER","SRER_012","2018-10-10","2018-10-10","NEON.DOC.000481vK",,
"5d80b42b-ea25-48de-b5b6-adcce9cdbbdd","71cf3312-3654-4a90-b6d6-c54132ca8cdd","SRER_005.mammalGrid.mam","D14","SRER","SRER_005","2018-10-10","2018-10-10","NEON.DOC.000481vK",,
"879c5a75-7746-4b34-a4e8-d627421433a8","65461e7a-d036-44f0-aec2-ac8db2bcdfd7","SRER_007.mammalGrid.mam","D14","SRER","SRER_007","2018-10-11","2018-10-11","NEON.DOC.000481vK",,
"47d2fe9e-e313-42b2-9843-3600b88a0b44","472e612b-1fe2-4ef5-8dfb-f86f8346de9a","SRER_012.mammalGrid.mam","D14","SRER","SRER_012","2018-10-11","2018-10-11","NEON.DOC.000481vK",,
"cad6b65f-0e7d-4979-9dec-c888f040df73","3f0f9bfc-536e-4fd8-a980-2e6f3eaa11de","SRER_005.mammalGrid.mam","D14","SRER","SRER_005","2018-10-11","2018-10-11","NEON.DOC.000481vK",,
"21cc88f0-2de7-4ad7-a45c-3eceaf4c28eb","99143567-8703-4c49-918b-88f1c0c53c48","SRER_014.mammalGrid.mam","D14","SRER","SRER_014","2018-10-15","2018-10-15","NEON.DOC.000481vK",,
"58ee20bc-ab45-4384-bf38-e6ecec473feb","c379df59-e420-4b47-a8bc-4dda0a377575","SRER_008.mammalGrid.mam","D14","SRER","SRER_008","2018-10-15","2018-10-15","NEON.DOC.000481vK",,
"eac1a727-9b5a-49dc-be04-b2de24683505","3c3aa7ca-2d09-4a42-b4b6-208e4811392e","SRER_009.mammalGrid.mam","D14","SRER","SRER_009","2018-10-17","2018-10-17","NEON.DOC.000481vK",,
"3fcf737e-6b92-45db-83ae-9a02b0931f51","59930171-e4fc-4e59-bc13-feb261e42c92","SRER_005.mammalGrid.mam","D14","SRER","SRER_005","2018-10-17","2018-10-17","NEON.DOC.000481vK",,
