uid,nightuid,namedLocation,domainID,siteID,plotID,collectDate,endDate,samplingProtocolVersion,remarks,dataQF
"1972fa9d-5fc4-4510-b561-3dfa664a1ca8","22ed1ce0-710f-4fda-a3e1-3e88ede1a69e","SRER_014.mammalGrid.mam","D14","SRER","SRER_014","2018-05-20","2018-05-20","NEON.DOC.000481vK","Ran out of dry ice so no samples were taken besides hair and whiskers",
"1320ee90-81a1-4163-98b3-de14ad37abb9","e470342f-f529-4593-87c6-fef6e1fa0d5c","SRER_007.mammalGrid.mam","D14","SRER","SRER_007","2018-05-20","2018-05-20","NEON.DOC.000481vK",,
"f2e41e5b-9160-4972-931c-dc94a9378135","395c6690-0a83-437f-a5fe-0ef01f9f28da","SRER_008.mammalGrid.mam","D14","SRER","SRER_008","2018-05-21","2018-05-21","NEON.DOC.000481vK",,
"be0f9924-f3e0-4b1c-9935-5dad8270c75a","399c3af6-db9b-4967-a272-5b269855f034","SRER_007.mammalGrid.mam","D14","SRER","SRER_007","2018-05-21","2018-05-21","NEON.DOC.000481vK",,
"542588bd-5c74-410a-8aef-0a98b801e12a","b568cc6e-f345-4c36-9475-a8a60afee4cf","SRER_007.mammalGrid.mam","D14","SRER","SRER_007","2018-05-21","2018-05-21","NEON.DOC.000481vK",,
"2959d16b-24db-49cf-9ea4-e04a92c14a2c","a3449133-4432-4538-9ea1-ef997a3f135d","SRER_008.mammalGrid.mam","D14","SRER","SRER_008","2018-05-21","2018-05-21","NEON.DOC.000481vK",,
"d89481ca-c3b8-4503-a818-e7b9876874e6","19b2e780-7cb5-493b-9971-9543f4d788d6","SRER_007.mammalGrid.mam","D14","SRER","SRER_007","2018-05-22","2018-05-22","NEON.DOC.000481vK","Cattle disturbed many traps",
"7ef2cf84-8d9c-4faf-85a4-de7b0ffc8354","432a908c-8f1a-434a-9948-4a6e54ab336d","SRER_009.mammalGrid.mam","D14","SRER","SRER_009","2018-05-22","2018-05-22","NEON.DOC.000481vK",,
"719bbf11-06a9-4c0d-b9da-0fd4f3bd8803","e96bfc16-d0e2-42c9-a1f9-9782c7f275a9","SRER_005.mammalGrid.mam","D14","SRER","SRER_005","2018-05-23","2018-05-23","NEON.DOC.000481vK","Lots of ant activity",
"ddfdc610-b2bb-44ae-9c46-500d90f15a8c","a0d76260-d4da-4edd-926b-aa5e7f472a8a","SRER_012.mammalGrid.mam","D14","SRER","SRER_012","2018-05-23","2018-05-23","NEON.DOC.000481vK",,
"5699bd28-6bfa-46ac-bfee-f3636b60da98","0a114889-bce7-4c1d-a39c-8c20b4e4eacd","SRER_012.mammalGrid.mam","D14","SRER","SRER_012","2018-05-24","2018-05-24","NEON.DOC.000481vK",,
"2c180d04-f959-4ce9-8d46-e352e0a61997","6a2312b7-1342-4739-a1a5-9674b4527441","SRER_005.mammalGrid.mam","D14","SRER","SRER_005","2018-05-24","2018-05-24","NEON.DOC.000481vK",,
"354e26fb-e47c-4254-9af0-bb8ce097b338","222636e3-a9d2-45c0-985c-2edbe9493872","SRER_005.mammalGrid.mam","D14","SRER","SRER_005","2018-05-25","2018-05-25","NEON.DOC.000481vK",,
"b0f5cfd1-507a-41fc-b76d-d3c9b54707c3","702d3b81-e362-431b-a973-f3214b2f3fed","SRER_012.mammalGrid.mam","D14","SRER","SRER_012","2018-05-25","2018-05-25","NEON.DOC.000481vK",,
