uid,nightuid,namedLocation,domainID,siteID,plotID,trapCoordinate,plotType,nlcdClass,decimalLatitude,decimalLongitude,geodeticDatum,coordinateUncertainty,elevation,elevationUncertainty,trapStatus,trapType,collectDate,endDate,tagID,individualCode,taxonID,scientificName,taxonRank,identificationQualifier,identificationReferences,nativeStatusCode,sex,recapture,fate,replacedTag,lifeStage,testes,nipples,pregnancyStatus,vagina,hindfootLength,earLength,tailLength,totalLength,weight,larvalTicksAttached,nymphalTicksAttached,adultTicksAttached,bloodSampleID,bloodSampleBarcode,bloodSampleMethod,fecalSampleID,fecalSampleBarcode,fecalSampleCondition,earSampleID,earSampleBarcode,hairSampleID,hairSampleBarcode,hairSampleContents,voucherSampleID,voucherSampleBarcode,measuredBy,recordedBy,remarks,dataQF
"5f6a6179-24fe-4b0c-8e62-65176ee51051","37000870C8074B9D9A59351B6C023EB9","DSNY_016.mammalGrid.mam","D03","DSNY","DSNY_016","H1","distributed","pastureHay",28.045236,-81.393101,"WGS84",45.1,19.9,0.1,"6 - trap set and empty",,"2013-08-01","2013-08-01",,,,,,,,,,,,,,,,,,,,,,,,,,,,,,,,,,,,,,,"dsank@Field-ops.org","jeells@neoninc.org",,
"910e2e70-12be-4728-8c2b-1e060366b001","37000870C8074B9D9A59351B6C023EB9","DSNY_016.mammalGrid.mam","D03","DSNY","DSNY_016","H2","distributed","pastureHay",28.045236,-81.393101,"WGS84",45.1,19.9,0.1,"6 - trap set and empty",,"2013-08-01","2013-08-01",,,,,,,,,,,,,,,,,,,,,,,,,,,,,,,,,,,,,,,"dsank@Field-ops.org","jeells@neoninc.org",,
"24c2b757-35bf-46f3-8f3e-55520f2782fe","37000870C8074B9D9A59351B6C023EB9","DSNY_016.mammalGrid.mam","D03","DSNY","DSNY_016","H3","distributed","pastureHay",28.045236,-81.393101,"WGS84",45.1,19.9,0.1,"6 - trap set and empty",,"2013-08-01","2013-08-01",,,,,,,,,,,,,,,,,,,,,,,,,,,,,,,,,,,,,,,"dsank@Field-ops.org","jeells@neoninc.org",,
"8412ae1b-c7eb-4210-a7db-291c855ec322","37000870C8074B9D9A59351B6C023EB9","DSNY_016.mammalGrid.mam","D03","DSNY","DSNY_016","H4","distributed","pastureHay",28.045236,-81.393101,"WGS84",45.1,19.9,0.1,"6 - trap set and empty",,"2013-08-01","2013-08-01",,,,,,,,,,,,,,,,,,,,,,,,,,,,,,,,,,,,,,,"dsank@Field-ops.org","jeells@neoninc.org",,
"6d97fb0a-7a24-4b7c-b405-dfa2767fc912","37000870C8074B9D9A59351B6C023EB9","DSNY_016.mammalGrid.mam","D03","DSNY","DSNY_016","H5","distributed","pastureHay",28.045236,-81.393101,"WGS84",45.1,19.9,0.1,"6 - trap set and empty",,"2013-08-01","2013-08-01",,,,,,,,,,,,,,,,,,,,,,,,,,,,,,,,,,,,,,,"dsank@Field-ops.org","jeells@neoninc.org",,
"8a9035bb-a1ab-425f-9ab2-533c08368961","37000870C8074B9D9A59351B6C023EB9","DSNY_016.mammalGrid.mam","D03","DSNY","DSNY_016","H6","distributed","pastureHay",28.045236,-81.393101,"WGS84",45.1,19.9,0.1,"6 - trap set and empty",,"2013-08-01","2013-08-01",,,,,,,,,,,,,,,,,,,,,,,,,,,,,,,,,,,,,,,"dsank@Field-ops.org","jeells@neoninc.org",,
"d75261b8-e58d-4f71-912f-83acace4dd32","37000870C8074B9D9A59351B6C023EB9","DSNY_016.mammalGrid.mam","D03","DSNY","DSNY_016","H7","distributed","pastureHay",28.045236,-81.393101,"WGS84",45.1,19.9,0.1,"6 - trap set and empty",,"2013-08-01","2013-08-01",,,,,,,,,,,,,,,,,,,,,,,,,,,,,,,,,,,,,,,"dsank@Field-ops.org","jeells@neoninc.org",,
"79b7b482-c582-4034-9d9a-44ea40ca2124","37000870C8074B9D9A59351B6C023EB9","DSNY_016.mammalGrid.mam","D03","DSNY","DSNY_016","J10","distributed","pastureHay",28.045236,-81.393101,"WGS84",45.1,19.9,0.1,"6 - trap set and empty",,"2013-08-01","2013-08-01",,,,,,,,,,,,,,,,,,,,,,,,,,,,,,,,,,,,,,,"dsank@Field-ops.org","jeells@neoninc.org",,
"999bf8ee-a2ce-438f-a7f6-951d4a12aa4e","37000870C8074B9D9A59351B6C023EB9","DSNY_016.mammalGrid.mam","D03","DSNY","DSNY_016","H9","distributed","pastureHay",28.045236,-81.393101,"WGS84",45.1,19.9,0.1,"6 - trap set and empty",,"2013-08-01","2013-08-01",,,,,,,,,,,,,,,,,,,,,,,,,,,,,,,,,,,,,,,"dsank@Field-ops.org","jeells@neoninc.org",,
"a264dc28-fddb-4951-a70d-6a285b7213ac","37000870C8074B9D9A59351B6C023EB9","DSNY_016.mammalGrid.mam","D03","DSNY","DSNY_016","H8","distributed","pastureHay",28.045236,-81.393101,"WGS84",45.1,19.9,0.1,"6 - trap set and empty",,"2013-08-01","2013-08-01",,,,,,,,,,,,,,,,,,,,,,,,,,,,,,,,,,,,,,,"dsank@Field-ops.org","jeells@neoninc.org",,
"ceeaa85f-a329-48e3-b0df-d4da16ec696a","37000870C8074B9D9A59351B6C023EB9","DSNY_016.mammalGrid.mam","D03","DSNY","DSNY_016","G1","distributed","pastureHay",28.045236,-81.393101,"WGS84",45.1,19.9,0.1,"6 - trap set and empty",,"2013-08-01","2013-08-01",,,,,,,,,,,,,,,,,,,,,,,,,,,,,,,,,,,,,,,"dsank@Field-ops.org","jeells@neoninc.org",,
"b9613f14-4d27-4695-8603-ae7d8c440eec","37000870C8074B9D9A59351B6C023EB9","DSNY_016.mammalGrid.mam","D03","DSNY","DSNY_016","G2","distributed","pastureHay",28.045236,-81.393101,"WGS84",45.1,19.9,0.1,"6 - trap set and empty",,"2013-08-01","2013-08-01",,,,,,,,,,,,,,,,,,,,,,,,,,,,,,,,,,,,,,,"dsank@Field-ops.org","jeells@neoninc.org",,
"1d006698-a729-40cd-832e-0266cfa2b5ca","37000870C8074B9D9A59351B6C023EB9","DSNY_016.mammalGrid.mam","D03","DSNY","DSNY_016","G5","distributed","pastureHay",28.045236,-81.393101,"WGS84",45.1,19.9,0.1,"6 - trap set and empty",,"2013-08-01","2013-08-01",,,,,,,,,,,,,,,,,,,,,,,,,,,,,,,,,,,,,,,"dsank@Field-ops.org","jeells@neoninc.org",,
"13b37d59-aa82-4d11-b7a8-b1351f68dd2a","37000870C8074B9D9A59351B6C023EB9","DSNY_016.mammalGrid.mam","D03","DSNY","DSNY_016","G6","distributed","pastureHay",28.045236,-81.393101,"WGS84",45.1,19.9,0.1,"6 - trap set and empty",,"2013-08-01","2013-08-01",,,,,,,,,,,,,,,,,,,,,,,,,,,,,,,,,,,,,,,"dsank@Field-ops.org","jeells@neoninc.org",,
"42939792-87b7-4ca1-aebb-c687cd79b89d","37000870C8074B9D9A59351B6C023EB9","DSNY_016.mammalGrid.mam","D03","DSNY","DSNY_016","G3","distributed","pastureHay",28.045236,-81.393101,"WGS84",45.1,19.9,0.1,"6 - trap set and empty",,"2013-08-01","2013-08-01",,,,,,,,,,,,,,,,,,,,,,,,,,,,,,,,,,,,,,,"dsank@Field-ops.org","jeells@neoninc.org",,
"d0677d8e-9d7e-459e-a5cc-47e89d485b52","37000870C8074B9D9A59351B6C023EB9","DSNY_016.mammalGrid.mam","D03","DSNY","DSNY_016","G4","distributed","pastureHay",28.045236,-81.393101,"WGS84",45.1,19.9,0.1,"6 - trap set and empty",,"2013-08-01","2013-08-01",,,,,,,,,,,,,,,,,,,,,,,,,,,,,,,,,,,,,,,"dsank@Field-ops.org","jeells@neoninc.org",,
"d3e45433-d9fe-45fe-8e6b-8dfe95831140","37000870C8074B9D9A59351B6C023EB9","DSNY_016.mammalGrid.mam","D03","DSNY","DSNY_016","D1","distributed","pastureHay",28.045236,-81.393101,"WGS84",45.1,19.9,0.1,"6 - trap set and empty",,"2013-08-01","2013-08-01",,,,,,,,,,,,,,,,,,,,,,,,,,,,,,,,,,,,,,,"dsank@Field-ops.org","jeells@neoninc.org",,
"da74aeff-57af-4500-b423-0505d2fa6591","37000870C8074B9D9A59351B6C023EB9","DSNY_016.mammalGrid.mam","D03","DSNY","DSNY_016","D3","distributed","pastureHay",28.045236,-81.393101,"WGS84",45.1,19.9,0.1,"6 - trap set and empty",,"2013-08-01","2013-08-01",,,,,,,,,,,,,,,,,,,,,,,,,,,,,,,,,,,,,,,"dsank@Field-ops.org","jeells@neoninc.org",,
"98502583-9f35-4c29-920f-f5d00cb1fa6d","37000870C8074B9D9A59351B6C023EB9","DSNY_016.mammalGrid.mam","D03","DSNY","DSNY_016","D2","distributed","pastureHay",28.045236,-81.393101,"WGS84",45.1,19.9,0.1,"6 - trap set and empty",,"2013-08-01","2013-08-01",,,,,,,,,,,,,,,,,,,,,,,,,,,,,,,,,,,,,,,"dsank@Field-ops.org","jeells@neoninc.org",,
"b03fa4f7-8699-4bd5-983a-95a450bcf0d2","37000870C8074B9D9A59351B6C023EB9","DSNY_016.mammalGrid.mam","D03","DSNY","DSNY_016","G9","distributed","pastureHay",28.045236,-81.393101,"WGS84",45.1,19.9,0.1,"6 - trap set and empty",,"2013-08-01","2013-08-01",,,,,,,,,,,,,,,,,,,,,,,,,,,,,,,,,,,,,,,"dsank@Field-ops.org","jeells@neoninc.org",,
"eda72009-5d1b-4bf7-a124-3d187f7de84c","37000870C8074B9D9A59351B6C023EB9","DSNY_016.mammalGrid.mam","D03","DSNY","DSNY_016","G8","distributed","pastureHay",28.045236,-81.393101,"WGS84",45.1,19.9,0.1,"6 - trap set and empty",,"2013-08-01","2013-08-01",,,,,,,,,,,,,,,,,,,,,,,,,,,,,,,,,,,,,,,"dsank@Field-ops.org","jeells@neoninc.org",,
"3da1f0c3-b73b-478c-b573-6cd7f365ed7c","37000870C8074B9D9A59351B6C023EB9","DSNY_016.mammalGrid.mam","D03","DSNY","DSNY_016","G7","distributed","pastureHay",28.045236,-81.393101,"WGS84",45.1,19.9,0.1,"6 - trap set and empty",,"2013-08-01","2013-08-01",,,,,,,,,,,,,,,,,,,,,,,,,,,,,,,,,,,,,,,"dsank@Field-ops.org","jeells@neoninc.org",,
"ac233abf-ab50-4c2a-8357-8a5e189da763","37000870C8074B9D9A59351B6C023EB9","DSNY_016.mammalGrid.mam","D03","DSNY","DSNY_016","F2","distributed","pastureHay",28.045236,-81.393101,"WGS84",45.1,19.9,0.1,"6 - trap set and empty",,"2013-08-01","2013-08-01",,,,,,,,,,,,,,,,,,,,,,,,,,,,,,,,,,,,,,,"dsank@Field-ops.org","jeells@neoninc.org",,
"9ba8f8bc-234c-4a80-854b-9d5b78ca80da","37000870C8074B9D9A59351B6C023EB9","DSNY_016.mammalGrid.mam","D03","DSNY","DSNY_016","F3","distributed","pastureHay",28.045236,-81.393101,"WGS84",45.1,19.9,0.1,"6 - trap set and empty",,"2013-08-01","2013-08-01",,,,,,,,,,,,,,,,,,,,,,,,,,,,,,,,,,,,,,,"dsank@Field-ops.org","jeells@neoninc.org",,
"0fa0b6bd-103e-4542-bb75-0a6f8b00172e","37000870C8074B9D9A59351B6C023EB9","DSNY_016.mammalGrid.mam","D03","DSNY","DSNY_016","F4","distributed","pastureHay",28.045236,-81.393101,"WGS84",45.1,19.9,0.1,"6 - trap set and empty",,"2013-08-01","2013-08-01",,,,,,,,,,,,,,,,,,,,,,,,,,,,,,,,,,,,,,,"dsank@Field-ops.org","jeells@neoninc.org",,
"ed13eaa3-f2b1-47aa-b396-49cdcf158b4b","37000870C8074B9D9A59351B6C023EB9","DSNY_016.mammalGrid.mam","D03","DSNY","DSNY_016","F5","distributed","pastureHay",28.045236,-81.393101,"WGS84",45.1,19.9,0.1,"6 - trap set and empty",,"2013-08-01","2013-08-01",,,,,,,,,,,,,,,,,,,,,,,,,,,,,,,,,,,,,,,"dsank@Field-ops.org","jeells@neoninc.org",,
"910af804-793a-4ec2-adf6-9ee04fb189f3","37000870C8074B9D9A59351B6C023EB9","DSNY_016.mammalGrid.mam","D03","DSNY","DSNY_016","F1","distributed","pastureHay",28.045236,-81.393101,"WGS84",45.1,19.9,0.1,"6 - trap set and empty",,"2013-08-01","2013-08-01",,,,,,,,,,,,,,,,,,,,,,,,,,,,,,,,,,,,,,,"dsank@Field-ops.org","jeells@neoninc.org",,
"e627b212-74f2-41a2-98bf-3d0a6ca94115","37000870C8074B9D9A59351B6C023EB9","DSNY_016.mammalGrid.mam","D03","DSNY","DSNY_016","D10","distributed","pastureHay",28.045236,-81.393101,"WGS84",45.1,19.9,0.1,"6 - trap set and empty",,"2013-08-01","2013-08-01",,,,,,,,,,,,,,,,,,,,,,,,,,,,,,,,,,,,,,,"dsank@Field-ops.org","jeells@neoninc.org",,
"4bbe2dc5-4b33-46f8-862a-ec6044e840bf","37000870C8074B9D9A59351B6C023EB9","DSNY_016.mammalGrid.mam","D03","DSNY","DSNY_016","F7","distributed","pastureHay",28.045236,-81.393101,"WGS84",45.1,19.9,0.1,"6 - trap set and empty",,"2013-08-01","2013-08-01",,,,,,,,,,,,,,,,,,,,,,,,,,,,,,,,,,,,,,,"dsank@Field-ops.org","jeells@neoninc.org",,
"4cae689d-9395-49fb-8898-f5591a1e5897","37000870C8074B9D9A59351B6C023EB9","DSNY_016.mammalGrid.mam","D03","DSNY","DSNY_016","F6","distributed","pastureHay",28.045236,-81.393101,"WGS84",45.1,19.9,0.1,"6 - trap set and empty",,"2013-08-01","2013-08-01",,,,,,,,,,,,,,,,,,,,,,,,,,,,,,,,,,,,,,,"dsank@Field-ops.org","jeells@neoninc.org",,
"5ddb7913-1dd9-4d7b-a056-bbc4c0a2b054","37000870C8074B9D9A59351B6C023EB9","DSNY_016.mammalGrid.mam","D03","DSNY","DSNY_016","F9","distributed","pastureHay",28.045236,-81.393101,"WGS84",45.1,19.9,0.1,"6 - trap set and empty",,"2013-08-01","2013-08-01",,,,,,,,,,,,,,,,,,,,,,,,,,,,,,,,,,,,,,,"dsank@Field-ops.org","jeells@neoninc.org",,
"7e4c06d8-0eda-448f-9a11-c1b1189ab53d","37000870C8074B9D9A59351B6C023EB9","DSNY_016.mammalGrid.mam","D03","DSNY","DSNY_016","F8","distributed","pastureHay",28.045236,-81.393101,"WGS84",45.1,19.9,0.1,"6 - trap set and empty",,"2013-08-01","2013-08-01",,,,,,,,,,,,,,,,,,,,,,,,,,,,,,,,,,,,,,,"dsank@Field-ops.org","jeells@neoninc.org",,
"baaf4905-1963-4ce4-9bb1-5acc6570e3a3","37000870C8074B9D9A59351B6C023EB9","DSNY_016.mammalGrid.mam","D03","DSNY","DSNY_016","F10","distributed","pastureHay",28.045236,-81.393101,"WGS84",45.1,19.9,0.1,"6 - trap set and empty",,"2013-08-01","2013-08-01",,,,,,,,,,,,,,,,,,,,,,,,,,,,,,,,,,,,,,,"dsank@Field-ops.org","jeells@neoninc.org",,
"b215d76e-19fb-4af0-a262-21909c1a9caf","37000870C8074B9D9A59351B6C023EB9","DSNY_016.mammalGrid.mam","D03","DSNY","DSNY_016","H10","distributed","pastureHay",28.045236,-81.393101,"WGS84",45.1,19.9,0.1,"6 - trap set and empty",,"2013-08-01","2013-08-01",,,,,,,,,,,,,,,,,,,,,,,,,,,,,,,,,,,,,,,"dsank@Field-ops.org","jeells@neoninc.org",,
"ca12f358-92d8-420c-8975-732f22e756ae","37000870C8074B9D9A59351B6C023EB9","DSNY_016.mammalGrid.mam","D03","DSNY","DSNY_016","E3","distributed","pastureHay",28.045236,-81.393101,"WGS84",45.1,19.9,0.1,"6 - trap set and empty",,"2013-08-01","2013-08-01",,,,,,,,,,,,,,,,,,,,,,,,,,,,,,,,,,,,,,,"dsank@Field-ops.org","jeells@neoninc.org",,
"66f37381-d089-4fe1-8677-4b20eaba96a7","37000870C8074B9D9A59351B6C023EB9","DSNY_016.mammalGrid.mam","D03","DSNY","DSNY_016","E4","distributed","pastureHay",28.045236,-81.393101,"WGS84",45.1,19.9,0.1,"6 - trap set and empty",,"2013-08-01","2013-08-01",,,,,,,,,,,,,,,,,,,,,,,,,,,,,,,,,,,,,,,"dsank@Field-ops.org","jeells@neoninc.org",,
"648ed973-33ff-44c5-ad4f-b923aa9bbe55","37000870C8074B9D9A59351B6C023EB9","DSNY_016.mammalGrid.mam","D03","DSNY","DSNY_016","E1","distributed","pastureHay",28.045236,-81.393101,"WGS84",45.1,19.9,0.1,"6 - trap set and empty",,"2013-08-01","2013-08-01",,,,,,,,,,,,,,,,,,,,,,,,,,,,,,,,,,,,,,,"dsank@Field-ops.org","jeells@neoninc.org",,
"418c3dd0-a6f0-4a9b-af4f-a6897d8fdf6b","37000870C8074B9D9A59351B6C023EB9","DSNY_016.mammalGrid.mam","D03","DSNY","DSNY_016","E2","distributed","pastureHay",28.045236,-81.393101,"WGS84",45.1,19.9,0.1,"6 - trap set and empty",,"2013-08-01","2013-08-01",,,,,,,,,,,,,,,,,,,,,,,,,,,,,,,,,,,,,,,"dsank@Field-ops.org","jeells@neoninc.org",,
"f4cfc6e8-a530-47d5-aba8-bb8e4bc74415","37000870C8074B9D9A59351B6C023EB9","DSNY_016.mammalGrid.mam","D03","DSNY","DSNY_016","E9","distributed","pastureHay",28.045236,-81.393101,"WGS84",45.1,19.9,0.1,"6 - trap set and empty",,"2013-08-01","2013-08-01",,,,,,,,,,,,,,,,,,,,,,,,,,,,,,,,,,,,,,,"dsank@Field-ops.org","jeells@neoninc.org",,
"6e24fa59-3b27-4175-9291-f098a7facf37","37000870C8074B9D9A59351B6C023EB9","DSNY_016.mammalGrid.mam","D03","DSNY","DSNY_016","E8","distributed","pastureHay",28.045236,-81.393101,"WGS84",45.1,19.9,0.1,"6 - trap set and empty",,"2013-08-01","2013-08-01",,,,,,,,,,,,,,,,,,,,,,,,,,,,,,,,,,,,,,,"dsank@Field-ops.org","jeells@neoninc.org",,
"b979166a-41e3-425a-837e-a65ecdfc7669","37000870C8074B9D9A59351B6C023EB9","DSNY_016.mammalGrid.mam","D03","DSNY","DSNY_016","E7","distributed","pastureHay",28.045236,-81.393101,"WGS84",45.1,19.9,0.1,"6 - trap set and empty",,"2013-08-01","2013-08-01",,,,,,,,,,,,,,,,,,,,,,,,,,,,,,,,,,,,,,,"dsank@Field-ops.org","jeells@neoninc.org",,
"3055299d-a93a-40bb-9071-78daf8ff708e","37000870C8074B9D9A59351B6C023EB9","DSNY_016.mammalGrid.mam","D03","DSNY","DSNY_016","D4","distributed","pastureHay",28.045236,-81.393101,"WGS84",45.1,19.9,0.1,"6 - trap set and empty",,"2013-08-01","2013-08-01",,,,,,,,,,,,,,,,,,,,,,,,,,,,,,,,,,,,,,,"dsank@Field-ops.org","jeells@neoninc.org",,
"508eaab5-bfe9-461e-9593-d6d31c0abd25","37000870C8074B9D9A59351B6C023EB9","DSNY_016.mammalGrid.mam","D03","DSNY","DSNY_016","D5","distributed","pastureHay",28.045236,-81.393101,"WGS84",45.1,19.9,0.1,"6 - trap set and empty",,"2013-08-01","2013-08-01",,,,,,,,,,,,,,,,,,,,,,,,,,,,,,,,,,,,,,,"dsank@Field-ops.org","jeells@neoninc.org",,
"d047868f-1d5c-4cc9-8f41-9301f6c056e2","37000870C8074B9D9A59351B6C023EB9","DSNY_016.mammalGrid.mam","D03","DSNY","DSNY_016","D6","distributed","pastureHay",28.045236,-81.393101,"WGS84",45.1,19.9,0.1,"6 - trap set and empty",,"2013-08-01","2013-08-01",,,,,,,,,,,,,,,,,,,,,,,,,,,,,,,,,,,,,,,"dsank@Field-ops.org","jeells@neoninc.org",,
"76e0648f-4f00-4a5b-96ee-96164fb1b758","37000870C8074B9D9A59351B6C023EB9","DSNY_016.mammalGrid.mam","D03","DSNY","DSNY_016","D7","distributed","pastureHay",28.045236,-81.393101,"WGS84",45.1,19.9,0.1,"6 - trap set and empty",,"2013-08-01","2013-08-01",,,,,,,,,,,,,,,,,,,,,,,,,,,,,,,,,,,,,,,"dsank@Field-ops.org","jeells@neoninc.org",,
"d7ba0c5b-9682-488f-8116-f295fdeb54d6","37000870C8074B9D9A59351B6C023EB9","DSNY_016.mammalGrid.mam","D03","DSNY","DSNY_016","D8","distributed","pastureHay",28.045236,-81.393101,"WGS84",45.1,19.9,0.1,"6 - trap set and empty",,"2013-08-01","2013-08-01",,,,,,,,,,,,,,,,,,,,,,,,,,,,,,,,,,,,,,,"dsank@Field-ops.org","jeells@neoninc.org",,
"1198bf56-d4db-44cb-ba01-33bee0729ce4","37000870C8074B9D9A59351B6C023EB9","DSNY_016.mammalGrid.mam","D03","DSNY","DSNY_016","D9","distributed","pastureHay",28.045236,-81.393101,"WGS84",45.1,19.9,0.1,"6 - trap set and empty",,"2013-08-01","2013-08-01",,,,,,,,,,,,,,,,,,,,,,,,,,,,,,,,,,,,,,,"dsank@Field-ops.org","jeells@neoninc.org",,
"2a2e1e17-2cab-43e9-a9ee-74bd5c720984","37000870C8074B9D9A59351B6C023EB9","DSNY_016.mammalGrid.mam","D03","DSNY","DSNY_016","C2","distributed","pastureHay",28.045236,-81.393101,"WGS84",45.1,19.9,0.1,"6 - trap set and empty",,"2013-08-01","2013-08-01",,,,,,,,,,,,,,,,,,,,,,,,,,,,,,,,,,,,,,,"dsank@Field-ops.org","jeells@neoninc.org",,
"1ee67740-3a75-468c-a760-b94427b42403","37000870C8074B9D9A59351B6C023EB9","DSNY_016.mammalGrid.mam","D03","DSNY","DSNY_016","C1","distributed","pastureHay",28.045236,-81.393101,"WGS84",45.1,19.9,0.1,"6 - trap set and empty",,"2013-08-01","2013-08-01",,,,,,,,,,,,,,,,,,,,,,,,,,,,,,,,,,,,,,,"dsank@Field-ops.org","jeells@neoninc.org",,
"5b070631-efb0-478f-91f1-730558a8d733","37000870C8074B9D9A59351B6C023EB9","DSNY_016.mammalGrid.mam","D03","DSNY","DSNY_016","B10","distributed","pastureHay",28.045236,-81.393101,"WGS84",45.1,19.9,0.1,"6 - trap set and empty",,"2013-08-01","2013-08-01",,,,,,,,,,,,,,,,,,,,,,,,,,,,,,,,,,,,,,,"dsank@Field-ops.org","jeells@neoninc.org",,
"28e5062e-d621-4984-8785-e473a93ecb0a","37000870C8074B9D9A59351B6C023EB9","DSNY_016.mammalGrid.mam","D03","DSNY","DSNY_016","C5","distributed","pastureHay",28.045236,-81.393101,"WGS84",45.1,19.9,0.1,"6 - trap set and empty",,"2013-08-01","2013-08-01",,,,,,,,,,,,,,,,,,,,,,,,,,,,,,,,,,,,,,,"dsank@Field-ops.org","jeells@neoninc.org",,
"b1a61652-aafd-4708-8648-389210f92b62","37000870C8074B9D9A59351B6C023EB9","DSNY_016.mammalGrid.mam","D03","DSNY","DSNY_016","C6","distributed","pastureHay",28.045236,-81.393101,"WGS84",45.1,19.9,0.1,"6 - trap set and empty",,"2013-08-01","2013-08-01",,,,,,,,,,,,,,,,,,,,,,,,,,,,,,,,,,,,,,,"dsank@Field-ops.org","jeells@neoninc.org",,
"b04a4636-5a70-4e84-b09c-fa591966cd72","37000870C8074B9D9A59351B6C023EB9","DSNY_016.mammalGrid.mam","D03","DSNY","DSNY_016","C3","distributed","pastureHay",28.045236,-81.393101,"WGS84",45.1,19.9,0.1,"6 - trap set and empty",,"2013-08-01","2013-08-01",,,,,,,,,,,,,,,,,,,,,,,,,,,,,,,,,,,,,,,"dsank@Field-ops.org","jeells@neoninc.org",,
"cac560eb-3fc8-4bbe-a1d1-317b5e946960","37000870C8074B9D9A59351B6C023EB9","DSNY_016.mammalGrid.mam","D03","DSNY","DSNY_016","C4","distributed","pastureHay",28.045236,-81.393101,"WGS84",45.1,19.9,0.1,"6 - trap set and empty",,"2013-08-01","2013-08-01",,,,,,,,,,,,,,,,,,,,,,,,,,,,,,,,,,,,,,,"dsank@Field-ops.org","jeells@neoninc.org",,
"1851ab41-686c-45f2-83ee-d0c430c6c169","37000870C8074B9D9A59351B6C023EB9","DSNY_016.mammalGrid.mam","D03","DSNY","DSNY_016","C9","distributed","pastureHay",28.045236,-81.393101,"WGS84",45.1,19.9,0.1,"6 - trap set and empty",,"2013-08-01","2013-08-01",,,,,,,,,,,,,,,,,,,,,,,,,,,,,,,,,,,,,,,"dsank@Field-ops.org","jeells@neoninc.org",,
"77a25446-0db8-4206-a2b9-5c8c8a053f19","37000870C8074B9D9A59351B6C023EB9","DSNY_016.mammalGrid.mam","D03","DSNY","DSNY_016","C7","distributed","pastureHay",28.045236,-81.393101,"WGS84",45.1,19.9,0.1,"5 - capture",,"2013-08-01","2013-08-01","NEON.MAM.D03.R2123",,"CRSP","Cricetidae sp.","family",,"NEON.DOC.002167vA","N","F","Y",,,"adult",,,"not",,,,,,,,,,,,,,,,,,,,,,,"dsank@Field-ops.org","jeells@neoninc.org",,
"5459efde-57ef-426d-a535-57dee6d261a0","37000870C8074B9D9A59351B6C023EB9","DSNY_016.mammalGrid.mam","D03","DSNY","DSNY_016","C8","distributed","pastureHay",28.045236,-81.393101,"WGS84",45.1,19.9,0.1,"6 - trap set and empty",,"2013-08-01","2013-08-01",,,,,,,,,,,,,,,,,,,,,,,,,,,,,,,,,,,,,,,"dsank@Field-ops.org","jeells@neoninc.org",,
"acec8490-bd5d-4fa0-ac2f-f9c1233013d8","37000870C8074B9D9A59351B6C023EB9","DSNY_016.mammalGrid.mam","D03","DSNY","DSNY_016","B1","distributed","pastureHay",28.045236,-81.393101,"WGS84",45.1,19.9,0.1,"6 - trap set and empty",,"2013-08-01","2013-08-01",,,,,,,,,,,,,,,,,,,,,,,,,,,,,,,,,,,,,,,"dsank@Field-ops.org","jeells@neoninc.org",,
"d6410196-b7a9-4f9c-9a2a-bba6fd30140d","37000870C8074B9D9A59351B6C023EB9","DSNY_016.mammalGrid.mam","D03","DSNY","DSNY_016","E10","distributed","pastureHay",28.045236,-81.393101,"WGS84",45.1,19.9,0.1,"6 - trap set and empty",,"2013-08-01","2013-08-01",,,,,,,,,,,,,,,,,,,,,,,,,,,,,,,,,,,,,,,"dsank@Field-ops.org","jeells@neoninc.org",,
"aaa58edd-566a-4a67-bfa1-225e80b0380b","37000870C8074B9D9A59351B6C023EB9","DSNY_016.mammalGrid.mam","D03","DSNY","DSNY_016","J9","distributed","pastureHay",28.045236,-81.393101,"WGS84",45.1,19.9,0.1,"6 - trap set and empty",,"2013-08-01","2013-08-01",,,,,,,,,,,,,,,,,,,,,,,,,,,,,,,,,,,,,,,"dsank@Field-ops.org","jeells@neoninc.org",,
"75b29541-3e09-4d13-ae87-8c81f889bf2c","37000870C8074B9D9A59351B6C023EB9","DSNY_016.mammalGrid.mam","D03","DSNY","DSNY_016","J8","distributed","pastureHay",28.045236,-81.393101,"WGS84",45.1,19.9,0.1,"6 - trap set and empty",,"2013-08-01","2013-08-01",,,,,,,,,,,,,,,,,,,,,,,,,,,,,,,,,,,,,,,"dsank@Field-ops.org","jeells@neoninc.org",,
"5cce69ef-83f8-41b0-99d1-bf439020ceba","37000870C8074B9D9A59351B6C023EB9","DSNY_016.mammalGrid.mam","D03","DSNY","DSNY_016","J7","distributed","pastureHay",28.045236,-81.393101,"WGS84",45.1,19.9,0.1,"6 - trap set and empty",,"2013-08-01","2013-08-01",,,,,,,,,,,,,,,,,,,,,,,,,,,,,,,,,,,,,,,"dsank@Field-ops.org","jeells@neoninc.org",,
"597ecf25-3942-4333-9ee0-8cdc78f02415","37000870C8074B9D9A59351B6C023EB9","DSNY_016.mammalGrid.mam","D03","DSNY","DSNY_016","J6","distributed","pastureHay",28.045236,-81.393101,"WGS84",45.1,19.9,0.1,"6 - trap set and empty",,"2013-08-01","2013-08-01",,,,,,,,,,,,,,,,,,,,,,,,,,,,,,,,,,,,,,,"dsank@Field-ops.org","jeells@neoninc.org",,
"4807bfb3-1c0e-4bd6-b29c-68edfbbcf9dd","37000870C8074B9D9A59351B6C023EB9","DSNY_016.mammalGrid.mam","D03","DSNY","DSNY_016","J5","distributed","pastureHay",28.045236,-81.393101,"WGS84",45.1,19.9,0.1,"6 - trap set and empty",,"2013-08-01","2013-08-01",,,,,,,,,,,,,,,,,,,,,,,,,,,,,,,,,,,,,,,"dsank@Field-ops.org","jeells@neoninc.org",,
"4c7da179-1894-4dfb-b813-b45f70f34d0f","37000870C8074B9D9A59351B6C023EB9","DSNY_016.mammalGrid.mam","D03","DSNY","DSNY_016","J4","distributed","pastureHay",28.045236,-81.393101,"WGS84",45.1,19.9,0.1,"6 - trap set and empty",,"2013-08-01","2013-08-01",,,,,,,,,,,,,,,,,,,,,,,,,,,,,,,,,,,,,,,"dsank@Field-ops.org","jeells@neoninc.org",,
"8f9896cb-1389-4c31-af51-613ba8a878f6","37000870C8074B9D9A59351B6C023EB9","DSNY_016.mammalGrid.mam","D03","DSNY","DSNY_016","C10","distributed","pastureHay",28.045236,-81.393101,"WGS84",45.1,19.9,0.1,"6 - trap set and empty",,"2013-08-01","2013-08-01",,,,,,,,,,,,,,,,,,,,,,,,,,,,,,,,,,,,,,,"dsank@Field-ops.org","jeells@neoninc.org",,
"a9bfe979-728e-4f2b-8d61-45f9248654b7","37000870C8074B9D9A59351B6C023EB9","DSNY_016.mammalGrid.mam","D03","DSNY","DSNY_016","J3","distributed","pastureHay",28.045236,-81.393101,"WGS84",45.1,19.9,0.1,"6 - trap set and empty",,"2013-08-01","2013-08-01",,,,,,,,,,,,,,,,,,,,,,,,,,,,,,,,,,,,,,,"dsank@Field-ops.org","jeells@neoninc.org",,
"c59b704a-193e-44a5-8e67-1af24002892f","37000870C8074B9D9A59351B6C023EB9","DSNY_016.mammalGrid.mam","D03","DSNY","DSNY_016","J2","distributed","pastureHay",28.045236,-81.393101,"WGS84",45.1,19.9,0.1,"6 - trap set and empty",,"2013-08-01","2013-08-01",,,,,,,,,,,,,,,,,,,,,,,,,,,,,,,,,,,,,,,"dsank@Field-ops.org","jeells@neoninc.org",,
"442fe63c-dda9-4640-9196-dc4be7a97ad7","37000870C8074B9D9A59351B6C023EB9","DSNY_016.mammalGrid.mam","D03","DSNY","DSNY_016","J1","distributed","pastureHay",28.045236,-81.393101,"WGS84",45.1,19.9,0.1,"6 - trap set and empty",,"2013-08-01","2013-08-01",,,,,,,,,,,,,,,,,,,,,,,,,,,,,,,,,,,,,,,"dsank@Field-ops.org","jeells@neoninc.org",,
"f2932b04-21e9-42f4-b077-f5074e039c94","37000870C8074B9D9A59351B6C023EB9","DSNY_016.mammalGrid.mam","D03","DSNY","DSNY_016","B6","distributed","pastureHay",28.045236,-81.393101,"WGS84",45.1,19.9,0.1,"6 - trap set and empty",,"2013-08-01","2013-08-01",,,,,,,,,,,,,,,,,,,,,,,,,,,,,,,,,,,,,,,"dsank@Field-ops.org","jeells@neoninc.org",,
"abb2d2d2-1869-4ae5-a47e-b5757437c2d5","37000870C8074B9D9A59351B6C023EB9","DSNY_016.mammalGrid.mam","D03","DSNY","DSNY_016","B7","distributed","pastureHay",28.045236,-81.393101,"WGS84",45.1,19.9,0.1,"2 - trap disturbed/door closed but empty",,"2013-08-01","2013-08-01",,,,,,,,,,,,,,,,,,,,,,,,,,,,,,,,,,,,,,,"dsank@Field-ops.org","jeells@neoninc.org",,
"9edb3cab-5a6e-4ca1-af68-ec4af96667f5","37000870C8074B9D9A59351B6C023EB9","DSNY_016.mammalGrid.mam","D03","DSNY","DSNY_016","B8","distributed","pastureHay",28.045236,-81.393101,"WGS84",45.1,19.9,0.1,"6 - trap set and empty",,"2013-08-01","2013-08-01",,,,,,,,,,,,,,,,,,,,,,,,,,,,,,,,,,,,,,,"dsank@Field-ops.org","jeells@neoninc.org",,
"b28f08c5-2a73-4e6b-adee-d4c0c467a65c","37000870C8074B9D9A59351B6C023EB9","DSNY_016.mammalGrid.mam","D03","DSNY","DSNY_016","B9","distributed","pastureHay",28.045236,-81.393101,"WGS84",45.1,19.9,0.1,"6 - trap set and empty",,"2013-08-01","2013-08-01",,,,,,,,,,,,,,,,,,,,,,,,,,,,,,,,,,,,,,,"dsank@Field-ops.org","jeells@neoninc.org",,
"5a40d243-c688-4ca8-b8f1-8f913b42a3b1","37000870C8074B9D9A59351B6C023EB9","DSNY_016.mammalGrid.mam","D03","DSNY","DSNY_016","B2","distributed","pastureHay",28.045236,-81.393101,"WGS84",45.1,19.9,0.1,"6 - trap set and empty",,"2013-08-01","2013-08-01",,,,,,,,,,,,,,,,,,,,,,,,,,,,,,,,,,,,,,,"dsank@Field-ops.org","jeells@neoninc.org",,
"d61f7fad-ebc7-41a9-afb7-1789292ed8c6","37000870C8074B9D9A59351B6C023EB9","DSNY_016.mammalGrid.mam","D03","DSNY","DSNY_016","B3","distributed","pastureHay",28.045236,-81.393101,"WGS84",45.1,19.9,0.1,"6 - trap set and empty",,"2013-08-01","2013-08-01",,,,,,,,,,,,,,,,,,,,,,,,,,,,,,,,,,,,,,,"dsank@Field-ops.org","jeells@neoninc.org",,
"7aaf2ec5-3767-4b79-b75e-e6bdcddc89c6","37000870C8074B9D9A59351B6C023EB9","DSNY_016.mammalGrid.mam","D03","DSNY","DSNY_016","B4","distributed","pastureHay",28.045236,-81.393101,"WGS84",45.1,19.9,0.1,"6 - trap set and empty",,"2013-08-01","2013-08-01",,,,,,,,,,,,,,,,,,,,,,,,,,,,,,,,,,,,,,,"dsank@Field-ops.org","jeells@neoninc.org",,
"84826565-c2b1-4388-a28a-047276e1c1db","37000870C8074B9D9A59351B6C023EB9","DSNY_016.mammalGrid.mam","D03","DSNY","DSNY_016","B5","distributed","pastureHay",28.045236,-81.393101,"WGS84",45.1,19.9,0.1,"6 - trap set and empty",,"2013-08-01","2013-08-01",,,,,,,,,,,,,,,,,,,,,,,,,,,,,,,,,,,,,,,"dsank@Field-ops.org","jeells@neoninc.org",,
"d5297e10-bb4e-4dfe-826f-30bcb02cbd0a","37000870C8074B9D9A59351B6C023EB9","DSNY_016.mammalGrid.mam","D03","DSNY","DSNY_016","G10","distributed","pastureHay",28.045236,-81.393101,"WGS84",45.1,19.9,0.1,"6 - trap set and empty",,"2013-08-01","2013-08-01",,,,,,,,,,,,,,,,,,,,,,,,,,,,,,,,,,,,,,,"dsank@Field-ops.org","jeells@neoninc.org",,
"1f426bc9-04ae-4914-944d-fbe17a25b2fa","37000870C8074B9D9A59351B6C023EB9","DSNY_016.mammalGrid.mam","D03","DSNY","DSNY_016","I9","distributed","pastureHay",28.045236,-81.393101,"WGS84",45.1,19.9,0.1,"6 - trap set and empty",,"2013-08-01","2013-08-01",,,,,,,,,,,,,,,,,,,,,,,,,,,,,,,,,,,,,,,"dsank@Field-ops.org","jeells@neoninc.org",,
"c4dad18e-d4a1-4445-8356-ad9238e35aec","37000870C8074B9D9A59351B6C023EB9","DSNY_016.mammalGrid.mam","D03","DSNY","DSNY_016","I6","distributed","pastureHay",28.045236,-81.393101,"WGS84",45.1,19.9,0.1,"6 - trap set and empty",,"2013-08-01","2013-08-01",,,,,,,,,,,,,,,,,,,,,,,,,,,,,,,,,,,,,,,"dsank@Field-ops.org","jeells@neoninc.org",,
"02bdccdf-0cf5-463c-95bc-04d4f0e561a1","37000870C8074B9D9A59351B6C023EB9","DSNY_016.mammalGrid.mam","D03","DSNY","DSNY_016","I5","distributed","pastureHay",28.045236,-81.393101,"WGS84",45.1,19.9,0.1,"6 - trap set and empty",,"2013-08-01","2013-08-01",,,,,,,,,,,,,,,,,,,,,,,,,,,,,,,,,,,,,,,"dsank@Field-ops.org","jeells@neoninc.org",,
"8ecea9a0-e7ac-4d07-8080-315eca315e0d","37000870C8074B9D9A59351B6C023EB9","DSNY_016.mammalGrid.mam","D03","DSNY","DSNY_016","I8","distributed","pastureHay",28.045236,-81.393101,"WGS84",45.1,19.9,0.1,"6 - trap set and empty",,"2013-08-01","2013-08-01",,,,,,,,,,,,,,,,,,,,,,,,,,,,,,,,,,,,,,,"dsank@Field-ops.org","jeells@neoninc.org",,
"d79d0e66-5be1-41fa-aa03-08ffa4488db8","37000870C8074B9D9A59351B6C023EB9","DSNY_016.mammalGrid.mam","D03","DSNY","DSNY_016","I7","distributed","pastureHay",28.045236,-81.393101,"WGS84",45.1,19.9,0.1,"6 - trap set and empty",,"2013-08-01","2013-08-01",,,,,,,,,,,,,,,,,,,,,,,,,,,,,,,,,,,,,,,"dsank@Field-ops.org","jeells@neoninc.org",,
"6b5708d7-8577-4ffd-a12d-745293926940","37000870C8074B9D9A59351B6C023EB9","DSNY_016.mammalGrid.mam","D03","DSNY","DSNY_016","I2","distributed","pastureHay",28.045236,-81.393101,"WGS84",45.1,19.9,0.1,"6 - trap set and empty",,"2013-08-01","2013-08-01",,,,,,,,,,,,,,,,,,,,,,,,,,,,,,,,,,,,,,,"dsank@Field-ops.org","jeells@neoninc.org",,
"4fc8a170-8797-44e1-8713-de9f07084547","37000870C8074B9D9A59351B6C023EB9","DSNY_016.mammalGrid.mam","D03","DSNY","DSNY_016","I10","distributed","pastureHay",28.045236,-81.393101,"WGS84",45.1,19.9,0.1,"6 - trap set and empty",,"2013-08-01","2013-08-01",,,,,,,,,,,,,,,,,,,,,,,,,,,,,,,,,,,,,,,"dsank@Field-ops.org","jeells@neoninc.org",,
"6ff2103b-7226-416b-a979-434e38daa966","37000870C8074B9D9A59351B6C023EB9","DSNY_016.mammalGrid.mam","D03","DSNY","DSNY_016","I1","distributed","pastureHay",28.045236,-81.393101,"WGS84",45.1,19.9,0.1,"6 - trap set and empty",,"2013-08-01","2013-08-01",,,,,,,,,,,,,,,,,,,,,,,,,,,,,,,,,,,,,,,"dsank@Field-ops.org","jeells@neoninc.org",,
"06c6d038-da48-4b87-ac7d-8cee0ed9b429","37000870C8074B9D9A59351B6C023EB9","DSNY_016.mammalGrid.mam","D03","DSNY","DSNY_016","I4","distributed","pastureHay",28.045236,-81.393101,"WGS84",45.1,19.9,0.1,"6 - trap set and empty",,"2013-08-01","2013-08-01",,,,,,,,,,,,,,,,,,,,,,,,,,,,,,,,,,,,,,,"dsank@Field-ops.org","jeells@neoninc.org",,
"b8280f41-8ad0-49de-97be-9fa2fcabc208","37000870C8074B9D9A59351B6C023EB9","DSNY_016.mammalGrid.mam","D03","DSNY","DSNY_016","A9","distributed","pastureHay",28.045236,-81.393101,"WGS84",45.1,19.9,0.1,"6 - trap set and empty",,"2013-08-01","2013-08-01",,,,,,,,,,,,,,,,,,,,,,,,,,,,,,,,,,,,,,,"dsank@Field-ops.org","jeells@neoninc.org",,
"6ebfe2ad-02be-49dc-a33f-48486c84571b","37000870C8074B9D9A59351B6C023EB9","DSNY_016.mammalGrid.mam","D03","DSNY","DSNY_016","I3","distributed","pastureHay",28.045236,-81.393101,"WGS84",45.1,19.9,0.1,"6 - trap set and empty",,"2013-08-01","2013-08-01",,,,,,,,,,,,,,,,,,,,,,,,,,,,,,,,,,,,,,,"dsank@Field-ops.org","jeells@neoninc.org",,
"c77d0c77-6a98-402e-bd5a-9ba223ac69ae","37000870C8074B9D9A59351B6C023EB9","DSNY_016.mammalGrid.mam","D03","DSNY","DSNY_016","A7","distributed","pastureHay",28.045236,-81.393101,"WGS84",45.1,19.9,0.1,"6 - trap set and empty",,"2013-08-01","2013-08-01",,,,,,,,,,,,,,,,,,,,,,,,,,,,,,,,,,,,,,,"dsank@Field-ops.org","jeells@neoninc.org",,
"377026ca-a686-46cb-bade-fc14bdc924cc","37000870C8074B9D9A59351B6C023EB9","DSNY_016.mammalGrid.mam","D03","DSNY","DSNY_016","A8","distributed","pastureHay",28.045236,-81.393101,"WGS84",45.1,19.9,0.1,"6 - trap set and empty",,"2013-08-01","2013-08-01",,,,,,,,,,,,,,,,,,,,,,,,,,,,,,,,,,,,,,,"dsank@Field-ops.org","jeells@neoninc.org",,
"718c3e80-307f-4822-b54c-77b8ec325e24","37000870C8074B9D9A59351B6C023EB9","DSNY_016.mammalGrid.mam","D03","DSNY","DSNY_016","A5","distributed","pastureHay",28.045236,-81.393101,"WGS84",45.1,19.9,0.1,"6 - trap set and empty",,"2013-08-01","2013-08-01",,,,,,,,,,,,,,,,,,,,,,,,,,,,,,,,,,,,,,,"dsank@Field-ops.org","jeells@neoninc.org",,
"e4392aab-81bd-4ba8-966d-9a4eabd36201","37000870C8074B9D9A59351B6C023EB9","DSNY_016.mammalGrid.mam","D03","DSNY","DSNY_016","A6","distributed","pastureHay",28.045236,-81.393101,"WGS84",45.1,19.9,0.1,"6 - trap set and empty",,"2013-08-01","2013-08-01",,,,,,,,,,,,,,,,,,,,,,,,,,,,,,,,,,,,,,,"dsank@Field-ops.org","jeells@neoninc.org",,
"03dc3810-8f9e-45b4-af5f-ab8d7f2569a5","37000870C8074B9D9A59351B6C023EB9","DSNY_016.mammalGrid.mam","D03","DSNY","DSNY_016","A3","distributed","pastureHay",28.045236,-81.393101,"WGS84",45.1,19.9,0.1,"6 - trap set and empty",,"2013-08-01","2013-08-01",,,,,,,,,,,,,,,,,,,,,,,,,,,,,,,,,,,,,,,"dsank@Field-ops.org","jeells@neoninc.org",,
"70ea2df3-150b-4d7c-ad47-1b1ec1c0d637","37000870C8074B9D9A59351B6C023EB9","DSNY_016.mammalGrid.mam","D03","DSNY","DSNY_016","A4","distributed","pastureHay",28.045236,-81.393101,"WGS84",45.1,19.9,0.1,"6 - trap set and empty",,"2013-08-01","2013-08-01",,,,,,,,,,,,,,,,,,,,,,,,,,,,,,,,,,,,,,,"dsank@Field-ops.org","jeells@neoninc.org",,
"d28c31d7-feb2-4f31-b4a1-ad982f66d264","37000870C8074B9D9A59351B6C023EB9","DSNY_016.mammalGrid.mam","D03","DSNY","DSNY_016","A1","distributed","pastureHay",28.045236,-81.393101,"WGS84",45.1,19.9,0.1,"6 - trap set and empty",,"2013-08-01","2013-08-01",,,,,,,,,,,,,,,,,,,,,,,,,,,,,,,,,,,,,,,"dsank@Field-ops.org","jeells@neoninc.org",,
"8a4e2a6f-ee5d-4aea-8a7c-e8a3dbd36fb4","37000870C8074B9D9A59351B6C023EB9","DSNY_016.mammalGrid.mam","D03","DSNY","DSNY_016","A2","distributed","pastureHay",28.045236,-81.393101,"WGS84",45.1,19.9,0.1,"6 - trap set and empty",,"2013-08-01","2013-08-01",,,,,,,,,,,,,,,,,,,,,,,,,,,,,,,,,,,,,,,"dsank@Field-ops.org","jeells@neoninc.org",,
"68e2b45f-7f23-44ef-b6da-2b37618b6d4a","37000870C8074B9D9A59351B6C023EB9","DSNY_016.mammalGrid.mam","D03","DSNY","DSNY_016","A10","distributed","pastureHay",28.045236,-81.393101,"WGS84",45.1,19.9,0.1,"6 - trap set and empty",,"2013-08-01","2013-08-01",,,,,,,,,,,,,,,,,,,,,,,,,,,,,,,,,,,,,,,"dsank@Field-ops.org","jeells@neoninc.org",,
"7fbf19c5-5897-48ef-9ee3-e529e6dac549","37000870C8074B9D9A59351B6C023EB9","DSNY_016.mammalGrid.mam","D03","DSNY","DSNY_016","E6","distributed","pastureHay",28.045236,-81.393101,"WGS84",45.1,19.9,0.1,"6 - trap set and empty",,"2013-08-01","2013-08-01",,,,,,,,,,,,,,,,,,,,,,,,,,,,,,,,,,,,,,,"dsank@Field-ops.org","jeells@neoninc.org",,
"5c350f94-1160-4854-acce-da3716144e06","37000870C8074B9D9A59351B6C023EB9","DSNY_016.mammalGrid.mam","D03","DSNY","DSNY_016","E5","distributed","pastureHay",28.045236,-81.393101,"WGS84",45.1,19.9,0.1,"6 - trap set and empty",,"2013-08-01","2013-08-01",,,,,,,,,,,,,,,,,,,,,,,,,,,,,,,,,,,,,,,"dsank@Field-ops.org","jeells@neoninc.org",,
"d23a35bc-982f-4ea6-ac58-043ba087b87a","357A064E5F294F9C92EB57569CBE16A9","DSNY_005.mammalGrid.mam","D03","DSNY","DSNY_005","D1","distributed","woodyWetlands",28.039127,-81.391902,"WGS84",45.1,19.7,0.1,"6 - trap set and empty",,"2013-08-01","2013-08-01",,,,,,,,,,,,,,,,,,,,,,,,,,,,,,,,,,,,,,,"dsank@Field-ops.org","jeells@neoninc.org",,
"cea0e040-bbd7-4ac4-8dbb-54e5fc427d72","357A064E5F294F9C92EB57569CBE16A9","DSNY_005.mammalGrid.mam","D03","DSNY","DSNY_005","D3","distributed","woodyWetlands",28.039127,-81.391902,"WGS84",45.1,19.7,0.1,"6 - trap set and empty",,"2013-08-01","2013-08-01",,,,,,,,,,,,,,,,,,,,,,,,,,,,,,,,,,,,,,,"dsank@Field-ops.org","jeells@neoninc.org",,
"35cd4580-ac5a-4dd1-b486-7b008703f70b","357A064E5F294F9C92EB57569CBE16A9","DSNY_005.mammalGrid.mam","D03","DSNY","DSNY_005","D2","distributed","woodyWetlands",28.039127,-81.391902,"WGS84",45.1,19.7,0.1,"6 - trap set and empty",,"2013-08-01","2013-08-01",,,,,,,,,,,,,,,,,,,,,,,,,,,,,,,,,,,,,,,"dsank@Field-ops.org","jeells@neoninc.org",,
"a962f025-f801-4509-9cb7-324680b1f2c7","357A064E5F294F9C92EB57569CBE16A9","DSNY_005.mammalGrid.mam","D03","DSNY","DSNY_005","D4","distributed","woodyWetlands",28.039127,-81.391902,"WGS84",45.1,19.7,0.1,"6 - trap set and empty",,"2013-08-01","2013-08-01",,,,,,,,,,,,,,,,,,,,,,,,,,,,,,,,,,,,,,,"dsank@Field-ops.org","jeells@neoninc.org",,
"8e565ec6-ba4c-4036-980f-c3a945760648","357A064E5F294F9C92EB57569CBE16A9","DSNY_005.mammalGrid.mam","D03","DSNY","DSNY_005","D5","distributed","woodyWetlands",28.039127,-81.391902,"WGS84",45.1,19.7,0.1,"6 - trap set and empty",,"2013-08-01","2013-08-01",,,,,,,,,,,,,,,,,,,,,,,,,,,,,,,,,,,,,,,"dsank@Field-ops.org","jeells@neoninc.org",,
"cf41ada2-f2e5-4607-9026-3e3e262b5967","357A064E5F294F9C92EB57569CBE16A9","DSNY_005.mammalGrid.mam","D03","DSNY","DSNY_005","D6","distributed","woodyWetlands",28.039127,-81.391902,"WGS84",45.1,19.7,0.1,"6 - trap set and empty",,"2013-08-01","2013-08-01",,,,,,,,,,,,,,,,,,,,,,,,,,,,,,,,,,,,,,,"dsank@Field-ops.org","jeells@neoninc.org",,
"417fba80-75f3-42d2-ab31-7ea8152b4239","357A064E5F294F9C92EB57569CBE16A9","DSNY_005.mammalGrid.mam","D03","DSNY","DSNY_005","D7","distributed","woodyWetlands",28.039127,-81.391902,"WGS84",45.1,19.7,0.1,"6 - trap set and empty",,"2013-08-01","2013-08-01",,,,,,,,,,,,,,,,,,,,,,,,,,,,,,,,,,,,,,,"dsank@Field-ops.org","jeells@neoninc.org",,
"16f38896-7dab-400c-98f6-ecdff1622b3c","357A064E5F294F9C92EB57569CBE16A9","DSNY_005.mammalGrid.mam","D03","DSNY","DSNY_005","D8","distributed","woodyWetlands",28.039127,-81.391902,"WGS84",45.1,19.7,0.1,"6 - trap set and empty",,"2013-08-01","2013-08-01",,,,,,,,,,,,,,,,,,,,,,,,,,,,,,,,,,,,,,,"dsank@Field-ops.org","jeells@neoninc.org",,
"04c18d4f-16e0-48f8-bbf0-74125e9aac61","357A064E5F294F9C92EB57569CBE16A9","DSNY_005.mammalGrid.mam","D03","DSNY","DSNY_005","D9","distributed","woodyWetlands",28.039127,-81.391902,"WGS84",45.1,19.7,0.1,"6 - trap set and empty",,"2013-08-01","2013-08-01",,,,,,,,,,,,,,,,,,,,,,,,,,,,,,,,,,,,,,,"dsank@Field-ops.org","jeells@neoninc.org",,
"8aff4bac-31e7-4105-a2e0-4227a9d4922d","357A064E5F294F9C92EB57569CBE16A9","DSNY_005.mammalGrid.mam","D03","DSNY","DSNY_005","C2","distributed","woodyWetlands",28.039127,-81.391902,"WGS84",45.1,19.7,0.1,"6 - trap set and empty",,"2013-08-01","2013-08-01",,,,,,,,,,,,,,,,,,,,,,,,,,,,,,,,,,,,,,,"dsank@Field-ops.org","jeells@neoninc.org",,
"706e50fb-186b-45f1-9f98-becc1dc854ca","357A064E5F294F9C92EB57569CBE16A9","DSNY_005.mammalGrid.mam","D03","DSNY","DSNY_005","C1","distributed","woodyWetlands",28.039127,-81.391902,"WGS84",45.1,19.7,0.1,"6 - trap set and empty",,"2013-08-01","2013-08-01",,,,,,,,,,,,,,,,,,,,,,,,,,,,,,,,,,,,,,,"dsank@Field-ops.org","jeells@neoninc.org",,
"bef64c56-13bc-471e-9e09-8d373420c38d","357A064E5F294F9C92EB57569CBE16A9","DSNY_005.mammalGrid.mam","D03","DSNY","DSNY_005","B10","distributed","woodyWetlands",28.039127,-81.391902,"WGS84",45.1,19.7,0.1,"6 - trap set and empty",,"2013-08-01","2013-08-01",,,,,,,,,,,,,,,,,,,,,,,,,,,,,,,,,,,,,,,"dsank@Field-ops.org","jeells@neoninc.org",,
"95292337-6d63-4c6f-a57d-c74d3856b819","357A064E5F294F9C92EB57569CBE16A9","DSNY_005.mammalGrid.mam","D03","DSNY","DSNY_005","C5","distributed","woodyWetlands",28.039127,-81.391902,"WGS84",45.1,19.7,0.1,"6 - trap set and empty",,"2013-08-01","2013-08-01",,,,,,,,,,,,,,,,,,,,,,,,,,,,,,,,,,,,,,,"dsank@Field-ops.org","jeells@neoninc.org",,
"427ea244-ea97-464f-a206-c6875a28cea4","357A064E5F294F9C92EB57569CBE16A9","DSNY_005.mammalGrid.mam","D03","DSNY","DSNY_005","C6","distributed","woodyWetlands",28.039127,-81.391902,"WGS84",45.1,19.7,0.1,"6 - trap set and empty",,"2013-08-01","2013-08-01",,,,,,,,,,,,,,,,,,,,,,,,,,,,,,,,,,,,,,,"dsank@Field-ops.org","jeells@neoninc.org",,
"f751f172-01a6-4136-a1de-9f6e91876bcb","357A064E5F294F9C92EB57569CBE16A9","DSNY_005.mammalGrid.mam","D03","DSNY","DSNY_005","C3","distributed","woodyWetlands",28.039127,-81.391902,"WGS84",45.1,19.7,0.1,"6 - trap set and empty",,"2013-08-01","2013-08-01",,,,,,,,,,,,,,,,,,,,,,,,,,,,,,,,,,,,,,,"dsank@Field-ops.org","jeells@neoninc.org",,
"5e76e5a4-d18a-49c1-8a93-4f99a66fecb0","357A064E5F294F9C92EB57569CBE16A9","DSNY_005.mammalGrid.mam","D03","DSNY","DSNY_005","C4","distributed","woodyWetlands",28.039127,-81.391902,"WGS84",45.1,19.7,0.1,"6 - trap set and empty",,"2013-08-01","2013-08-01",,,,,,,,,,,,,,,,,,,,,,,,,,,,,,,,,,,,,,,"dsank@Field-ops.org","jeells@neoninc.org",,
"0bec4cee-5822-4f61-8adb-1e1bf764f3c1","357A064E5F294F9C92EB57569CBE16A9","DSNY_005.mammalGrid.mam","D03","DSNY","DSNY_005","C9","distributed","woodyWetlands",28.039127,-81.391902,"WGS84",45.1,19.7,0.1,"6 - trap set and empty",,"2013-08-01","2013-08-01",,,,,,,,,,,,,,,,,,,,,,,,,,,,,,,,,,,,,,,"dsank@Field-ops.org","jeells@neoninc.org",,
"a564b31e-cf41-44f1-9976-ba34e9024a53","357A064E5F294F9C92EB57569CBE16A9","DSNY_005.mammalGrid.mam","D03","DSNY","DSNY_005","C7","distributed","woodyWetlands",28.039127,-81.391902,"WGS84",45.1,19.7,0.1,"6 - trap set and empty",,"2013-08-01","2013-08-01",,,,,,,,,,,,,,,,,,,,,,,,,,,,,,,,,,,,,,,"dsank@Field-ops.org","jeells@neoninc.org",,
"f5580883-b7fa-4229-acce-730a6a1fd6dc","357A064E5F294F9C92EB57569CBE16A9","DSNY_005.mammalGrid.mam","D03","DSNY","DSNY_005","C8","distributed","woodyWetlands",28.039127,-81.391902,"WGS84",45.1,19.7,0.1,"6 - trap set and empty",,"2013-08-01","2013-08-01",,,,,,,,,,,,,,,,,,,,,,,,,,,,,,,,,,,,,,,"dsank@Field-ops.org","jeells@neoninc.org",,
"cefbd219-473f-4eff-a51a-e8eb0219a3e7","357A064E5F294F9C92EB57569CBE16A9","DSNY_005.mammalGrid.mam","D03","DSNY","DSNY_005","B1","distributed","woodyWetlands",28.039127,-81.391902,"WGS84",45.1,19.7,0.1,"6 - trap set and empty",,"2013-08-01","2013-08-01",,,,,,,,,,,,,,,,,,,,,,,,,,,,,,,,,,,,,,,"dsank@Field-ops.org","jeells@neoninc.org",,
"fd98e21b-e2ee-4c46-a864-53d8c5648af3","357A064E5F294F9C92EB57569CBE16A9","DSNY_005.mammalGrid.mam","D03","DSNY","DSNY_005","E10","distributed","woodyWetlands",28.039127,-81.391902,"WGS84",45.1,19.7,0.1,"5 - capture",,"2013-08-01","2013-08-01","NEON.MAM.D03.R2269",,"SIHI","Sigmodon hispidus","species",,"NEON.DOC.002167vA","N","F","N",,,"adult",,"nonenlarged","not","neither",30,,,,273,,,,"DSNY.20130801.R2269.B",,"retroorbital","DSNY.20130801.R2269.F",,"old","DSNY.20130801.R2269.E",,"DSNY.20130801.R2269.H",,"hairAndWhisker",,,"dsank@Field-ops.org","jeells@neoninc.org",,
"5e9a2a78-ae04-4749-85a1-996c6a3f0b16","357A064E5F294F9C92EB57569CBE16A9","DSNY_005.mammalGrid.mam","D03","DSNY","DSNY_005","J9","distributed","woodyWetlands",28.039127,-81.391902,"WGS84",45.1,19.7,0.1,"6 - trap set and empty",,"2013-08-01","2013-08-01",,,,,,,,,,,,,,,,,,,,,,,,,,,,,,,,,,,,,,,"dsank@Field-ops.org","jeells@neoninc.org",,
"8495ae66-e7db-4361-9f51-fbbb8fc01a19","357A064E5F294F9C92EB57569CBE16A9","DSNY_005.mammalGrid.mam","D03","DSNY","DSNY_005","E4","distributed","woodyWetlands",28.039127,-81.391902,"WGS84",45.1,19.7,0.1,"6 - trap set and empty",,"2013-08-01","2013-08-01",,,,,,,,,,,,,,,,,,,,,,,,,,,,,,,,,,,,,,,"dsank@Field-ops.org","jeells@neoninc.org",,
"271f1ea7-33df-49aa-b0e9-dba3bbfd40c1","357A064E5F294F9C92EB57569CBE16A9","DSNY_005.mammalGrid.mam","D03","DSNY","DSNY_005","E1","distributed","woodyWetlands",28.039127,-81.391902,"WGS84",45.1,19.7,0.1,"6 - trap set and empty",,"2013-08-01","2013-08-01",,,,,,,,,,,,,,,,,,,,,,,,,,,,,,,,,,,,,,,"dsank@Field-ops.org","jeells@neoninc.org",,
"e6762f1d-fab0-4a9f-bac0-13706b30274a","357A064E5F294F9C92EB57569CBE16A9","DSNY_005.mammalGrid.mam","D03","DSNY","DSNY_005","E2","distributed","woodyWetlands",28.039127,-81.391902,"WGS84",45.1,19.7,0.1,"6 - trap set and empty",,"2013-08-01","2013-08-01",,,,,,,,,,,,,,,,,,,,,,,,,,,,,,,,,,,,,,,"dsank@Field-ops.org","jeells@neoninc.org",,
"bc2b86e5-2b7d-44cb-9259-ea15d141788f","357A064E5F294F9C92EB57569CBE16A9","DSNY_005.mammalGrid.mam","D03","DSNY","DSNY_005","E9","distributed","woodyWetlands",28.039127,-81.391902,"WGS84",45.1,19.7,0.1,"6 - trap set and empty",,"2013-08-01","2013-08-01",,,,,,,,,,,,,,,,,,,,,,,,,,,,,,,,,,,,,,,"dsank@Field-ops.org","jeells@neoninc.org",,
"9dc88975-5e72-4e16-9b7a-ad945deb6983","357A064E5F294F9C92EB57569CBE16A9","DSNY_005.mammalGrid.mam","D03","DSNY","DSNY_005","E8","distributed","woodyWetlands",28.039127,-81.391902,"WGS84",45.1,19.7,0.1,"6 - trap set and empty",,"2013-08-01","2013-08-01",,,,,,,,,,,,,,,,,,,,,,,,,,,,,,,,,,,,,,,"dsank@Field-ops.org","jeells@neoninc.org",,
"e72e1eb4-30f0-4fff-9084-779755f093e1","357A064E5F294F9C92EB57569CBE16A9","DSNY_005.mammalGrid.mam","D03","DSNY","DSNY_005","E7","distributed","woodyWetlands",28.039127,-81.391902,"WGS84",45.1,19.7,0.1,"6 - trap set and empty",,"2013-08-01","2013-08-01",,,,,,,,,,,,,,,,,,,,,,,,,,,,,,,,,,,,,,,"dsank@Field-ops.org","jeells@neoninc.org",,
"ac7f311a-3eec-4ff3-bcf1-b2e503dbfe96","357A064E5F294F9C92EB57569CBE16A9","DSNY_005.mammalGrid.mam","D03","DSNY","DSNY_005","E6","distributed","woodyWetlands",28.039127,-81.391902,"WGS84",45.1,19.7,0.1,"6 - trap set and empty",,"2013-08-01","2013-08-01",,,,,,,,,,,,,,,,,,,,,,,,,,,,,,,,,,,,,,,"dsank@Field-ops.org","jeells@neoninc.org",,
"01670271-f51a-4ef5-8d60-43247252a14c","357A064E5F294F9C92EB57569CBE16A9","DSNY_005.mammalGrid.mam","D03","DSNY","DSNY_005","E5","distributed","woodyWetlands",28.039127,-81.391902,"WGS84",45.1,19.7,0.1,"6 - trap set and empty",,"2013-08-01","2013-08-01",,,,,,,,,,,,,,,,,,,,,,,,,,,,,,,,,,,,,,,"dsank@Field-ops.org","jeells@neoninc.org",,
"c51bdd35-78cd-4bed-9968-6d308eb6c740","357A064E5F294F9C92EB57569CBE16A9","DSNY_005.mammalGrid.mam","D03","DSNY","DSNY_005","J8","distributed","woodyWetlands",28.039127,-81.391902,"WGS84",45.1,19.7,0.1,"6 - trap set and empty",,"2013-08-01","2013-08-01",,,,,,,,,,,,,,,,,,,,,,,,,,,,,,,,,,,,,,,"dsank@Field-ops.org","jeells@neoninc.org",,
"09525a0f-baad-4bc3-b398-a63be69b0097","357A064E5F294F9C92EB57569CBE16A9","DSNY_005.mammalGrid.mam","D03","DSNY","DSNY_005","J7","distributed","woodyWetlands",28.039127,-81.391902,"WGS84",45.1,19.7,0.1,"6 - trap set and empty",,"2013-08-01","2013-08-01",,,,,,,,,,,,,,,,,,,,,,,,,,,,,,,,,,,,,,,"dsank@Field-ops.org","jeells@neoninc.org",,
"04868081-71ae-4976-a7c1-d0587664f816","357A064E5F294F9C92EB57569CBE16A9","DSNY_005.mammalGrid.mam","D03","DSNY","DSNY_005","J6","distributed","woodyWetlands",28.039127,-81.391902,"WGS84",45.1,19.7,0.1,"6 - trap set and empty",,"2013-08-01","2013-08-01",,,,,,,,,,,,,,,,,,,,,,,,,,,,,,,,,,,,,,,"dsank@Field-ops.org","jeells@neoninc.org",,
"87ecab6c-8f27-4f2d-8586-9088309add4b","357A064E5F294F9C92EB57569CBE16A9","DSNY_005.mammalGrid.mam","D03","DSNY","DSNY_005","J5","distributed","woodyWetlands",28.039127,-81.391902,"WGS84",45.1,19.7,0.1,"6 - trap set and empty",,"2013-08-01","2013-08-01",,,,,,,,,,,,,,,,,,,,,,,,,,,,,,,,,,,,,,,"dsank@Field-ops.org","jeells@neoninc.org",,
"4dfcb644-7567-4c49-a7c4-60e46afe16e9","357A064E5F294F9C92EB57569CBE16A9","DSNY_005.mammalGrid.mam","D03","DSNY","DSNY_005","J4","distributed","woodyWetlands",28.039127,-81.391902,"WGS84",45.1,19.7,0.1,"6 - trap set and empty",,"2013-08-01","2013-08-01",,,,,,,,,,,,,,,,,,,,,,,,,,,,,,,,,,,,,,,"dsank@Field-ops.org","jeells@neoninc.org",,
"b83a14d5-7b99-4b64-b3cb-928148551af0","357A064E5F294F9C92EB57569CBE16A9","DSNY_005.mammalGrid.mam","D03","DSNY","DSNY_005","C10","distributed","woodyWetlands",28.039127,-81.391902,"WGS84",45.1,19.7,0.1,"6 - trap set and empty",,"2013-08-01","2013-08-01",,,,,,,,,,,,,,,,,,,,,,,,,,,,,,,,,,,,,,,"dsank@Field-ops.org","jeells@neoninc.org",,
"51737227-cf38-45cc-93fa-6903ab516f32","357A064E5F294F9C92EB57569CBE16A9","DSNY_005.mammalGrid.mam","D03","DSNY","DSNY_005","J3","distributed","woodyWetlands",28.039127,-81.391902,"WGS84",45.1,19.7,0.1,"6 - trap set and empty",,"2013-08-01","2013-08-01",,,,,,,,,,,,,,,,,,,,,,,,,,,,,,,,,,,,,,,"dsank@Field-ops.org","jeells@neoninc.org",,
"9e322549-fb67-4a5b-bac2-baa889b49f20","357A064E5F294F9C92EB57569CBE16A9","DSNY_005.mammalGrid.mam","D03","DSNY","DSNY_005","J2","distributed","woodyWetlands",28.039127,-81.391902,"WGS84",45.1,19.7,0.1,"6 - trap set and empty",,"2013-08-01","2013-08-01",,,,,,,,,,,,,,,,,,,,,,,,,,,,,,,,,,,,,,,"dsank@Field-ops.org","jeells@neoninc.org",,
"d7642d79-043a-49e7-a11a-0104680df6d3","357A064E5F294F9C92EB57569CBE16A9","DSNY_005.mammalGrid.mam","D03","DSNY","DSNY_005","J1","distributed","woodyWetlands",28.039127,-81.391902,"WGS84",45.1,19.7,0.1,"6 - trap set and empty",,"2013-08-01","2013-08-01",,,,,,,,,,,,,,,,,,,,,,,,,,,,,,,,,,,,,,,"dsank@Field-ops.org","jeells@neoninc.org",,
"fb23e430-b04f-4d85-bff2-b5ab29ed6b23","357A064E5F294F9C92EB57569CBE16A9","DSNY_005.mammalGrid.mam","D03","DSNY","DSNY_005","B6","distributed","woodyWetlands",28.039127,-81.391902,"WGS84",45.1,19.7,0.1,"6 - trap set and empty",,"2013-08-01","2013-08-01",,,,,,,,,,,,,,,,,,,,,,,,,,,,,,,,,,,,,,,"dsank@Field-ops.org","jeells@neoninc.org",,
"6987cc3d-c409-4c5c-a9eb-e08616c40d35","357A064E5F294F9C92EB57569CBE16A9","DSNY_005.mammalGrid.mam","D03","DSNY","DSNY_005","B7","distributed","woodyWetlands",28.039127,-81.391902,"WGS84",45.1,19.7,0.1,"6 - trap set and empty",,"2013-08-01","2013-08-01",,,,,,,,,,,,,,,,,,,,,,,,,,,,,,,,,,,,,,,"dsank@Field-ops.org","jeells@neoninc.org",,
"0ccb2587-ee69-4fa9-a9c0-7a4137302038","357A064E5F294F9C92EB57569CBE16A9","DSNY_005.mammalGrid.mam","D03","DSNY","DSNY_005","B8","distributed","woodyWetlands",28.039127,-81.391902,"WGS84",45.1,19.7,0.1,"6 - trap set and empty",,"2013-08-01","2013-08-01",,,,,,,,,,,,,,,,,,,,,,,,,,,,,,,,,,,,,,,"dsank@Field-ops.org","jeells@neoninc.org",,
"59dffae2-3366-4d7b-b6e3-b15974740f2b","357A064E5F294F9C92EB57569CBE16A9","DSNY_005.mammalGrid.mam","D03","DSNY","DSNY_005","B9","distributed","woodyWetlands",28.039127,-81.391902,"WGS84",45.1,19.7,0.1,"6 - trap set and empty",,"2013-08-01","2013-08-01",,,,,,,,,,,,,,,,,,,,,,,,,,,,,,,,,,,,,,,"dsank@Field-ops.org","jeells@neoninc.org",,
"fa8b667b-73fc-4174-b5cf-652d21ab1f46","357A064E5F294F9C92EB57569CBE16A9","DSNY_005.mammalGrid.mam","D03","DSNY","DSNY_005","B2","distributed","woodyWetlands",28.039127,-81.391902,"WGS84",45.1,19.7,0.1,"6 - trap set and empty",,"2013-08-01","2013-08-01",,,,,,,,,,,,,,,,,,,,,,,,,,,,,,,,,,,,,,,"dsank@Field-ops.org","jeells@neoninc.org",,
"e32afdd8-53a5-488c-83d5-64977153cb9c","357A064E5F294F9C92EB57569CBE16A9","DSNY_005.mammalGrid.mam","D03","DSNY","DSNY_005","B3","distributed","woodyWetlands",28.039127,-81.391902,"WGS84",45.1,19.7,0.1,"6 - trap set and empty",,"2013-08-01","2013-08-01",,,,,,,,,,,,,,,,,,,,,,,,,,,,,,,,,,,,,,,"dsank@Field-ops.org","jeells@neoninc.org",,
"c335b6b9-2e81-48f4-aa96-3771e1ee7bed","357A064E5F294F9C92EB57569CBE16A9","DSNY_005.mammalGrid.mam","D03","DSNY","DSNY_005","B4","distributed","woodyWetlands",28.039127,-81.391902,"WGS84",45.1,19.7,0.1,"6 - trap set and empty",,"2013-08-01","2013-08-01",,,,,,,,,,,,,,,,,,,,,,,,,,,,,,,,,,,,,,,"dsank@Field-ops.org","jeells@neoninc.org",,
"0d41e32c-ded2-48a0-a8ad-887a391ec3bc","357A064E5F294F9C92EB57569CBE16A9","DSNY_005.mammalGrid.mam","D03","DSNY","DSNY_005","B5","distributed","woodyWetlands",28.039127,-81.391902,"WGS84",45.1,19.7,0.1,"6 - trap set and empty",,"2013-08-01","2013-08-01",,,,,,,,,,,,,,,,,,,,,,,,,,,,,,,,,,,,,,,"dsank@Field-ops.org","jeells@neoninc.org",,
"97418ccf-2f02-42de-97e5-7f8fec15953a","357A064E5F294F9C92EB57569CBE16A9","DSNY_005.mammalGrid.mam","D03","DSNY","DSNY_005","G10","distributed","woodyWetlands",28.039127,-81.391902,"WGS84",45.1,19.7,0.1,"6 - trap set and empty",,"2013-08-01","2013-08-01",,,,,,,,,,,,,,,,,,,,,,,,,,,,,,,,,,,,,,,"dsank@Field-ops.org","jeells@neoninc.org",,
"cb5f967f-649f-4716-9915-d04d63e89039","357A064E5F294F9C92EB57569CBE16A9","DSNY_005.mammalGrid.mam","D03","DSNY","DSNY_005","I9","distributed","woodyWetlands",28.039127,-81.391902,"WGS84",45.1,19.7,0.1,"6 - trap set and empty",,"2013-08-01","2013-08-01",,,,,,,,,,,,,,,,,,,,,,,,,,,,,,,,,,,,,,,"dsank@Field-ops.org","jeells@neoninc.org",,
"fc1fd9dc-3251-4937-a90d-2967d67610eb","357A064E5F294F9C92EB57569CBE16A9","DSNY_005.mammalGrid.mam","D03","DSNY","DSNY_005","I6","distributed","woodyWetlands",28.039127,-81.391902,"WGS84",45.1,19.7,0.1,"6 - trap set and empty",,"2013-08-01","2013-08-01",,,,,,,,,,,,,,,,,,,,,,,,,,,,,,,,,,,,,,,"dsank@Field-ops.org","jeells@neoninc.org",,
"4487bf91-7e65-4a44-b42f-f82534302dd4","357A064E5F294F9C92EB57569CBE16A9","DSNY_005.mammalGrid.mam","D03","DSNY","DSNY_005","I5","distributed","woodyWetlands",28.039127,-81.391902,"WGS84",45.1,19.7,0.1,"6 - trap set and empty",,"2013-08-01","2013-08-01",,,,,,,,,,,,,,,,,,,,,,,,,,,,,,,,,,,,,,,"dsank@Field-ops.org","jeells@neoninc.org",,
"dec5774f-2050-47af-ab4d-d137ad32f914","357A064E5F294F9C92EB57569CBE16A9","DSNY_005.mammalGrid.mam","D03","DSNY","DSNY_005","I8","distributed","woodyWetlands",28.039127,-81.391902,"WGS84",45.1,19.7,0.1,"6 - trap set and empty",,"2013-08-01","2013-08-01",,,,,,,,,,,,,,,,,,,,,,,,,,,,,,,,,,,,,,,"dsank@Field-ops.org","jeells@neoninc.org",,
"b1fcb01e-9cf3-4e87-a769-dcc1092065f7","357A064E5F294F9C92EB57569CBE16A9","DSNY_005.mammalGrid.mam","D03","DSNY","DSNY_005","I7","distributed","woodyWetlands",28.039127,-81.391902,"WGS84",45.1,19.7,0.1,"6 - trap set and empty",,"2013-08-01","2013-08-01",,,,,,,,,,,,,,,,,,,,,,,,,,,,,,,,,,,,,,,"dsank@Field-ops.org","jeells@neoninc.org",,
"13319c83-cfee-459c-9825-eb3eb6d61172","357A064E5F294F9C92EB57569CBE16A9","DSNY_005.mammalGrid.mam","D03","DSNY","DSNY_005","I2","distributed","woodyWetlands",28.039127,-81.391902,"WGS84",45.1,19.7,0.1,"6 - trap set and empty",,"2013-08-01","2013-08-01",,,,,,,,,,,,,,,,,,,,,,,,,,,,,,,,,,,,,,,"dsank@Field-ops.org","jeells@neoninc.org",,
"75e273d5-df68-4726-a1b8-45ebede9a978","357A064E5F294F9C92EB57569CBE16A9","DSNY_005.mammalGrid.mam","D03","DSNY","DSNY_005","I10","distributed","woodyWetlands",28.039127,-81.391902,"WGS84",45.1,19.7,0.1,"6 - trap set and empty",,"2013-08-01","2013-08-01",,,,,,,,,,,,,,,,,,,,,,,,,,,,,,,,,,,,,,,"dsank@Field-ops.org","jeells@neoninc.org",,
"8b4c0544-f087-440c-beac-4a5b53f7e2ae","357A064E5F294F9C92EB57569CBE16A9","DSNY_005.mammalGrid.mam","D03","DSNY","DSNY_005","I1","distributed","woodyWetlands",28.039127,-81.391902,"WGS84",45.1,19.7,0.1,"6 - trap set and empty",,"2013-08-01","2013-08-01",,,,,,,,,,,,,,,,,,,,,,,,,,,,,,,,,,,,,,,"dsank@Field-ops.org","jeells@neoninc.org",,
"e4513ae7-e327-4d1b-b89a-35ce1e4870ed","357A064E5F294F9C92EB57569CBE16A9","DSNY_005.mammalGrid.mam","D03","DSNY","DSNY_005","I4","distributed","woodyWetlands",28.039127,-81.391902,"WGS84",45.1,19.7,0.1,"6 - trap set and empty",,"2013-08-01","2013-08-01",,,,,,,,,,,,,,,,,,,,,,,,,,,,,,,,,,,,,,,"dsank@Field-ops.org","jeells@neoninc.org",,
"320ffc3f-2122-4c48-a815-e360213a7c5d","357A064E5F294F9C92EB57569CBE16A9","DSNY_005.mammalGrid.mam","D03","DSNY","DSNY_005","A9","distributed","woodyWetlands",28.039127,-81.391902,"WGS84",45.1,19.7,0.1,"6 - trap set and empty",,"2013-08-01","2013-08-01",,,,,,,,,,,,,,,,,,,,,,,,,,,,,,,,,,,,,,,"dsank@Field-ops.org","jeells@neoninc.org",,
"00cd91de-b5ed-485a-a0f9-e4cc5cf35a89","357A064E5F294F9C92EB57569CBE16A9","DSNY_005.mammalGrid.mam","D03","DSNY","DSNY_005","I3","distributed","woodyWetlands",28.039127,-81.391902,"WGS84",45.1,19.7,0.1,"6 - trap set and empty",,"2013-08-01","2013-08-01",,,,,,,,,,,,,,,,,,,,,,,,,,,,,,,,,,,,,,,"dsank@Field-ops.org","jeells@neoninc.org",,
"fd02cf6f-1a4c-4a8d-88d2-0f32573bd9cf","357A064E5F294F9C92EB57569CBE16A9","DSNY_005.mammalGrid.mam","D03","DSNY","DSNY_005","A7","distributed","woodyWetlands",28.039127,-81.391902,"WGS84",45.1,19.7,0.1,"6 - trap set and empty",,"2013-08-01","2013-08-01",,,,,,,,,,,,,,,,,,,,,,,,,,,,,,,,,,,,,,,"dsank@Field-ops.org","jeells@neoninc.org",,
"985d98f8-a584-469d-abd5-bd121453288a","357A064E5F294F9C92EB57569CBE16A9","DSNY_005.mammalGrid.mam","D03","DSNY","DSNY_005","A8","distributed","woodyWetlands",28.039127,-81.391902,"WGS84",45.1,19.7,0.1,"6 - trap set and empty",,"2013-08-01","2013-08-01",,,,,,,,,,,,,,,,,,,,,,,,,,,,,,,,,,,,,,,"dsank@Field-ops.org","jeells@neoninc.org",,
"2c8ccb73-15d3-4380-9b4f-15da93bf56e3","357A064E5F294F9C92EB57569CBE16A9","DSNY_005.mammalGrid.mam","D03","DSNY","DSNY_005","A5","distributed","woodyWetlands",28.039127,-81.391902,"WGS84",45.1,19.7,0.1,"6 - trap set and empty",,"2013-08-01","2013-08-01",,,,,,,,,,,,,,,,,,,,,,,,,,,,,,,,,,,,,,,"dsank@Field-ops.org","jeells@neoninc.org",,
"b9b5cfc3-9c32-4fef-86e2-ef7d576b410f","357A064E5F294F9C92EB57569CBE16A9","DSNY_005.mammalGrid.mam","D03","DSNY","DSNY_005","A6","distributed","woodyWetlands",28.039127,-81.391902,"WGS84",45.1,19.7,0.1,"6 - trap set and empty",,"2013-08-01","2013-08-01",,,,,,,,,,,,,,,,,,,,,,,,,,,,,,,,,,,,,,,"dsank@Field-ops.org","jeells@neoninc.org",,
"5837fd8c-9102-45da-a121-bec3cbbf9e24","357A064E5F294F9C92EB57569CBE16A9","DSNY_005.mammalGrid.mam","D03","DSNY","DSNY_005","A3","distributed","woodyWetlands",28.039127,-81.391902,"WGS84",45.1,19.7,0.1,"6 - trap set and empty",,"2013-08-01","2013-08-01",,,,,,,,,,,,,,,,,,,,,,,,,,,,,,,,,,,,,,,"dsank@Field-ops.org","jeells@neoninc.org",,
"22ee8f52-40d3-4bc2-a658-1e53e8d0c05f","357A064E5F294F9C92EB57569CBE16A9","DSNY_005.mammalGrid.mam","D03","DSNY","DSNY_005","A4","distributed","woodyWetlands",28.039127,-81.391902,"WGS84",45.1,19.7,0.1,"6 - trap set and empty",,"2013-08-01","2013-08-01",,,,,,,,,,,,,,,,,,,,,,,,,,,,,,,,,,,,,,,"dsank@Field-ops.org","jeells@neoninc.org",,
"46da425a-1252-458d-a178-7a8b844bd047","357A064E5F294F9C92EB57569CBE16A9","DSNY_005.mammalGrid.mam","D03","DSNY","DSNY_005","A1","distributed","woodyWetlands",28.039127,-81.391902,"WGS84",45.1,19.7,0.1,"6 - trap set and empty",,"2013-08-01","2013-08-01",,,,,,,,,,,,,,,,,,,,,,,,,,,,,,,,,,,,,,,"dsank@Field-ops.org","jeells@neoninc.org",,
"7c85e607-bf44-42e6-89cf-ee79eac22ece","357A064E5F294F9C92EB57569CBE16A9","DSNY_005.mammalGrid.mam","D03","DSNY","DSNY_005","A2","distributed","woodyWetlands",28.039127,-81.391902,"WGS84",45.1,19.7,0.1,"6 - trap set and empty",,"2013-08-01","2013-08-01",,,,,,,,,,,,,,,,,,,,,,,,,,,,,,,,,,,,,,,"dsank@Field-ops.org","jeells@neoninc.org",,
"da0b91dc-7d0b-4d04-83d9-e489b26935b1","357A064E5F294F9C92EB57569CBE16A9","DSNY_005.mammalGrid.mam","D03","DSNY","DSNY_005","A10","distributed","woodyWetlands",28.039127,-81.391902,"WGS84",45.1,19.7,0.1,"6 - trap set and empty",,"2013-08-01","2013-08-01",,,,,,,,,,,,,,,,,,,,,,,,,,,,,,,,,,,,,,,"dsank@Field-ops.org","jeells@neoninc.org",,
"498c896c-226a-460e-b034-a49c4b5f38a9","357A064E5F294F9C92EB57569CBE16A9","DSNY_005.mammalGrid.mam","D03","DSNY","DSNY_005","H1","distributed","woodyWetlands",28.039127,-81.391902,"WGS84",45.1,19.7,0.1,"6 - trap set and empty",,"2013-08-01","2013-08-01",,,,,,,,,,,,,,,,,,,,,,,,,,,,,,,,,,,,,,,"dsank@Field-ops.org","jeells@neoninc.org",,
"4ad3479e-4332-4734-a4e2-55d3879e5720","357A064E5F294F9C92EB57569CBE16A9","DSNY_005.mammalGrid.mam","D03","DSNY","DSNY_005","H2","distributed","woodyWetlands",28.039127,-81.391902,"WGS84",45.1,19.7,0.1,"6 - trap set and empty",,"2013-08-01","2013-08-01",,,,,,,,,,,,,,,,,,,,,,,,,,,,,,,,,,,,,,,"dsank@Field-ops.org","jeells@neoninc.org",,
"1c631766-b7b3-486d-99eb-11e97c61ae93","357A064E5F294F9C92EB57569CBE16A9","DSNY_005.mammalGrid.mam","D03","DSNY","DSNY_005","H3","distributed","woodyWetlands",28.039127,-81.391902,"WGS84",45.1,19.7,0.1,"6 - trap set and empty",,"2013-08-01","2013-08-01",,,,,,,,,,,,,,,,,,,,,,,,,,,,,,,,,,,,,,,"dsank@Field-ops.org","jeells@neoninc.org",,
"b26defbe-2186-45e3-bb5f-aef955f62f75","357A064E5F294F9C92EB57569CBE16A9","DSNY_005.mammalGrid.mam","D03","DSNY","DSNY_005","H4","distributed","woodyWetlands",28.039127,-81.391902,"WGS84",45.1,19.7,0.1,"6 - trap set and empty",,"2013-08-01","2013-08-01",,,,,,,,,,,,,,,,,,,,,,,,,,,,,,,,,,,,,,,"dsank@Field-ops.org","jeells@neoninc.org",,
"e3da0503-b0ba-4596-978d-f9bab755dd41","357A064E5F294F9C92EB57569CBE16A9","DSNY_005.mammalGrid.mam","D03","DSNY","DSNY_005","H5","distributed","woodyWetlands",28.039127,-81.391902,"WGS84",45.1,19.7,0.1,"6 - trap set and empty",,"2013-08-01","2013-08-01",,,,,,,,,,,,,,,,,,,,,,,,,,,,,,,,,,,,,,,"dsank@Field-ops.org","jeells@neoninc.org",,
"5eb8abb3-fc47-416a-88c3-dd4a318f5f84","357A064E5F294F9C92EB57569CBE16A9","DSNY_005.mammalGrid.mam","D03","DSNY","DSNY_005","H6","distributed","woodyWetlands",28.039127,-81.391902,"WGS84",45.1,19.7,0.1,"6 - trap set and empty",,"2013-08-01","2013-08-01",,,,,,,,,,,,,,,,,,,,,,,,,,,,,,,,,,,,,,,"dsank@Field-ops.org","jeells@neoninc.org",,
"a6e3ac81-48d4-4f43-87d7-50ac2d0627bd","357A064E5F294F9C92EB57569CBE16A9","DSNY_005.mammalGrid.mam","D03","DSNY","DSNY_005","H7","distributed","woodyWetlands",28.039127,-81.391902,"WGS84",45.1,19.7,0.1,"6 - trap set and empty",,"2013-08-01","2013-08-01",,,,,,,,,,,,,,,,,,,,,,,,,,,,,,,,,,,,,,,"dsank@Field-ops.org","jeells@neoninc.org",,
"75b410d4-1a00-431e-a566-96c8808db3b8","357A064E5F294F9C92EB57569CBE16A9","DSNY_005.mammalGrid.mam","D03","DSNY","DSNY_005","J10","distributed","woodyWetlands",28.039127,-81.391902,"WGS84",45.1,19.7,0.1,"6 - trap set and empty",,"2013-08-01","2013-08-01",,,,,,,,,,,,,,,,,,,,,,,,,,,,,,,,,,,,,,,"dsank@Field-ops.org","jeells@neoninc.org",,
"691f5029-88ab-458f-bf69-7d2d989b9bc3","357A064E5F294F9C92EB57569CBE16A9","DSNY_005.mammalGrid.mam","D03","DSNY","DSNY_005","H9","distributed","woodyWetlands",28.039127,-81.391902,"WGS84",45.1,19.7,0.1,"6 - trap set and empty",,"2013-08-01","2013-08-01",,,,,,,,,,,,,,,,,,,,,,,,,,,,,,,,,,,,,,,"dsank@Field-ops.org","jeells@neoninc.org",,
"079f2767-ebb4-4d64-819f-38c806e92187","357A064E5F294F9C92EB57569CBE16A9","DSNY_005.mammalGrid.mam","D03","DSNY","DSNY_005","H8","distributed","woodyWetlands",28.039127,-81.391902,"WGS84",45.1,19.7,0.1,"6 - trap set and empty",,"2013-08-01","2013-08-01",,,,,,,,,,,,,,,,,,,,,,,,,,,,,,,,,,,,,,,"dsank@Field-ops.org","jeells@neoninc.org",,
"25e0aa6e-def3-4f66-af88-a71b9c028219","357A064E5F294F9C92EB57569CBE16A9","DSNY_005.mammalGrid.mam","D03","DSNY","DSNY_005","G1","distributed","woodyWetlands",28.039127,-81.391902,"WGS84",45.1,19.7,0.1,"6 - trap set and empty",,"2013-08-01","2013-08-01",,,,,,,,,,,,,,,,,,,,,,,,,,,,,,,,,,,,,,,"dsank@Field-ops.org","jeells@neoninc.org",,
"a907c0eb-28b8-4237-a132-89e9aa1104e7","357A064E5F294F9C92EB57569CBE16A9","DSNY_005.mammalGrid.mam","D03","DSNY","DSNY_005","G2","distributed","woodyWetlands",28.039127,-81.391902,"WGS84",45.1,19.7,0.1,"6 - trap set and empty",,"2013-08-01","2013-08-01",,,,,,,,,,,,,,,,,,,,,,,,,,,,,,,,,,,,,,,"dsank@Field-ops.org","jeells@neoninc.org",,
"4b413820-4455-4d86-b4a8-635ec6f4dc97","357A064E5F294F9C92EB57569CBE16A9","DSNY_005.mammalGrid.mam","D03","DSNY","DSNY_005","G5","distributed","woodyWetlands",28.039127,-81.391902,"WGS84",45.1,19.7,0.1,"6 - trap set and empty",,"2013-08-01","2013-08-01",,,,,,,,,,,,,,,,,,,,,,,,,,,,,,,,,,,,,,,"dsank@Field-ops.org","jeells@neoninc.org",,
"222b170b-76fc-4196-b28a-e5e18f567fb5","357A064E5F294F9C92EB57569CBE16A9","DSNY_005.mammalGrid.mam","D03","DSNY","DSNY_005","G6","distributed","woodyWetlands",28.039127,-81.391902,"WGS84",45.1,19.7,0.1,"6 - trap set and empty",,"2013-08-01","2013-08-01",,,,,,,,,,,,,,,,,,,,,,,,,,,,,,,,,,,,,,,"dsank@Field-ops.org","jeells@neoninc.org",,
"2a40e757-47d8-4fad-bdef-9fcef6b93d00","357A064E5F294F9C92EB57569CBE16A9","DSNY_005.mammalGrid.mam","D03","DSNY","DSNY_005","G3","distributed","woodyWetlands",28.039127,-81.391902,"WGS84",45.1,19.7,0.1,"6 - trap set and empty",,"2013-08-01","2013-08-01",,,,,,,,,,,,,,,,,,,,,,,,,,,,,,,,,,,,,,,"dsank@Field-ops.org","jeells@neoninc.org",,
"27079c41-be89-439c-b284-fb2ee0b7cbcb","357A064E5F294F9C92EB57569CBE16A9","DSNY_005.mammalGrid.mam","D03","DSNY","DSNY_005","G4","distributed","woodyWetlands",28.039127,-81.391902,"WGS84",45.1,19.7,0.1,"6 - trap set and empty",,"2013-08-01","2013-08-01",,,,,,,,,,,,,,,,,,,,,,,,,,,,,,,,,,,,,,,"dsank@Field-ops.org","jeells@neoninc.org",,
"2f9486fe-919e-4ce9-98d6-dfcd07f661dd","357A064E5F294F9C92EB57569CBE16A9","DSNY_005.mammalGrid.mam","D03","DSNY","DSNY_005","G9","distributed","woodyWetlands",28.039127,-81.391902,"WGS84",45.1,19.7,0.1,"6 - trap set and empty",,"2013-08-01","2013-08-01",,,,,,,,,,,,,,,,,,,,,,,,,,,,,,,,,,,,,,,"dsank@Field-ops.org","jeells@neoninc.org",,
"3872e843-c474-4726-b394-5704427a5dc6","357A064E5F294F9C92EB57569CBE16A9","DSNY_005.mammalGrid.mam","D03","DSNY","DSNY_005","G8","distributed","woodyWetlands",28.039127,-81.391902,"WGS84",45.1,19.7,0.1,"6 - trap set and empty",,"2013-08-01","2013-08-01",,,,,,,,,,,,,,,,,,,,,,,,,,,,,,,,,,,,,,,"dsank@Field-ops.org","jeells@neoninc.org",,
"403c3405-9806-4691-9301-61047210366b","357A064E5F294F9C92EB57569CBE16A9","DSNY_005.mammalGrid.mam","D03","DSNY","DSNY_005","G7","distributed","woodyWetlands",28.039127,-81.391902,"WGS84",45.1,19.7,0.1,"6 - trap set and empty",,"2013-08-01","2013-08-01",,,,,,,,,,,,,,,,,,,,,,,,,,,,,,,,,,,,,,,"dsank@Field-ops.org","jeells@neoninc.org",,
"6db56b0d-9301-4ed6-898e-8956345a0a3c","357A064E5F294F9C92EB57569CBE16A9","DSNY_005.mammalGrid.mam","D03","DSNY","DSNY_005","F2","distributed","woodyWetlands",28.039127,-81.391902,"WGS84",45.1,19.7,0.1,"6 - trap set and empty",,"2013-08-01","2013-08-01",,,,,,,,,,,,,,,,,,,,,,,,,,,,,,,,,,,,,,,"dsank@Field-ops.org","jeells@neoninc.org",,
"adecb30d-7ee9-49fc-938f-45d843b96e2b","357A064E5F294F9C92EB57569CBE16A9","DSNY_005.mammalGrid.mam","D03","DSNY","DSNY_005","F3","distributed","woodyWetlands",28.039127,-81.391902,"WGS84",45.1,19.7,0.1,"6 - trap set and empty",,"2013-08-01","2013-08-01",,,,,,,,,,,,,,,,,,,,,,,,,,,,,,,,,,,,,,,"dsank@Field-ops.org","jeells@neoninc.org",,
"f8ba2f4e-e1d3-4a32-9c0c-aa359f48230b","357A064E5F294F9C92EB57569CBE16A9","DSNY_005.mammalGrid.mam","D03","DSNY","DSNY_005","F4","distributed","woodyWetlands",28.039127,-81.391902,"WGS84",45.1,19.7,0.1,"6 - trap set and empty",,"2013-08-01","2013-08-01",,,,,,,,,,,,,,,,,,,,,,,,,,,,,,,,,,,,,,,"dsank@Field-ops.org","jeells@neoninc.org",,
"64ef127d-c68a-49e3-a0e2-cc48e4ef067a","357A064E5F294F9C92EB57569CBE16A9","DSNY_005.mammalGrid.mam","D03","DSNY","DSNY_005","F5","distributed","woodyWetlands",28.039127,-81.391902,"WGS84",45.1,19.7,0.1,"6 - trap set and empty",,"2013-08-01","2013-08-01",,,,,,,,,,,,,,,,,,,,,,,,,,,,,,,,,,,,,,,"dsank@Field-ops.org","jeells@neoninc.org",,
"52433198-ade3-4a52-b295-dc81ceb12899","357A064E5F294F9C92EB57569CBE16A9","DSNY_005.mammalGrid.mam","D03","DSNY","DSNY_005","F1","distributed","woodyWetlands",28.039127,-81.391902,"WGS84",45.1,19.7,0.1,"6 - trap set and empty",,"2013-08-01","2013-08-01",,,,,,,,,,,,,,,,,,,,,,,,,,,,,,,,,,,,,,,"dsank@Field-ops.org","jeells@neoninc.org",,
"815d1e1b-3d01-423d-a3a5-0b30bf56733d","357A064E5F294F9C92EB57569CBE16A9","DSNY_005.mammalGrid.mam","D03","DSNY","DSNY_005","D10","distributed","woodyWetlands",28.039127,-81.391902,"WGS84",45.1,19.7,0.1,"6 - trap set and empty",,"2013-08-01","2013-08-01",,,,,,,,,,,,,,,,,,,,,,,,,,,,,,,,,,,,,,,"dsank@Field-ops.org","jeells@neoninc.org",,
"5fcbb76c-efd5-4b80-87b3-7a6cb2798b31","357A064E5F294F9C92EB57569CBE16A9","DSNY_005.mammalGrid.mam","D03","DSNY","DSNY_005","F7","distributed","woodyWetlands",28.039127,-81.391902,"WGS84",45.1,19.7,0.1,"6 - trap set and empty",,"2013-08-01","2013-08-01",,,,,,,,,,,,,,,,,,,,,,,,,,,,,,,,,,,,,,,"dsank@Field-ops.org","jeells@neoninc.org",,
"fa986cff-e28a-4b29-9fab-b2248c4ca23c","357A064E5F294F9C92EB57569CBE16A9","DSNY_005.mammalGrid.mam","D03","DSNY","DSNY_005","F6","distributed","woodyWetlands",28.039127,-81.391902,"WGS84",45.1,19.7,0.1,"6 - trap set and empty",,"2013-08-01","2013-08-01",,,,,,,,,,,,,,,,,,,,,,,,,,,,,,,,,,,,,,,"dsank@Field-ops.org","jeells@neoninc.org",,
"2ace7c3c-7840-4dd3-b487-86ad9fc4bcdc","357A064E5F294F9C92EB57569CBE16A9","DSNY_005.mammalGrid.mam","D03","DSNY","DSNY_005","F9","distributed","woodyWetlands",28.039127,-81.391902,"WGS84",45.1,19.7,0.1,"6 - trap set and empty",,"2013-08-01","2013-08-01",,,,,,,,,,,,,,,,,,,,,,,,,,,,,,,,,,,,,,,"dsank@Field-ops.org","jeells@neoninc.org",,
"48cf9f99-7096-4a6e-a848-2ef25a53357e","357A064E5F294F9C92EB57569CBE16A9","DSNY_005.mammalGrid.mam","D03","DSNY","DSNY_005","F8","distributed","woodyWetlands",28.039127,-81.391902,"WGS84",45.1,19.7,0.1,"6 - trap set and empty",,"2013-08-01","2013-08-01",,,,,,,,,,,,,,,,,,,,,,,,,,,,,,,,,,,,,,,"dsank@Field-ops.org","jeells@neoninc.org",,
"26840e47-2931-4ff1-b051-ba80f23a2417","357A064E5F294F9C92EB57569CBE16A9","DSNY_005.mammalGrid.mam","D03","DSNY","DSNY_005","F10","distributed","woodyWetlands",28.039127,-81.391902,"WGS84",45.1,19.7,0.1,"6 - trap set and empty",,"2013-08-01","2013-08-01",,,,,,,,,,,,,,,,,,,,,,,,,,,,,,,,,,,,,,,"dsank@Field-ops.org","jeells@neoninc.org",,
"b137da7a-c75a-476e-bc8b-a5616a189827","357A064E5F294F9C92EB57569CBE16A9","DSNY_005.mammalGrid.mam","D03","DSNY","DSNY_005","H10","distributed","woodyWetlands",28.039127,-81.391902,"WGS84",45.1,19.7,0.1,"6 - trap set and empty",,"2013-08-01","2013-08-01",,,,,,,,,,,,,,,,,,,,,,,,,,,,,,,,,,,,,,,"dsank@Field-ops.org","jeells@neoninc.org",,
"eb0cbad4-ddc7-4dc2-aa60-78626c29b606","357A064E5F294F9C92EB57569CBE16A9","DSNY_005.mammalGrid.mam","D03","DSNY","DSNY_005","E3","distributed","woodyWetlands",28.039127,-81.391902,"WGS84",45.1,19.7,0.1,"6 - trap set and empty",,"2013-08-01","2013-08-01",,,,,,,,,,,,,,,,,,,,,,,,,,,,,,,,,,,,,,,"dsank@Field-ops.org","jeells@neoninc.org",,
