uid,nightuid,namedLocation,domainID,siteID,plotID,collectDate,endDate,samplingProtocolVersion,remarks,dataQF
"3f3d22c6-b383-4a3a-b09f-bfb49b6f2d63","81BC67E974E4442FBEFB0592E674AD07","KONZ_003.mammalGrid.mam","D06","KONZ","KONZ_003","2016-05-11","2016-05-11","NEON.DOC.000481vG",,
"fb50f7e9-b4e5-4148-a0ee-faca207fb1d0","61BB389D523A4AC38703A6428F579356","KONZ_029.mammalGrid.mam","D06","KONZ","KONZ_029","2016-05-11","2016-05-11","NEON.DOC.000481vG","Ear and Hair/Whisker samples omitted due to high capture rates.",
"bc642650-bf06-483c-a0ff-75cb8bd17152","61F7DD9652264612A93D39A6C4D894FE","KONZ_005.mammalGrid.mam","D06","KONZ","KONZ_005","2016-05-11","2016-05-11","NEON.DOC.000481vG",,
"8d738a03-412d-4ead-92a9-1650cf5fe3b6","E380FCC396714F8CA7D6D1FB2C3DF551","KONZ_001.mammalGrid.mam","D06","KONZ","KONZ_001","2016-05-12","2016-05-12","NEON.DOC.000481vG",,
"839519e0-f164-4dd5-bbed-f6b7b45a72b2","DF2ED08903414E4596F0A3C54A61393E","KONZ_008.mammalGrid.mam","D06","KONZ","KONZ_008","2016-05-12","2016-05-12","NEON.DOC.000481vG",,
"ee8c0c34-448b-4100-97fd-f7ad396884cc","3D79503779824BD2B99574C9E10AB83F","KONZ_027.mammalGrid.mam","D06","KONZ","KONZ_027","2016-05-12","2016-05-12","NEON.DOC.000481vG",,
"fd5042bc-07d0-41e0-b5d6-3e4d7e42850c","38AD01AAC496431B85502E6407B51FE7","KONZ_001.mammalGrid.mam","D06","KONZ","KONZ_001","2016-05-13","2016-05-13","NEON.DOC.000481vG",,
"7864e82d-4f4f-4aaa-8a40-0b87e2016143","219403858ECA4321A5521A9FF4F38EA1","KONZ_008.mammalGrid.mam","D06","KONZ","KONZ_008","2016-05-13","2016-05-13","NEON.DOC.000481vG",,
"b902a4ec-8bc1-494d-aab6-0ef7c9036f73","06259B80830C4E078180709A0638CAA8","KONZ_027.mammalGrid.mam","D06","KONZ","KONZ_027","2016-05-13","2016-05-13","NEON.DOC.000481vG",,
"bd500afb-ce09-458b-888c-20bb7760bb7e","E95D2373AD3A429C8A4CAFB9DF1482D4","KONZ_001.mammalGrid.mam","D06","KONZ","KONZ_001","2016-05-14","2016-05-14","NEON.DOC.000481vG",,
"c48e1cdd-c3c7-428b-b5fc-b7c7a55cafc4","4F663C07A36E42EE9D22BD2B52ADC65E","KONZ_008.mammalGrid.mam","D06","KONZ","KONZ_008","2016-05-14","2016-05-14","NEON.DOC.000481vG",,
"7ea25ca1-1ae3-46db-9ab7-7f7e16019fe5","4AF75D5E07AC41628185539081D3BF2B","KONZ_027.mammalGrid.mam","D06","KONZ","KONZ_027","2016-05-14","2016-05-14","NEON.DOC.000481vG",,
