uid,nightuid,namedLocation,domainID,siteID,plotID,collectDate,endDate,samplingProtocolVersion,remarks,dataQF
"c4451b6a-d05b-44d6-8115-748a47385c7b","0E9B0B021CF2424DBA9DC70F826DF323","LAJA_003.mammalGrid.mam","D04","LAJA","LAJA_003","2016-05-03","2016-05-03","NEON.DOC.000481vG",,
"ed7365bc-362e-459e-bd4e-b69c7f880789","1A8EBBC207E3464DA8412F6E3C461B26","LAJA_002.mammalGrid.mam","D04","LAJA","LAJA_002","2016-05-03","2016-05-03","NEON.DOC.000481vG",,
"8b85aac3-9e81-414d-b979-9eff512ef1b7","2A747E5BDE484377922FEE4745F47FF6","LAJA_023.mammalGrid.mam","D04","LAJA","LAJA_023","2016-05-03","2016-05-03","NEON.DOC.000481vG",,
"0f9d32f3-f924-412f-8b47-9e02c5094c0b","0FF93F9C2C86448BB0BCA2999CBF86E8","LAJA_002.mammalGrid.mam","D04","LAJA","LAJA_002","2016-05-04","2016-05-04","NEON.DOC.000481vG","No captures in this plot",
"d73e3118-998a-486e-b6b8-9d1f5a6f05ce","465A4E31929F41E0AD3C5A617D5F6228","LAJA_023.mammalGrid.mam","D04","LAJA","LAJA_023","2016-05-04","2016-05-04","NEON.DOC.000481vG",,
"efbb4aa0-de87-4629-833a-4373ad9c366d","61A53EAF55254C4B8F6693D2A869D619","LAJA_003.mammalGrid.mam","D04","LAJA","LAJA_003","2016-05-04","2016-05-04","NEON.DOC.000481vG","No captures in this plot.",
"4d2492b1-d861-42fc-8390-5ea652af2a2e","8289ED5DF888424BB2F37E0132BA7AC8","LAJA_002.mammalGrid.mam","D04","LAJA","LAJA_002","2016-05-05","2016-05-05","NEON.DOC.000481vG","No captures on this plot",
"fbc5e8cf-2b9f-48bb-a57f-ebebca7523ee","65669360D96F4D029E301FDA7A911858","LAJA_023.mammalGrid.mam","D04","LAJA","LAJA_023","2016-05-05","2016-05-05","NEON.DOC.000481vG",,
"c85998dd-100a-4492-8c05-00f0bb1946b1","DEB5D87531E94BCCAC917E256FA5F760","LAJA_003.mammalGrid.mam","D04","LAJA","LAJA_003","2016-05-05","2016-05-05","NEON.DOC.000481vG","No captures in this plot",
"7de92e38-c715-4f0f-8445-35b4eaa84f8d","FD0EA49057D540FC819274D083B0D4FC","LAJA_005.mammalGrid.mam","D04","LAJA","LAJA_005","2016-05-06","2016-05-06","NEON.DOC.000481vG","no captures in this plot",
"fd700b94-a7f4-4fa4-aa83-c4b35606bc5a","1F43C2E376704F98BFC92CCEC8EC1E41","LAJA_010.mammalGrid.mam","D04","LAJA","LAJA_010","2016-05-06","2016-05-06","NEON.DOC.000481vG","No captures in this plot",
"5fd88767-e81f-4c71-9b49-4890122b8e1a","729F729F6A264542B2880A2E6975387F","LAJA_018.mammalGrid.mam","D04","LAJA","LAJA_018","2016-05-06","2016-05-06","NEON.DOC.000481vG","Grid not set because of error in plot establishment. Missing plot coordinates on GPS files were correct, entered and validate for the second bout.",
