uid,nightuid,namedLocation,domainID,siteID,plotID,collectDate,endDate,samplingProtocolVersion,remarks,dataQF
"fc3079a0-ff01-4300-a602-e97ff074117f","B06033CFDCC949F98A55078F160BC87C","CPER_008.mammalGrid.mam","D10","CPER","CPER_008","2014-07-01","2014-07-01",,"No captures.",
"3f35608e-449a-45be-a8bb-7a52ec34dabb","1F5BF30C62854303B5841F548F21F80D","CPER_002.mammalGrid.mam","D10","CPER","CPER_002","2014-07-01","2014-07-01",,,
"802a133c-ca7e-42a1-8546-c32499c89da3","BA38843D38B64BB0863129DCEB1C1A37","CPER_009.mammalGrid.mam","D10","CPER","CPER_009","2014-07-01","2014-07-01",,,
"c82e00de-7fce-4bcf-8081-60885aa943e2","90776E957E1045BB8CCDB735BC44DF6D","CPER_005.mammalGrid.mam","D10","CPER","CPER_005","2014-07-02","2014-07-02",,,
"7521b476-634c-41f4-9344-55f85d099cb6","8D9FAA401A7E43DFBE8BE82B77F3E9FA","CPER_004.mammalGrid.mam","D10","CPER","CPER_004","2014-07-02","2014-07-02",,,
"4279bf6e-9490-409b-91bb-7b2a093bab78","312BCA9CA0474F6389F8B51804918C83","CPER_015.mammalGrid.mam","D10","CPER","CPER_015","2014-07-02","2014-07-02",,,
"573c0c89-3495-42d0-a27c-57b1d58d2c27","1AA00705C566431C85B65EED83F3FBB0","CPER_011.mammalGrid.mam","D10","CPER","CPER_011","2014-07-02","2014-07-02",,,
"ec2325de-c321-45aa-b321-38c4a3cf45d6","0533C27461784A69BB6964DE74993073","CPER_005.mammalGrid.mam","D10","CPER","CPER_005","2014-07-03","2014-07-03",,"No captures or disturbed traps.",
"2c36d224-e033-4c58-b924-1c0c162bfb7a","5540929C7EA240769EE39587A340819B","CPER_011.mammalGrid.mam","D10","CPER","CPER_011","2014-07-03","2014-07-03",,,
"243dcf7e-28f4-4500-b44c-7f9ba6759cba","58C0435FC32D44F48F4499908EF0817A","CPER_004.mammalGrid.mam","D10","CPER","CPER_004","2014-07-03","2014-07-03",,,
"8725be66-dafa-4e5c-9735-1645b7c69621","2F925033B7AE4394B8BC4F4C568FF74A","CPER_015.mammalGrid.mam","D10","CPER","CPER_015","2014-07-03","2014-07-03",,,
"88bfe5fd-a3b3-4587-8687-483a9a68e1f3","F59EB1CFA2984D3CBC7D5B0F634086E5","CPER_011.mammalGrid.mam","D10","CPER","CPER_011","2014-07-04","2014-07-04",,,
"20e0078f-91c2-47a1-a097-7174b271bb9e","6BF51751842F451A8ABE29A45B3B6AA7","CPER_005.mammalGrid.mam","D10","CPER","CPER_005","2014-07-04","2014-07-04",,,
"71201c91-c0fe-4fdb-aca0-3aaef6e4a168","4816E70757BD4F21BFB865FE57DAC48E","CPER_015.mammalGrid.mam","D10","CPER","CPER_015","2014-07-04","2014-07-04",,,
"8a35e5f5-8351-43e2-9bf5-8a23dbeb1a9c","A1FB0B5FA21A4A8C816ACE399D87000F","CPER_004.mammalGrid.mam","D10","CPER","CPER_004","2014-07-04","2014-07-04",,,
