uid,nightuid,namedLocation,domainID,siteID,plotID,collectDate,endDate,samplingProtocolVersion,remarks,dataQF
"a29540a6-cd68-4e74-8dac-7a2a89a40958","B8AF7CD2654F46F8AD7B4FE448BA360F","STER_031.mammalGrid.mam","D10","STER","STER_031","2016-08-08","2016-08-08","NEON.DOC.000481vH",,
"7b2110f8-1fb6-4056-8ecf-7e6fb1d8330e","9A64032849254064B10E9299E59B3959","STER_029.mammalGrid.mam","D10","STER","STER_029","2016-08-08","2016-08-08","NEON.DOC.000481vH",,
"81ce94cc-0679-48be-af5b-597f93fcde54","48F8E605283D49A2A740F3C249CC5884","STER_028.mammalGrid.mam","D10","STER","STER_028","2016-08-08","2016-08-08","NEON.DOC.000481vH",,
"9b6f4546-81b7-4956-8c95-31c1f36b3b2f","4C2F333D15604494AA683A9B7704C152","STER_006.mammalGrid.mam","D10","STER","STER_006","2016-08-08","2016-08-08","NEON.DOC.000481vH",,
"2b580319-eed1-4cb2-9fa6-3fab7d81f1d3","F814DDDE4F804222BC8E7F0001F11E05","STER_006.mammalGrid.mam","D10","STER","STER_006","2016-08-09","2016-08-09","NEON.DOC.000481vH",,
"4460d592-4a53-446c-8145-3f1699d8d827","D7B759E2CFD444A3973BB3FE0440423B","STER_029.mammalGrid.mam","D10","STER","STER_029","2016-08-09","2016-08-09","NEON.DOC.000481vH",,
"40cbedfa-84ef-4608-ae6d-b8c7bfc575bd","412FEBFF855A426892A0BECF349522BA","STER_026.mammalGrid.mam","D10","STER","STER_026","2016-08-09","2016-08-09","NEON.DOC.000481vH",,
"db504eaf-15d8-43dc-8816-1dd5540041fe","689327FD088F4369B774AB2BD34336A3","STER_031.mammalGrid.mam","D10","STER","STER_031","2016-08-09","2016-08-09","NEON.DOC.000481vH",,
"ac2c2d7d-245a-48a6-b8c9-8c0ca42c069f","F5D5CDEAA20642E48C1A569B69EF5B9D","STER_029.mammalGrid.mam","D10","STER","STER_029","2016-08-10","2016-08-10","NEON.DOC.000481vH",,
"273b2cf7-a526-4192-86d9-5c568c82a220","28B1217E1426474B92CA28F3241AB1D8","STER_006.mammalGrid.mam","D10","STER","STER_006","2016-08-10","2016-08-10","NEON.DOC.000481vH",,
"e32443db-3211-4749-ab5e-16b92feb126c","7F3FA65986FB4BF09D3E485F5CB4EC72","STER_027.mammalGrid.mam","D10","STER","STER_027","2016-08-10","2016-08-10","NEON.DOC.000481vH",,
"230c95b7-6f0a-4094-a640-394958ce76c7","68978661D0B047CBBE80ED7B27515AB2","STER_031.mammalGrid.mam","D10","STER","STER_031","2016-08-10","2016-08-10","NEON.DOC.000481vH",,
