uid,nightuid,namedLocation,domainID,siteID,plotID,collectDate,endDate,samplingProtocolVersion,remarks,dataQF
"7abf12f1-5e89-4c27-aa7b-0b261af27f8e","fba6c7a5-45f6-41fb-93db-0e3bdeedf0d2","MLBS_006.mammalGrid.mam","D07","MLBS","MLBS_006","2018-06-19","2018-06-19","NEON.DOC.000481vK",,
"060943f1-aeaf-457b-af7e-3514b956b130","387cf4fa-c371-417c-ac9c-23777e0c11f8","MLBS_004.mammalGrid.mam","D07","MLBS","MLBS_004","2018-06-19","2018-06-19","NEON.DOC.000481vK",,
"d34f28df-3037-4125-a552-cdea2f98290b","e604cd21-313b-4d25-bce2-26dc95c76f74","MLBS_008.mammalGrid.mam","D07","MLBS","MLBS_008","2018-06-19","2018-06-19","NEON.DOC.000481vK",,
"652860c5-bcc1-4e8d-a18c-69e77d6bf19a","f4e9164e-7745-4320-a017-429d2064ed46","MLBS_003.mammalGrid.mam","D07","MLBS","MLBS_003","2018-06-19","2018-06-19","NEON.DOC.000481vK",,
"87bc4350-bd1c-4a2a-83c2-d33ca52e0bbe","c43fa255-35c9-4382-83e3-d5f07d061a0f","MLBS_008.mammalGrid.mam","D07","MLBS","MLBS_008","2018-06-20","2018-06-20","NEON.DOC.000481vK",,
"ea4f7912-9111-4ded-bc2b-3fcd8459d0a3","62a059ea-41d2-41b6-a361-0ea631b335c6","MLBS_009.mammalGrid.mam","D07","MLBS","MLBS_009","2018-06-20","2018-06-20","NEON.DOC.000481vK",,
"16716ca6-447a-4574-b68b-82d5abd5accf","922e088e-08b5-4c8a-8767-06c1d5f90102","MLBS_003.mammalGrid.mam","D07","MLBS","MLBS_003","2018-06-20","2018-06-20","NEON.DOC.000481vK",,
"0b40a3d3-c369-4ea6-b392-76a8da9b37d6","26c941ea-f0f6-4900-afa0-d4ddf6ded175","MLBS_006.mammalGrid.mam","D07","MLBS","MLBS_006","2018-06-20","2018-06-20","NEON.DOC.000481vK",,
"52e5ec29-e023-4c36-875c-a65efa35d473","cf0ccef0-8ca5-46dd-92e1-72d635a93ad3","MLBS_002.mammalGrid.mam","D07","MLBS","MLBS_002","2018-06-21","2018-06-21","NEON.DOC.000481vK",,
"c70ef2b8-b170-48b5-8be6-406035a05deb","48b27b16-1cd0-4cfd-817a-6052a2965847","MLBS_006.mammalGrid.mam","D07","MLBS","MLBS_006","2018-06-21","2018-06-21","NEON.DOC.000481vK",,
"b70cac17-1503-4622-a71b-ddbf3800daee","e0b472b3-d87d-4392-a6c6-1eaa22bd2086","MLBS_003.mammalGrid.mam","D07","MLBS","MLBS_003","2018-06-21","2018-06-21","NEON.DOC.000481vK",,
"a3d108ce-6561-4a45-a628-82afdbc93bfc","86386e6b-2fd4-4625-ad02-170ba7eb99b4","MLBS_008.mammalGrid.mam","D07","MLBS","MLBS_008","2018-06-21","2018-06-21","NEON.DOC.000481vK",,
