uid,nightuid,namedLocation,domainID,siteID,plotID,collectDate,endDate,samplingProtocolVersion,remarks,dataQF
"6c7b0170-015e-4ddc-a2ca-231652867049","2B3CD531B2B14ED49D30BD00D06A6A03","OSBS_023.mammalGrid.mam","D03","OSBS","OSBS_023","2016-09-07","2016-09-07","NEON.DOC.000481vH",,
"172bc1c5-d3ff-4e22-896a-e8067ae5981c","549B235F1C5849F2A8B7694FF10F08E5","OSBS_003.mammalGrid.mam","D03","OSBS","OSBS_003","2016-09-07","2016-09-07","NEON.DOC.000481vH",,
"550f4e58-cb7c-4719-8b96-d27d744cd96c","499CAB2AD3534CEB9CBDF2FACE480CDF","OSBS_002.mammalGrid.mam","D03","OSBS","OSBS_002","2016-09-07","2016-09-07","NEON.DOC.000481vH",,
"079566a0-2eb0-459d-9bc7-a2901915c094","F88B995FFC38495B9963186F0750486B","OSBS_004.mammalGrid.mam","D03","OSBS","OSBS_004","2016-09-07","2016-09-07","NEON.DOC.000481vH",,
"c4d0ed7c-69a5-4a54-9228-ca8a339ef2ca","CC732D8400314C5FA075D869B606A7D9","OSBS_004.mammalGrid.mam","D03","OSBS","OSBS_004","2016-09-08","2016-09-08","NEON.DOC.000481vH",,
"fd509f39-fbb4-42cd-9525-6f5246ad2d49","84B946C4F4EB46C9B7025BA86B92C7BC","OSBS_003.mammalGrid.mam","D03","OSBS","OSBS_003","2016-09-08","2016-09-08","NEON.DOC.000481vH",,
"2331afbf-f1ac-4b31-a2eb-6bc51ed4f605","42D8C37A4B1A41F29A955DBED79D7637","OSBS_023.mammalGrid.mam","D03","OSBS","OSBS_023","2016-09-08","2016-09-08","NEON.DOC.000481vH",,
"3ed3eb0c-4baa-4ee3-8317-0aa498e796f8","C3DDD17583A342A8B7707A35A9CF449F","OSBS_012.mammalGrid.mam","D03","OSBS","OSBS_012","2016-09-08","2016-09-08","NEON.DOC.000481vH",,
"6b956798-c460-455b-bd03-adb213bd7aaf","C26FE0164B004FEB803B30342AA59FC4","OSBS_004.mammalGrid.mam","D03","OSBS","OSBS_004","2016-09-09","2016-09-09","NEON.DOC.000481vH",,
"d4f8925a-ad04-44d4-9f12-569500a41ed0","6405DF9611C64FCFACEB5975E4D9B5D8","OSBS_023.mammalGrid.mam","D03","OSBS","OSBS_023","2016-09-09","2016-09-09","NEON.DOC.000481vH",,
"3569e504-31be-4d14-ba5c-7df100621367","0A5A654F167A45DE8B1F6E0DBDD029E8","OSBS_005.mammalGrid.mam","D03","OSBS","OSBS_005","2016-09-09","2016-09-09","NEON.DOC.000481vH",,
"ecb98a2c-8152-45ae-b6e0-1026fe96889e","574F3225E45B4FD9B0C9573340B5D16B","OSBS_003.mammalGrid.mam","D03","OSBS","OSBS_003","2016-09-09","2016-09-09","NEON.DOC.000481vH",,
