uid,nightuid,namedLocation,domainID,siteID,plotID,collectDate,endDate,samplingProtocolVersion,remarks,dataQF
"099620d3-99c8-4d75-8909-8b2ade658715","bdc3c42c-589a-4dae-8d0e-dc1ba88d5e3f","RMNP_014.mammalGrid.mam","D10","RMNP","RMNP_014","2018-10-02","2018-10-02","NEON.DOC.000481vK",,
"c0972f1c-188e-44e1-98e0-1bd35f86276d","2ddd26c1-2329-41e0-89ad-27b9ce2a5a61","RMNP_004.mammalGrid.mam","D10","RMNP","RMNP_004","2018-10-02","2018-10-02","NEON.DOC.000481vK",,
"e1de40ff-5428-47c2-ad77-e09cf145f97d","5d8787c3-cc5d-4fd4-bac8-34e10c05e276","RMNP_013.mammalGrid.mam","D10","RMNP","RMNP_013","2018-10-02","2018-10-02","NEON.DOC.000481vK",,
"8e51a08b-a4f1-4b28-891e-7a65dd40e863","08f6c7a1-fb85-485b-9612-f4b312b860b0","RMNP_009.mammalGrid.mam","D10","RMNP","RMNP_009","2018-10-02","2018-10-02","NEON.DOC.000481vK",,
"743c1b3a-a151-401b-aa41-037ea5160824","037bf33f-cec1-4eeb-8e0e-4cd53ec07588","RMNP_003.mammalGrid.mam","D10","RMNP","RMNP_003","2018-10-02","2018-10-02","NEON.DOC.000481vK",,
"465bbfe1-c552-4988-b786-d16c864b167e","1b465981-c1a4-4326-8deb-e484bfcfce12","RMNP_005.mammalGrid.mam","D10","RMNP","RMNP_005","2018-10-02","2018-10-02","NEON.DOC.000481vK",,
"93ed8f61-7f1d-4304-8e50-3bb4ccb38b5f","824125a4-de08-4dea-b180-54f46142a0f8","RMNP_003.mammalGrid.mam","D10","RMNP","RMNP_003","2018-10-03","2018-10-03","NEON.DOC.000481vK",,
"66a8d31c-455d-4f31-8e19-f23fbc11be2a","40297d17-5b78-4e6c-b9df-e305db2c29be","RMNP_004.mammalGrid.mam","D10","RMNP","RMNP_004","2018-10-03","2018-10-03","NEON.DOC.000481vK",,
