uid,nightuid,namedLocation,domainID,siteID,plotID,collectDate,endDate,samplingProtocolVersion,remarks,dataQF
"ddbea819-3918-43e9-98e7-13c2b8624634","89316cf0-cb17-4788-848e-138937b98d5e","BART_012.mammalGrid.mam","D01","BART","BART_012","2017-06-27","2017-06-27","NEON.DOC.000481vJ",,
"3aabe08c-db01-472c-90ee-6ecbf904c58a","4f54df66-d134-40e8-b03c-fb136a642685","BART_062.mammalGrid.mam","D01","BART","BART_062","2017-06-27","2017-06-27","NEON.DOC.000481vJ",,
"5d09d3c0-f63a-4eb1-a5cd-779f99b8050d","2d72d73f-2de4-4765-b001-67f4f77b7f95","BART_015.mammalGrid.mam","D01","BART","BART_015","2017-06-27","2017-06-27","NEON.DOC.000481vJ",,
"6214b58d-977c-41c8-8462-f63867780988","dce450e8-048a-40b8-aa5d-55526e0a5721","BART_015.mammalGrid.mam","D01","BART","BART_015","2017-06-28","2017-06-28","NEON.DOC.000481vJ",,
"bb476776-3fd6-400e-bc59-644ecc7f2ccb","026fa787-b06a-4075-a248-1cc3f38e5a99","BART_062.mammalGrid.mam","D01","BART","BART_062","2017-06-28","2017-06-28","NEON.DOC.000481vJ",,
"3e41155e-f1f0-4625-922c-29c9bb243e89","3ddb9b33-918f-460c-a44f-ba1d29763f7b","BART_012.mammalGrid.mam","D01","BART","BART_012","2017-06-28","2017-06-28","NEON.DOC.000481vJ",,
"5f8ad944-0051-4285-a667-99dec01c2a8e","02bf4afc-26c0-44de-b74d-1f0c3eac79fd","BART_062.mammalGrid.mam","D01","BART","BART_062","2017-06-29","2017-06-29","NEON.DOC.000481vJ",,
"77af5f5f-057f-4654-813d-4603cc8a9bac","efc34d13-97e1-4b4e-9275-df3128c2e102","BART_012.mammalGrid.mam","D01","BART","BART_012","2017-06-29","2017-06-29","NEON.DOC.000481vJ",,
"316d3139-271a-4d2a-aa7d-290dffe0acb9","4ad96d42-2034-4d81-ac12-c5b475046641","BART_015.mammalGrid.mam","D01","BART","BART_015","2017-06-29","2017-06-29","NEON.DOC.000481vJ",,
"13dc9996-56bd-447d-8292-4b1052ef8c2a","095d74f6-dfe1-4f88-844d-4ec477066259","BART_001.mammalGrid.mam","D01","BART","BART_001","2017-06-30","2017-06-30","NEON.DOC.000481vG",,
"585bf588-cc9e-419a-8c92-be55a16b6665","0d12344e-d75e-4bda-b264-c1d992c0cb9a","BART_084.mammalGrid.mam","D01","BART","BART_084","2017-06-30","2017-06-30","NEON.DOC.000481vG",,
"3e6daba8-649b-466f-8827-5a49ea6c0394","c23f888b-8b9e-40f1-9383-c7818c856ac8","BART_007.mammalGrid.mam","D01","BART","BART_007","2017-06-30","2017-06-30","NEON.DOC.000481vG",,
