uid,nightuid,namedLocation,domainID,siteID,plotID,collectDate,endDate,samplingProtocolVersion,remarks,dataQF
"1c3d10b6-1441-4d74-8f38-b78942eebc1b","8ed9f35b-639c-4016-bc52-0805e8b4c241","GRSM_071.mammalGrid.mam","D07","GRSM","GRSM_071","2018-11-06","2018-11-06","NEON.DOC.000481vK",,
"05594ccd-cb89-494c-8e0f-c305dc14245a","78d7a260-cf10-4083-8bd5-9513d671d157","GRSM_014.mammalGrid.mam","D07","GRSM","GRSM_014","2018-11-06","2018-11-06","NEON.DOC.000481vK","Reached 18 hr limit. Released all animals without full processing",
"7147fb2a-8707-42e4-9ffd-43552c99c02b","5f6a5677-75a7-441e-83b2-7ed296b11f3e","GRSM_070.mammalGrid.mam","D07","GRSM","GRSM_070","2018-11-06","2018-11-06","NEON.DOC.000481vK",,
"cfca8a68-0c0a-4861-b313-e9a3d5138985","46d7f5b0-40b1-45e5-be16-cd0682de4c65","GRSM_020.mammalGrid.mam","D07","GRSM","GRSM_020","2018-11-06","2018-11-06","NEON.DOC.000481vK","Some animals released early due to reaching hour limit",
"4b08ef92-1823-4e8f-99a4-d929731d1f9d","5c08af5c-f50e-4ccb-a78c-ada3a4d3cad4","GRSM_071.mammalGrid.mam","D07","GRSM","GRSM_071","2018-11-07","2018-11-07","NEON.DOC.000481vK",,
"edf912d7-9c70-4f8d-8e73-21d36059d734","c4a7269b-925a-47f5-8826-9adf1812e176","GRSM_014.mammalGrid.mam","D07","GRSM","GRSM_014","2018-11-07","2018-11-07","NEON.DOC.000481vK",,
"5e8961ab-8cad-4606-8f04-96092a9d1b50","45761ebf-0cf9-4df3-817a-d8ae775558b4","GRSM_033.mammalGrid.mam","D07","GRSM","GRSM_033","2018-11-07","2018-11-07","NEON.DOC.000481vK",,
"877dbdf7-bcb6-4978-8a73-e303e039a1c0","ead4d944-2a1a-42c8-bd7b-55bc1b191bbf","GRSM_020.mammalGrid.mam","D07","GRSM","GRSM_020","2018-11-07","2018-11-07","NEON.DOC.000481vK",,
"c37bc0ca-7cc8-431f-a7d0-b38fed180ab0","d5e10502-9e50-44ac-9007-b20d24ef6932","GRSM_020.mammalGrid.mam","D07","GRSM","GRSM_020","2018-11-08","2018-11-08","NEON.DOC.000481vK",,
"fbf880fc-c757-4144-81f1-f150d43de491","b8b9376d-5b04-44d2-a71e-6f9761efddca","GRSM_015.mammalGrid.mam","D07","GRSM","GRSM_015","2018-11-08","2018-11-08","NEON.DOC.000481vK",,
"5a4788e5-bbae-42a3-bdfc-b0e8cdb172eb","5b6f884c-c5b6-4dd9-bcb3-2d4ad8b36ae4","GRSM_071.mammalGrid.mam","D07","GRSM","GRSM_071","2018-11-08","2018-11-08","NEON.DOC.000481vK",,
"ec353a00-2b2d-4e2b-bfc4-c732cec91990","145c0d7b-ca6c-49fb-9d14-71f7c7520277","GRSM_014.mammalGrid.mam","D07","GRSM","GRSM_014","2018-11-08","2018-11-08","NEON.DOC.000481vK",,
