uid,nightuid,namedLocation,domainID,siteID,plotID,collectDate,endDate,samplingProtocolVersion,remarks,dataQF
"e9569d8f-5ba3-4b8a-ae3b-266bcb368d87","58FACC809408442AA30AF7018DC70279","UNDE_002.mammalGrid.mam","D05","UNDE","UNDE_002","2016-05-09","2016-05-09","NEON.DOC.000481vG",,
"6c11f247-61e1-43d7-851e-74de5cafc137","0F5EF693568A42A9A587502401BC2AB2","UNDE_001.mammalGrid.mam","D05","UNDE","UNDE_001","2016-05-09","2016-05-09","NEON.DOC.000481vG",,
"1087dce7-2250-4f96-b1e7-c5da5cfb404e","0BEE7ACBBDC64AFE84C876B5F46D84CB","UNDE_003.mammalGrid.mam","D05","UNDE","UNDE_003","2016-05-10","2016-05-10","NEON.DOC.000481vG",,
"1c75aba6-5b8a-4b9d-bf27-407ae5326bd6","F046816B13214D45BFA291EE0C2BECA2","UNDE_032.mammalGrid.mam","D05","UNDE","UNDE_032","2016-05-10","2016-05-10","NEON.DOC.000481vG",,
"23f407ad-010f-47ab-bebe-18187cb07406","E9EEC1BCD99944DD98F1A02441EE73AB","UNDE_012.mammalGrid.mam","D05","UNDE","UNDE_012","2016-05-11","2016-05-11","NEON.DOC.000481vG",,
"38e3ead4-aca8-4c4a-9f2b-ffbe5822aa26","094A84B60340491AACA7C08AB42FEDA7","UNDE_032.mammalGrid.mam","D05","UNDE","UNDE_032","2016-05-11","2016-05-11","NEON.DOC.000481vG",,
"42f33d25-2941-43c0-817d-bc525ba5a5cf","36482CC1A4524711ADB9294F66EBD406","UNDE_027.mammalGrid.mam","D05","UNDE","UNDE_027","2016-05-11","2016-05-11","NEON.DOC.000481vG",,
"805c5f73-c5b8-4d10-8be5-e4aa9080c788","44C213820FE146E1ACB98675CD91C7D0","UNDE_032.mammalGrid.mam","D05","UNDE","UNDE_032","2016-05-12","2016-05-12","NEON.DOC.000481vG",,
"ea836210-8c0a-4c37-ad49-577cddc0af81","DF1E571CA2334C008B74D55B80F03413","UNDE_012.mammalGrid.mam","D05","UNDE","UNDE_012","2016-05-12","2016-05-12","NEON.DOC.000481vG",,
"db851fe6-2b45-4c27-8dc6-4749b3edded9","439B24802F854C32A1878BCE0804EB87","UNDE_027.mammalGrid.mam","D05","UNDE","UNDE_027","2016-05-12","2016-05-12","NEON.DOC.000481vG",,
"af5cb44a-7e08-4723-bdd9-d50e2a2a9f5c","93F24144D7644EBAB24B0519DD468B97","UNDE_027.mammalGrid.mam","D05","UNDE","UNDE_027","2016-05-13","2016-05-13","NEON.DOC.000481vG",,
"1d3829c1-e007-45ba-8137-6381d21e1b18","EE414CDA7DA642C595E46533E9BB4D94","UNDE_008.mammalGrid.mam","D05","UNDE","UNDE_008","2016-05-13","2016-05-13","NEON.DOC.000481vG",,
"84ca6433-ab8a-41ed-941e-9bf090eea09c","CA5E6A3EF4884060A7BCE554EE745B74","UNDE_027.mammalGrid.mam","D05","UNDE","UNDE_027","2016-05-13","2016-05-13","NEON.DOC.000481vG",,
