uid,nightuid,namedLocation,domainID,siteID,plotID,trapCoordinate,plotType,nlcdClass,decimalLatitude,decimalLongitude,geodeticDatum,coordinateUncertainty,elevation,elevationUncertainty,trapStatus,trapType,collectDate,endDate,tagID,individualCode,taxonID,scientificName,taxonRank,identificationQualifier,identificationReferences,nativeStatusCode,sex,recapture,fate,replacedTag,lifeStage,testes,nipples,pregnancyStatus,vagina,hindfootLength,earLength,tailLength,totalLength,weight,larvalTicksAttached,nymphalTicksAttached,adultTicksAttached,bloodSampleID,bloodSampleBarcode,bloodSampleMethod,fecalSampleID,fecalSampleBarcode,fecalSampleCondition,earSampleID,earSampleBarcode,hairSampleID,hairSampleBarcode,hairSampleContents,voucherSampleID,voucherSampleBarcode,measuredBy,recordedBy,remarks,dataQF
"af9a2e74-c05c-47a9-9575-a9c442d123ef","1AFF34C4CC5F4DBBAEEE67407942D38D","OAES_001.mammalGrid.mam","D11","OAES","OAES_001","B8","distributed","grasslandHerbaceous",35.413861,-99.058786,"WGS84",45.1,517.8,0.1,"5 - capture","ShermanLF","2016-07-01","2016-07-01","NEON.MAM.D11.R1402",,"SIHI","Sigmodon hispidus","species",,"NEON.DOC.003137","N","F","N","released",,"subadult",,"nonenlarged","not","neither",23,,,,29,"N","N","N","OAES.20160701.R1402.B",,"mandibular",,,,"OAES.20160701.R1402.E",,,,,,,"aholdorf@neoninc.org","gehnson@field-ops.org",,
"af101aec-4e77-4f6c-9d1f-c04e08684bca","1AFF34C4CC5F4DBBAEEE67407942D38D","OAES_001.mammalGrid.mam","D11","OAES","OAES_001","F2","distributed","grasslandHerbaceous",35.413861,-99.058786,"WGS84",45.1,517.8,0.1,"5 - capture","ShermanLF","2016-07-01","2016-07-01","NEON.MAM.D11.R1692",,"ONLE","Onychomys leucogaster","species",,"NEON.DOC.003137","N","F","Y","released",,"adult",,"enlarged","not","neither",20,,,,33,"N","N","N",,,,,,,,,,,,,,"aholdorf@neoninc.org","gehnson@field-ops.org",,
"bd1e9a4c-f2ea-4491-9175-4bf4a55d8ad6","1AFF34C4CC5F4DBBAEEE67407942D38D","OAES_001.mammalGrid.mam","D11","OAES","OAES_001","A1","distributed","grasslandHerbaceous",35.413861,-99.058786,"WGS84",45.1,517.8,0.1,"6 - trap set and empty","ShermanLF","2016-07-01","2016-07-01",,,,,,,,,,,,,,,,,,,,,,,,,,,,,,,,,,,,,,,"aholdorf@neoninc.org","gehnson@field-ops.org",,
"46921d56-51a0-4c82-a9cb-adc94cc8ed22","1AFF34C4CC5F4DBBAEEE67407942D38D","OAES_001.mammalGrid.mam","D11","OAES","OAES_001","E3","distributed","grasslandHerbaceous",35.413861,-99.058786,"WGS84",45.1,517.8,0.1,"5 - capture","ShermanLF","2016-07-01","2016-07-01","NEON.MAM.D11.R1496",,"SIHI","Sigmodon hispidus","species",,"NEON.DOC.003137","N","F","Y","released",,"adult",,"nonenlarged","not","neither",29,,,,140,"N","N","N",,,,,,,,,,,,,,"aholdorf@neoninc.org","gehnson@field-ops.org",,
"fc648fc1-12f4-4c32-a2de-2d68c21dd160","1AFF34C4CC5F4DBBAEEE67407942D38D","OAES_001.mammalGrid.mam","D11","OAES","OAES_001","J1","distributed","grasslandHerbaceous",35.413861,-99.058786,"WGS84",45.1,517.8,0.1,"6 - trap set and empty","ShermanLF","2016-07-01","2016-07-01",,,,,,,,,,,,,,,,,,,,,,,,,,,,,,,,,,,,,,,"aholdorf@neoninc.org","gehnson@field-ops.org",,
"5e196d5c-5bf4-4c8e-a8e0-11be3be4e15c","1AFF34C4CC5F4DBBAEEE67407942D38D","OAES_001.mammalGrid.mam","D11","OAES","OAES_001","E6","distributed","grasslandHerbaceous",35.413861,-99.058786,"WGS84",45.1,517.8,0.1,"6 - trap set and empty","ShermanLF","2016-07-01","2016-07-01",,,,,,,,,,,,,,,,,,,,,,,,,,,,,,,,,,,,,,,"aholdorf@neoninc.org","gehnson@field-ops.org",,
"a9e6e2ab-2f58-449b-9c6d-f9259824ed26","1AFF34C4CC5F4DBBAEEE67407942D38D","OAES_001.mammalGrid.mam","D11","OAES","OAES_001","H7","distributed","grasslandHerbaceous",35.413861,-99.058786,"WGS84",45.1,517.8,0.1,"5 - capture","ShermanLF","2016-07-01","2016-07-01","NEON.MAM.D11.R1407",,"SIHI","Sigmodon hispidus","species",,"NEON.DOC.003137","N","M","N","released",,"adult","nonscrotal",,,,26,,,,78,"N","N","N",,,"unsuccessful",,,,"OAES.20160701.R1407.E",,,,,,,"aholdorf@neoninc.org","gehnson@field-ops.org",,
"41364c54-22c7-47f4-ac27-1de593e6c516","1AFF34C4CC5F4DBBAEEE67407942D38D","OAES_001.mammalGrid.mam","D11","OAES","OAES_001","G10","distributed","grasslandHerbaceous",35.413861,-99.058786,"WGS84",45.1,517.8,0.1,"5 - capture","ShermanLF","2016-07-01","2016-07-01","NEON.MAM.D11.R1423",,"SIHI","Sigmodon hispidus","species",,"NEON.DOC.003137","N","M","N","released",,"adult","nonscrotal",,,,30,,,,80,"N","N","N",,,"unsuccessful","OAES.20160701.R1423.F",,"fresh","OAES.20160701.R1423.E",,,,,,,"aholdorf@neoninc.org","gehnson@field-ops.org",,
"7efcfd22-77fb-4725-85ac-38944afb5461","1AFF34C4CC5F4DBBAEEE67407942D38D","OAES_001.mammalGrid.mam","D11","OAES","OAES_001","C3","distributed","grasslandHerbaceous",35.413861,-99.058786,"WGS84",45.1,517.8,0.1,"6 - trap set and empty","ShermanLF","2016-07-01","2016-07-01",,,,,,,,,,,,,,,,,,,,,,,,,,,,,,,,,,,,,,,"aholdorf@neoninc.org","gehnson@field-ops.org",,
"7f52b27c-137b-4a18-a1bd-d57b5d503b2a","1AFF34C4CC5F4DBBAEEE67407942D38D","OAES_001.mammalGrid.mam","D11","OAES","OAES_001","E7","distributed","grasslandHerbaceous",35.413861,-99.058786,"WGS84",45.1,517.8,0.1,"6 - trap set and empty","ShermanLF","2016-07-01","2016-07-01",,,,,,,,,,,,,,,,,,,,,,,,,,,,,,,,,,,,,,,"aholdorf@neoninc.org","gehnson@field-ops.org",,
"a9267eed-065a-4287-97dd-5fe2acd06f75","1AFF34C4CC5F4DBBAEEE67407942D38D","OAES_001.mammalGrid.mam","D11","OAES","OAES_001","A7","distributed","grasslandHerbaceous",35.413861,-99.058786,"WGS84",45.1,517.8,0.1,"6 - trap set and empty","ShermanLF","2016-07-01","2016-07-01",,,,,,,,,,,,,,,,,,,,,,,,,,,,,,,,,,,,,,,"aholdorf@neoninc.org","gehnson@field-ops.org",,
"08a8e39f-fd17-4540-acf7-a4d5247396af","1AFF34C4CC5F4DBBAEEE67407942D38D","OAES_001.mammalGrid.mam","D11","OAES","OAES_001","B7","distributed","grasslandHerbaceous",35.413861,-99.058786,"WGS84",45.1,517.8,0.1,"5 - capture","ShermanLF","2016-07-01","2016-07-01","NEON.MAM.D11.R1440",,"SIHI","Sigmodon hispidus","species",,"NEON.DOC.003137","N","M","Y","released",,"adult","scrotal",,,,32,,,,90,"N","N","N",,,,,,,,,,,,,,"aholdorf@neoninc.org","gehnson@field-ops.org",,
"63c3e37c-a48c-425c-a487-ad259952dea8","1AFF34C4CC5F4DBBAEEE67407942D38D","OAES_001.mammalGrid.mam","D11","OAES","OAES_001","H6","distributed","grasslandHerbaceous",35.413861,-99.058786,"WGS84",45.1,517.8,0.1,"5 - capture","ShermanLF","2016-07-01","2016-07-01","NEON.MAM.D11.R1413",,"SIHI","Sigmodon hispidus","species",,"NEON.DOC.003137","N","F","N","released",,"adult",,"nonenlarged","not","neither",27,,,,44,"N","N","N","OAES.20160701.R1413.B",,"mandibular","OAES.20160701.R1413.F",,"fresh","OAES.20160701.R1413.E",,,,,,,"aholdorf@neoninc.org","gehnson@field-ops.org",,
"e6e63c04-c504-4001-baf3-829b1aeb8345","1AFF34C4CC5F4DBBAEEE67407942D38D","OAES_001.mammalGrid.mam","D11","OAES","OAES_001","G4","distributed","grasslandHerbaceous",35.413861,-99.058786,"WGS84",45.1,517.8,0.1,"6 - trap set and empty","ShermanLF","2016-07-01","2016-07-01",,,,,,,,,,,,,,,,,,,,,,,,,,,,,,,,,,,,,,,"aholdorf@neoninc.org","gehnson@field-ops.org",,
"39d5134a-3f47-403f-8054-758f43209030","1AFF34C4CC5F4DBBAEEE67407942D38D","OAES_001.mammalGrid.mam","D11","OAES","OAES_001","I9","distributed","grasslandHerbaceous",35.413861,-99.058786,"WGS84",45.1,517.8,0.1,"5 - capture","ShermanLF","2016-07-01","2016-07-01","NEON.MAM.D11.L1405",,"CHHI","Chaetodipus hispidus","species",,"NEON.DOC.003137","N","F","N","released",,"adult",,"nonenlarged","not","neither",25,,,,47,"N","N","N",,,,,,,"OAES.20160701.L1405.E",,,,,,,"aholdorf@neoninc.org","gehnson@field-ops.org",,
"7a1902f4-f0d9-4e09-9fde-2dc70d3a702b","1AFF34C4CC5F4DBBAEEE67407942D38D","OAES_001.mammalGrid.mam","D11","OAES","OAES_001","F3","distributed","grasslandHerbaceous",35.413861,-99.058786,"WGS84",45.1,517.8,0.1,"6 - trap set and empty","ShermanLF","2016-07-01","2016-07-01",,,,,,,,,,,,,,,,,,,,,,,,,,,,,,,,,,,,,,,"aholdorf@neoninc.org","gehnson@field-ops.org",,
"ef33b38b-9f3d-401d-b7c0-1ec89756fc72","1AFF34C4CC5F4DBBAEEE67407942D38D","OAES_001.mammalGrid.mam","D11","OAES","OAES_001","J10","distributed","grasslandHerbaceous",35.413861,-99.058786,"WGS84",45.1,517.8,0.1,"5 - capture","ShermanLF","2016-07-01","2016-07-01","NEON.MAM.D11.L1694",,"SIHI","Sigmodon hispidus","species",,"NEON.DOC.003137","N","M","Y","released",,"adult","scrotal",,,,32,,,,153,"N","N","N",,,,,,,,,,,,,,"aholdorf@neoninc.org","gehnson@field-ops.org",,
"3ad4a3e6-13e3-4fab-ab25-7b6a27638688","1AFF34C4CC5F4DBBAEEE67407942D38D","OAES_001.mammalGrid.mam","D11","OAES","OAES_001","H10","distributed","grasslandHerbaceous",35.413861,-99.058786,"WGS84",45.1,517.8,0.1,"5 - capture","ShermanLF","2016-07-01","2016-07-01","NEON.MAM.D11.R1404",,"SIHI","Sigmodon hispidus","species",,"NEON.DOC.003137","N","F","N","released",,"adult",,"nonenlarged","not","neither",30,,,,80,"N","N","N",,,"unsuccessful","OAES.20160701.R1404.F",,"fresh","OAES.20160701.R1404.E",,,,,,,"aholdorf@neoninc.org","gehnson@field-ops.org",,
"c930966e-d0bd-4058-9083-d46fce9289c2","1AFF34C4CC5F4DBBAEEE67407942D38D","OAES_001.mammalGrid.mam","D11","OAES","OAES_001","C9","distributed","grasslandHerbaceous",35.413861,-99.058786,"WGS84",45.1,517.8,0.1,"2 - trap disturbed/door closed but empty","ShermanLF","2016-07-01","2016-07-01",,,,,,,,,,,,,,,,,,,,,,,,,,,,,,,,,,,,,,,"aholdorf@neoninc.org","gehnson@field-ops.org",,
"c48c6ac7-14e6-4312-b0c3-064f37089ce2","1AFF34C4CC5F4DBBAEEE67407942D38D","OAES_001.mammalGrid.mam","D11","OAES","OAES_001","G5","distributed","grasslandHerbaceous",35.413861,-99.058786,"WGS84",45.1,517.8,0.1,"5 - capture","ShermanLF","2016-07-01","2016-07-01","NEON.MAM.D11.L1448",,"SIHI","Sigmodon hispidus","species",,"NEON.DOC.003137","N","F","Y","released",,"adult",,"enlarged","not","neither",29,,,,130,"N","N","N",,,,,,,,,,,,,,"aholdorf@neoninc.org","gehnson@field-ops.org",,
"4bcb6c93-9350-41c8-9348-cb8457109702","1AFF34C4CC5F4DBBAEEE67407942D38D","OAES_001.mammalGrid.mam","D11","OAES","OAES_001","C1","distributed","grasslandHerbaceous",35.413861,-99.058786,"WGS84",45.1,517.8,0.1,"6 - trap set and empty","ShermanLF","2016-07-01","2016-07-01",,,,,,,,,,,,,,,,,,,,,,,,,,,,,,,,,,,,,,,"aholdorf@neoninc.org","gehnson@field-ops.org",,
"b1eee811-b4b8-48f7-9c07-8c4c75754176","1AFF34C4CC5F4DBBAEEE67407942D38D","OAES_001.mammalGrid.mam","D11","OAES","OAES_001","D7","distributed","grasslandHerbaceous",35.413861,-99.058786,"WGS84",45.1,517.8,0.1,"6 - trap set and empty","ShermanLF","2016-07-01","2016-07-01",,,,,,,,,,,,,,,,,,,,,,,,,,,,,,,,,,,,,,,"aholdorf@neoninc.org","gehnson@field-ops.org",,
"a54fc863-e19e-4d61-956b-af051f69bad9","1AFF34C4CC5F4DBBAEEE67407942D38D","OAES_001.mammalGrid.mam","D11","OAES","OAES_001","E4","distributed","grasslandHerbaceous",35.413861,-99.058786,"WGS84",45.1,517.8,0.1,"5 - capture","ShermanLF","2016-07-01","2016-07-01","NEON.MAM.D11.R2491",,"SIHI","Sigmodon hispidus","species",,"NEON.DOC.003137","N","M","Y","released",,"adult","scrotal",,,,31,,,,140,"N","N","N",,,,"OAES.20160701.R2491.F",,"fresh",,,,,,,,"aholdorf@neoninc.org","gehnson@field-ops.org",,
"3f64b4a1-13db-489d-8c28-0d000e576274","1AFF34C4CC5F4DBBAEEE67407942D38D","OAES_001.mammalGrid.mam","D11","OAES","OAES_001","B2","distributed","grasslandHerbaceous",35.413861,-99.058786,"WGS84",45.1,517.8,0.1,"2 - trap disturbed/door closed but empty","ShermanLF","2016-07-01","2016-07-01",,,,,,,,,,,,,,,,,,,,,,,,,,,,,,,,,,,,,,,"aholdorf@neoninc.org","gehnson@field-ops.org",,
"455754ae-e078-4264-acea-d336b69e435d","1AFF34C4CC5F4DBBAEEE67407942D38D","OAES_001.mammalGrid.mam","D11","OAES","OAES_001","F5","distributed","grasslandHerbaceous",35.413861,-99.058786,"WGS84",45.1,517.8,0.1,"5 - capture","ShermanLF","2016-07-01","2016-07-01","NEON.MAM.D11.R1418",,"SIHI","Sigmodon hispidus","species",,"NEON.DOC.003137","N","M","N","released",,"adult","nonscrotal",,,,30,,,,100,"N","N","Y",,,"unsuccessful","OAES.20160701.R1418.F",,"fresh","OAES.20160701.R1418.E",,,,,,,"aholdorf@neoninc.org","gehnson@field-ops.org",,
"26bf0a6d-fea9-49e1-9af5-7666af1b2fac","1AFF34C4CC5F4DBBAEEE67407942D38D","OAES_001.mammalGrid.mam","D11","OAES","OAES_001","G3","distributed","grasslandHerbaceous",35.413861,-99.058786,"WGS84",45.1,517.8,0.1,"6 - trap set and empty","ShermanLF","2016-07-01","2016-07-01",,,,,,,,,,,,,,,,,,,,,,,,,,,,,,,,,,,,,,,"aholdorf@neoninc.org","gehnson@field-ops.org",,
"54e6211c-e1df-4eb1-ab8c-48b954083092","1AFF34C4CC5F4DBBAEEE67407942D38D","OAES_001.mammalGrid.mam","D11","OAES","OAES_001","D2","distributed","grasslandHerbaceous",35.413861,-99.058786,"WGS84",45.1,517.8,0.1,"6 - trap set and empty","ShermanLF","2016-07-01","2016-07-01",,,,,,,,,,,,,,,,,,,,,,,,,,,,,,,,,,,,,,,"aholdorf@neoninc.org","gehnson@field-ops.org",,
"13a5a655-b445-4577-a9bd-a610c7aea3fc","1AFF34C4CC5F4DBBAEEE67407942D38D","OAES_001.mammalGrid.mam","D11","OAES","OAES_001","E5","distributed","grasslandHerbaceous",35.413861,-99.058786,"WGS84",45.1,517.8,0.1,"5 - capture","ShermanLF","2016-07-01","2016-07-01","NEON.MAM.D11.R1416",,"SIHI","Sigmodon hispidus","species",,"NEON.DOC.003137","N","M","N","released",,"adult","nonscrotal",,,,25,,,,44,"N","N","N","OAES.20160701.R1416.B",,"mandibular",,,,"OAES.20160701.R1416.E",,,,,,,"aholdorf@neoninc.org","gehnson@field-ops.org",,
"d6cb0a4a-357d-42bd-9153-076f23533641","1AFF34C4CC5F4DBBAEEE67407942D38D","OAES_001.mammalGrid.mam","D11","OAES","OAES_001","H2","distributed","grasslandHerbaceous",35.413861,-99.058786,"WGS84",45.1,517.8,0.1,"6 - trap set and empty","ShermanLF","2016-07-01","2016-07-01",,,,,,,,,,,,,,,,,,,,,,,,,,,,,,,,,,,,,,,"aholdorf@neoninc.org","gehnson@field-ops.org",,
"6ea6fd1a-933f-452e-b54a-585932595c06","1AFF34C4CC5F4DBBAEEE67407942D38D","OAES_001.mammalGrid.mam","D11","OAES","OAES_001","E10","distributed","grasslandHerbaceous",35.413861,-99.058786,"WGS84",45.1,517.8,0.1,"5 - capture","ShermanLF","2016-07-01","2016-07-01","NEON.MAM.D11.R1415",,"SIHI","Sigmodon hispidus","species",,"NEON.DOC.003137","N","F","N","released",,"adult",,"enlarged","not","neither",30,,,,100,"N","N","N","OAES.20160701.R1415.B",,"mandibular",,,,"OAES.20160701.R1415.E",,,,,,,"aholdorf@neoninc.org","gehnson@field-ops.org",,
"60c9dae5-2681-4b4e-a240-282c54646319","1AFF34C4CC5F4DBBAEEE67407942D38D","OAES_001.mammalGrid.mam","D11","OAES","OAES_001","J3","distributed","grasslandHerbaceous",35.413861,-99.058786,"WGS84",45.1,517.8,0.1,"6 - trap set and empty","ShermanLF","2016-07-01","2016-07-01",,,,,,,,,,,,,,,,,,,,,,,,,,,,,,,,,,,,,,,"aholdorf@neoninc.org","gehnson@field-ops.org",,
"1c1baa10-4057-4f87-a97f-b6347d72969d","1AFF34C4CC5F4DBBAEEE67407942D38D","OAES_001.mammalGrid.mam","D11","OAES","OAES_001","D4","distributed","grasslandHerbaceous",35.413861,-99.058786,"WGS84",45.1,517.8,0.1,"6 - trap set and empty","ShermanLF","2016-07-01","2016-07-01",,,,,,,,,,,,,,,,,,,,,,,,,,,,,,,,,,,,,,,"aholdorf@neoninc.org","gehnson@field-ops.org",,
"c294154e-2bbc-408c-bffd-98eb2a71d278","1AFF34C4CC5F4DBBAEEE67407942D38D","OAES_001.mammalGrid.mam","D11","OAES","OAES_001","A10","distributed","grasslandHerbaceous",35.413861,-99.058786,"WGS84",45.1,517.8,0.1,"6 - trap set and empty","ShermanLF","2016-07-01","2016-07-01",,,,,,,,,,,,,,,,,,,,,,,,,,,,,,,,,,,,,,,"aholdorf@neoninc.org","gehnson@field-ops.org",,
"16f5d058-d049-4a59-ab91-4dbc71803368","1AFF34C4CC5F4DBBAEEE67407942D38D","OAES_001.mammalGrid.mam","D11","OAES","OAES_001","I5","distributed","grasslandHerbaceous",35.413861,-99.058786,"WGS84",45.1,517.8,0.1,"6 - trap set and empty","ShermanLF","2016-07-01","2016-07-01",,,,,,,,,,,,,,,,,,,,,,,,,,,,,,,,,,,,,,,"aholdorf@neoninc.org","gehnson@field-ops.org",,
"e01111b1-ef55-4844-81b6-f763ec30eb54","1AFF34C4CC5F4DBBAEEE67407942D38D","OAES_001.mammalGrid.mam","D11","OAES","OAES_001","E8","distributed","grasslandHerbaceous",35.413861,-99.058786,"WGS84",45.1,517.8,0.1,"6 - trap set and empty","ShermanLF","2016-07-01","2016-07-01",,,,,,,,,,,,,,,,,,,,,,,,,,,,,,,,,,,,,,,"aholdorf@neoninc.org","gehnson@field-ops.org",,
"c85557d4-428c-4bad-b5a1-3d23ef8b866b","1AFF34C4CC5F4DBBAEEE67407942D38D","OAES_001.mammalGrid.mam","D11","OAES","OAES_001","I6","distributed","grasslandHerbaceous",35.413861,-99.058786,"WGS84",45.1,517.8,0.1,"6 - trap set and empty","ShermanLF","2016-07-01","2016-07-01",,,,,,,,,,,,,,,,,,,,,,,,,,,,,,,,,,,,,,,"aholdorf@neoninc.org","gehnson@field-ops.org",,
"cd1a5fa8-c985-4cc2-a9df-1913e902e594","1AFF34C4CC5F4DBBAEEE67407942D38D","OAES_001.mammalGrid.mam","D11","OAES","OAES_001","J8","distributed","grasslandHerbaceous",35.413861,-99.058786,"WGS84",45.1,517.8,0.1,"5 - capture","ShermanLF","2016-07-01","2016-07-01","NEON.MAM.D11.R1409",,"SIHI","Sigmodon hispidus","species",,"NEON.DOC.003137","N","M","N",,,"adult","nonscrotal",,,,30,,,,72,"N","N","N","OAES.20160701.R1409.B",,"mandibular",,,,"OAES.20160701.R1409.E",,,,,,,"aholdorf@neoninc.org","gehnson@field-ops.org",,
"62568704-1b7d-4fda-ba05-b4e2b9e79508","1AFF34C4CC5F4DBBAEEE67407942D38D","OAES_001.mammalGrid.mam","D11","OAES","OAES_001","I3","distributed","grasslandHerbaceous",35.413861,-99.058786,"WGS84",45.1,517.8,0.1,"6 - trap set and empty","ShermanLF","2016-07-01","2016-07-01",,,,,,,,,,,,,,,,,,,,,,,,,,,,,,,,,,,,,,,"aholdorf@neoninc.org","gehnson@field-ops.org",,
"48a6d36b-c59d-4445-b2ae-188c59942575","1AFF34C4CC5F4DBBAEEE67407942D38D","OAES_001.mammalGrid.mam","D11","OAES","OAES_001","H9","distributed","grasslandHerbaceous",35.413861,-99.058786,"WGS84",45.1,517.8,0.1,"5 - capture","ShermanLF","2016-07-01","2016-07-01","NEON.MAM.D11.R1628",,"ONLE","Onychomys leucogaster","species",,"NEON.DOC.003137","N","F","Y","released",,"adult",,"enlarged","not","neither",22,,,,37,"N","N","N","OAES.20160701.R1628.B",,"mandibular",,,,"OAES.20160701.R1628.E",,,,,,,"aholdorf@neoninc.org","gehnson@field-ops.org",,
"a6cfd1d0-6538-42d0-9c7b-c2ac2cdde740","1AFF34C4CC5F4DBBAEEE67407942D38D","OAES_001.mammalGrid.mam","D11","OAES","OAES_001","C4","distributed","grasslandHerbaceous",35.413861,-99.058786,"WGS84",45.1,517.8,0.1,"6 - trap set and empty","ShermanLF","2016-07-01","2016-07-01",,,,,,,,,,,,,,,,,,,,,,,,,,,,,,,,,,,,,,,"aholdorf@neoninc.org","gehnson@field-ops.org",,
"96dadaa9-e439-4d91-8b6b-c71421db4cd2","1AFF34C4CC5F4DBBAEEE67407942D38D","OAES_001.mammalGrid.mam","D11","OAES","OAES_001","J5","distributed","grasslandHerbaceous",35.413861,-99.058786,"WGS84",45.1,517.8,0.1,"6 - trap set and empty","ShermanLF","2016-07-01","2016-07-01",,,,,,,,,,,,,,,,,,,,,,,,,,,,,,,,,,,,,,,"aholdorf@neoninc.org","gehnson@field-ops.org",,
"ecaad178-b912-44c9-b835-1fde99b08492","1AFF34C4CC5F4DBBAEEE67407942D38D","OAES_001.mammalGrid.mam","D11","OAES","OAES_001","E2","distributed","grasslandHerbaceous",35.413861,-99.058786,"WGS84",45.1,517.8,0.1,"6 - trap set and empty","ShermanLF","2016-07-01","2016-07-01",,,,,,,,,,,,,,,,,,,,,,,,,,,,,,,,,,,,,,,"aholdorf@neoninc.org","gehnson@field-ops.org",,
"a9cc2dbc-9761-4357-9112-811a53a698c2","1AFF34C4CC5F4DBBAEEE67407942D38D","OAES_001.mammalGrid.mam","D11","OAES","OAES_001","D3","distributed","grasslandHerbaceous",35.413861,-99.058786,"WGS84",45.1,517.8,0.1,"6 - trap set and empty","ShermanLF","2016-07-01","2016-07-01",,,,,,,,,,,,,,,,,,,,,,,,,,,,,,,,,,,,,,,"aholdorf@neoninc.org","gehnson@field-ops.org",,
"f9aaf7f3-a88a-42cb-962d-e9b0ebeaad72","1AFF34C4CC5F4DBBAEEE67407942D38D","OAES_001.mammalGrid.mam","D11","OAES","OAES_001","D8","distributed","grasslandHerbaceous",35.413861,-99.058786,"WGS84",45.1,517.8,0.1,"5 - capture","ShermanLF","2016-07-01","2016-07-01","NEON.MAM.D11.R1400",,"SIHI","Sigmodon hispidus","species",,"NEON.DOC.003137","N","M","N","released",,"adult","nonscrotal",,,,29,,,,66,"N","N","N",,,"unsuccessful","OAES.20160701.R1400.F",,"fresh","OAES.20160701.R1400.E",,,,,,,"aholdorf@neoninc.org","gehnson@field-ops.org",,
"b0b76ab1-4878-40b6-b326-825a5b11d531","1AFF34C4CC5F4DBBAEEE67407942D38D","OAES_001.mammalGrid.mam","D11","OAES","OAES_001","G1","distributed","grasslandHerbaceous",35.413861,-99.058786,"WGS84",45.1,517.8,0.1,"6 - trap set and empty","ShermanLF","2016-07-01","2016-07-01",,,,,,,,,,,,,,,,,,,,,,,,,,,,,,,,,,,,,,,"aholdorf@neoninc.org","gehnson@field-ops.org",,
"f2c15d2e-e924-4dbb-8e88-d37c7708cc8b","1AFF34C4CC5F4DBBAEEE67407942D38D","OAES_001.mammalGrid.mam","D11","OAES","OAES_001","F7","distributed","grasslandHerbaceous",35.413861,-99.058786,"WGS84",45.1,517.8,0.1,"6 - trap set and empty","ShermanLF","2016-07-01","2016-07-01",,,,,,,,,,,,,,,,,,,,,,,,,,,,,,,,,,,,,,,"aholdorf@neoninc.org","gehnson@field-ops.org",,
"b0e6ee14-1e68-43f8-b643-141d9ed77995","1AFF34C4CC5F4DBBAEEE67407942D38D","OAES_001.mammalGrid.mam","D11","OAES","OAES_001","G2","distributed","grasslandHerbaceous",35.413861,-99.058786,"WGS84",45.1,517.8,0.1,"6 - trap set and empty","ShermanLF","2016-07-01","2016-07-01",,,,,,,,,,,,,,,,,,,,,,,,,,,,,,,,,,,,,,,"aholdorf@neoninc.org","gehnson@field-ops.org",,
"50351c61-e12b-4b47-831b-7088cb61d238","1AFF34C4CC5F4DBBAEEE67407942D38D","OAES_001.mammalGrid.mam","D11","OAES","OAES_001","F1","distributed","grasslandHerbaceous",35.413861,-99.058786,"WGS84",45.1,517.8,0.1,"5 - capture","ShermanLF","2016-07-01","2016-07-01","NEON.MAM.D11.R1422",,"SIHI","Sigmodon hispidus","species",,"NEON.DOC.003137","N","F","N","released",,"adult",,"nonenlarged","not","neither",30,,,,85,"N","N","N","OAES.20160701.R1422.B",,"mandibular",,,,"OAES.20160701.R1422.E",,,,,,,"aholdorf@neoninc.org","gehnson@field-ops.org",,
"846af70c-55d5-4610-a3ce-37c355f92ce3","1AFF34C4CC5F4DBBAEEE67407942D38D","OAES_001.mammalGrid.mam","D11","OAES","OAES_001","A5","distributed","grasslandHerbaceous",35.413861,-99.058786,"WGS84",45.1,517.8,0.1,"6 - trap set and empty","ShermanLF","2016-07-01","2016-07-01",,,,,,,,,,,,,,,,,,,,,,,,,,,,,,,,,,,,,,,"aholdorf@neoninc.org","gehnson@field-ops.org",,
"870611ba-5740-4d5e-b759-196313f74002","1AFF34C4CC5F4DBBAEEE67407942D38D","OAES_001.mammalGrid.mam","D11","OAES","OAES_001","E9","distributed","grasslandHerbaceous",35.413861,-99.058786,"WGS84",45.1,517.8,0.1,"5 - capture","ShermanLF","2016-07-01","2016-07-01","NEON.MAM.D11.L2482",,"SIHI","Sigmodon hispidus","species",,"NEON.DOC.003137","N","F","Y","released",,"adult",,"nonenlarged","not","neither",30,,,,100,"N","N","N",,,,,,,,,,,,,,"aholdorf@neoninc.org","gehnson@field-ops.org",,
"694bed9c-1c5c-4746-a7ac-2e107a03a3c9","1AFF34C4CC5F4DBBAEEE67407942D38D","OAES_001.mammalGrid.mam","D11","OAES","OAES_001","C2","distributed","grasslandHerbaceous",35.413861,-99.058786,"WGS84",45.1,517.8,0.1,"6 - trap set and empty","ShermanLF","2016-07-01","2016-07-01",,,,,,,,,,,,,,,,,,,,,,,,,,,,,,,,,,,,,,,"aholdorf@neoninc.org","gehnson@field-ops.org",,
"bd91424c-8a3d-48b3-9e26-459a69e76fa6","1AFF34C4CC5F4DBBAEEE67407942D38D","OAES_001.mammalGrid.mam","D11","OAES","OAES_001","A6","distributed","grasslandHerbaceous",35.413861,-99.058786,"WGS84",45.1,517.8,0.1,"6 - trap set and empty","ShermanLF","2016-07-01","2016-07-01",,,,,,,,,,,,,,,,,,,,,,,,,,,,,,,,,,,,,,,"aholdorf@neoninc.org","gehnson@field-ops.org",,
"c9d7a7ef-2e95-4abc-92f3-71657af66aff","1AFF34C4CC5F4DBBAEEE67407942D38D","OAES_001.mammalGrid.mam","D11","OAES","OAES_001","J9","distributed","grasslandHerbaceous",35.413861,-99.058786,"WGS84",45.1,517.8,0.1,"5 - capture","ShermanLF","2016-07-01","2016-07-01","NEON.MAM.D11.R1411",,"SIHI","Sigmodon hispidus","species",,"NEON.DOC.003137","N","F","N","released",,"adult",,"nonenlarged","not","neither",25,,,,45,"N","N","N","OAES.20160701.R1411.B",,"mandibular",,,,"OAES.20160701.R1411.E",,,,,,,"aholdorf@neoninc.org","gehnson@field-ops.org",,
"974828c4-025b-42e2-abbe-05267a69dff3","1AFF34C4CC5F4DBBAEEE67407942D38D","OAES_001.mammalGrid.mam","D11","OAES","OAES_001","G6","distributed","grasslandHerbaceous",35.413861,-99.058786,"WGS84",45.1,517.8,0.1,"6 - trap set and empty","ShermanLF","2016-07-01","2016-07-01",,,,,,,,,,,,,,,,,,,,,,,,,,,,,,,,,,,,,,,"aholdorf@neoninc.org","gehnson@field-ops.org",,
"706621c9-ac10-4154-9329-7ccdc426b703","1AFF34C4CC5F4DBBAEEE67407942D38D","OAES_001.mammalGrid.mam","D11","OAES","OAES_001","A4","distributed","grasslandHerbaceous",35.413861,-99.058786,"WGS84",45.1,517.8,0.1,"6 - trap set and empty","ShermanLF","2016-07-01","2016-07-01",,,,,,,,,,,,,,,,,,,,,,,,,,,,,,,,,,,,,,,"aholdorf@neoninc.org","gehnson@field-ops.org",,
"4634afdb-9c3d-4d7f-9c5c-664b90db7984","1AFF34C4CC5F4DBBAEEE67407942D38D","OAES_001.mammalGrid.mam","D11","OAES","OAES_001","I8","distributed","grasslandHerbaceous",35.413861,-99.058786,"WGS84",45.1,517.8,0.1,"6 - trap set and empty","ShermanLF","2016-07-01","2016-07-01",,,,,,,,,,,,,,,,,,,,,,,,,,,,,,,,,,,,,,,"aholdorf@neoninc.org","gehnson@field-ops.org",,
"a0db2ef2-dec4-4bf1-acc2-9eac31cb965b","1AFF34C4CC5F4DBBAEEE67407942D38D","OAES_001.mammalGrid.mam","D11","OAES","OAES_001","H1","distributed","grasslandHerbaceous",35.413861,-99.058786,"WGS84",45.1,517.8,0.1,"6 - trap set and empty","ShermanLF","2016-07-01","2016-07-01",,,,,,,,,,,,,,,,,,,,,,,,,,,,,,,,,,,,,,,"aholdorf@neoninc.org","gehnson@field-ops.org",,
"5e3d2034-4beb-41e3-b266-08347ac93e9d","1AFF34C4CC5F4DBBAEEE67407942D38D","OAES_001.mammalGrid.mam","D11","OAES","OAES_001","F9","distributed","grasslandHerbaceous",35.413861,-99.058786,"WGS84",45.1,517.8,0.1,"6 - trap set and empty","ShermanLF","2016-07-01","2016-07-01",,,,,,,,,,,,,,,,,,,,,,,,,,,,,,,,,,,,,,,"aholdorf@neoninc.org","gehnson@field-ops.org",,
"5c39f90c-69a6-4bd3-844f-1bed83c341dd","1AFF34C4CC5F4DBBAEEE67407942D38D","OAES_001.mammalGrid.mam","D11","OAES","OAES_001","F6","distributed","grasslandHerbaceous",35.413861,-99.058786,"WGS84",45.1,517.8,0.1,"6 - trap set and empty","ShermanLF","2016-07-01","2016-07-01",,,,,,,,,,,,,,,,,,,,,,,,,,,,,,,,,,,,,,,"aholdorf@neoninc.org","gehnson@field-ops.org",,
"a87e245b-b428-4268-bbcf-ff978e59053f","1AFF34C4CC5F4DBBAEEE67407942D38D","OAES_001.mammalGrid.mam","D11","OAES","OAES_001","J6","distributed","grasslandHerbaceous",35.413861,-99.058786,"WGS84",45.1,517.8,0.1,"6 - trap set and empty","ShermanLF","2016-07-01","2016-07-01",,,,,,,,,,,,,,,,,,,,,,,,,,,,,,,,,,,,,,,"aholdorf@neoninc.org","gehnson@field-ops.org",,
"43be968a-185b-43dd-b8c0-d80629f68fdc","1AFF34C4CC5F4DBBAEEE67407942D38D","OAES_001.mammalGrid.mam","D11","OAES","OAES_001","I1","distributed","grasslandHerbaceous",35.413861,-99.058786,"WGS84",45.1,517.8,0.1,"6 - trap set and empty","ShermanLF","2016-07-01","2016-07-01",,,,,,,,,,,,,,,,,,,,,,,,,,,,,,,,,,,,,,,"aholdorf@neoninc.org","gehnson@field-ops.org",,
"091174af-c7e0-4735-b5b7-abd62e6b7e31","1AFF34C4CC5F4DBBAEEE67407942D38D","OAES_001.mammalGrid.mam","D11","OAES","OAES_001","D5","distributed","grasslandHerbaceous",35.413861,-99.058786,"WGS84",45.1,517.8,0.1,"6 - trap set and empty","ShermanLF","2016-07-01","2016-07-01",,,,,,,,,,,,,,,,,,,,,,,,,,,,,,,,,,,,,,,"aholdorf@neoninc.org","gehnson@field-ops.org",,
"d9960a08-42db-414b-8110-a1ae10fd71e1","1AFF34C4CC5F4DBBAEEE67407942D38D","OAES_001.mammalGrid.mam","D11","OAES","OAES_001","C7","distributed","grasslandHerbaceous",35.413861,-99.058786,"WGS84",45.1,517.8,0.1,"6 - trap set and empty","ShermanLF","2016-07-01","2016-07-01",,,,,,,,,,,,,,,,,,,,,,,,,,,,,,,,,,,,,,,"aholdorf@neoninc.org","gehnson@field-ops.org",,
"4c5ef7ea-8d7a-40e1-9450-9e3c1e21d273","1AFF34C4CC5F4DBBAEEE67407942D38D","OAES_001.mammalGrid.mam","D11","OAES","OAES_001","H3","distributed","grasslandHerbaceous",35.413861,-99.058786,"WGS84",45.1,517.8,0.1,"6 - trap set and empty","ShermanLF","2016-07-01","2016-07-01",,,,,,,,,,,,,,,,,,,,,,,,,,,,,,,,,,,,,,,"aholdorf@neoninc.org","gehnson@field-ops.org",,
"51980a0a-fd99-4266-a289-000ca2708b4b","1AFF34C4CC5F4DBBAEEE67407942D38D","OAES_001.mammalGrid.mam","D11","OAES","OAES_001","I2","distributed","grasslandHerbaceous",35.413861,-99.058786,"WGS84",45.1,517.8,0.1,"6 - trap set and empty","ShermanLF","2016-07-01","2016-07-01",,,,,,,,,,,,,,,,,,,,,,,,,,,,,,,,,,,,,,,"aholdorf@neoninc.org","gehnson@field-ops.org",,
"8e69bc8d-980a-4be6-9250-874db3defc2b","1AFF34C4CC5F4DBBAEEE67407942D38D","OAES_001.mammalGrid.mam","D11","OAES","OAES_001","D6","distributed","grasslandHerbaceous",35.413861,-99.058786,"WGS84",45.1,517.8,0.1,"5 - capture","ShermanLF","2016-07-01","2016-07-01","NEON.MAM.D11.R1434",,"SIHI","Sigmodon hispidus","species",,"NEON.DOC.003137","N","F","Y","released",,"adult",,"nonenlarged","not","neither",29,,,,120,"N","N","N",,,,"OAES.20160701.R1434.F",,"fresh",,,,,,,,"aholdorf@neoninc.org","gehnson@field-ops.org",,
"fc0deee4-6ae0-4158-a9a5-e4dc275645f5","1AFF34C4CC5F4DBBAEEE67407942D38D","OAES_001.mammalGrid.mam","D11","OAES","OAES_001","D9","distributed","grasslandHerbaceous",35.413861,-99.058786,"WGS84",45.1,517.8,0.1,"5 - capture","ShermanLF","2016-07-01","2016-07-01","NEON.MAM.D11.R1686",,"SIHI","Sigmodon hispidus","species",,"NEON.DOC.003137","N","M","Y","released",,"adult","scrotal",,,,31,,,,150,"N","Y","N",,,"unsuccessful",,,,"OAES.20160701.R1686.E",,,,,,,"aholdorf@neoninc.org","gehnson@field-ops.org",,
"77e73743-a50c-45c0-a694-69ab6902e4a1","1AFF34C4CC5F4DBBAEEE67407942D38D","OAES_001.mammalGrid.mam","D11","OAES","OAES_001","B6","distributed","grasslandHerbaceous",35.413861,-99.058786,"WGS84",45.1,517.8,0.1,"6 - trap set and empty","ShermanLF","2016-07-01","2016-07-01",,,,,,,,,,,,,,,,,,,,,,,,,,,,,,,,,,,,,,,"aholdorf@neoninc.org","gehnson@field-ops.org",,
"8d68d62d-efe8-467e-bb20-91fe412bf3cf","1AFF34C4CC5F4DBBAEEE67407942D38D","OAES_001.mammalGrid.mam","D11","OAES","OAES_001","B10","distributed","grasslandHerbaceous",35.413861,-99.058786,"WGS84",45.1,517.8,0.1,"5 - capture","ShermanLF","2016-07-01","2016-07-01","NEON.MAM.D11.R2484",,"SIHI","Sigmodon hispidus","species",,"NEON.DOC.003137","N","M","Y","released",,"adult","scrotal",,,,31,,,,153,"N","N","N",,,,,,,,,,,,,,"aholdorf@neoninc.org","gehnson@field-ops.org",,
"4c789f39-055f-48f0-89c3-4e9ba18b0ac4","1AFF34C4CC5F4DBBAEEE67407942D38D","OAES_001.mammalGrid.mam","D11","OAES","OAES_001","B1","distributed","grasslandHerbaceous",35.413861,-99.058786,"WGS84",45.1,517.8,0.1,"5 - capture","ShermanLF","2016-07-01","2016-07-01","NEON.MAM.D11.L1634",,"PEMA","Peromyscus maniculatus","species",,"NEON.DOC.003137","N","F","Y","released",,"adult",,"nonenlarged","not","neither",19,,,,16,"N","N","N","OAES.20160701.L1634.B",,"mandibular","OAES.20160701.L1634.F",,"fresh","OAES.20160701.L1634.E",,"OAES.20160701.L1634.H",,"hairAndWhisker",,,"aholdorf@neoninc.org","gehnson@field-ops.org",,
"af83300b-2940-4aa2-b0a4-830e1f50b96f","1AFF34C4CC5F4DBBAEEE67407942D38D","OAES_001.mammalGrid.mam","D11","OAES","OAES_001","B4","distributed","grasslandHerbaceous",35.413861,-99.058786,"WGS84",45.1,517.8,0.1,"5 - capture","ShermanLF","2016-07-01","2016-07-01","NEON.MAM.D11.L1495",,"PEMA","Peromyscus maniculatus","species",,"NEON.DOC.003137","N","F","Y","released",,"adult",,"nonenlarged","not","neither",18,,,,13,"N","N","N",,,,,,,,,,,,,,"aholdorf@neoninc.org","gehnson@field-ops.org",,
"d54465cb-ce0a-4f0a-a1cb-0e37704019b9","1AFF34C4CC5F4DBBAEEE67407942D38D","OAES_001.mammalGrid.mam","D11","OAES","OAES_001","D1","distributed","grasslandHerbaceous",35.413861,-99.058786,"WGS84",45.1,517.8,0.1,"6 - trap set and empty","ShermanLF","2016-07-01","2016-07-01",,,,,,,,,,,,,,,,,,,,,,,,,,,,,,,,,,,,,,,"aholdorf@neoninc.org","gehnson@field-ops.org",,
"7b29574e-0f0b-43dc-98d1-2e179c5682f9","1AFF34C4CC5F4DBBAEEE67407942D38D","OAES_001.mammalGrid.mam","D11","OAES","OAES_001","C6","distributed","grasslandHerbaceous",35.413861,-99.058786,"WGS84",45.1,517.8,0.1,"6 - trap set and empty","ShermanLF","2016-07-01","2016-07-01",,,,,,,,,,,,,,,,,,,,,,,,,,,,,,,,,,,,,,,"aholdorf@neoninc.org","gehnson@field-ops.org",,
"63cc987d-b6a9-4c40-9b4a-63c70e9f6003","1AFF34C4CC5F4DBBAEEE67407942D38D","OAES_001.mammalGrid.mam","D11","OAES","OAES_001","A9","distributed","grasslandHerbaceous",35.413861,-99.058786,"WGS84",45.1,517.8,0.1,"5 - capture","ShermanLF","2016-07-01","2016-07-01","NEON.MAM.D11.R1403",,"SIHI","Sigmodon hispidus","species",,"NEON.DOC.003137","N","M","N","released",,"adult","scrotal",,,,31,,,,90,"N","Y","Y","OAES.20160701.R1403.B",,"mandibular",,,,"OAES.20160701.R1403.E",,,,,,,"aholdorf@neoninc.org","gehnson@field-ops.org",,
"2ac8209a-b4e3-4e00-9a91-f99c84555734","1AFF34C4CC5F4DBBAEEE67407942D38D","OAES_001.mammalGrid.mam","D11","OAES","OAES_001","F8","distributed","grasslandHerbaceous",35.413861,-99.058786,"WGS84",45.1,517.8,0.1,"6 - trap set and empty","ShermanLF","2016-07-01","2016-07-01",,,,,,,,,,,,,,,,,,,,,,,,,,,,,,,,,,,,,,,"aholdorf@neoninc.org","gehnson@field-ops.org",,
"f91d2850-a224-48f5-b28f-26cd3974d961","1AFF34C4CC5F4DBBAEEE67407942D38D","OAES_001.mammalGrid.mam","D11","OAES","OAES_001","B5","distributed","grasslandHerbaceous",35.413861,-99.058786,"WGS84",45.1,517.8,0.1,"2 - trap disturbed/door closed but empty","ShermanLF","2016-07-01","2016-07-01",,,,,,,,,,,,,,,,,,,,,,,,,,,,,,,,,,,,,,,"aholdorf@neoninc.org","gehnson@field-ops.org",,
"1321c707-d267-4b98-8931-4b89eb1d0cbe","1AFF34C4CC5F4DBBAEEE67407942D38D","OAES_001.mammalGrid.mam","D11","OAES","OAES_001","H8","distributed","grasslandHerbaceous",35.413861,-99.058786,"WGS84",45.1,517.8,0.1,"5 - capture","ShermanLF","2016-07-01","2016-07-01","NEON.MAM.D11.R1406",,"SIHI","Sigmodon hispidus","species",,"NEON.DOC.003137","N","M","N","released",,"adult","scrotal",,,,30,,,,120,"N","Y","N",,,"unsuccessful","OAES.20160701.R1406.F",,"fresh","OAES.20160701.R1406.E",,,,,,,"aholdorf@neoninc.org","gehnson@field-ops.org",,
"b7a55a2b-e520-42c1-a059-a7c5f6b31e38","1AFF34C4CC5F4DBBAEEE67407942D38D","OAES_001.mammalGrid.mam","D11","OAES","OAES_001","E1","distributed","grasslandHerbaceous",35.413861,-99.058786,"WGS84",45.1,517.8,0.1,"6 - trap set and empty","ShermanLF","2016-07-01","2016-07-01",,,,,,,,,,,,,,,,,,,,,,,,,,,,,,,,,,,,,,,"aholdorf@neoninc.org","gehnson@field-ops.org",,
"f4d468e0-de07-42e0-8a40-30b5b8167679","1AFF34C4CC5F4DBBAEEE67407942D38D","OAES_001.mammalGrid.mam","D11","OAES","OAES_001","J2","distributed","grasslandHerbaceous",35.413861,-99.058786,"WGS84",45.1,517.8,0.1,"6 - trap set and empty","ShermanLF","2016-07-01","2016-07-01",,,,,,,,,,,,,,,,,,,,,,,,,,,,,,,,,,,,,,,"aholdorf@neoninc.org","gehnson@field-ops.org",,
"41493fae-a392-4616-86cd-2f9c65777659","1AFF34C4CC5F4DBBAEEE67407942D38D","OAES_001.mammalGrid.mam","D11","OAES","OAES_001","I4","distributed","grasslandHerbaceous",35.413861,-99.058786,"WGS84",45.1,517.8,0.1,"5 - capture","ShermanLF","2016-07-01","2016-07-01","NEON.MAM.D11.L1486",,"ONLE","Onychomys leucogaster","species",,"NEON.DOC.003137","N","F","Y","released",,"adult",,"enlarged","not","neither",21,,,,33,"N","Y","N",,,,,,,,,,,,,,"aholdorf@neoninc.org","gehnson@field-ops.org",,
"bec8bac4-de1c-4cdf-8b2e-d65632bf4f87","1AFF34C4CC5F4DBBAEEE67407942D38D","OAES_001.mammalGrid.mam","D11","OAES","OAES_001","I7","distributed","grasslandHerbaceous",35.413861,-99.058786,"WGS84",45.1,517.8,0.1,"5 - capture","ShermanLF","2016-07-01","2016-07-01","NEON.MAM.D11.R1408",,"SIHI","Sigmodon hispidus","species",,"NEON.DOC.003137","N","F","N","released",,"adult",,"nonenlarged","not","neither",31,,,,160,"N","N","N","OAES.20160701.R1408.B",,"mandibular","OAES.20160701.R1408.F",,"fresh","OAES.20160701.R1408.E",,,,,,,"aholdorf@neoninc.org","gehnson@field-ops.org",,
"5643100b-70a7-413a-b018-51ccd4b6ea98","1AFF34C4CC5F4DBBAEEE67407942D38D","OAES_001.mammalGrid.mam","D11","OAES","OAES_001","F10","distributed","grasslandHerbaceous",35.413861,-99.058786,"WGS84",45.1,517.8,0.1,"5 - capture","ShermanLF","2016-07-01","2016-07-01","NEON.MAM.D11.R1441",,"SIHI","Sigmodon hispidus","species",,"NEON.DOC.003137","N","F","Y","released",,"adult",,"nonenlarged","not","neither",30,,,,115,"N","N","N",,,,,,,,,,,,,,"aholdorf@neoninc.org","gehnson@field-ops.org",,
"6a90b87f-a4d1-4cd6-afc0-705b26008a78","1AFF34C4CC5F4DBBAEEE67407942D38D","OAES_001.mammalGrid.mam","D11","OAES","OAES_001","A2","distributed","grasslandHerbaceous",35.413861,-99.058786,"WGS84",45.1,517.8,0.1,"5 - capture","ShermanLF","2016-07-01","2016-07-01","NEON.MAM.D11.R1488",,"SIHI","Sigmodon hispidus","species",,"NEON.DOC.003137","N","M","Y","released",,"adult","scrotal",,,,31,,,,150,"N","N","Y",,,,,,,,,,,,,,"aholdorf@neoninc.org","gehnson@field-ops.org",,
"49289f07-2a51-4f45-b8c7-5e1a4d6a3471","1AFF34C4CC5F4DBBAEEE67407942D38D","OAES_001.mammalGrid.mam","D11","OAES","OAES_001","C8","distributed","grasslandHerbaceous",35.413861,-99.058786,"WGS84",45.1,517.8,0.1,"6 - trap set and empty","ShermanLF","2016-07-01","2016-07-01",,,,,,,,,,,,,,,,,,,,,,,,,,,,,,,,,,,,,,,"aholdorf@neoninc.org","gehnson@field-ops.org",,
"188bf404-e36d-485e-8cec-bc9597dfa2f9","1AFF34C4CC5F4DBBAEEE67407942D38D","OAES_001.mammalGrid.mam","D11","OAES","OAES_001","J7","distributed","grasslandHerbaceous",35.413861,-99.058786,"WGS84",45.1,517.8,0.1,"5 - capture","ShermanLF","2016-07-01","2016-07-01","NEON.MAM.D11.R1410",,"SIHI","Sigmodon hispidus","species",,"NEON.DOC.003137","N","M","N",,,"adult","scrotal",,,,30,,,,96,"N","N","N",,,"unsuccessful",,,,"OAES.20160701.R1410.E",,,,,,,"aholdorf@neoninc.org","gehnson@field-ops.org",,
"54c55c34-cab5-423d-95d1-2355c65835c3","1AFF34C4CC5F4DBBAEEE67407942D38D","OAES_001.mammalGrid.mam","D11","OAES","OAES_001","D10","distributed","grasslandHerbaceous",35.413861,-99.058786,"WGS84",45.1,517.8,0.1,"5 - capture","ShermanLF","2016-07-01","2016-07-01","NEON.MAM.D11.R1401",,"SIHI","Sigmodon hispidus","species",,"NEON.DOC.003137","N","F","N","released",,"adult",,"nonenlarged","not","neither",29,,,,90,"N","N","N","OAES.20160701.R1401.B",,"mandibular","OAES.20160701.R1401.F",,"fresh","OAES.20160701.R1401.E",,,,,,,"aholdorf@neoninc.org","gehnson@field-ops.org",,
"fd80bb8a-e4b5-4601-bf7c-da4bb045cda9","1AFF34C4CC5F4DBBAEEE67407942D38D","OAES_001.mammalGrid.mam","D11","OAES","OAES_001","H4","distributed","grasslandHerbaceous",35.413861,-99.058786,"WGS84",45.1,517.8,0.1,"6 - trap set and empty","ShermanLF","2016-07-01","2016-07-01",,,,,,,,,,,,,,,,,,,,,,,,,,,,,,,,,,,,,,,"aholdorf@neoninc.org","gehnson@field-ops.org",,
"9e972e5b-eb30-4a05-b07b-bb78b5dba98f","1AFF34C4CC5F4DBBAEEE67407942D38D","OAES_001.mammalGrid.mam","D11","OAES","OAES_001","G9","distributed","grasslandHerbaceous",35.413861,-99.058786,"WGS84",45.1,517.8,0.1,"5 - capture","ShermanLF","2016-07-01","2016-07-01","NEON.MAM.D11.R1414",,"SIHI","Sigmodon hispidus","species",,"NEON.DOC.003137","N","F","N",,,"adult",,"nonenlarged","not","neither",29,,,,68,"N","N","N","OAES.20160701.R1414.B",,"mandibular","OAES.20160701.R1414.F",,"fresh","OAES.20160701.R1414.E",,,,,,,"aholdorf@neoninc.org","gehnson@field-ops.org",,
"0eb8c88c-e28b-4f07-b824-59c528e530a4","1AFF34C4CC5F4DBBAEEE67407942D38D","OAES_001.mammalGrid.mam","D11","OAES","OAES_001","A8","distributed","grasslandHerbaceous",35.413861,-99.058786,"WGS84",45.1,517.8,0.1,"6 - trap set and empty","ShermanLF","2016-07-01","2016-07-01",,,,,,,,,,,,,,,,,,,,,,,,,,,,,,,,,,,,,,,"aholdorf@neoninc.org","gehnson@field-ops.org",,
"426f8240-c21e-4aab-9bee-d5a6e448e220","1AFF34C4CC5F4DBBAEEE67407942D38D","OAES_001.mammalGrid.mam","D11","OAES","OAES_001","B3","distributed","grasslandHerbaceous",35.413861,-99.058786,"WGS84",45.1,517.8,0.1,"5 - capture","ShermanLF","2016-07-01","2016-07-01","NEON.MAM.D11.R1454",,"ONLE","Onychomys leucogaster","species",,"NEON.DOC.003137","N","M","Y","released",,"adult","scrotal",,,,21,,,,38,"N","N","N",,,,,,,,,,,,,,"aholdorf@neoninc.org","gehnson@field-ops.org",,
"e37a206f-d30e-49bf-8b55-5f25212e9be4","1AFF34C4CC5F4DBBAEEE67407942D38D","OAES_001.mammalGrid.mam","D11","OAES","OAES_001","J4","distributed","grasslandHerbaceous",35.413861,-99.058786,"WGS84",45.1,517.8,0.1,"6 - trap set and empty","ShermanLF","2016-07-01","2016-07-01",,,,,,,,,,,,,,,,,,,,,,,,,,,,,,,,,,,,,,,"aholdorf@neoninc.org","gehnson@field-ops.org",,
"4cfc6bd2-e596-419c-b040-1bf8fc1d27ad","1AFF34C4CC5F4DBBAEEE67407942D38D","OAES_001.mammalGrid.mam","D11","OAES","OAES_001","G8","distributed","grasslandHerbaceous",35.413861,-99.058786,"WGS84",45.1,517.8,0.1,"5 - capture","ShermanLF","2016-07-01","2016-07-01","NEON.MAM.D11.R2490",,"SIHI","Sigmodon hispidus","species",,"NEON.DOC.003137","N","F","Y","released",,"adult",,"nonenlarged","not","neither",28,,,,55,"N","N","N",,,,,,,,,,,,,,"aholdorf@neoninc.org","gehnson@field-ops.org",,
"bcc28521-711b-4f14-997e-b27e19b20969","1AFF34C4CC5F4DBBAEEE67407942D38D","OAES_001.mammalGrid.mam","D11","OAES","OAES_001","G7","distributed","grasslandHerbaceous",35.413861,-99.058786,"WGS84",45.1,517.8,0.1,"6 - trap set and empty","ShermanLF","2016-07-01","2016-07-01",,,,,,,,,,,,,,,,,,,,,,,,,,,,,,,,,,,,,,,"aholdorf@neoninc.org","gehnson@field-ops.org",,
"065d50d9-fc4a-4a6a-8b65-d4ddd8b4c377","1AFF34C4CC5F4DBBAEEE67407942D38D","OAES_001.mammalGrid.mam","D11","OAES","OAES_001","B9","distributed","grasslandHerbaceous",35.413861,-99.058786,"WGS84",45.1,517.8,0.1,"2 - trap disturbed/door closed but empty","ShermanLF","2016-07-01","2016-07-01",,,,,,,,,,,,,,,,,,,,,,,,,,,,,,,,,,,,,,,"aholdorf@neoninc.org","gehnson@field-ops.org",,
"43ead04a-f5ad-4628-89e0-9c39baa4b7ab","1AFF34C4CC5F4DBBAEEE67407942D38D","OAES_001.mammalGrid.mam","D11","OAES","OAES_001","C10","distributed","grasslandHerbaceous",35.413861,-99.058786,"WGS84",45.1,517.8,0.1,"6 - trap set and empty","ShermanLF","2016-07-01","2016-07-01",,,,,,,,,,,,,,,,,,,,,,,,,,,,,,,,,,,,,,,"aholdorf@neoninc.org","gehnson@field-ops.org",,
"4c72773c-2a03-4bca-90ec-b847626fb16f","1AFF34C4CC5F4DBBAEEE67407942D38D","OAES_001.mammalGrid.mam","D11","OAES","OAES_001","I10","distributed","grasslandHerbaceous",35.413861,-99.058786,"WGS84",45.1,517.8,0.1,"5 - capture","ShermanLF","2016-07-01","2016-07-01","NEON.MAM.D11.L1144",,"CHHI","Chaetodipus hispidus","species",,"NEON.DOC.003137","N","M","Y","released",,"adult","scrotal",,,,24,,,,70,"N","N","N",,,,,,,,,,,,,,"aholdorf@neoninc.org","gehnson@field-ops.org",,
"95275e9d-3d72-4888-b5c4-4a0f14c4bfc6","1AFF34C4CC5F4DBBAEEE67407942D38D","OAES_001.mammalGrid.mam","D11","OAES","OAES_001","A3","distributed","grasslandHerbaceous",35.413861,-99.058786,"WGS84",45.1,517.8,0.1,"6 - trap set and empty","ShermanLF","2016-07-01","2016-07-01",,,,,,,,,,,,,,,,,,,,,,,,,,,,,,,,,,,,,,,"aholdorf@neoninc.org","gehnson@field-ops.org",,
"d7753d39-3a21-4502-a3d6-7b458b0e756d","1AFF34C4CC5F4DBBAEEE67407942D38D","OAES_001.mammalGrid.mam","D11","OAES","OAES_001","H5","distributed","grasslandHerbaceous",35.413861,-99.058786,"WGS84",45.1,517.8,0.1,"5 - capture","ShermanLF","2016-07-01","2016-07-01","NEON.MAM.D11.R1412",,"SIHI","Sigmodon hispidus","species",,"NEON.DOC.003137","N","M","N","released",,"adult","nonscrotal",,,,31,,,,100,"N","N","N",,,"unsuccessful",,,,"OAES.20160701.R1412.E",,,,,,,"aholdorf@neoninc.org","gehnson@field-ops.org",,
"f6771fe5-1713-44fa-bd05-7334f276f324","1AFF34C4CC5F4DBBAEEE67407942D38D","OAES_001.mammalGrid.mam","D11","OAES","OAES_001","C5","distributed","grasslandHerbaceous",35.413861,-99.058786,"WGS84",45.1,517.8,0.1,"6 - trap set and empty","ShermanLF","2016-07-01","2016-07-01",,,,,,,,,,,,,,,,,,,,,,,,,,,,,,,,,,,,,,,"aholdorf@neoninc.org","gehnson@field-ops.org",,
"771b8160-0de8-4d80-bc78-128edac753b7","1AFF34C4CC5F4DBBAEEE67407942D38D","OAES_001.mammalGrid.mam","D11","OAES","OAES_001","F4","distributed","grasslandHerbaceous",35.413861,-99.058786,"WGS84",45.1,517.8,0.1,"2 - trap disturbed/door closed but empty","ShermanLF","2016-07-01","2016-07-01",,,,,,,,,,,,,,,,,,,,,,,,,,,,,,,,,,,,,,,"aholdorf@neoninc.org","gehnson@field-ops.org",,
"090d590c-5dac-473c-ba15-716eae1a97d7","521692079D0C4823B30BE70D1FC49A5B","OAES_010.mammalGrid.mam","D11","OAES","OAES_010","E2","distributed","grasslandHerbaceous",35.398093,-99.059661,"WGS84",45.1,500.6,0.1,"6 - trap set and empty","ShermanLF","2016-07-01","2016-07-01",,,,,,,,,,,,,,,,,,,,,,,,,,,,,,,,,,,,,,,"aholdorf@neoninc.org","ghenson@neoninc.org",,
"269ba9f7-b4c9-463c-abd9-f689d9ef1e35","521692079D0C4823B30BE70D1FC49A5B","OAES_010.mammalGrid.mam","D11","OAES","OAES_010","G7","distributed","grasslandHerbaceous",35.398093,-99.059661,"WGS84",45.1,500.6,0.1,"5 - capture","ShermanLF","2016-07-01","2016-07-01","NEON.MAM.D11.188274",,"CHHI","Chaetodipus hispidus","species",,"NEON.DOC.003137","N","F","N","released",,"subadult",,"nonenlarged","not","neither",26,,,,22,"N","N","N",,,,"OAES.20160701.188274.F",,"fresh","OAES.20160701.188274.E",,,,,,,"aholdorf@neoninc.org","ghenson@neoninc.org","pit tag #982.000364188274",
"d56f93bf-0903-4129-aaeb-a54c33ea1aaf","521692079D0C4823B30BE70D1FC49A5B","OAES_010.mammalGrid.mam","D11","OAES","OAES_010","E10","distributed","grasslandHerbaceous",35.398093,-99.059661,"WGS84",45.1,500.6,0.1,"2 - trap disturbed/door closed but empty","ShermanLF","2016-07-01","2016-07-01",,,,,,,,,,,,,,,,,,,,,,,,,,,,,,,,,,,,,,,"aholdorf@neoninc.org","ghenson@neoninc.org",,
"86246c7b-d31a-4883-a93a-cc471a65366b","521692079D0C4823B30BE70D1FC49A5B","OAES_010.mammalGrid.mam","D11","OAES","OAES_010","J7","distributed","grasslandHerbaceous",35.398093,-99.059661,"WGS84",45.1,500.6,0.1,"6 - trap set and empty","ShermanLF","2016-07-01","2016-07-01",,,,,,,,,,,,,,,,,,,,,,,,,,,,,,,,,,,,,,,"aholdorf@neoninc.org","ghenson@neoninc.org",,
"35d4369c-9e16-4acd-9aa0-667b7d03c1e3","521692079D0C4823B30BE70D1FC49A5B","OAES_010.mammalGrid.mam","D11","OAES","OAES_010","C6","distributed","grasslandHerbaceous",35.398093,-99.059661,"WGS84",45.1,500.6,0.1,"5 - capture","ShermanLF","2016-07-01","2016-07-01","NEON.MAM.D11.R1431",,"SIHI","Sigmodon hispidus","species",,"NEON.DOC.003137","N","M","N","released",,"adult","nonscrotal",,,,31,,,,81,"N","N","N",,,"unsuccessful","OAES.20160701.R1431.F",,"fresh","OAES.20160701.R1431.E",,,,,,,"aholdorf@neoninc.org","ghenson@neoninc.org",,
"e8f25f48-9762-4998-9ccb-663c654450d8","521692079D0C4823B30BE70D1FC49A5B","OAES_010.mammalGrid.mam","D11","OAES","OAES_010","D5","distributed","grasslandHerbaceous",35.398093,-99.059661,"WGS84",45.1,500.6,0.1,"6 - trap set and empty","ShermanLF","2016-07-01","2016-07-01",,,,,,,,,,,,,,,,,,,,,,,,,,,,,,,,,,,,,,,"aholdorf@neoninc.org","ghenson@neoninc.org",,
"2412a803-b78c-4990-b0e6-692e178055ae","521692079D0C4823B30BE70D1FC49A5B","OAES_010.mammalGrid.mam","D11","OAES","OAES_010","B7","distributed","grasslandHerbaceous",35.398093,-99.059661,"WGS84",45.1,500.6,0.1,"5 - capture","ShermanLF","2016-07-01","2016-07-01","NEON.MAM.D11.R1960",,"SIHI","Sigmodon hispidus","species",,"NEON.DOC.003137","N","F","N","released",,"adult",,"nonenlarged","not","neither",29,,,,85,"N","N","N","OAES.20160701.R1960.B",,"mandibular","OAES.20160701.R1960.F",,"fresh","OAES.20160701.R1960.E",,,,,,,"aholdorf@neoninc.org","ghenson@neoninc.org",,
"ba05a4ff-7bf2-4f2e-bfb7-8577211427a0","521692079D0C4823B30BE70D1FC49A5B","OAES_010.mammalGrid.mam","D11","OAES","OAES_010","C7","distributed","grasslandHerbaceous",35.398093,-99.059661,"WGS84",45.1,500.6,0.1,"6 - trap set and empty","ShermanLF","2016-07-01","2016-07-01",,,,,,,,,,,,,,,,,,,,,,,,,,,,,,,,,,,,,,,"aholdorf@neoninc.org","ghenson@neoninc.org",,
"cf77e320-4c9a-4f49-ab76-435118c8fa05","521692079D0C4823B30BE70D1FC49A5B","OAES_010.mammalGrid.mam","D11","OAES","OAES_010","C1","distributed","grasslandHerbaceous",35.398093,-99.059661,"WGS84",45.1,500.6,0.1,"6 - trap set and empty","ShermanLF","2016-07-01","2016-07-01",,,,,,,,,,,,,,,,,,,,,,,,,,,,,,,,,,,,,,,"aholdorf@neoninc.org","ghenson@neoninc.org",,
"4132d6b3-2082-4cf0-b971-1ba0e4d117dc","521692079D0C4823B30BE70D1FC49A5B","OAES_010.mammalGrid.mam","D11","OAES","OAES_010","J5","distributed","grasslandHerbaceous",35.398093,-99.059661,"WGS84",45.1,500.6,0.1,"6 - trap set and empty","ShermanLF","2016-07-01","2016-07-01",,,,,,,,,,,,,,,,,,,,,,,,,,,,,,,,,,,,,,,"aholdorf@neoninc.org","ghenson@neoninc.org",,
"a8aee804-a458-482e-af0f-94fe8e34a8f7","521692079D0C4823B30BE70D1FC49A5B","OAES_010.mammalGrid.mam","D11","OAES","OAES_010","B10","distributed","grasslandHerbaceous",35.398093,-99.059661,"WGS84",45.1,500.6,0.1,"6 - trap set and empty","ShermanLF","2016-07-01","2016-07-01",,,,,,,,,,,,,,,,,,,,,,,,,,,,,,,,,,,,,,,"aholdorf@neoninc.org","ghenson@neoninc.org",,
"13b50ed5-60e5-4050-b831-5c377ef0f115","521692079D0C4823B30BE70D1FC49A5B","OAES_010.mammalGrid.mam","D11","OAES","OAES_010","G6","distributed","grasslandHerbaceous",35.398093,-99.059661,"WGS84",45.1,500.6,0.1,"6 - trap set and empty","ShermanLF","2016-07-01","2016-07-01",,,,,,,,,,,,,,,,,,,,,,,,,,,,,,,,,,,,,,,"aholdorf@neoninc.org","ghenson@neoninc.org",,
"db6056b8-246e-4bfa-b788-2cc5df0309c6","521692079D0C4823B30BE70D1FC49A5B","OAES_010.mammalGrid.mam","D11","OAES","OAES_010","G4","distributed","grasslandHerbaceous",35.398093,-99.059661,"WGS84",45.1,500.6,0.1,"6 - trap set and empty","ShermanLF","2016-07-01","2016-07-01",,,,,,,,,,,,,,,,,,,,,,,,,,,,,,,,,,,,,,,"aholdorf@neoninc.org","ghenson@neoninc.org",,
"2bb111dd-5998-4f6b-bfa6-fdf0d792d210","521692079D0C4823B30BE70D1FC49A5B","OAES_010.mammalGrid.mam","D11","OAES","OAES_010","E1","distributed","grasslandHerbaceous",35.398093,-99.059661,"WGS84",45.1,500.6,0.1,"6 - trap set and empty","ShermanLF","2016-07-01","2016-07-01",,,,,,,,,,,,,,,,,,,,,,,,,,,,,,,,,,,,,,,"aholdorf@neoninc.org","ghenson@neoninc.org",,
"ff98f9dc-f1dd-480b-a5e0-217bb17c6591","521692079D0C4823B30BE70D1FC49A5B","OAES_010.mammalGrid.mam","D11","OAES","OAES_010","A9","distributed","grasslandHerbaceous",35.398093,-99.059661,"WGS84",45.1,500.6,0.1,"6 - trap set and empty","ShermanLF","2016-07-01","2016-07-01",,,,,,,,,,,,,,,,,,,,,,,,,,,,,,,,,,,,,,,"aholdorf@neoninc.org","ghenson@neoninc.org",,
"448d9036-263c-407e-8ac9-68a431c6950c","521692079D0C4823B30BE70D1FC49A5B","OAES_010.mammalGrid.mam","D11","OAES","OAES_010","E8","distributed","grasslandHerbaceous",35.398093,-99.059661,"WGS84",45.1,500.6,0.1,"6 - trap set and empty","ShermanLF","2016-07-01","2016-07-01",,,,,,,,,,,,,,,,,,,,,,,,,,,,,,,,,,,,,,,"aholdorf@neoninc.org","ghenson@neoninc.org",,
"8fb3f62b-45ce-4a82-a2e6-b1004e1682ae","521692079D0C4823B30BE70D1FC49A5B","OAES_010.mammalGrid.mam","D11","OAES","OAES_010","D3","distributed","grasslandHerbaceous",35.398093,-99.059661,"WGS84",45.1,500.6,0.1,"6 - trap set and empty","ShermanLF","2016-07-01","2016-07-01",,,,,,,,,,,,,,,,,,,,,,,,,,,,,,,,,,,,,,,"aholdorf@neoninc.org","ghenson@neoninc.org",,
"bee8b795-37e2-48bd-87f0-50996f17f0fe","521692079D0C4823B30BE70D1FC49A5B","OAES_010.mammalGrid.mam","D11","OAES","OAES_010","F5","distributed","grasslandHerbaceous",35.398093,-99.059661,"WGS84",45.1,500.6,0.1,"6 - trap set and empty","ShermanLF","2016-07-01","2016-07-01",,,,,,,,,,,,,,,,,,,,,,,,,,,,,,,,,,,,,,,"aholdorf@neoninc.org","ghenson@neoninc.org",,
"c108c784-d3d7-4c55-9899-a6877ab8b350","521692079D0C4823B30BE70D1FC49A5B","OAES_010.mammalGrid.mam","D11","OAES","OAES_010","H4","distributed","grasslandHerbaceous",35.398093,-99.059661,"WGS84",45.1,500.6,0.1,"6 - trap set and empty","ShermanLF","2016-07-01","2016-07-01",,,,,,,,,,,,,,,,,,,,,,,,,,,,,,,,,,,,,,,"aholdorf@neoninc.org","ghenson@neoninc.org",,
"5cd971d9-8092-44a2-898f-3f2ecd371dca","521692079D0C4823B30BE70D1FC49A5B","OAES_010.mammalGrid.mam","D11","OAES","OAES_010","F1","distributed","grasslandHerbaceous",35.398093,-99.059661,"WGS84",45.1,500.6,0.1,"6 - trap set and empty","ShermanLF","2016-07-01","2016-07-01",,,,,,,,,,,,,,,,,,,,,,,,,,,,,,,,,,,,,,,"aholdorf@neoninc.org","ghenson@neoninc.org",,
"09a514b6-d2c7-40a7-b39d-3858ca0999e0","521692079D0C4823B30BE70D1FC49A5B","OAES_010.mammalGrid.mam","D11","OAES","OAES_010","J1","distributed","grasslandHerbaceous",35.398093,-99.059661,"WGS84",45.1,500.6,0.1,"6 - trap set and empty","ShermanLF","2016-07-01","2016-07-01",,,,,,,,,,,,,,,,,,,,,,,,,,,,,,,,,,,,,,,"aholdorf@neoninc.org","ghenson@neoninc.org",,
"d632cbbb-b362-41ba-8aac-85934b8c2cbf","521692079D0C4823B30BE70D1FC49A5B","OAES_010.mammalGrid.mam","D11","OAES","OAES_010","E5","distributed","grasslandHerbaceous",35.398093,-99.059661,"WGS84",45.1,500.6,0.1,"6 - trap set and empty","ShermanLF","2016-07-01","2016-07-01",,,,,,,,,,,,,,,,,,,,,,,,,,,,,,,,,,,,,,,"aholdorf@neoninc.org","ghenson@neoninc.org",,
"32c140fe-25f4-45a7-a34b-66b33398065f","521692079D0C4823B30BE70D1FC49A5B","OAES_010.mammalGrid.mam","D11","OAES","OAES_010","C3","distributed","grasslandHerbaceous",35.398093,-99.059661,"WGS84",45.1,500.6,0.1,"6 - trap set and empty","ShermanLF","2016-07-01","2016-07-01",,,,,,,,,,,,,,,,,,,,,,,,,,,,,,,,,,,,,,,"aholdorf@neoninc.org","ghenson@neoninc.org",,
"3be2b102-408f-44c9-983a-5a6f495de3da","521692079D0C4823B30BE70D1FC49A5B","OAES_010.mammalGrid.mam","D11","OAES","OAES_010","G9","distributed","grasslandHerbaceous",35.398093,-99.059661,"WGS84",45.1,500.6,0.1,"6 - trap set and empty","ShermanLF","2016-07-01","2016-07-01",,,,,,,,,,,,,,,,,,,,,,,,,,,,,,,,,,,,,,,"aholdorf@neoninc.org","ghenson@neoninc.org",,
"b9f1cc3e-be6f-4314-94f1-ee6226ab5281","521692079D0C4823B30BE70D1FC49A5B","OAES_010.mammalGrid.mam","D11","OAES","OAES_010","B1","distributed","grasslandHerbaceous",35.398093,-99.059661,"WGS84",45.1,500.6,0.1,"6 - trap set and empty","ShermanLF","2016-07-01","2016-07-01",,,,,,,,,,,,,,,,,,,,,,,,,,,,,,,,,,,,,,,"aholdorf@neoninc.org","ghenson@neoninc.org",,
"60fc2085-56ee-4f46-8b26-7ed7f5b02de6","521692079D0C4823B30BE70D1FC49A5B","OAES_010.mammalGrid.mam","D11","OAES","OAES_010","I4","distributed","grasslandHerbaceous",35.398093,-99.059661,"WGS84",45.1,500.6,0.1,"6 - trap set and empty","ShermanLF","2016-07-01","2016-07-01",,,,,,,,,,,,,,,,,,,,,,,,,,,,,,,,,,,,,,,"aholdorf@neoninc.org","ghenson@neoninc.org",,
"8b25c795-d00f-4375-aca5-e7bd34f67398","521692079D0C4823B30BE70D1FC49A5B","OAES_010.mammalGrid.mam","D11","OAES","OAES_010","I2","distributed","grasslandHerbaceous",35.398093,-99.059661,"WGS84",45.1,500.6,0.1,"6 - trap set and empty","ShermanLF","2016-07-01","2016-07-01",,,,,,,,,,,,,,,,,,,,,,,,,,,,,,,,,,,,,,,"aholdorf@neoninc.org","ghenson@neoninc.org",,
"ffb07d0f-e350-4bb5-8a4a-196777e2ae0f","521692079D0C4823B30BE70D1FC49A5B","OAES_010.mammalGrid.mam","D11","OAES","OAES_010","F3","distributed","grasslandHerbaceous",35.398093,-99.059661,"WGS84",45.1,500.6,0.1,"6 - trap set and empty","ShermanLF","2016-07-01","2016-07-01",,,,,,,,,,,,,,,,,,,,,,,,,,,,,,,,,,,,,,,"aholdorf@neoninc.org","ghenson@neoninc.org",,
"a6ed9b68-3941-4eb0-b0db-62da94904d31","521692079D0C4823B30BE70D1FC49A5B","OAES_010.mammalGrid.mam","D11","OAES","OAES_010","I3","distributed","grasslandHerbaceous",35.398093,-99.059661,"WGS84",45.1,500.6,0.1,"6 - trap set and empty","ShermanLF","2016-07-01","2016-07-01",,,,,,,,,,,,,,,,,,,,,,,,,,,,,,,,,,,,,,,"aholdorf@neoninc.org","ghenson@neoninc.org",,
"e98ccb3c-c7d1-4df6-a166-f37aa99e4170","521692079D0C4823B30BE70D1FC49A5B","OAES_010.mammalGrid.mam","D11","OAES","OAES_010","A8","distributed","grasslandHerbaceous",35.398093,-99.059661,"WGS84",45.1,500.6,0.1,"6 - trap set and empty","ShermanLF","2016-07-01","2016-07-01",,,,,,,,,,,,,,,,,,,,,,,,,,,,,,,,,,,,,,,"aholdorf@neoninc.org","ghenson@neoninc.org",,
"1b5f4979-b9eb-48c4-ad6f-863cab4985fa","521692079D0C4823B30BE70D1FC49A5B","OAES_010.mammalGrid.mam","D11","OAES","OAES_010","E7","distributed","grasslandHerbaceous",35.398093,-99.059661,"WGS84",45.1,500.6,0.1,"6 - trap set and empty","ShermanLF","2016-07-01","2016-07-01",,,,,,,,,,,,,,,,,,,,,,,,,,,,,,,,,,,,,,,"aholdorf@neoninc.org","ghenson@neoninc.org",,
"d9376037-5084-4fe5-a778-2409ee29b6e8","521692079D0C4823B30BE70D1FC49A5B","OAES_010.mammalGrid.mam","D11","OAES","OAES_010","H6","distributed","grasslandHerbaceous",35.398093,-99.059661,"WGS84",45.1,500.6,0.1,"5 - capture","ShermanLF","2016-07-01","2016-07-01","NEON.MAM.D11.R1953",,"SIHI","Sigmodon hispidus","species",,"NEON.DOC.003137","N","F","Y","released",,"adult",,"nonenlarged","not","neither",27,,,,80,"N","N","N",,,,,,,,,,,,,,"aholdorf@neoninc.org","ghenson@neoninc.org",,
"ea40c5bd-4b38-4dab-b66b-2d9e2de09d9d","521692079D0C4823B30BE70D1FC49A5B","OAES_010.mammalGrid.mam","D11","OAES","OAES_010","C10","distributed","grasslandHerbaceous",35.398093,-99.059661,"WGS84",45.1,500.6,0.1,"6 - trap set and empty","ShermanLF","2016-07-01","2016-07-01",,,,,,,,,,,,,,,,,,,,,,,,,,,,,,,,,,,,,,,"aholdorf@neoninc.org","ghenson@neoninc.org",,
"130c4696-07ff-46cc-a9d4-779936c74e41","521692079D0C4823B30BE70D1FC49A5B","OAES_010.mammalGrid.mam","D11","OAES","OAES_010","E3","distributed","grasslandHerbaceous",35.398093,-99.059661,"WGS84",45.1,500.6,0.1,"6 - trap set and empty","ShermanLF","2016-07-01","2016-07-01",,,,,,,,,,,,,,,,,,,,,,,,,,,,,,,,,,,,,,,"aholdorf@neoninc.org","ghenson@neoninc.org",,
"b8558d0f-9a1a-4ec0-a544-4e7d5d2165c9","521692079D0C4823B30BE70D1FC49A5B","OAES_010.mammalGrid.mam","D11","OAES","OAES_010","B3","distributed","grasslandHerbaceous",35.398093,-99.059661,"WGS84",45.1,500.6,0.1,"6 - trap set and empty","ShermanLF","2016-07-01","2016-07-01",,,,,,,,,,,,,,,,,,,,,,,,,,,,,,,,,,,,,,,"aholdorf@neoninc.org","ghenson@neoninc.org",,
"94633fa7-13ab-4169-bff5-961c50e7cb79","521692079D0C4823B30BE70D1FC49A5B","OAES_010.mammalGrid.mam","D11","OAES","OAES_010","A2","distributed","grasslandHerbaceous",35.398093,-99.059661,"WGS84",45.1,500.6,0.1,"6 - trap set and empty","ShermanLF","2016-07-01","2016-07-01",,,,,,,,,,,,,,,,,,,,,,,,,,,,,,,,,,,,,,,"aholdorf@neoninc.org","ghenson@neoninc.org",,
"2d86b3dc-c984-4fa4-beb1-cff06400f72c","521692079D0C4823B30BE70D1FC49A5B","OAES_010.mammalGrid.mam","D11","OAES","OAES_010","J10","distributed","grasslandHerbaceous",35.398093,-99.059661,"WGS84",45.1,500.6,0.1,"6 - trap set and empty","ShermanLF","2016-07-01","2016-07-01",,,,,,,,,,,,,,,,,,,,,,,,,,,,,,,,,,,,,,,"aholdorf@neoninc.org","ghenson@neoninc.org",,
"4ff3d46e-5dfa-4c36-9617-f75f201bcc50","521692079D0C4823B30BE70D1FC49A5B","OAES_010.mammalGrid.mam","D11","OAES","OAES_010","G1","distributed","grasslandHerbaceous",35.398093,-99.059661,"WGS84",45.1,500.6,0.1,"6 - trap set and empty","ShermanLF","2016-07-01","2016-07-01",,,,,,,,,,,,,,,,,,,,,,,,,,,,,,,,,,,,,,,"aholdorf@neoninc.org","ghenson@neoninc.org",,
"49b10f19-5ede-412c-bb2f-0f4da9196df2","521692079D0C4823B30BE70D1FC49A5B","OAES_010.mammalGrid.mam","D11","OAES","OAES_010","A4","distributed","grasslandHerbaceous",35.398093,-99.059661,"WGS84",45.1,500.6,0.1,"6 - trap set and empty","ShermanLF","2016-07-01","2016-07-01",,,,,,,,,,,,,,,,,,,,,,,,,,,,,,,,,,,,,,,"aholdorf@neoninc.org","ghenson@neoninc.org",,
"1e87e370-2fb3-4260-9db9-13b2ca961eb6","521692079D0C4823B30BE70D1FC49A5B","OAES_010.mammalGrid.mam","D11","OAES","OAES_010","B8","distributed","grasslandHerbaceous",35.398093,-99.059661,"WGS84",45.1,500.6,0.1,"6 - trap set and empty","ShermanLF","2016-07-01","2016-07-01",,,,,,,,,,,,,,,,,,,,,,,,,,,,,,,,,,,,,,,"aholdorf@neoninc.org","ghenson@neoninc.org",,
"e5a637aa-cc40-4535-8d6e-7a53782375d2","521692079D0C4823B30BE70D1FC49A5B","OAES_010.mammalGrid.mam","D11","OAES","OAES_010","A5","distributed","grasslandHerbaceous",35.398093,-99.059661,"WGS84",45.1,500.6,0.1,"6 - trap set and empty","ShermanLF","2016-07-01","2016-07-01",,,,,,,,,,,,,,,,,,,,,,,,,,,,,,,,,,,,,,,"aholdorf@neoninc.org","ghenson@neoninc.org",,
"11fced90-70b9-48ed-860a-adcf71de81d4","521692079D0C4823B30BE70D1FC49A5B","OAES_010.mammalGrid.mam","D11","OAES","OAES_010","A6","distributed","grasslandHerbaceous",35.398093,-99.059661,"WGS84",45.1,500.6,0.1,"6 - trap set and empty","ShermanLF","2016-07-01","2016-07-01",,,,,,,,,,,,,,,,,,,,,,,,,,,,,,,,,,,,,,,"aholdorf@neoninc.org","ghenson@neoninc.org",,
"812dbe36-44f6-4fc2-9a44-f2eaa27a5a9c","521692079D0C4823B30BE70D1FC49A5B","OAES_010.mammalGrid.mam","D11","OAES","OAES_010","E4","distributed","grasslandHerbaceous",35.398093,-99.059661,"WGS84",45.1,500.6,0.1,"5 - capture","ShermanLF","2016-07-01","2016-07-01","NEON.MAM.D11.R2480",,"SIHI","Sigmodon hispidus","species",,"NEON.DOC.003137","N","M","Y","released",,"adult","nonscrotal",,,,28,,,,61,"N","N","N",,,,"OAES.20160701.R2480.F",,"fresh",,,,,,,,"aholdorf@neoninc.org","ghenson@neoninc.org",,
"e2bc03d0-8886-4c36-b364-d76ef60b4be2","521692079D0C4823B30BE70D1FC49A5B","OAES_010.mammalGrid.mam","D11","OAES","OAES_010","A1","distributed","grasslandHerbaceous",35.398093,-99.059661,"WGS84",45.1,500.6,0.1,"6 - trap set and empty","ShermanLF","2016-07-01","2016-07-01",,,,,,,,,,,,,,,,,,,,,,,,,,,,,,,,,,,,,,,"aholdorf@neoninc.org","ghenson@neoninc.org",,
"b1fffd7c-9003-4cf9-855a-d389d88e64a3","521692079D0C4823B30BE70D1FC49A5B","OAES_010.mammalGrid.mam","D11","OAES","OAES_010","A7","distributed","grasslandHerbaceous",35.398093,-99.059661,"WGS84",45.1,500.6,0.1,"5 - capture","ShermanLF","2016-07-01","2016-07-01","NEON.MAM.D11.R1853",,"SIHI","Sigmodon hispidus","species",,"NEON.DOC.003137","N","F","Y","released",,"adult",,"nonenlarged","not","neither",28,,,,89,"N","N","N",,,,,,,,,,,,,,"aholdorf@neoninc.org","ghenson@neoninc.org",,
"ee67ad09-0c04-4507-a5fc-f324a31b2247","521692079D0C4823B30BE70D1FC49A5B","OAES_010.mammalGrid.mam","D11","OAES","OAES_010","D9","distributed","grasslandHerbaceous",35.398093,-99.059661,"WGS84",45.1,500.6,0.1,"6 - trap set and empty","ShermanLF","2016-07-01","2016-07-01",,,,,,,,,,,,,,,,,,,,,,,,,,,,,,,,,,,,,,,"aholdorf@neoninc.org","ghenson@neoninc.org",,
"67845849-5fb1-4d58-a4f6-0318cd0accaa","521692079D0C4823B30BE70D1FC49A5B","OAES_010.mammalGrid.mam","D11","OAES","OAES_010","D2","distributed","grasslandHerbaceous",35.398093,-99.059661,"WGS84",45.1,500.6,0.1,"6 - trap set and empty","ShermanLF","2016-07-01","2016-07-01",,,,,,,,,,,,,,,,,,,,,,,,,,,,,,,,,,,,,,,"aholdorf@neoninc.org","ghenson@neoninc.org",,
"845d2959-8ae6-47a4-964b-ad3149e43b10","521692079D0C4823B30BE70D1FC49A5B","OAES_010.mammalGrid.mam","D11","OAES","OAES_010","H7","distributed","grasslandHerbaceous",35.398093,-99.059661,"WGS84",45.1,500.6,0.1,"6 - trap set and empty","ShermanLF","2016-07-01","2016-07-01",,,,,,,,,,,,,,,,,,,,,,,,,,,,,,,,,,,,,,,"aholdorf@neoninc.org","ghenson@neoninc.org",,
"38eaef07-d2e6-46a3-a27b-32c31ea0216b","521692079D0C4823B30BE70D1FC49A5B","OAES_010.mammalGrid.mam","D11","OAES","OAES_010","D1","distributed","grasslandHerbaceous",35.398093,-99.059661,"WGS84",45.1,500.6,0.1,"5 - capture","ShermanLF","2016-07-01","2016-07-01","NEON.MAM.D11.R1426",,"SIHI","Sigmodon hispidus","species",,"NEON.DOC.003137","N","M","N","released",,"adult","nonscrotal",,,,26,,,,29,"N","N","N","OAES.20160701.R1426.B",,"mandibular","OAES.20160701.R1426.F",,"fresh","OAES.20160701.R1426.E",,,,,,,"aholdorf@neoninc.org","ghenson@neoninc.org",,
"fded4ea8-9c84-4c82-bfc6-2bd7b047e9f2","521692079D0C4823B30BE70D1FC49A5B","OAES_010.mammalGrid.mam","D11","OAES","OAES_010","G8","distributed","grasslandHerbaceous",35.398093,-99.059661,"WGS84",45.1,500.6,0.1,"6 - trap set and empty","ShermanLF","2016-07-01","2016-07-01",,,,,,,,,,,,,,,,,,,,,,,,,,,,,,,,,,,,,,,"aholdorf@neoninc.org","ghenson@neoninc.org",,
"34796969-6d7a-4c39-b059-5f872992bdc1","521692079D0C4823B30BE70D1FC49A5B","OAES_010.mammalGrid.mam","D11","OAES","OAES_010","I1","distributed","grasslandHerbaceous",35.398093,-99.059661,"WGS84",45.1,500.6,0.1,"6 - trap set and empty","ShermanLF","2016-07-01","2016-07-01",,,,,,,,,,,,,,,,,,,,,,,,,,,,,,,,,,,,,,,"aholdorf@neoninc.org","ghenson@neoninc.org",,
"293537cb-9543-4720-83e4-95a904964bc0","521692079D0C4823B30BE70D1FC49A5B","OAES_010.mammalGrid.mam","D11","OAES","OAES_010","I6","distributed","grasslandHerbaceous",35.398093,-99.059661,"WGS84",45.1,500.6,0.1,"6 - trap set and empty","ShermanLF","2016-07-01","2016-07-01",,,,,,,,,,,,,,,,,,,,,,,,,,,,,,,,,,,,,,,"aholdorf@neoninc.org","ghenson@neoninc.org",,
"6488cf39-557e-4a9d-8af4-21337fbaee13","521692079D0C4823B30BE70D1FC49A5B","OAES_010.mammalGrid.mam","D11","OAES","OAES_010","J3","distributed","grasslandHerbaceous",35.398093,-99.059661,"WGS84",45.1,500.6,0.1,"5 - capture","ShermanLF","2016-07-01","2016-07-01","NEON.MAM.D11.R1429",,"SIHI","Sigmodon hispidus","species",,"NEON.DOC.003137","N","M","N",,,"adult","nonscrotal",,,,30,,,,,"N","N","N","OAES.20160701.R1429.B",,"mandibular","OAES.20160701.R1429.F",,"fresh","OAES.20160701.R1429.E",,,,,,,"aholdorf@neoninc.org","ghenson@neoninc.org",,
"cf54228d-3c36-4aeb-af5d-f875b4078c63","521692079D0C4823B30BE70D1FC49A5B","OAES_010.mammalGrid.mam","D11","OAES","OAES_010","I5","distributed","grasslandHerbaceous",35.398093,-99.059661,"WGS84",45.1,500.6,0.1,"5 - capture","ShermanLF","2016-07-01","2016-07-01","NEON.MAM.D11.R1428",,"SIHI","Sigmodon hispidus","species",,"NEON.DOC.003137","N","F","N","released",,"subadult",,"nonenlarged","not","neither",24,,,,24,"N","N","N",,,"unsuccessful",,,,"OAES.20160701.R1428.E",,,,,,,"aholdorf@neoninc.org","ghenson@neoninc.org",,
"9143ec75-01b7-4398-ac21-5947ede99ec3","521692079D0C4823B30BE70D1FC49A5B","OAES_010.mammalGrid.mam","D11","OAES","OAES_010","J9","distributed","grasslandHerbaceous",35.398093,-99.059661,"WGS84",45.1,500.6,0.1,"6 - trap set and empty","ShermanLF","2016-07-01","2016-07-01",,,,,,,,,,,,,,,,,,,,,,,,,,,,,,,,,,,,,,,"aholdorf@neoninc.org","ghenson@neoninc.org",,
"e4d920e2-6009-4bd0-a0b5-6f2e849a4e77","521692079D0C4823B30BE70D1FC49A5B","OAES_010.mammalGrid.mam","D11","OAES","OAES_010","A3","distributed","grasslandHerbaceous",35.398093,-99.059661,"WGS84",45.1,500.6,0.1,"6 - trap set and empty","ShermanLF","2016-07-01","2016-07-01",,,,,,,,,,,,,,,,,,,,,,,,,,,,,,,,,,,,,,,"aholdorf@neoninc.org","ghenson@neoninc.org",,
"599eb223-1cd9-4d2e-92a2-637449888b28","521692079D0C4823B30BE70D1FC49A5B","OAES_010.mammalGrid.mam","D11","OAES","OAES_010","H2","distributed","grasslandHerbaceous",35.398093,-99.059661,"WGS84",45.1,500.6,0.1,"6 - trap set and empty","ShermanLF","2016-07-01","2016-07-01",,,,,,,,,,,,,,,,,,,,,,,,,,,,,,,,,,,,,,,"aholdorf@neoninc.org","ghenson@neoninc.org",,
"d50ca96f-f8e6-4c08-81bc-56e958c4ab0b","521692079D0C4823B30BE70D1FC49A5B","OAES_010.mammalGrid.mam","D11","OAES","OAES_010","J6","distributed","grasslandHerbaceous",35.398093,-99.059661,"WGS84",45.1,500.6,0.1,"6 - trap set and empty","ShermanLF","2016-07-01","2016-07-01",,,,,,,,,,,,,,,,,,,,,,,,,,,,,,,,,,,,,,,"aholdorf@neoninc.org","ghenson@neoninc.org",,
"4c395a6e-cfd8-48ff-a84c-e72329e875f0","521692079D0C4823B30BE70D1FC49A5B","OAES_010.mammalGrid.mam","D11","OAES","OAES_010","F7","distributed","grasslandHerbaceous",35.398093,-99.059661,"WGS84",45.1,500.6,0.1,"6 - trap set and empty","ShermanLF","2016-07-01","2016-07-01",,,,,,,,,,,,,,,,,,,,,,,,,,,,,,,,,,,,,,,"aholdorf@neoninc.org","ghenson@neoninc.org",,
"1cd1f455-d2a1-4468-ad04-202b99f909c6","521692079D0C4823B30BE70D1FC49A5B","OAES_010.mammalGrid.mam","D11","OAES","OAES_010","H1","distributed","grasslandHerbaceous",35.398093,-99.059661,"WGS84",45.1,500.6,0.1,"6 - trap set and empty","ShermanLF","2016-07-01","2016-07-01",,,,,,,,,,,,,,,,,,,,,,,,,,,,,,,,,,,,,,,"aholdorf@neoninc.org","ghenson@neoninc.org",,
"de5aac56-291b-4067-b4d0-b2d3bb60f830","521692079D0C4823B30BE70D1FC49A5B","OAES_010.mammalGrid.mam","D11","OAES","OAES_010","D4","distributed","grasslandHerbaceous",35.398093,-99.059661,"WGS84",45.1,500.6,0.1,"6 - trap set and empty","ShermanLF","2016-07-01","2016-07-01",,,,,,,,,,,,,,,,,,,,,,,,,,,,,,,,,,,,,,,"aholdorf@neoninc.org","ghenson@neoninc.org",,
"5af90bfa-0760-4e07-9170-e860f0f93ffe","521692079D0C4823B30BE70D1FC49A5B","OAES_010.mammalGrid.mam","D11","OAES","OAES_010","H8","distributed","grasslandHerbaceous",35.398093,-99.059661,"WGS84",45.1,500.6,0.1,"6 - trap set and empty","ShermanLF","2016-07-01","2016-07-01",,,,,,,,,,,,,,,,,,,,,,,,,,,,,,,,,,,,,,,"aholdorf@neoninc.org","ghenson@neoninc.org",,
"04aa9747-317d-4650-8c47-02e41aa6a0d0","521692079D0C4823B30BE70D1FC49A5B","OAES_010.mammalGrid.mam","D11","OAES","OAES_010","E6","distributed","grasslandHerbaceous",35.398093,-99.059661,"WGS84",45.1,500.6,0.1,"6 - trap set and empty","ShermanLF","2016-07-01","2016-07-01",,,,,,,,,,,,,,,,,,,,,,,,,,,,,,,,,,,,,,,"aholdorf@neoninc.org","ghenson@neoninc.org",,
"5765634a-edd5-414a-8ff2-934fd50f95df","521692079D0C4823B30BE70D1FC49A5B","OAES_010.mammalGrid.mam","D11","OAES","OAES_010","H9","distributed","grasslandHerbaceous",35.398093,-99.059661,"WGS84",45.1,500.6,0.1,"6 - trap set and empty","ShermanLF","2016-07-01","2016-07-01",,,,,,,,,,,,,,,,,,,,,,,,,,,,,,,,,,,,,,,"aholdorf@neoninc.org","ghenson@neoninc.org",,
"26d8e382-7267-4409-a341-8622b9a66b8d","521692079D0C4823B30BE70D1FC49A5B","OAES_010.mammalGrid.mam","D11","OAES","OAES_010","D10","distributed","grasslandHerbaceous",35.398093,-99.059661,"WGS84",45.1,500.6,0.1,"6 - trap set and empty","ShermanLF","2016-07-01","2016-07-01",,,,,,,,,,,,,,,,,,,,,,,,,,,,,,,,,,,,,,,"aholdorf@neoninc.org","ghenson@neoninc.org",,
"3fcc1521-90c8-4ac5-aacb-ca9907988a67","521692079D0C4823B30BE70D1FC49A5B","OAES_010.mammalGrid.mam","D11","OAES","OAES_010","G5","distributed","grasslandHerbaceous",35.398093,-99.059661,"WGS84",45.1,500.6,0.1,"5 - capture","ShermanLF","2016-07-01","2016-07-01","NEON.MAM.D11.R2494",,"SIHI","Sigmodon hispidus","species",,"NEON.DOC.003137","N","F","Y",,,"adult",,"nonenlarged","not","neither",27,,,,60,"N","N","N",,,,,,,,,,,,,,"aholdorf@neoninc.org","ghenson@neoninc.org",,
"9ddee20a-4465-4def-88a0-4054c06d9bb2","521692079D0C4823B30BE70D1FC49A5B","OAES_010.mammalGrid.mam","D11","OAES","OAES_010","H10","distributed","grasslandHerbaceous",35.398093,-99.059661,"WGS84",45.1,500.6,0.1,"6 - trap set and empty","ShermanLF","2016-07-01","2016-07-01",,,,,,,,,,,,,,,,,,,,,,,,,,,,,,,,,,,,,,,"aholdorf@neoninc.org","ghenson@neoninc.org",,
"dc35c3df-fd90-40ab-9bb8-3bd29cc1d35f","521692079D0C4823B30BE70D1FC49A5B","OAES_010.mammalGrid.mam","D11","OAES","OAES_010","J4","distributed","grasslandHerbaceous",35.398093,-99.059661,"WGS84",45.1,500.6,0.1,"5 - capture","ShermanLF","2016-07-01","2016-07-01","NEON.MAM.D11.R1432",,"SIHI","Sigmodon hispidus","species",,"NEON.DOC.003137","N","M","N","released",,"adult","scrotal",,,,31,,,,110,"N","N","N","OAES.20160701.R1432.B",,"mandibular",,,,"OAES.20160701.R1432.E",,,,,,,"aholdorf@neoninc.org","ghenson@neoninc.org",,
"9174d072-4a7a-4f83-b925-a6522ef471e8","521692079D0C4823B30BE70D1FC49A5B","OAES_010.mammalGrid.mam","D11","OAES","OAES_010","C5","distributed","grasslandHerbaceous",35.398093,-99.059661,"WGS84",45.1,500.6,0.1,"5 - capture","ShermanLF","2016-07-01","2016-07-01","NEON.MAM.D11.R1425",,"SIHI","Sigmodon hispidus","species",,"NEON.DOC.003137","N","F","N","released",,"juvenile",,"nonenlarged","not","neither",20,,,,15,"N","N","N","OAES.20160701.R1425.B",,"mandibular",,,,"OAES.20160701.R1425.E",,,,,,,"aholdorf@neoninc.org","ghenson@neoninc.org",,
"9fb126c6-cecf-42cc-a380-3e038617c941","521692079D0C4823B30BE70D1FC49A5B","OAES_010.mammalGrid.mam","D11","OAES","OAES_010","H3","distributed","grasslandHerbaceous",35.398093,-99.059661,"WGS84",45.1,500.6,0.1,"6 - trap set and empty","ShermanLF","2016-07-01","2016-07-01",,,,,,,,,,,,,,,,,,,,,,,,,,,,,,,,,,,,,,,"aholdorf@neoninc.org","ghenson@neoninc.org",,
"6d167d5d-4cf1-4026-8bbb-e4d63d9e5da1","521692079D0C4823B30BE70D1FC49A5B","OAES_010.mammalGrid.mam","D11","OAES","OAES_010","I9","distributed","grasslandHerbaceous",35.398093,-99.059661,"WGS84",45.1,500.6,0.1,"6 - trap set and empty","ShermanLF","2016-07-01","2016-07-01",,,,,,,,,,,,,,,,,,,,,,,,,,,,,,,,,,,,,,,"aholdorf@neoninc.org","ghenson@neoninc.org",,
"36709093-7916-4f89-a0e6-7f48d1fe1d7d","521692079D0C4823B30BE70D1FC49A5B","OAES_010.mammalGrid.mam","D11","OAES","OAES_010","B9","distributed","grasslandHerbaceous",35.398093,-99.059661,"WGS84",45.1,500.6,0.1,"6 - trap set and empty","ShermanLF","2016-07-01","2016-07-01",,,,,,,,,,,,,,,,,,,,,,,,,,,,,,,,,,,,,,,"aholdorf@neoninc.org","ghenson@neoninc.org",,
"66d61649-cc24-474c-ad1f-88356bacff71","521692079D0C4823B30BE70D1FC49A5B","OAES_010.mammalGrid.mam","D11","OAES","OAES_010","B2","distributed","grasslandHerbaceous",35.398093,-99.059661,"WGS84",45.1,500.6,0.1,"6 - trap set and empty","ShermanLF","2016-07-01","2016-07-01",,,,,,,,,,,,,,,,,,,,,,,,,,,,,,,,,,,,,,,"aholdorf@neoninc.org","ghenson@neoninc.org",,
"183bcdfa-764b-440f-a416-cab2cc83924a","521692079D0C4823B30BE70D1FC49A5B","OAES_010.mammalGrid.mam","D11","OAES","OAES_010","I10","distributed","grasslandHerbaceous",35.398093,-99.059661,"WGS84",45.1,500.6,0.1,"6 - trap set and empty","ShermanLF","2016-07-01","2016-07-01",,,,,,,,,,,,,,,,,,,,,,,,,,,,,,,,,,,,,,,"aholdorf@neoninc.org","ghenson@neoninc.org",,
"fa69736d-b7dc-4704-b9f6-3da13122f205","521692079D0C4823B30BE70D1FC49A5B","OAES_010.mammalGrid.mam","D11","OAES","OAES_010","C8","distributed","grasslandHerbaceous",35.398093,-99.059661,"WGS84",45.1,500.6,0.1,"6 - trap set and empty","ShermanLF","2016-07-01","2016-07-01",,,,,,,,,,,,,,,,,,,,,,,,,,,,,,,,,,,,,,,"aholdorf@neoninc.org","ghenson@neoninc.org",,
"cc916fe0-5337-4c6c-8f88-06e73206774a","521692079D0C4823B30BE70D1FC49A5B","OAES_010.mammalGrid.mam","D11","OAES","OAES_010","H5","distributed","grasslandHerbaceous",35.398093,-99.059661,"WGS84",45.1,500.6,0.1,"6 - trap set and empty","ShermanLF","2016-07-01","2016-07-01",,,,,,,,,,,,,,,,,,,,,,,,,,,,,,,,,,,,,,,"aholdorf@neoninc.org","ghenson@neoninc.org",,
"5700c0a2-b3a4-4ae1-b06c-e932419a8bbd","521692079D0C4823B30BE70D1FC49A5B","OAES_010.mammalGrid.mam","D11","OAES","OAES_010","C4","distributed","grasslandHerbaceous",35.398093,-99.059661,"WGS84",45.1,500.6,0.1,"6 - trap set and empty","ShermanLF","2016-07-01","2016-07-01",,,,,,,,,,,,,,,,,,,,,,,,,,,,,,,,,,,,,,,"aholdorf@neoninc.org","ghenson@neoninc.org",,
"c597283d-14fd-48e0-8a6c-7ef98c4bbb57","521692079D0C4823B30BE70D1FC49A5B","OAES_010.mammalGrid.mam","D11","OAES","OAES_010","J8","distributed","grasslandHerbaceous",35.398093,-99.059661,"WGS84",45.1,500.6,0.1,"6 - trap set and empty","ShermanLF","2016-07-01","2016-07-01",,,,,,,,,,,,,,,,,,,,,,,,,,,,,,,,,,,,,,,"aholdorf@neoninc.org","ghenson@neoninc.org",,
"43c3108f-6c67-4dcb-9224-09045934104a","521692079D0C4823B30BE70D1FC49A5B","OAES_010.mammalGrid.mam","D11","OAES","OAES_010","J2","distributed","grasslandHerbaceous",35.398093,-99.059661,"WGS84",45.1,500.6,0.1,"6 - trap set and empty","ShermanLF","2016-07-01","2016-07-01",,,,,,,,,,,,,,,,,,,,,,,,,,,,,,,,,,,,,,,"aholdorf@neoninc.org","ghenson@neoninc.org",,
"9a71e556-bb3e-47c1-8b78-8794a0b71ed7","521692079D0C4823B30BE70D1FC49A5B","OAES_010.mammalGrid.mam","D11","OAES","OAES_010","F10","distributed","grasslandHerbaceous",35.398093,-99.059661,"WGS84",45.1,500.6,0.1,"6 - trap set and empty","ShermanLF","2016-07-01","2016-07-01",,,,,,,,,,,,,,,,,,,,,,,,,,,,,,,,,,,,,,,"aholdorf@neoninc.org","ghenson@neoninc.org",,
"c6b61cad-1a3a-4ad2-af45-00a0b53de110","521692079D0C4823B30BE70D1FC49A5B","OAES_010.mammalGrid.mam","D11","OAES","OAES_010","B5","distributed","grasslandHerbaceous",35.398093,-99.059661,"WGS84",45.1,500.6,0.1,"6 - trap set and empty","ShermanLF","2016-07-01","2016-07-01",,,,,,,,,,,,,,,,,,,,,,,,,,,,,,,,,,,,,,,"aholdorf@neoninc.org","ghenson@neoninc.org",,
"ed8941b7-579e-4407-a314-f470dda6c26c","521692079D0C4823B30BE70D1FC49A5B","OAES_010.mammalGrid.mam","D11","OAES","OAES_010","C9","distributed","grasslandHerbaceous",35.398093,-99.059661,"WGS84",45.1,500.6,0.1,"6 - trap set and empty","ShermanLF","2016-07-01","2016-07-01",,,,,,,,,,,,,,,,,,,,,,,,,,,,,,,,,,,,,,,"aholdorf@neoninc.org","ghenson@neoninc.org",,
"77fac11c-1188-4f9c-95e0-f01ff5458385","521692079D0C4823B30BE70D1FC49A5B","OAES_010.mammalGrid.mam","D11","OAES","OAES_010","A10","distributed","grasslandHerbaceous",35.398093,-99.059661,"WGS84",45.1,500.6,0.1,"6 - trap set and empty","ShermanLF","2016-07-01","2016-07-01",,,,,,,,,,,,,,,,,,,,,,,,,,,,,,,,,,,,,,,"aholdorf@neoninc.org","ghenson@neoninc.org",,
"61b0ef57-5bff-4d6f-835a-c41826a611f2","521692079D0C4823B30BE70D1FC49A5B","OAES_010.mammalGrid.mam","D11","OAES","OAES_010","I8","distributed","grasslandHerbaceous",35.398093,-99.059661,"WGS84",45.1,500.6,0.1,"6 - trap set and empty","ShermanLF","2016-07-01","2016-07-01",,,,,,,,,,,,,,,,,,,,,,,,,,,,,,,,,,,,,,,"aholdorf@neoninc.org","ghenson@neoninc.org",,
"573bc2a5-9f80-4b71-88dd-04d73ec47ed5","521692079D0C4823B30BE70D1FC49A5B","OAES_010.mammalGrid.mam","D11","OAES","OAES_010","F6","distributed","grasslandHerbaceous",35.398093,-99.059661,"WGS84",45.1,500.6,0.1,"5 - capture","ShermanLF","2016-07-01","2016-07-01","NEON.MAM.D11.R1430",,"PEMA","Peromyscus maniculatus","species",,"NEON.DOC.003137","N","M","N","released",,"adult","nonscrotal",,,,15,,,,12,"N","N","N","OAES.20160701.R1430.B",,"mandibular","OAES.20160701.R1430.F",,"fresh","OAES.20160701.R1430.E",,"OAES.20160701.R1430.H",,"hairAndWhisker",,,"aholdorf@neoninc.org","ghenson@neoninc.org",,
"c746f4ba-aab3-4967-959e-5ff6d9e2454f","521692079D0C4823B30BE70D1FC49A5B","OAES_010.mammalGrid.mam","D11","OAES","OAES_010","I7","distributed","grasslandHerbaceous",35.398093,-99.059661,"WGS84",45.1,500.6,0.1,"5 - capture","ShermanLF","2016-07-01","2016-07-01","NEON.MAM.D11.R2479",,"SIHI","Sigmodon hispidus","species",,"NEON.DOC.003137","N","M","Y","released",,"adult","scrotal",,,,30,,,,170,"N","N","N",,,,,,,,,,,,,,"aholdorf@neoninc.org","ghenson@neoninc.org",,
"16fe534d-93a1-4150-a3e0-00a74977eeb3","521692079D0C4823B30BE70D1FC49A5B","OAES_010.mammalGrid.mam","D11","OAES","OAES_010","F9","distributed","grasslandHerbaceous",35.398093,-99.059661,"WGS84",45.1,500.6,0.1,"6 - trap set and empty","ShermanLF","2016-07-01","2016-07-01",,,,,,,,,,,,,,,,,,,,,,,,,,,,,,,,,,,,,,,"aholdorf@neoninc.org","ghenson@neoninc.org",,
"e39f780e-5372-42f3-9ce7-9147338181e3","521692079D0C4823B30BE70D1FC49A5B","OAES_010.mammalGrid.mam","D11","OAES","OAES_010","C2","distributed","grasslandHerbaceous",35.398093,-99.059661,"WGS84",45.1,500.6,0.1,"5 - capture","ShermanLF","2016-07-01","2016-07-01","NEON.MAM.D11.R1800",,"SIHI","Sigmodon hispidus","species",,"NEON.DOC.003137","N","F","Y","released",,"adult",,"nonenlarged","not","neither",30,,,,100,"N","N","N",,,,,,,,,,,,,,"aholdorf@neoninc.org","ghenson@neoninc.org",,
"b384fe0f-7c56-45ca-977f-f6794832b585","521692079D0C4823B30BE70D1FC49A5B","OAES_010.mammalGrid.mam","D11","OAES","OAES_010","B6","distributed","grasslandHerbaceous",35.398093,-99.059661,"WGS84",45.1,500.6,0.1,"6 - trap set and empty","ShermanLF","2016-07-01","2016-07-01",,,,,,,,,,,,,,,,,,,,,,,,,,,,,,,,,,,,,,,"aholdorf@neoninc.org","ghenson@neoninc.org",,
"b4d97697-77d8-4d0f-a6f3-c10745b5dc3c","521692079D0C4823B30BE70D1FC49A5B","OAES_010.mammalGrid.mam","D11","OAES","OAES_010","D7","distributed","grasslandHerbaceous",35.398093,-99.059661,"WGS84",45.1,500.6,0.1,"6 - trap set and empty","ShermanLF","2016-07-01","2016-07-01",,,,,,,,,,,,,,,,,,,,,,,,,,,,,,,,,,,,,,,"aholdorf@neoninc.org","ghenson@neoninc.org",,
"1bac869d-efd6-4759-a0f6-d810822f8ec3","521692079D0C4823B30BE70D1FC49A5B","OAES_010.mammalGrid.mam","D11","OAES","OAES_010","F2","distributed","grasslandHerbaceous",35.398093,-99.059661,"WGS84",45.1,500.6,0.1,"6 - trap set and empty","ShermanLF","2016-07-01","2016-07-01",,,,,,,,,,,,,,,,,,,,,,,,,,,,,,,,,,,,,,,"aholdorf@neoninc.org","ghenson@neoninc.org",,
"e3af142a-1df6-4504-ad82-f4d3ec02100c","521692079D0C4823B30BE70D1FC49A5B","OAES_010.mammalGrid.mam","D11","OAES","OAES_010","G10","distributed","grasslandHerbaceous",35.398093,-99.059661,"WGS84",45.1,500.6,0.1,"6 - trap set and empty","ShermanLF","2016-07-01","2016-07-01",,,,,,,,,,,,,,,,,,,,,,,,,,,,,,,,,,,,,,,"aholdorf@neoninc.org","ghenson@neoninc.org",,
"59245cc1-c082-41c6-afa9-0c228ab0def7","521692079D0C4823B30BE70D1FC49A5B","OAES_010.mammalGrid.mam","D11","OAES","OAES_010","F4","distributed","grasslandHerbaceous",35.398093,-99.059661,"WGS84",45.1,500.6,0.1,"6 - trap set and empty","ShermanLF","2016-07-01","2016-07-01",,,,,,,,,,,,,,,,,,,,,,,,,,,,,,,,,,,,,,,"aholdorf@neoninc.org","ghenson@neoninc.org",,
"d51d4a13-c1e1-41eb-9f9a-2aca218aa0b2","521692079D0C4823B30BE70D1FC49A5B","OAES_010.mammalGrid.mam","D11","OAES","OAES_010","D6","distributed","grasslandHerbaceous",35.398093,-99.059661,"WGS84",45.1,500.6,0.1,"6 - trap set and empty","ShermanLF","2016-07-01","2016-07-01",,,,,,,,,,,,,,,,,,,,,,,,,,,,,,,,,,,,,,,"aholdorf@neoninc.org","ghenson@neoninc.org",,
"141797a4-8b7f-4c8d-8192-581f0816afa5","521692079D0C4823B30BE70D1FC49A5B","OAES_010.mammalGrid.mam","D11","OAES","OAES_010","E9","distributed","grasslandHerbaceous",35.398093,-99.059661,"WGS84",45.1,500.6,0.1,"6 - trap set and empty","ShermanLF","2016-07-01","2016-07-01",,,,,,,,,,,,,,,,,,,,,,,,,,,,,,,,,,,,,,,"aholdorf@neoninc.org","ghenson@neoninc.org",,
"7b033677-545a-4b7e-bdb4-873c2d299c2e","521692079D0C4823B30BE70D1FC49A5B","OAES_010.mammalGrid.mam","D11","OAES","OAES_010","F8","distributed","grasslandHerbaceous",35.398093,-99.059661,"WGS84",45.1,500.6,0.1,"6 - trap set and empty","ShermanLF","2016-07-01","2016-07-01",,,,,,,,,,,,,,,,,,,,,,,,,,,,,,,,,,,,,,,"aholdorf@neoninc.org","ghenson@neoninc.org",,
"0553d24a-ce48-4c25-8c87-6d9165873563","521692079D0C4823B30BE70D1FC49A5B","OAES_010.mammalGrid.mam","D11","OAES","OAES_010","G2","distributed","grasslandHerbaceous",35.398093,-99.059661,"WGS84",45.1,500.6,0.1,"5 - capture","ShermanLF","2016-07-01","2016-07-01","NEON.MAM.D11.R1433",,"SIHI","Sigmodon hispidus","species",,"NEON.DOC.003137","N","F","N","released",,"adult",,"nonenlarged","not","neither",30,,,,90,"N","N","Y","OAES.20160701.R1433.B",,"mandibular","OAES.20160701.R1433.F",,"fresh","OAES.20160701.R1433.E",,,,,,,"aholdorf@neoninc.org","ghenson@neoninc.org",,
"b1d8b8a5-b958-4773-bfa4-d439eda31c83","521692079D0C4823B30BE70D1FC49A5B","OAES_010.mammalGrid.mam","D11","OAES","OAES_010","D8","distributed","grasslandHerbaceous",35.398093,-99.059661,"WGS84",45.1,500.6,0.1,"6 - trap set and empty","ShermanLF","2016-07-01","2016-07-01",,,,,,,,,,,,,,,,,,,,,,,,,,,,,,,,,,,,,,,"aholdorf@neoninc.org","ghenson@neoninc.org",,
"e7eae39e-c1cf-4376-a358-86e1cf1456ee","521692079D0C4823B30BE70D1FC49A5B","OAES_010.mammalGrid.mam","D11","OAES","OAES_010","G3","distributed","grasslandHerbaceous",35.398093,-99.059661,"WGS84",45.1,500.6,0.1,"6 - trap set and empty","ShermanLF","2016-07-01","2016-07-01",,,,,,,,,,,,,,,,,,,,,,,,,,,,,,,,,,,,,,,"aholdorf@neoninc.org","ghenson@neoninc.org",,
"3ddf809e-ca80-48a3-a8d8-6646e812f548","521692079D0C4823B30BE70D1FC49A5B","OAES_010.mammalGrid.mam","D11","OAES","OAES_010","B4","distributed","grasslandHerbaceous",35.398093,-99.059661,"WGS84",45.1,500.6,0.1,"6 - trap set and empty","ShermanLF","2016-07-01","2016-07-01",,,,,,,,,,,,,,,,,,,,,,,,,,,,,,,,,,,,,,,"aholdorf@neoninc.org","ghenson@neoninc.org",,
