uid,nightuid,namedLocation,domainID,siteID,plotID,collectDate,endDate,samplingProtocolVersion,remarks,dataQF
"ccfd319f-dbb6-48e0-80d7-7b27ac929712","6B9866AF00B145348BAD8224457E0CBE","STEI_002.mammalGrid.mam","D05","STEI","STEI_002","2015-08-11","2015-08-11",,,
"a9ae0adf-8479-48a6-b0bf-d0affbe88a95","977FB5DC1B7E4D4A9588E8FA166FDD46","STEI_022.mammalGrid.mam","D05","STEI","STEI_022","2015-08-11","2015-08-11",,,
"909ee593-f50c-417c-9b39-806383279407","73F9DB50BF2F4D3E94EE66231AF01075","STEI_005.mammalGrid.mam","D05","STEI","STEI_005","2015-08-11","2015-08-11",,,
"5bd3c377-40e0-4c75-921f-0dbfddaf4763","4D137C32357B4FFC8983A0613139AC27","STEI_005.mammalGrid.mam","D05","STEI","STEI_005","2015-08-12","2015-08-12",,,
"6a83d90d-d4f0-44a3-82c0-37ceade3d200","B07C350EBAAC4AF5A5916A5E47D5C1AC","STEI_022.mammalGrid.mam","D05","STEI","STEI_022","2015-08-12","2015-08-12",,,
"02d146d8-a158-4694-9fd9-3f6955fa9089","3AAFD3C438384168B795E7381A50E8CF","STEI_002.mammalGrid.mam","D05","STEI","STEI_002","2015-08-12","2015-08-12",,,
"9848cd5f-3576-4786-8b49-77f75341c0bf","E4AAE94EB6834588A904F2D34BCB5B82","STEI_022.mammalGrid.mam","D05","STEI","STEI_022","2015-08-13","2015-08-13",,,
"280bfeb3-3870-459d-87af-5f11f8886736","9B07E08BE4A14DDB816E7B4810E383C5","STEI_005.mammalGrid.mam","D05","STEI","STEI_005","2015-08-13","2015-08-13",,"Bears smashed a handful of traps",
"c4c969f1-c9bd-4a16-8c36-b7a14683fec8","5E4F2A930D3F4004AE01BDA1A8C2FEAE","STEI_002.mammalGrid.mam","D05","STEI","STEI_002","2015-08-13","2015-08-13",,,
"7cae6e74-0d80-42c8-aefe-ae050ab4ea9b","39E23214DAC84D9796F61D9B2D241FF1","STEI_019.mammalGrid.mam","D05","STEI","STEI_019","2015-08-14","2015-08-14",,"All abundance grids were cancelled during Aug bout.Because of very high capture rates on the pathogen sampling grids the technicians worked many more hours than usual and would have exceeded their allowed weekly hours if the abundance grids were sampled.",
"07113e5a-c0ed-4da0-b39a-77f6b665191d","968EA00119F24F5D914C495A94AB503B","STEI_012.mammalGrid.mam","D05","STEI","STEI_012","2015-08-14","2015-08-14",,"All abundance grids were cancelled during Aug bout.Because of very high capture rates on the pathogen sampling grids the technicians worked many more hours than usual and would have exceeded their allowed weekly hours if the abundance grids were sampled.",
"4219fd55-9546-454e-a0b6-3a51be16cad7","F606435003C54E0BA2C4D5F0ADDFE98D","STEI_001.mammalGrid.mam","D05","STEI","STEI_001","2015-08-14","2015-08-14",,"All abundance grids were cancelled during Aug bout.Because of very high capture rates on the pathogen sampling grids the technicians worked many more hours than usual and would have exceeded their allowed weekly hours if the abundance grids were sampled.",
