uid,nightuid,namedLocation,domainID,siteID,plotID,collectDate,endDate,samplingProtocolVersion,remarks,dataQF
"1b78e353-e142-4565-aff6-f57463ef49cc","e495239c-d4a5-4c00-82d3-271c93b2fcd3","NOGP_017.mammalGrid.mam","D09","NOGP","NOGP_017","2017-05-04","2017-05-04",,,
"279c5c08-2a53-4773-b8e3-b274ebaa0e11","bdf3a1c8-6833-4848-8b0a-056d86c68e8e","NOGP_005.mammalGrid.mam","D09","NOGP","NOGP_005","2017-05-04","2017-05-04",,,
"b9e81b31-ed96-4600-8107-725a267a6327","9b6b1cb8-742e-40fa-a0af-3400eaf8810a","NOGP_010.mammalGrid.mam","D09","NOGP","NOGP_010","2017-05-04","2017-05-04",,,
"b76b7f75-8a52-4e81-a75c-fed4a5279cda","e4769466-d02c-4230-bbc5-003d4ac4e145","NOGP_002.mammalGrid.mam","D09","NOGP","NOGP_002","2017-05-04","2017-05-04",,,
"325343dc-8b8c-4719-8cc5-af1a0155d486","73d2f518-f51f-492e-9841-8b436334361e","NOGP_010.mammalGrid.mam","D09","NOGP","NOGP_010","2017-05-05","2017-05-05",,,
"be8a8552-9441-4984-88d4-8540520ffa49","2f55ccf6-5a43-408e-a208-9789ccddc54f","NOGP_009.mammalGrid.mam","D09","NOGP","NOGP_009","2017-05-05","2017-05-05",,,
"b7195be3-d92d-4537-a0c6-2b968ec4d423","91be9b2b-6591-4ba6-b727-b42fe837716e","NOGP_017.mammalGrid.mam","D09","NOGP","NOGP_017","2017-05-05","2017-05-05",,,
"14887217-e6c2-49a1-ab9c-16dc44b84761","75a0856e-0cf2-419c-9fce-fa880f10afee","NOGP_002.mammalGrid.mam","D09","NOGP","NOGP_002","2017-05-05","2017-05-05",,,
"6ff2b6c2-1ca6-4c25-805c-c95e114ce2fe","01442b16-fae1-40aa-af2c-bbc99641dfa8","NOGP_002.mammalGrid.mam","D09","NOGP","NOGP_002","2017-05-06","2017-05-06",,,
"30076b61-ddf4-4b42-89d2-dc1277cb38c5","2b776223-a1b4-4396-a87b-b270e7017775","NOGP_017.mammalGrid.mam","D09","NOGP","NOGP_017","2017-05-06","2017-05-06",,,
"fe8dad9d-2b9f-428d-a4e6-9b37fe2b33d3","4b3bd7d3-20c7-4094-8b65-a291400823c3","NOGP_007.mammalGrid.mam","D09","NOGP","NOGP_007","2017-05-06","2017-05-06",,,
"fa31afc5-905c-41ba-906c-55b293c916df","c516db64-53ed-4c01-8d31-41386f7319a6","NOGP_010.mammalGrid.mam","D09","NOGP","NOGP_010","2017-05-06","2017-05-06",,,
"08bee0f3-0834-4596-ae9b-061a769b325b","0c0c85e6-0f14-4dc7-9691-a1302815950e","NOGP_005.mammalGrid.mam","D09","NOGP","NOGP_005","2017-05-31","2017-05-31",,,
"26c86a02-d780-4936-b177-9eea146313c8","e03a6a22-d380-4554-8ee9-381eb5b83af1","NOGP_017.mammalGrid.mam","D09","NOGP","NOGP_017","2017-05-31","2017-05-31",,,
"64a641e8-1c41-4504-9394-34ca40590599","26cd2007-39fe-43b2-9acc-c3c6b60ed008","NOGP_002.mammalGrid.mam","D09","NOGP","NOGP_002","2017-05-31","2017-05-31",,,
