uid,nightuid,namedLocation,domainID,siteID,plotID,collectDate,endDate,samplingProtocolVersion,remarks,dataQF
"3e933f93-8283-4d94-a483-e7cb30b8e422","094a9cb3-ec4a-450e-af36-cd90cf212069","DCFS_003.mammalGrid.mam","D09","DCFS","DCFS_003","2018-10-02","2018-10-02","NEON.DOC.000481vK",,
"f39eeea0-2815-49a1-8e4f-7ef4c4f74ee6","b5333ccd-1ab6-48ef-a46d-544e77fceea3","DCFS_009.mammalGrid.mam","D09","DCFS","DCFS_009","2018-10-02","2018-10-02","NEON.DOC.000481vK",,
"841ad922-fdd4-414d-aa8f-a3caef245d2f","38fa8a93-46f0-418b-a0cd-61bd6e06d639","DCFS_014.mammalGrid.mam","D09","DCFS","DCFS_014","2018-10-02","2018-10-02","NEON.DOC.000481vK","Hunting nearby",
"966b982d-8d32-4963-a0fb-37d7e59b6fdb","551a611a-ee37-4606-9488-e8b33cfa8e89","DCFS_006.mammalGrid.mam","D09","DCFS","DCFS_006","2018-10-02","2018-10-02","NEON.DOC.000481vK",,
"0f2f12ce-d6f2-4fba-9878-88d1ab44bc59","d427f3ad-d071-4836-8378-7b4b62a5e858","DCFS_004.mammalGrid.mam","D09","DCFS","DCFS_004","2018-10-03","2018-10-03","NEON.DOC.000481vK",,
"6a06b702-3c41-411b-ae53-824fb1ed10cb","6b4bae4b-4f28-4ac9-b90b-71787172dd29","DCFS_006.mammalGrid.mam","D09","DCFS","DCFS_006","2018-10-03","2018-10-03","NEON.DOC.000481vK",,
"a4284a20-c02f-4541-a489-a1820d396a5e","29b53704-a3eb-415f-8b9e-25f30c7ab4cf","DCFS_003.mammalGrid.mam","D09","DCFS","DCFS_003","2018-10-03","2018-10-03","NEON.DOC.000481vK",,
"28152fe3-ac87-4966-8f2b-49f514560a22","b4a95cbd-916a-4824-beda-337d4f63cf64","DCFS_014.mammalGrid.mam","D09","DCFS","DCFS_014","2018-10-03","2018-10-03","NEON.DOC.000481vK","Cows on plot",
"2874a90b-8ac6-450d-aba2-daebbd453277","ef35400d-8239-42e2-bc6e-67a2032f52c1","DCFS_020.mammalGrid.mam","D09","DCFS","DCFS_020","2018-10-04","2018-10-04","NEON.DOC.000481vK",,
"9226a364-5181-4222-a40a-ff5f92609b77","e850f0b9-844a-45db-85c3-1c09b74f3602","DCFS_014.mammalGrid.mam","D09","DCFS","DCFS_014","2018-10-04","2018-10-04","NEON.DOC.000481vK",,
"22c48dca-0489-496b-ba2f-465060227ca9","b49a3e68-6381-4e80-b274-b844d222ffdf","DCFS_003.mammalGrid.mam","D09","DCFS","DCFS_003","2018-10-04","2018-10-04","NEON.DOC.000481vK",,
"06faf168-6877-4aeb-8570-94341250eb85","fb7c228a-cffb-46a4-a4ce-ea27ca7e191f","DCFS_006.mammalGrid.mam","D09","DCFS","DCFS_006","2018-10-04","2018-10-04","NEON.DOC.000481vK",,
