uid,nightuid,namedLocation,domainID,siteID,plotID,collectDate,endDate,samplingProtocolVersion,remarks,dataQF
"e3ea870a-eb4f-407f-9ed6-603928193db2","E76B41D8D5F54DA9970A7843A0CAF287","KONZ_005.mammalGrid.mam","D06","KONZ","KONZ_005","2016-06-06","2016-06-06","NEON.DOC.000481vG",,
"da919d0d-7999-4a83-b40f-7d3b06024fd8","FF5DDA8915964E63B5E7E64F908E42D7","KONZ_029.mammalGrid.mam","D06","KONZ","KONZ_029","2016-06-06","2016-06-06","NEON.DOC.000481vG","Greater than 25 captures; ear punch and hair/whisker samples omitted.",
"12424970-4a0e-4369-a328-318f0d1e60d7","A3FD94A48AED4077874D5F6FDBE0E4A6","KONZ_003.mammalGrid.mam","D06","KONZ","KONZ_003","2016-06-06","2016-06-06","NEON.DOC.000481vG",,
"1631547a-3a52-46e7-8e27-fe5a2342e513","F83CE4EA0C4D45FCA29B96A48715C3C1","KONZ_027.mammalGrid.mam","D06","KONZ","KONZ_027","2016-06-08","2016-06-08","NEON.DOC.000481vG",,
"bb10bd75-3772-4ecd-be10-94da96d8ae4b","0EDE7A06CCE64A0CB0029712F0307C02","KONZ_001.mammalGrid.mam","D06","KONZ","KONZ_001","2016-06-08","2016-06-08","NEON.DOC.000481vG",,
"c275419a-80e3-464a-b1c4-a18ce9c5662f","F5F6C0CFE834456987F7C516D1DB2726","KONZ_008.mammalGrid.mam","D06","KONZ","KONZ_008","2016-06-08","2016-06-08","NEON.DOC.000481vG",,
"d917fc6d-d042-4c5f-9464-a55847db94c5","9AD271B4777142FDA381C24A5C1B1004","KONZ_008.mammalGrid.mam","D06","KONZ","KONZ_008","2016-06-09","2016-06-09","NEON.DOC.000481vG",,
"327b6149-83e5-4532-a798-dadf2c9668c7","B572080BC5D04E0288D969C45DCD4D46","KONZ_001.mammalGrid.mam","D06","KONZ","KONZ_001","2016-06-09","2016-06-09","NEON.DOC.000481vG","Over 30 captures; prioritized sampling per protocol flow chart",
"bf843bd9-bb79-401c-b1f5-71a094934bfc","F1B9DA1658F643C8975795673C55903F","KONZ_027.mammalGrid.mam","D06","KONZ","KONZ_027","2016-06-09","2016-06-09","NEON.DOC.000481vG",,
"477092df-872f-4478-a9a1-ac2d26974565","7491A111FDC247EAAA77AD7E1E072866","KONZ_008.mammalGrid.mam","D06","KONZ","KONZ_008","2016-06-10","2016-06-10","NEON.DOC.000481vG",,
"4c33aa45-56d7-42df-86c8-6acb4dfbd705","FEAB5FFE44DE4403A6F6431549600EF4","KONZ_001.mammalGrid.mam","D06","KONZ","KONZ_001","2016-06-10","2016-06-10","NEON.DOC.000481vG",,
"6012037e-7e19-4c31-b31b-ad61ef5eac82","28CE9FEDC9CB4815B15D94EF0E9236CA","KONZ_027.mammalGrid.mam","D06","KONZ","KONZ_027","2016-06-10","2016-06-10","NEON.DOC.000481vG",,
