uid,nightuid,namedLocation,domainID,siteID,plotID,collectDate,endDate,samplingProtocolVersion,remarks,dataQF
"abcf7787-c74f-4aa2-800e-21e91291823a","65085529-8588-42d4-be9c-cb92db975222","ORNL_002.mammalGrid.mam","D07","ORNL","ORNL_002","2018-07-10","2018-07-10","NEON.DOC.000481vK",,
"4f36acc1-9295-4588-8811-6b701f78db3d","954a7a48-fc09-41ce-9d64-1e20c2a1b3bc","ORNL_039.mammalGrid.mam","D07","ORNL","ORNL_039","2018-07-10","2018-07-10","NEON.DOC.000481vK",,
"8b40d865-b5f9-48ba-9afe-61d9186b190b","268ab8e0-28ee-42e4-bbab-77e8b939a8c3","ORNL_001.mammalGrid.mam","D07","ORNL","ORNL_001","2018-07-10","2018-07-10","NEON.DOC.000481vK",,
"2cad4156-2cf2-42a5-98a0-9ca48cab3f9c","06e273d5-f5e9-497a-ac9f-a1b34d7c8635","ORNL_003.mammalGrid.mam","D07","ORNL","ORNL_003","2018-07-10","2018-07-10","NEON.DOC.000481vK",,
"bc8940c6-e77a-46f5-93ca-1ea89126adff","10f0a646-79f1-46e7-b6ec-2b69543272b6","ORNL_001.mammalGrid.mam","D07","ORNL","ORNL_001","2018-07-11","2018-07-11","NEON.DOC.000481vK",,
"e6ddcb33-dfae-4c83-8063-af3af7119a61","1095ab54-923b-4da9-ab0c-dbff338e434f","ORNL_002.mammalGrid.mam","D07","ORNL","ORNL_002","2018-07-11","2018-07-11","NEON.DOC.000481vK",,
"75161c58-cc90-4693-a84a-f1c80e8efed1","6629f967-de0b-4029-b885-d36c684e4356","ORNL_027.mammalGrid.mam","D07","ORNL","ORNL_027","2018-07-11","2018-07-11","NEON.DOC.000481vK",,
"75bc77ab-c662-4d62-b7fc-ca62695d3a82","124c08e3-6ddd-4057-8a4f-c7af952b3281","ORNL_003.mammalGrid.mam","D07","ORNL","ORNL_003","2018-07-11","2018-07-11","NEON.DOC.000481vK",,
"d1293b4e-ff80-43fd-a560-c92b382b5e2b","e46faf80-1331-48b8-b637-2ac957083b69","ORNL_007.mammalGrid.mam","D07","ORNL","ORNL_007","2018-07-12","2018-07-12","NEON.DOC.000481vK",,
"66ad0a15-dc2a-49e1-9d53-f8775017bf1a","841a0ce2-e145-4ec3-920e-189c4ec8e293","ORNL_002.mammalGrid.mam","D07","ORNL","ORNL_002","2018-07-12","2018-07-12","NEON.DOC.000481vK",,
"9033fc7d-a639-413e-944d-e551c37a2ee9","fe34be2f-7dab-4258-8972-cff80df41258","ORNL_001.mammalGrid.mam","D07","ORNL","ORNL_001","2018-07-12","2018-07-12","NEON.DOC.000481vK",,
"7d9ae547-4853-4f1d-862e-14261e229509","3cc05ba9-0b43-42b6-9bff-a7c2e2a030f6","ORNL_007.mammalGrid.mam","D07","ORNL","ORNL_007","2018-07-12","2018-07-12","NEON.DOC.000481vK",,
"6dd3d777-791c-420a-81e8-c64ac1580407","89d469a6-be44-4f5b-9db2-3bae4de118a4","ORNL_003.mammalGrid.mam","D07","ORNL","ORNL_003","2018-07-12","2018-07-12","NEON.DOC.000481vK",,
"7c882374-411a-4468-be62-509e624d340b","8b0ceed6-6ee7-4f8a-9cc3-c7ba3996829f","ORNL_001.mammalGrid.mam","D07","ORNL","ORNL_001","2018-07-12","2018-07-12","NEON.DOC.000481vK",,
