uid,nightuid,namedLocation,domainID,siteID,plotID,collectDate,endDate,samplingProtocolVersion,remarks,dataQF
"13f60ea0-d37f-4211-8dca-3e08dd74837f","1d0ae5bb-7005-4628-8264-08b9a165e734","DSNY_001.mammalGrid.mam","D03","DSNY","DSNY_001","2018-04-17","2018-04-17","NEON.DOC.000481vK",,
"1319f914-5269-4d4c-9114-2d34f1f44b0e","a46c16e3-cb91-49a4-ab76-5359392d728f","DSNY_005.mammalGrid.mam","D03","DSNY","DSNY_005","2018-04-17","2018-04-17","NEON.DOC.000481vK",,
"cea1a486-c17c-4415-9b87-1fa3c3ff2ec9","69d3beb5-f429-4928-b349-9cfa8ba81942","DSNY_004.mammalGrid.mam","D03","DSNY","DSNY_004","2018-04-17","2018-04-17","NEON.DOC.000481vK",,
"d304790e-9693-4003-bc8a-4ff2fc0bccfb","13d8e974-7444-4628-ac53-aaa9cc16dc94","DSNY_016.mammalGrid.mam","D03","DSNY","DSNY_016","2018-04-17","2018-04-17","NEON.DOC.000481vK",,
"065657f6-4963-4a05-80ab-0249190fd1cf","e23773d3-1f26-4eb1-a36b-76a180c078af","DSNY_010.mammalGrid.mam","D03","DSNY","DSNY_010","2018-04-18","2018-04-18","NEON.DOC.000481vK",,
"c221797d-cd44-4648-877e-dcc231269325","117f3f36-8fe5-4ef4-bb8f-4ece67107987","DSNY_001.mammalGrid.mam","D03","DSNY","DSNY_001","2018-04-18","2018-04-18","NEON.DOC.000481vK",,
"fb377391-e580-4e05-a975-8f215cc64ebe","90b7d131-ddea-42ef-9c61-a27dfe262b3e","DSNY_005.mammalGrid.mam","D03","DSNY","DSNY_005","2018-04-18","2018-04-18","NEON.DOC.000481vK",,
"674a8530-7579-494a-a493-983398e2d0eb","6b00c28e-ad92-4b96-80e5-3e968d2d3759","DSNY_004.mammalGrid.mam","D03","DSNY","DSNY_004","2018-04-18","2018-04-18","NEON.DOC.000481vK",,
"df24cdd8-77f4-4345-9df5-cde96178b993","18323b23-1ff6-4fa4-8e8a-c350472479b8","DSNY_005.mammalGrid.mam","D03","DSNY","DSNY_005","2018-04-19","2018-04-19","NEON.DOC.000481vK",,
"b5250280-f967-4ca1-87ea-ddabc86d82c1","d41b01ca-4176-4fe1-b3c0-06e1e4d25d85","DSNY_001.mammalGrid.mam","D03","DSNY","DSNY_001","2018-04-19","2018-04-19","NEON.DOC.000481vK",,
"4218d5fe-1ded-4f74-9544-4a85c4a62966","526f7475-784f-41ec-80b1-510d5bad66f8","DSNY_004.mammalGrid.mam","D03","DSNY","DSNY_004","2018-04-19","2018-04-19","NEON.DOC.000481vK",,
"73479c13-9812-4cfe-b852-fe05f11a13ef","daec8237-dd4f-47d8-9002-a2db358f647f","DSNY_006.mammalGrid.mam","D03","DSNY","DSNY_006","2018-04-19","2018-04-19","NEON.DOC.000481vK",,
