uid,nightuid,namedLocation,domainID,siteID,plotID,collectDate,endDate,samplingProtocolVersion,remarks,dataQF
"3f5fb4c4-a19b-4841-998a-d4a89e31b8ce","A6708DBF3E86441C97885343CA1EFCCB","STER_028.mammalGrid.mam","D10","STER","STER_028","2015-05-21","2015-05-21",,"used version 'vG",
"353c78dc-53e9-499d-9639-fa13aaafc7fd","EDA621F3C82B4F2BA65E84C46F0B8001","STER_006.mammalGrid.mam","D10","STER","STER_006","2015-05-21","2015-05-21",,"used version 'vG",
"12b174e7-7241-4baa-9f4d-a1c15068f3c4","A31FE2B582E04A8998887BFD2A5EAF42","STER_031.mammalGrid.mam","D10","STER","STER_031","2015-05-21","2015-05-21",,"used version 'vG",
"07165006-ba88-42b3-845a-08acc651c0fd","4F31329940564001BE5CC308CC75A389","STER_027.mammalGrid.mam","D10","STER","STER_027","2015-05-21","2015-05-21",,"used version 'vG",
"2bc80458-3a8c-4114-bd2a-faa290ff97cc","98559849F90840A1892730B13AB483B9","STER_029.mammalGrid.mam","D10","STER","STER_029","2015-05-21","2015-05-21",,"Used version 'vG",
"a1382e3d-9f1a-40c3-ba06-2fbed9fd2c87","1A9BD2931BEE4AF39848D506D145A9D4","STER_006.mammalGrid.mam","D10","STER","STER_006","2015-05-22","2015-05-22",,"used version 'vG",
"1ec30c06-6f61-40ab-ba7a-a13ac5d76bc2","446B9CED1B654011A1226841B5B2B863","STER_006.mammalGrid.mam","D10","STER","STER_006","2015-05-22","2015-05-22",,"used version 'vG",
"1995b113-8fa3-4807-9548-98f44b64a44a","F09A689FEC0948C4A1BB189EAAB655E2","STER_026.mammalGrid.mam","D10","STER","STER_026","2015-05-22","2015-05-22",,"used version 'vG",
"053174ee-d2c2-4dd3-ba0a-1fb201d44d13","1B7DEAB3714C4F59A27081C255892DF1","STER_031.mammalGrid.mam","D10","STER","STER_031","2015-05-22","2015-05-22",,"Used version 'vG",
"25193236-5ed2-49b6-b62b-d55e3707d391","C0ACD407A644471CA703CE80E8E7D8FC","STER_029.mammalGrid.mam","D10","STER","STER_029","2015-05-22","2015-05-22",,"Used version 'vG",
"5f55d87b-5ccd-401f-b243-fb2352f47f39","60CB61D8CF51419CAEDB48D0B232A8D5","STER_006.mammalGrid.mam","D10","STER","STER_006","2015-05-27","2015-05-27",,"Used version 'vG",
"f1522081-7e18-4ea8-93dc-971b1c88cb52","6FC34FE40B624CF3B1EF62AC7E705D12","STER_029.mammalGrid.mam","D10","STER","STER_029","2015-05-27","2015-05-27",,"Used version 'vG",
"9a90e9d4-1dc3-4b38-833e-9ccfa97dd2f0","1F059AFAB5A94997A5F2A648E8F359A3","STER_031.mammalGrid.mam","D10","STER","STER_031","2015-05-27","2015-05-27",,"Used version 'vG",
