uid,nightuid,namedLocation,domainID,siteID,plotID,collectDate,endDate,samplingProtocolVersion,remarks,dataQF
"b33f13e2-a0e4-4dd5-a958-644282cdc235","ADBEA1AB38AB4856AE1784BA44AA763A","SERC_014.mammalGrid.mam","D02","SERC","SERC_014","2015-06-23","2015-06-23",,,
"950d8c76-6218-413e-b83a-ce86de9d1267","C1CAAD804B0B4A07A3DE91D976C57573","SERC_007.mammalGrid.mam","D02","SERC","SERC_007","2015-06-23","2015-06-23",,,
"994a8152-0559-4493-ba6f-febfbaea54e8","B5DBD37A3D6C42F4BC5FAEA20E6609BE","SERC_015.mammalGrid.mam","D02","SERC","SERC_015","2015-06-23","2015-06-23",,"high disturbance rates but no trap damage",
"8ec6011d-7b9a-4f9e-a6db-0e060965d030","CBD67984A4FC46369A4D2DE27F1BDD1B","SERC_008.mammalGrid.mam","D02","SERC","SERC_008","2015-06-23","2015-06-23",,"very warm weather",
"68fe7175-7d41-483b-98af-a0fb48150ff0","9925CF6DBAD4449D9D4C951CD3779353","SERC_032.mammalGrid.mam","D02","SERC","SERC_032","2015-06-24","2015-06-24",,"High disturbance rate; likely raccoon or opossum; heavy thunderstorms overnight",
"5953e964-c0a5-47d7-8167-d44e3878ce85","102A84AB224C40B2BF700753C49D2620","SERC_014.mammalGrid.mam","D02","SERC","SERC_014","2015-06-24","2015-06-24",,,
"e6b8862f-251f-4fbd-ac96-df6fdc683395","F0499AEA6F2B494BB005E934618E7874","SERC_011.mammalGrid.mam","D02","SERC","SERC_011","2015-06-24","2015-06-24",,,
"d070da6d-1f9d-44cb-8745-aa644f5814c9","EA4DE6EE88554DEBB12F3299408F3FE7","SERC_015.mammalGrid.mam","D02","SERC","SERC_015","2015-06-24","2015-06-24",,"High disturbance rate; plot pulled one night early; likely raccoon",
"6eb2a080-66a9-4f7d-9fb8-a6e66d086ddf","7F8BE2A829BA4D6F9A2279C5D84FF3D0","SERC_031.mammalGrid.mam","D02","SERC","SERC_031","2015-06-25","2015-06-25",,,
"822ecbf6-5c2c-4e43-9f88-d4aa025bf0ea","79E072B752FB41EEAE3BA09492614BCE","SERC_016.mammalGrid.mam","D02","SERC","SERC_016","2015-06-25","2015-06-25",,,
"593207f1-df3f-4e14-8a9d-92f38611f58e","4D66BF21975341A8BB84138B17B1A759","SERC_011.mammalGrid.mam","D02","SERC","SERC_011","2015-06-25","2015-06-25",,,
"4ef99b2c-b6f2-440a-9aee-3f2e74a778fd","29D03CF3C4D1483A81505C1D51E1A4A6","SERC_014.mammalGrid.mam","D02","SERC","SERC_014","2015-06-25","2015-06-25",,,
"d72f48a6-1527-4f6d-82ec-2b34b9ac7694","33777210387D452190A2D655AA0B38C1","SERC_011.mammalGrid.mam","D02","SERC","SERC_011","2015-06-26","2015-06-26",,"Many disturbed; white hair found; possibly raccoon or opossum",
