uid,nightuid,namedLocation,domainID,siteID,plotID,collectDate,endDate,samplingProtocolVersion,remarks,dataQF
"d6901b7d-62d0-4fda-84bc-4a4fa9bb3c74","E9595B9E5F67469DAFFAAC2D14572511","JERC_005.mammalGrid.mam","D03","JERC","JERC_005","2014-08-19","2014-08-19",,,
"f70565e8-286b-4568-ac76-b643f43df33e","27F285E18C71457A932A00BC0FDCA854","JERC_009.mammalGrid.mam","D03","JERC","JERC_009","2014-08-19","2014-08-19",,,
"4fdacba8-87e5-4cef-8065-0ae870a6e026","3946009394F349EE8634B0E0BFDA0878","JERC_003.mammalGrid.mam","D03","JERC","JERC_003","2014-08-19","2014-08-19",,,
"745fb471-4f52-4f40-bce7-cceeab696c57","1883FBA68F814D41AB5AFE8D99D09A74","JERC_002.mammalGrid.mam","D03","JERC","JERC_002","2014-08-19","2014-08-19",,,
"d9d7a543-8be1-43f9-8ae2-20f02d9a9933","78C25AC63D0645EA966CF542C411A616","JERC_019.mammalGrid.mam","D03","JERC","JERC_019","2014-08-19","2014-08-19",,,
"77b36790-858c-43f9-b5c9-c66735aeaa5b","56AD37F78D454C5BA7FFD5A9E59FE7F3","JERC_006.mammalGrid.mam","D03","JERC","JERC_006","2014-08-19","2014-08-19",,,
"f30feedf-5da6-47ba-8d74-07d5ebf8a298","A4ADF52DCD30417D96624D1AB57FD8B5","JERC_002.mammalGrid.mam","D03","JERC","JERC_002","2014-08-20","2014-08-20",,,
"25f98822-f908-4230-9838-83837adfb9ca","409AA31D9CEE4505BF22CA9DA99DF6AC","JERC_002.mammalGrid.mam","D03","JERC","JERC_002","2014-08-20","2014-08-20",,"One record found apart from the others on the end of a datasheet. Needs to be added to the other JERC_002 2014-08-20 submission",
"a3cfc36a-2760-464a-a3e8-3b907577cf5d","9D010FA6910348FEA7B452E4530EF4A3","JERC_019.mammalGrid.mam","D03","JERC","JERC_019","2014-08-20","2014-08-20",,,
"3578a134-a668-48d5-a749-96b51b06dd5c","F9E8A381227A4447AB9E0C01EB69C8F7","JERC_003.mammalGrid.mam","D03","JERC","JERC_003","2014-08-20","2014-08-20",,,
"fb75a552-3eb9-4509-8fd2-2b941050515a","6C96D94338FA4DDF968A440AE9AB96FE","JERC_006.mammalGrid.mam","D03","JERC","JERC_006","2014-08-20","2014-08-20",,,
"141e654a-6bdb-4a9d-9474-afafa0c7f5dd","3078C83EA3E844C3B567C10585038659","JERC_005.mammalGrid.mam","D03","JERC","JERC_005","2014-08-20","2014-08-20",,,
"6f957f88-b004-4d41-a979-1dd3f599192c","8598537C622F440BB29935222E67B2AC","JERC_009.mammalGrid.mam","D03","JERC","JERC_009","2014-08-20","2014-08-20",,"No earpunches or fecal take from any captures due to over abundance",
"a2b3dafb-2698-4a46-b6c7-6ff68038ec08","7DCFF4DDE7BF429D81B772DB18100865","JERC_009.mammalGrid.mam","D03","JERC","JERC_009","2014-08-20","2014-08-20",,"Submitted incomplete JERC 009 8/20, these are missing records.",
"898ab0db-c6f9-4b65-93e4-c8988fbde629","7C9EDDD917E14312A2C19A98884CBB87","JERC_005.mammalGrid.mam","D03","JERC","JERC_005","2014-08-21","2014-08-21",,,
"a26004aa-5858-4678-97bc-54c4c622c56f","9A5BC69E16FB4064BD9E0355C54017CD","JERC_019.mammalGrid.mam","D03","JERC","JERC_019","2014-08-21","2014-08-21",,,
"337ac006-1b61-4b35-b740-e6eaeaacebe0","6D39B0BA345947C880D732F67A8AE506","JERC_002.mammalGrid.mam","D03","JERC","JERC_002","2014-08-21","2014-08-21",,,
"8cf612f4-ee4c-4e09-8d03-e33145e270b6","C4159CFBCBE840B782276769D508D997","JERC_009.mammalGrid.mam","D03","JERC","JERC_009","2014-08-21","2014-08-21",,"Due to high capture rates only blood collected",
"2d253f20-a8d7-4717-9859-ed2bf1f6d806","FA50D6ACF57944A5A88258E693A6C03D","JERC_003.mammalGrid.mam","D03","JERC","JERC_003","2014-08-21","2014-08-21",,,
"3dea2213-fdeb-4b86-8a59-66d687515aac","4CB6A2788E4C4A3782FA231FE8CAADB1","JERC_006.mammalGrid.mam","D03","JERC","JERC_006","2014-08-21","2014-08-21",,"No ear punch, hair and whiskers, or feces were taken due to high volume of captures",
