uid,nightuid,namedLocation,domainID,siteID,plotID,collectDate,endDate,samplingProtocolVersion,remarks,dataQF
"103205fd-0fa6-43e3-bf4e-fcd532e6e8fc","F7E8E26B73A54154B254C1EF1DD229D7","WOOD_009.mammalGrid.mam","D09","WOOD","WOOD_009","2014-07-21","2014-07-21",,,
"62add36c-9862-471c-9347-01ca227e35dd","190CCFC7CA89456E90EF56A0CDD17183","WOOD_015.mammalGrid.mam","D09","WOOD","WOOD_015","2014-07-21","2014-07-21",,,
"7b008f1a-2d05-4810-939f-bdf248298133","BA7CD0096F4742389E465DBA12CD16B7","WOOD_008.mammalGrid.mam","D09","WOOD","WOOD_008","2014-07-21","2014-07-21",,,
"656ba156-bba7-4b43-bc18-8b6c578babfe","8818B510AC5946D19A87A5288ABE945B","WOOD_002.mammalGrid.mam","D09","WOOD","WOOD_002","2014-07-21","2014-07-21",,,
"9f21a05e-e80f-4cea-b03c-50b31940861a","E49564D81BB04A4997A9CBD25FC2F080","WOOD_009.mammalGrid.mam","D09","WOOD","WOOD_009","2014-07-22","2014-07-22",,"Rained out. Traps not set and no data collected for this plot on this date.",
"75d9abec-e1dc-4179-a7de-d5a0097b70d4","AF3F4899CCD44E578309E6BD2077E4D8","WOOD_015.mammalGrid.mam","D09","WOOD","WOOD_015","2014-07-22","2014-07-22",,"Rained out. Traps not set and no data collected for this plot on this date.",
"326ed59f-3993-4279-8793-945fefa520ff","82931E7CB495483EAB0DB9074069089A","WOOD_002.mammalGrid.mam","D09","WOOD","WOOD_002","2014-07-22","2014-07-22",,"Rained out. Traps not set and no data collected for this plot on this date.",
"0dcca0a9-ace2-44a7-b56e-6de9b6893529","0A377FB3FFFA451EAAC59A5916A51470","WOOD_008.mammalGrid.mam","D09","WOOD","WOOD_008","2014-07-22","2014-07-22",,"Rained out. Traps not set and no data collected for this plot on this date.",
"faf780ae-1b32-4cff-81e1-df8e984d19c7","3193DD0072A0400E936EF565B037653A","WOOD_015.mammalGrid.mam","D09","WOOD","WOOD_015","2014-07-23","2014-07-23",,,
"50f18911-c0fd-4b22-bd80-255a6ecee800","AD74FCEB291A472FB92ADCC32909BA1B","WOOD_008.mammalGrid.mam","D09","WOOD","WOOD_008","2014-07-23","2014-07-23",,,
"af83df35-9fa5-4bdd-8d8e-4b347d9125c4","47851836CCC2435CA6D8D85A41286F29","WOOD_009.mammalGrid.mam","D09","WOOD","WOOD_009","2014-07-23","2014-07-23",,,
"8999c779-eb44-4dba-8d92-1fc75f6fbc0b","F2A752FAB654429687F23215D04C9938","WOOD_002.mammalGrid.mam","D09","WOOD","WOOD_002","2014-07-23","2014-07-23",,,
"fce0af5d-b1fe-4d52-8fba-bb9a0f164bd7","AAAFBED3FF40427DB388C6B93D99BDBD","WOOD_009.mammalGrid.mam","D09","WOOD","WOOD_009","2014-07-24","2014-07-24",,,
"99788fd8-ec08-414e-bf60-a249abf04b1c","30E69B4DFFCB485489C1887D27BC45D4","WOOD_015.mammalGrid.mam","D09","WOOD","WOOD_015","2014-07-24","2014-07-24",,,
"d0ef3cbb-102b-48ac-a41a-7d2c0dc6a0d1","8F9781FA88DF49B0912177393A478D1A","WOOD_002.mammalGrid.mam","D09","WOOD","WOOD_002","2014-07-24","2014-07-24",,,
"b92cf638-95d7-4e1a-92ec-f1adb0ba0039","2CDC81F8DADD485486B1EFBFFC2BD309","WOOD_008.mammalGrid.mam","D09","WOOD","WOOD_008","2014-07-24","2014-07-24",,,
"8af0a996-e772-4d81-a6c8-67b859247cde","E77F02C54A394355A8B0CBC832A50F69","WOOD_006.mammalGrid.mam","D09","WOOD","WOOD_006","2014-07-25","2014-07-25",,,
"7149f1b6-3fff-4f74-a2e8-53fed0ba2474","9652C846C4FC44E3BCC64418D058B620","WOOD_013.mammalGrid.mam","D09","WOOD","WOOD_013","2014-07-25","2014-07-25",,,
"dbc42181-51f9-476a-b624-65e8c04fe6d8","035EB6B6B98F4EA08CE419F7259AF956","WOOD_011.mammalGrid.mam","D09","WOOD","WOOD_011","2014-07-25","2014-07-25",,,
"3c1e9aee-150b-450f-bf28-965357ea7690","5F909CE70E8B4080A897A0D0E4511F94","WOOD_001.mammalGrid.mam","D09","WOOD","WOOD_001","2014-07-25","2014-07-25",,,
"6dda5d3d-430d-4dbe-a309-3355ed325302","26A1560950C54AF98C21A1E23C951452","WOOD_011.mammalGrid.mam","D09","WOOD","WOOD_011","2014-07-26","2014-07-26",,,
"5f0cdf53-9381-4612-824c-97198aa2a20e","1EC73E779B954370B8539FC5B8F27D99","WOOD_001.mammalGrid.mam","D09","WOOD","WOOD_001","2014-07-26","2014-07-26",,,
"9b257f82-e127-466e-b50e-f6c84427b184","31FF101DC9FB4E5B9075030D36B2B781","WOOD_013.mammalGrid.mam","D09","WOOD","WOOD_013","2014-07-26","2014-07-26",,,
"5804a533-1405-47ff-9e81-4722f78ac472","F27D7852EF7F465AB58CF010AB15FD4A","WOOD_006.mammalGrid.mam","D09","WOOD","WOOD_006","2014-07-26","2014-07-26",,,
"31929e50-4372-403b-a709-63de1d37833e","DE7E370F59224EC8B704C485221B5491","WOOD_006.mammalGrid.mam","D09","WOOD","WOOD_006","2014-07-27","2014-07-27",,,
"91f2cbd5-311d-4173-97bb-dce2460cfce2","8F36793EC8D14D00B454CC3F6ED32C99","WOOD_013.mammalGrid.mam","D09","WOOD","WOOD_013","2014-07-27","2014-07-27",,,
"4d3fbc52-c5a6-422d-a28f-7e67fbc42382","C11F0F8897654EAEA61672A9CDB09CCC","WOOD_001.mammalGrid.mam","D09","WOOD","WOOD_001","2014-07-27","2014-07-27",,,
"f37ed962-e860-49c9-88ad-3cf03f0c5582","FFF2CF0B6D6441E3937C8A281E2CD683","WOOD_011.mammalGrid.mam","D09","WOOD","WOOD_011","2014-07-27","2014-07-27",,,
