uid,nightuid,namedLocation,domainID,siteID,plotID,collectDate,endDate,samplingProtocolVersion,remarks,dataQF
"7575cfe9-f35b-45d6-8000-0fd5856141cd","26C7E68362BC4EF8920E1155474CD2E0","WOOD_006.mammalGrid.mam","D09","WOOD","WOOD_006","2015-06-15","2015-06-15",,,
"47efd85f-0023-4d59-b9ea-e2960cb96f1a","379EA446DA504ACB80E6AC89632FF1AA","WOOD_015.mammalGrid.mam","D09","WOOD","WOOD_015","2015-06-15","2015-06-15",,"No captures",
"3b0f93f6-ed90-456e-b780-1301d0e39980","50D6866F91A94186AE91B2B9594EB9CB","WOOD_001.mammalGrid.mam","D09","WOOD","WOOD_001","2015-06-15","2015-06-15",,"COW DISTURBANCE",
"b53a7dec-7aa8-4638-bef6-7ec8c1ca176d","0E977469809E4662A5A8E6801266BCF1","WOOD_001.mammalGrid.mam","D09","WOOD","WOOD_001","2015-06-16","2015-06-16",,,
"a5f9af48-e7c6-4248-926f-e991117182d9","6CE42091182C4D3BB1767968DC8A0F24","WOOD_011.mammalGrid.mam","D09","WOOD","WOOD_011","2015-06-16","2015-06-16",,,
"defcf8ca-fe3b-48de-9f0f-43b69770fcdc","43102E7F0C75453B8A5247F0D41541B0","WOOD_009.mammalGrid.mam","D09","WOOD","WOOD_009","2015-06-16","2015-06-16",,,
"f3334160-c6d3-4d83-9088-306c047c663d","F252DBACDB204258B9EEC659006F2775","WOOD_002.mammalGrid.mam","D09","WOOD","WOOD_002","2015-06-16","2015-06-16",,"No captures",
"9119c256-49bc-498c-a87a-ad0366a66b3d","746B2FDD3D8646FE9E69F32FD3EDAF89","WOOD_009.mammalGrid.mam","D09","WOOD","WOOD_009","2015-06-17","2015-06-17",,,
"e0665468-844c-4d20-92ed-936c866a3a6e","00427B6F461C4F388E2CB06680C4C544","WOOD_002.mammalGrid.mam","D09","WOOD","WOOD_002","2015-06-17","2015-06-17",,,
"e0596b83-3b90-488d-9b20-039ffccb0694","1001C45133D1497CA075DF08E004BD0A","WOOD_013.mammalGrid.mam","D09","WOOD","WOOD_013","2015-06-17","2015-06-17",,,
"cc9310fa-7c0f-4ad1-aaa6-95f1010765db","3CDB9885D538421A9F9EF3F09A5C5C21","WOOD_001.mammalGrid.mam","D09","WOOD","WOOD_001","2015-06-17","2015-06-17",,,
"62657433-de2b-4930-91e3-fe4b6bb64e24","6F523EF1A9764CA7A7A86DCC5277D648","WOOD_009.mammalGrid.mam","D09","WOOD","WOOD_009","2015-06-18","2015-06-18",,,
"15804151-3531-4b70-9cb5-9bbe3b4d2120","9698591AFBDC485FBBD6B237275A5372","WOOD_002.mammalGrid.mam","D09","WOOD","WOOD_002","2015-06-18","2015-06-18",,,
"2834811b-9baf-4b74-961a-2310b339ae7d","66B48B9C21244629AE696807DA6B4C10","WOOD_008.mammalGrid.mam","D09","WOOD","WOOD_008","2015-06-18","2015-06-18",,,
