uid,nightuid,namedLocation,domainID,siteID,plotID,collectDate,endDate,samplingProtocolVersion,remarks,dataQF
"8245d0dd-7e7e-46ac-9e0f-8f2ff246a134","4556A23BE5DE4C49AF1AFC2EBCE7B536","STEI_005.mammalGrid.mam","D05","STEI","STEI_005","2016-05-26","2016-05-26","NEON.DOC.000481vG",,
"0992bdb1-2c8f-4374-9947-ee43583eca72","EC546051BC674343AFE20EB0F4BE9EB7","STEI_012.mammalGrid.mam","D05","STEI","STEI_012","2016-05-26","2016-05-26","NEON.DOC.000481vG",,
"ba3487ee-27cd-4717-9045-37a428edd001","153AB9A1E7F04996B5F4362C297C61DE","STEI_002.mammalGrid.mam","D05","STEI","STEI_002","2016-05-26","2016-05-26","NEON.DOC.000481vG",,
"2ec441c6-065d-4572-b8a7-9917eb548f46","D8B3604F54C74578A4583BBB5A89D55D","STEI_005.mammalGrid.mam","D05","STEI","STEI_005","2016-05-27","2016-05-27","NEON.DOC.000481vG",,
"bb7c0bb8-5520-4edf-b591-c032e500ffdb","CAA66712906E47E29DEFB6F2EC22C5A6","STEI_012.mammalGrid.mam","D05","STEI","STEI_012","2016-05-27","2016-05-27","NEON.DOC.000481vG",,
"a26056dd-76c3-4b78-9243-9835fa67d8b3","C108807E8B2E4B219D02676236B4D735","STEI_002.mammalGrid.mam","D05","STEI","STEI_002","2016-05-27","2016-05-27","NEON.DOC.000481vG",,
"3a27eb51-5589-4892-a902-eeadbaed5099","D5B3F4D750674B468DE76D256A568022","STEI_002.mammalGrid.mam","D05","STEI","STEI_002","2016-05-28","2016-05-28","NEON.DOC.000481vG",,
"c0aaf203-c68d-49d9-b540-7f3e459cea56","230D50CED9E2417F88C46F33272AA2DC","STEI_012.mammalGrid.mam","D05","STEI","STEI_012","2016-05-28","2016-05-28","NEON.DOC.000481vG",,
"4f93779e-fdc4-4034-a96d-d8b1d2dc8bed","C6010549F0CB45A3A79C2E529B58E369","STEI_005.mammalGrid.mam","D05","STEI","STEI_005","2016-05-28","2016-05-28","NEON.DOC.000481vG",,
