uid,nightuid,namedLocation,domainID,siteID,plotID,collectDate,endDate,samplingProtocolVersion,remarks,dataQF
"7f74f40c-238c-4508-8e0b-228c5ae3166c","69899348-6a97-492e-8012-457231c9e000","NIWO_002.mammalGrid.mam","D13","NIWO","NIWO_002","2017-06-27","2017-06-27",,,
"b1857db2-0959-4c03-86fb-9beb0bc0ac3e","0c3b9aaf-c8b5-441d-84a4-9304c12913ed","NIWO_007.mammalGrid.mam","D13","NIWO","NIWO_007","2017-06-27","2017-06-27",,,
"cb0a1a0a-cb96-4ac5-8b82-f08a3bc6f6d9","d927dfd5-efe6-4b9a-b03a-14abafbe563c","NIWO_023.mammalGrid.mam","D13","NIWO","NIWO_023","2017-06-27","2017-06-27",,,
"27bfc90e-7270-4522-a1ac-f06de22e9753","2af3e9e3-8e02-4025-b997-52d8d9e357d1","NIWO_001.mammalGrid.mam","D13","NIWO","NIWO_001","2017-06-27","2017-06-27",,,
"73f3f4e0-1e19-4fd3-8fe3-04e1df397e7e","37df2237-5dc7-493c-8f0e-81e5c8a4f40d","NIWO_005.mammalGrid.mam","D13","NIWO","NIWO_005","2017-06-28","2017-06-28",,,
"e1ce6969-98fe-4a7a-8f77-73010e191a70","a7f114ee-e173-426e-803e-70717f7d5be4","NIWO_025.mammalGrid.mam","D13","NIWO","NIWO_025","2017-06-28","2017-06-28",,,
"99e86edb-f763-4075-8a02-c52f29fecef3","2cf1dda3-c69b-499c-9133-81b369fca730","NIWO_002.mammalGrid.mam","D13","NIWO","NIWO_002","2017-06-28","2017-06-28",,,
"d2a600cf-231c-4585-874c-234712f80eb5","386f0a9c-4d81-49e7-86c6-dd171891a761","NIWO_023.mammalGrid.mam","D13","NIWO","NIWO_023","2017-06-28","2017-06-28",,,
"a9ee3dd5-af19-421b-aaf1-cddd5d5bd7ac","42824d27-1ad3-4026-9a4a-9d7290beb37c","NIWO_007.mammalGrid.mam","D13","NIWO","NIWO_007","2017-06-28","2017-06-28",,,
"2e7e02e7-4e60-40dc-bc67-ceb88897e6f3","c4b792f5-0c4c-49a5-bae3-e40847204ff7","NIWO_023.mammalGrid.mam","D13","NIWO","NIWO_023","2017-06-29","2017-06-29",,,
"7fe9a797-252d-4cdb-aa9e-73978507cefa","aafe5a02-e879-413a-93fb-bc5c4cc41ddb","NIWO_002.mammalGrid.mam","D13","NIWO","NIWO_002","2017-06-29","2017-06-29",,,
"0710723d-41e8-4d13-ac7b-123fd61d00a8","4cdd0907-091a-406b-a9f3-823eaf2015e1","NIWO_007.mammalGrid.mam","D13","NIWO","NIWO_007","2017-06-29","2017-06-29",,,
