uid,nightuid,namedLocation,domainID,siteID,plotID,collectDate,endDate,samplingProtocolVersion,remarks,dataQF
"e9354ee6-e988-41a4-be65-1d72df7e2ea6","2E458307AFD942B48101F2D4DD7E850F","NIWO_002.mammalGrid.mam","D13","NIWO","NIWO_002","2016-08-02","2016-08-02","NEON.DOC.000481vH",,
"13a8af51-1a53-4dee-9ece-63a51b5128b5","B7F670D59A594B9999625497DE3CD5B6","NIWO_007.mammalGrid.mam","D13","NIWO","NIWO_007","2016-08-02","2016-08-02","NEON.DOC.000481vH",,
"b09f626f-ede1-477e-a107-930f47110d52","01F72F1D3943421FA4E62E84211938F5","NIWO_023.mammalGrid.mam","D13","NIWO","NIWO_023","2016-08-02","2016-08-02","NEON.DOC.000481vH",,
"61b4cc98-35fe-47ce-99a6-e8dbe5400395","6A8391876C914C24B7EEB2181FBDEC2A","NIWO_002.mammalGrid.mam","D13","NIWO","NIWO_002","2016-08-03","2016-08-03","NEON.DOC.000481vH",,
"e713e5f0-a26d-404a-bfec-6c0daf59af77","A545625737614E6498DA388A65B6C27D","NIWO_007.mammalGrid.mam","D13","NIWO","NIWO_007","2016-08-03","2016-08-03","NEON.DOC.000481vH",,
"3f626b33-f7ab-4ea0-a647-be71dce32b72","E8D184E64F524DCA9636791FB06F535B","NIWO_001.mammalGrid.mam","D13","NIWO","NIWO_001","2016-08-03","2016-08-03","NEON.DOC.000481vH",,
"1e67d4ea-38c1-4fbe-afa5-5425b1afd350","7AF620B6A2344EFE931DD0B4BB0C5360","NIWO_025.mammalGrid.mam","D13","NIWO","NIWO_025","2016-08-03","2016-08-03","NEON.DOC.000481vH",,
"b905c2c2-e5e4-4d24-9b11-da83160c3239","CAA41C6307FD486DAE8F188938E8F847","NIWO_023.mammalGrid.mam","D13","NIWO","NIWO_023","2016-08-03","2016-08-03","NEON.DOC.000481vH",,
"bf0e33ea-a048-4bc5-a9ed-893fbfafd7d6","A9F7D8A9F6A54AC9988D79AC00842C52","NIWO_002.mammalGrid.mam","D13","NIWO","NIWO_002","2016-08-04","2016-08-04","NEON.DOC.000481vH",,
"b0b7d6ba-9045-4b7a-88a0-0a3b2836c8a4","5F00445B1D794C038AB6E7506440A54F","NIWO_007.mammalGrid.mam","D13","NIWO","NIWO_007","2016-08-04","2016-08-04","NEON.DOC.000481vH",,
"266ceb2b-3ee5-491e-b7a4-110e718ca54e","AC3C785D3B32421791EA92DFE154077D","NIWO_023.mammalGrid.mam","D13","NIWO","NIWO_023","2016-08-04","2016-08-04","NEON.DOC.000481vH",,
"55d4975a-fba8-4643-99dd-be11a95e0c2c","64A0AFDEEBFE459083D884E1A05AA6FB","NIWO_005.mammalGrid.mam","D13","NIWO","NIWO_005","2016-08-04","2016-08-04","NEON.DOC.000481vH",,
"a2e34aa6-9809-43fb-8cc3-07544375d5c0","15FAD23DA75A4229B5ACF6E62A985308","NIWO_007.mammalGrid.mam","D13","NIWO","NIWO_007","2016-08-30","2016-08-30","NEON.DOC.000481vH",,
"3b38a8a1-80d6-482b-a27f-58a73dc57358","6563C2FB07C04E468BDF117465A356BB","NIWO_002.mammalGrid.mam","D13","NIWO","NIWO_002","2016-08-30","2016-08-30","NEON.DOC.000481vH",,
"f8aafa02-a3e4-4077-a2d3-8b1c0535587a","48A5F471006C4560BA43C8F07ED947E7","NIWO_023.mammalGrid.mam","D13","NIWO","NIWO_023","2016-08-30","2016-08-30","NEON.DOC.000481vH",,
"8d36623e-86c5-42fb-8403-4fcd4fcfbae4","06E186276FD947BDBF095FFB0EEC5616","NIWO_001.mammalGrid.mam","D13","NIWO","NIWO_001","2016-08-30","2016-08-30","NEON.DOC.000481vH",,
