uid,nightuid,namedLocation,domainID,siteID,plotID,collectDate,endDate,samplingProtocolVersion,remarks,dataQF
"746ecfef-d9c6-491c-93ec-e285a1b9e496","4F1A05B2AEB345098BCE0DAED99A3BB8","JERC_005.mammalGrid.mam","D03","JERC","JERC_005","2016-10-25","2016-10-25","NEON.DOC.000481vH",,
"59ed52ef-ac2c-46b0-985d-ab34fac03c14","7129846F5C3F465DA023923D430AE860","JERC_003.mammalGrid.mam","D03","JERC","JERC_003","2016-10-25","2016-10-25","NEON.DOC.000481vH",,
"602d510b-5716-45d6-9a54-19fb3941cac3","8BE936437137445B84BD18D2A7652621","JERC_002.mammalGrid.mam","D03","JERC","JERC_002","2016-10-25","2016-10-25","NEON.DOC.000481vH",,
"a82ba52f-7220-4d38-a7d6-fc239117d274","0B8A0D634746473DAA455C51CCAD1866","JERC_009.mammalGrid.mam","D03","JERC","JERC_009","2016-10-25","2016-10-25","NEON.DOC.000481vH",,
"2f83dd87-89df-406b-8d94-c41e3966de3b","8FABE5353EEA49CBAF52E68713CA919A","JERC_005.mammalGrid.mam","D03","JERC","JERC_005","2016-10-26","2016-10-26","NEON.DOC.000481vH",,
"7ebe2530-cac9-470e-8098-94645accca87","FD4AB4FE1A9C4F71BBEEBE783D98F148","JERC_009.mammalGrid.mam","D03","JERC","JERC_009","2016-10-26","2016-10-26","NEON.DOC.000481vH",,
"97eb40eb-8629-464e-adfd-7767d4c3dd06","BDD1BEA0C7AF40B0AFA0497942C0604D","JERC_006.mammalGrid.mam","D03","JERC","JERC_006","2016-10-26","2016-10-26","NEON.DOC.000481vH",,
"0915a80e-ac22-4412-b48c-ce493fbf08f0","D8A105201A7C40F7AA19E20145A47425","JERC_003.mammalGrid.mam","D03","JERC","JERC_003","2016-10-26","2016-10-26","NEON.DOC.000481vH",,
"f75cbb04-f9dc-4c86-b976-45df90423f61","071E5F4D398D46BB80FFC607B05A08F1","JERC_005.mammalGrid.mam","D03","JERC","JERC_005","2016-10-27","2016-10-27","NEON.DOC.000481vH",,
"6a1f44a9-fd1f-4317-accc-d22a0360b3f0","61678A3C9A564FD384B96356186B334C","JERC_019.mammalGrid.mam","D03","JERC","JERC_019","2016-10-27","2016-10-27","NEON.DOC.000481vH",,
"d65bd2bf-3405-41e6-ab02-da3cceff7b80","09A9982CF0F742139F9D96A930CA0A04","JERC_003.mammalGrid.mam","D03","JERC","JERC_003","2016-10-27","2016-10-27","NEON.DOC.000481vH",,
"41f37568-31d7-48a6-9f13-32047846aa8b","E2B889A68EE34AD49B14EAFDB2668901","JERC_009.mammalGrid.mam","D03","JERC","JERC_009","2016-10-27","2016-10-27","NEON.DOC.000481vH",,
