uid,nightuid,namedLocation,domainID,siteID,plotID,collectDate,endDate,samplingProtocolVersion,remarks,dataQF
"7ea8a093-79b3-427f-ba21-7ee73257d100","1B2F6FE6F2A74806A81E35FD800CEB0C","UNDE_012.mammalGrid.mam","D05","UNDE","UNDE_012","2016-07-01","2016-07-01","NEON.DOC.000481vH",,
"d6a49b4a-6e7c-4d51-bfc0-1f690e4e7a5a","A6D5D8C90D374564B63BAF11AECB35EB","UNDE_032.mammalGrid.mam","D05","UNDE","UNDE_032","2016-07-01","2016-07-01","NEON.DOC.000481vH",,
"05801948-5886-4669-97c8-807ff8581987","D1FBB828D7374692968DB80761C452A1","UNDE_027.mammalGrid.mam","D05","UNDE","UNDE_027","2016-07-01","2016-07-01","NEON.DOC.000481vH",,
"d2001059-5d7b-44d5-9378-78279c8c96ee","3F18A5BA13F940C3978B4223853D0F35","UNDE_002.mammalGrid.mam","D05","UNDE","UNDE_002","2016-07-06","2016-07-06","NEON.DOC.000481vH","No captures",
"577905eb-60ca-4dba-b499-6bfbbb9e9988","E9B9FE9634A24D99988935B42EED3BD4","UNDE_001.mammalGrid.mam","D05","UNDE","UNDE_001","2016-07-06","2016-07-06","NEON.DOC.000481vH",,
"c01953dc-eb1f-4dee-b416-c796cc0f9b6c","75991B54ED6548F7872A7478D797018B","UNDE_003.mammalGrid.mam","D05","UNDE","UNDE_003","2016-07-07","2016-07-07","NEON.DOC.000481vH",,
"7cf193dc-19b8-4ed8-9875-a5b59f7418d6","54DD062225D242BA9A111F8651C4A48B","UNDE_008.mammalGrid.mam","D05","UNDE","UNDE_008","2016-07-07","2016-07-07","NEON.DOC.000481vH",,
