uid,nightuid,namedLocation,domainID,siteID,plotID,collectDate,endDate,samplingProtocolVersion,remarks,dataQF
"92d4969c-17a2-4cb7-b4ba-1db0f2039685","73e5c2ef-46d7-4906-97b7-2ff49f9e38ab","SRER_014.mammalGrid.mam","D14","SRER","SRER_014","2018-09-12","2018-09-12","NEON.DOC.000481vK",,
"0adbb8e6-98b6-4167-89de-ffdaf4ae2c85","55a7591d-526d-4a5a-9618-733e07fc89af","SRER_007.mammalGrid.mam","D14","SRER","SRER_007","2018-09-12","2018-09-12","NEON.DOC.000481vK",,
"2e09b782-264d-4fad-be7f-cf9ee0779997","659a9de0-558f-4543-a232-1fc7ababb3eb","SRER_008.mammalGrid.mam","D14","SRER","SRER_008","2018-09-13","2018-09-13","NEON.DOC.000481vK",,
"72215f16-50d0-4e76-882a-7a941d90cd0a","f33713f1-3dbc-4c55-92b8-7296fed59846","SRER_007.mammalGrid.mam","D14","SRER","SRER_007","2018-09-13","2018-09-13","NEON.DOC.000481vK",,
"02c54628-d209-4513-b237-44d66a0a9036","e3b0c7fb-17a5-4e4f-ac73-86533517b846","SRER_009.mammalGrid.mam","D14","SRER","SRER_009","2018-09-14","2018-09-14","NEON.DOC.000481vK",,
"b355751b-4baf-4271-8537-28f490f11062","5ab64769-b586-4759-8b72-f7eac7f8b6ea","SRER_007.mammalGrid.mam","D14","SRER","SRER_007","2018-09-14","2018-09-14","NEON.DOC.000481vK",,
"b451bc2c-9f8b-4128-8694-033ab6249131","7aeb88b7-29bb-4664-99e7-248ccea714b4","SRER_012.mammalGrid.mam","D14","SRER","SRER_012","2018-09-15","2018-09-15","NEON.DOC.000481vK",,
"c467cbb3-1639-410e-a3e3-8efa305b0e78","c6763d5c-f385-4c8f-be09-72af15c64d28","SRER_005.mammalGrid.mam","D14","SRER","SRER_005","2018-09-15","2018-09-15","NEON.DOC.000481vK",,
"dbadb04b-2838-46d2-b85d-dd1bda46a4e6","22de48a5-0dd5-4700-99cd-ea2308f91d6f","SRER_012.mammalGrid.mam","D14","SRER","SRER_012","2018-09-16","2018-09-16","NEON.DOC.000481vK",,
"a60ae901-7881-4266-9496-6134842cfd71","2c5e41e3-4bb4-4d5e-a840-436fd6a579bf","SRER_005.mammalGrid.mam","D14","SRER","SRER_005","2018-09-16","2018-09-16","NEON.DOC.000481vK",,
"72b83772-999d-45f6-ba41-2ce97de543d1","2719dcb1-eb60-4641-9590-9d7414c965fc","SRER_005.mammalGrid.mam","D14","SRER","SRER_005","2018-09-17","2018-09-17","NEON.DOC.000481vK",,
"c1885f28-7074-4b63-8910-40fab25a4da7","1a3fa350-fd01-4364-b504-fd8f63891bca","SRER_012.mammalGrid.mam","D14","SRER","SRER_012","2018-09-17","2018-09-17","NEON.DOC.000481vK",,
