uid,nightuid,namedLocation,domainID,siteID,plotID,collectDate,endDate,samplingProtocolVersion,remarks,dataQF
"165bbbaa-932b-4093-b333-0abcf52a4ec7","3ddee552-ef3a-4269-bae0-e9fd1c9cc851","WREF_005.mammalGrid.mam","D16","WREF","WREF_005","2018-09-14","2018-09-14","NEON.DOC.000481vK",,
"61da5b75-4f6b-4044-84be-feb193c064be","a5e1f13c-475e-41e6-b20f-25e8a8624337","WREF_001.mammalGrid.mam","D16","WREF","WREF_001","2018-09-14","2018-09-14","NEON.DOC.000481vK",,
"06c59365-1fcb-4cd6-901f-d4483e3fb5c2","429c7208-a8aa-49d5-b433-00d7f864a996","WREF_011.mammalGrid.mam","D16","WREF","WREF_011","2018-09-14","2018-09-14","NEON.DOC.000481vK",,
"2c9ab06d-90e3-4158-b199-d4a34cdbd8b0","2c5a1dc6-ccad-4438-b7de-a9f157898737","WREF_007.mammalGrid.mam","D16","WREF","WREF_007","2018-09-15","2018-09-15","NEON.DOC.000481vK",,
"04c65a75-283b-4c2f-9fb7-771768dbe557","1dd18d23-a4eb-4964-ab98-e8a956848716","WREF_003.mammalGrid.mam","D16","WREF","WREF_003","2018-09-15","2018-09-15","NEON.DOC.000481vK",,
"75216986-8255-4a51-842f-5abb4ee075b9","787e00b1-dd38-41e3-bca0-30094adc5900","WREF_011.mammalGrid.mam","D16","WREF","WREF_011","2018-09-15","2018-09-15","NEON.DOC.000481vK",,
"b79d2241-086b-478a-9f92-52553fed1bc6","a90eb445-00cf-4731-9027-b314b36b7813","WREF_012.mammalGrid.mam","D16","WREF","WREF_012","2018-09-15","2018-09-15","NEON.DOC.000481vK",,
"c6038837-b749-4526-a9df-49f46982cb26","555487a7-5e74-4163-a426-2193b8e29bb8","WREF_010.mammalGrid.mam","D16","WREF","WREF_010","2018-09-17","2018-09-17","NEON.DOC.000481vK",,
"a574ca0c-bd58-4c35-8f31-225eacf9c634","fb818f9b-3121-48cc-8fa0-a737f44da551","WREF_003.mammalGrid.mam","D16","WREF","WREF_003","2018-09-17","2018-09-17","NEON.DOC.000481vK",,
"a0eb3ac0-53c2-4d48-a2ed-c8e798129910","95416e88-0f11-4b58-a1ff-ed4c9ad504e2","WREF_011.mammalGrid.mam","D16","WREF","WREF_011","2018-09-17","2018-09-17","NEON.DOC.000481vK",,
"8dc6bb1a-d703-499c-898b-5db76d78e832","17a44a7d-a28b-419b-96f9-5f927e14b222","WREF_004.mammalGrid.mam","D16","WREF","WREF_004","2018-09-18","2018-09-18","NEON.DOC.000481vK",,
"f91bc37d-1d3c-4abd-9d8e-5679828838df","67287bbd-fc5e-4b9a-b313-1c005bfc61db","WREF_003.mammalGrid.mam","D16","WREF","WREF_003","2018-09-18","2018-09-18","NEON.DOC.000481vK",,
