uid,nightuid,namedLocation,domainID,siteID,plotID,collectDate,endDate,samplingProtocolVersion,remarks,dataQF
"974789a9-bcc2-436a-a433-e520e92f87fe","9F56DAB3ADDA43FDBAFF8519D6512142","OSBS_002.mammalGrid.mam","D03","OSBS","OSBS_002","2013-10-01","2013-10-01",,,
"6649b017-d1af-46bb-bc85-3de77f94a1be","C0395D642B334F1DA4ACA99918A4E03B","OSBS_012.mammalGrid.mam","D03","OSBS","OSBS_012","2013-10-01","2013-10-01",,,
"6ca05a4e-cc13-452f-a471-1153a2275568","74648AE297E24F9F9EF8708F19CF4A1C","OSBS_023.mammalGrid.mam","D03","OSBS","OSBS_023","2013-10-01","2013-10-01",,,
"bd7218e4-c635-426d-b884-3df28912ce60","DD6037506D19416EA419C04A8751E48B","OSBS_023.mammalGrid.mam","D03","OSBS","OSBS_023","2013-10-02","2013-10-02",,,
"07bd6537-2d7c-4f2c-b542-d1d587c37967","18128C92E2AB4E58A3A91724693BE534","OSBS_002.mammalGrid.mam","D03","OSBS","OSBS_002","2013-10-02","2013-10-02",,,
"e1933062-4496-4ff6-abf9-7aaf5321a9f8","52E3661EBBF74E1FBF4F43C4EAB213F6","OSBS_023.mammalGrid.mam","D03","OSBS","OSBS_023","2013-10-03","2013-10-03",,,
"d4ccc702-f3ce-43a9-8608-bb8ecb1c87e9","005D98DE09BA47B49231DB16B47A9659","OSBS_002.mammalGrid.mam","D03","OSBS","OSBS_002","2013-10-03","2013-10-03",,,
