uid,nightuid,namedLocation,domainID,siteID,plotID,collectDate,endDate,samplingProtocolVersion,remarks,dataQF
"4eba8a78-c701-47d8-ab60-69b91ddecbb6","1BE0A6B394FD40ED8200EC4C23EDDF71","GRSM_033.mammalGrid.mam","D07","GRSM","GRSM_033","2016-08-02","2016-08-02","NEON.DOC.000481vH",,
"99de6c37-0b15-4f19-b29c-d020dd8288e6","8E5354D13AFB471BACDBFF1D1117A02B","GRSM_015.mammalGrid.mam","D07","GRSM","GRSM_015","2016-08-02","2016-08-02","NEON.DOC.000481vH",,
"2201d25d-8207-43cc-b6b6-46044cc889bc","D0785864F95542F4B6BB5F3BBA3B10F5","GRSM_013.mammalGrid.mam","D07","GRSM","GRSM_013","2016-08-02","2016-08-02","NEON.DOC.000481vH",,
"234e12e8-9929-4a6d-aece-78a4734a898e","94BDD5600ED44A1096EA44BA407A3242","GRSM_020.mammalGrid.mam","D07","GRSM","GRSM_020","2016-08-03","2016-08-03","NEON.DOC.000481vH",,
"cd2a62f9-7a60-41cf-9edc-cd049ef1e2ce","5F700A2CFFB4439C8649AF44FEEB7B6C","GRSM_014.mammalGrid.mam","D07","GRSM","GRSM_014","2016-08-03","2016-08-03","NEON.DOC.000481vH",,
"f32b0c24-0040-4407-be58-4aa43e708f5c","F41F9AD90A1C46CC9588AB374CDF62E7","GRSM_003.mammalGrid.mam","D07","GRSM","GRSM_003","2016-08-03","2016-08-03","NEON.DOC.000481vH",,
"11b5d8a9-1b1f-47b8-bc88-0fb64a838c2b","2D679871842F4B21AC25F0AE2268435A","GRSM_003.mammalGrid.mam","D07","GRSM","GRSM_003","2016-08-04","2016-08-04","NEON.DOC.000481vH","plot closed due to bear disturbance",
"bebec55e-15a7-4f9f-8799-a46ea5b12cdc","A6C1197D2C98429BB2815D9B96C434BA","GRSM_014.mammalGrid.mam","D07","GRSM","GRSM_014","2016-08-04","2016-08-04","NEON.DOC.000481vH","plot closed for the remainder of bout due to bear disturbance",
"af6b5f73-6fa0-42f8-afc9-337ee56df697","87F2449E109C411F81DBCB71DAC6CC6F","GRSM_020.mammalGrid.mam","D07","GRSM","GRSM_020","2016-08-04","2016-08-04","NEON.DOC.000481vH",,
"6c769407-ef46-462c-9d6c-86d49790a7a7","04B36B1EDA594EE592C42EF6E6007F61","GRSM_020.mammalGrid.mam","D07","GRSM","GRSM_020","2016-08-05","2016-08-05","NEON.DOC.000481vH",,
"45bab605-3ded-45da-ba65-70a8c6da09e9","9A1823F015444DFABBCB14B56328E9B5","GRSM_069.mammalGrid.mam","D07","GRSM","GRSM_069","2016-08-05","2016-08-05","NEON.DOC.000481vH",,
