uid,nightuid,namedLocation,domainID,siteID,plotID,collectDate,endDate,samplingProtocolVersion,remarks,dataQF
"7e39b54b-689a-46fc-8c1f-20fd4897ddbe","2DAB6B22C01B4A5CB5A21E02C3E0D353","ONAQ_005.mammalGrid.mam","D15","ONAQ","ONAQ_005","2016-08-05","2016-08-05","NEON.DOC.000481vH",,
"0530a41a-41ff-4cbe-895a-01529d369e08","22CA85D00B354A7BB18C45F705396A47","ONAQ_020.mammalGrid.mam","D15","ONAQ","ONAQ_020","2016-08-05","2016-08-05","NEON.DOC.000481vH",,
"60d75937-8fee-443a-aace-cf4a80c91e95","F4A01D802F0C4BD899F19DB488793F66","ONAQ_003.mammalGrid.mam","D15","ONAQ","ONAQ_003","2016-08-05","2016-08-05","NEON.DOC.000481vH",,
"1f23e644-8e7b-4750-8ab0-33b5a5560d66","99C44DB052784611A1CA0A5E30581941","ONAQ_003.mammalGrid.mam","D15","ONAQ","ONAQ_003","2016-08-07","2016-08-07","NEON.DOC.000481vH",,
"811a3848-4cd3-43ed-a78c-7f4e8b65ed08","C131F99BD6DE468D9C2888A96DF232B7","ONAQ_020.mammalGrid.mam","D15","ONAQ","ONAQ_020","2016-08-07","2016-08-07","NEON.DOC.000481vH",,
"c78de5e5-7bc7-4898-b8ac-3fb9dcfb2d6c","F5FA87035BEA4F1DB0ABD4709F5C7D09","ONAQ_005.mammalGrid.mam","D15","ONAQ","ONAQ_005","2016-08-07","2016-08-07","NEON.DOC.000481vH",,
"8775734b-32ed-4f13-883a-3c90aa146221","D881F39CDBEC4F17A353F87CA86FA4DA","ONAQ_003.mammalGrid.mam","D15","ONAQ","ONAQ_003","2016-08-08","2016-08-08","NEON.DOC.000481vH",,
"4c64ff92-2730-4849-9284-a7552101e217","2C7EDFB0419842ACACCA0842DC856C29","ONAQ_020.mammalGrid.mam","D15","ONAQ","ONAQ_020","2016-08-08","2016-08-08","NEON.DOC.000481vH",,
"d3bea4ab-8f41-4040-b504-97fd1923f43f","5CD77B989EB3491E827A98F66A321634","ONAQ_005.mammalGrid.mam","D15","ONAQ","ONAQ_005","2016-08-08","2016-08-08","NEON.DOC.000481vH",,
"b6900833-79cb-4e16-ab02-35160fc7bdfd","610A1808B50B4B1BA40C483E4156D657","ONAQ_023.mammalGrid.mam","D15","ONAQ","ONAQ_023","2016-08-09","2016-08-09","NEON.DOC.000481vH",,
"6c166abf-8d16-4217-8258-f2ac1ed20557","8FB4DBE4956C4FEB94A8ED90AC14D9F0","ONAQ_004.mammalGrid.mam","D15","ONAQ","ONAQ_004","2016-08-09","2016-08-09","NEON.DOC.000481vH",,
"07086744-4316-45a5-9149-a3dab0ed07ed","513B3F198CF24AC7BAA4B66114791244","ONAQ_019.mammalGrid.mam","D15","ONAQ","ONAQ_019","2016-08-09","2016-08-09","NEON.DOC.000481vH",,
