uid,nightuid,namedLocation,domainID,siteID,plotID,collectDate,endDate,samplingProtocolVersion,remarks,dataQF
"d072227c-677c-4a81-9bbe-2a34542ab197","669C288F883346C48A41E3425485750E","JORN_018.mammalGrid.mam","D14","JORN","JORN_018","2016-11-02","2016-11-02","NEON.DOC.000481vH",,
"f69c5a0b-7f2e-4a19-8be6-129a2bb8cc6e","B6AF793E526445E3A9F8ADD023DD4B14","JORN_017.mammalGrid.mam","D14","JORN","JORN_017","2016-11-02","2016-11-02","NEON.DOC.000481vH",,
"454e7f78-1f6b-485f-b651-915b8f03aad2","F44D8CE4101C46EDA452C5647E186FEF","JORN_007.mammalGrid.mam","D14","JORN","JORN_007","2016-11-02","2016-11-02","NEON.DOC.000481vD",,
"c14f8a59-b2fa-44b5-867b-4b5b5d4bffd5","7FB7354B1E174190B2BA59E697D8AF49","JORN_018.mammalGrid.mam","D14","JORN","JORN_018","2016-11-03","2016-11-03","NEON.DOC.000481vH",,
"35092f37-5d83-44f5-b178-52b8e56f5005","73652829055F4E40885082C49E4941D6","JORN_017.mammalGrid.mam","D14","JORN","JORN_017","2016-11-03","2016-11-03","NEON.DOC.000481vH",,
"e40fb1f2-7a77-43e3-843f-27d0ed9b18ee","02315794F43B4F0C83AA7C9A37021C63","JORN_001.mammalGrid.mam","D14","JORN","JORN_001","2016-11-03","2016-11-03","NEON.DOC.000481vH",,
"3d20b5c8-df44-427e-ab79-3ee6a5d28d96","323CBC46B3DC46398CABED3F3D0F37E1","JORN_018.mammalGrid.mam","D14","JORN","JORN_018","2016-11-04","2016-11-04","NEON.DOC.000481vD",,
"d11d4039-0acb-48ad-bc51-cbc6d34c5597","D854DF07300E4E9D8E2149ED47EF6E38","JORN_017.mammalGrid.mam","D14","JORN","JORN_017","2016-11-04","2016-11-04","NEON.DOC.000481vH",,
"9b46b559-56b2-44f2-9ceb-2ca24647bbc5","C36F0A8950184B968BC2BBDC1CDD235C","JORN_001.mammalGrid.mam","D14","JORN","JORN_001","2016-11-04","2016-11-04","NEON.DOC.000481vH",,
"04ba7e01-ad2b-41a7-a834-ca782cb67286","794A3275CE3C42B29882397BDC985FCC","JORN_031.mammalGrid.mam","D14","JORN","JORN_031","2016-11-05","2016-11-05","NEON.DOC.000481vH","due to severe wind and rain, large number of disturbed traps.",
"da3ac6e4-85b3-41e0-827c-b1e7576679c6","6E62D175765749708097C9FC5DD6CA54","JORN_001.mammalGrid.mam","D14","JORN","JORN_001","2016-11-05","2016-11-05","NEON.DOC.000481vH","Severe wind/rain resulted in a high number of disturbed traps.",
"214d9ae0-89a1-465e-9c32-e5a3f5e8f1a2","E2CC6D68F6554192BF5007CF4EEB7B4F","JORN_011.mammalGrid.mam","D14","JORN","JORN_011","2016-11-05","2016-11-05","NEON.DOC.000481vD",,
