uid,nightuid,namedLocation,domainID,siteID,plotID,collectDate,endDate,samplingProtocolVersion,remarks,dataQF
"f4aa5a07-3ecf-4ba7-84a4-ad0aa55510c7","89868af4-a1d7-4671-85e3-e9680c33e2f1","ORNL_001.mammalGrid.mam","D07","ORNL","ORNL_001","2017-08-15","2017-08-15","NEON.DOC.000481vJ",,
"e760d1fd-4d3c-4198-ba62-f27a6c9c571f","87e17c44-baf6-4c7e-9b2a-01251c31672c","ORNL_039.mammalGrid.mam","D07","ORNL","ORNL_039","2017-08-15","2017-08-15","NEON.DOC.000481vJ",,
"6244ba5b-d12b-4492-9f89-0bb4ff22a484","8db7863c-a36d-4eec-b1ee-63c8681d7c5d","ORNL_002.mammalGrid.mam","D07","ORNL","ORNL_002","2017-08-15","2017-08-15","NEON.DOC.000481vJ",,
"a2e48fae-3900-4bde-8700-fd506a0a9dae","b80c4fec-ac8c-49ba-95dd-da8f5b3fe528","ORNL_003.mammalGrid.mam","D07","ORNL","ORNL_003","2017-08-15","2017-08-15","NEON.DOC.000481vJ",,
"f3cd2e64-fb70-4e00-9055-519c7f4067ac","fd71d806-b656-499f-92ee-07209797aed8","ORNL_001.mammalGrid.mam","D07","ORNL","ORNL_001","2017-08-16","2017-08-16","NEON.DOC.000481vJ",,
"163c5f30-ac4e-476a-8d45-6192704881a0","2575f7fe-c24f-4428-9562-f047fde5c5b9","ORNL_003.mammalGrid.mam","D07","ORNL","ORNL_003","2017-08-16","2017-08-16","NEON.DOC.000481vJ",,
"d1c61e2b-7b0f-4a53-9446-57564ca4c3aa","16e51ff0-5936-416e-868e-f68eca7c2f49","ORNL_007.mammalGrid.mam","D07","ORNL","ORNL_007","2017-08-16","2017-08-16","NEON.DOC.000481vJ",,
"86bb212a-14ba-4b24-96ce-fe7db4de871c","111f44f8-4d6e-4fa5-bfc4-2d4e7bbaa912","ORNL_002.mammalGrid.mam","D07","ORNL","ORNL_002","2017-08-16","2017-08-16","NEON.DOC.000481vJ",,
"328064c1-d6c7-4ad7-a5c6-cb67d877fe95","78dc3ad4-6d6a-4988-aac8-dee6a290929d","ORNL_027.mammalGrid.mam","D07","ORNL","ORNL_027","2017-08-17","2017-08-17","NEON.DOC.000481vJ",,
"59af3366-00a4-44aa-93c8-97f517bb580b","8aa8307a-e5d7-416e-b2fa-6840155299df","ORNL_003.mammalGrid.mam","D07","ORNL","ORNL_003","2017-08-17","2017-08-17","NEON.DOC.000481vJ",,
"bac44d41-cb29-4431-a5a6-3810398f9260","1de22d74-571b-4712-8303-732c6e74d157","ORNL_001.mammalGrid.mam","D07","ORNL","ORNL_001","2017-08-17","2017-08-17","NEON.DOC.000481vJ",,
"9de56522-33fd-40c7-8936-483727a920f8","f7810ab5-0ff5-4000-91fe-5bb20679115c","ORNL_002.mammalGrid.mam","D07","ORNL","ORNL_002","2017-08-17","2017-08-17","NEON.DOC.000481vJ",,
