uid,nightuid,namedLocation,domainID,siteID,plotID,collectDate,endDate,samplingProtocolVersion,remarks,dataQF
"8e4963cb-3097-46c1-8121-26dca1b1cde3","8E0C871AC1F4401682B13058E6C5FF13","MOAB_025.mammalGrid.mam","D13","MOAB","MOAB_025","2015-08-07","2015-08-07",,,
"8b013c0c-35cf-461e-bc30-971ad4217015","548260B4EA51419687ADC6BECA2B4824","MOAB_009.mammalGrid.mam","D13","MOAB","MOAB_009","2015-08-07","2015-08-07",,,
"c2505cf8-5f0c-4751-8cfd-f16ae3aacf3f","9D776267BEE74148A776989444333262","MOAB_002.mammalGrid.mam","D13","MOAB","MOAB_002","2015-08-07","2015-08-07",,,
"172ce946-dca7-477c-819f-273fb379f83c","A9FED8502D3B4F41BEBB96B30BCA5DEB","MOAB_009.mammalGrid.mam","D13","MOAB","MOAB_009","2015-08-08","2015-08-08",,,
"5368c6e2-a317-47bd-a647-575f5df2a882","5BD0767A8E7445D8B5532246752A8191","MOAB_002.mammalGrid.mam","D13","MOAB","MOAB_002","2015-08-08","2015-08-08",,,
"4106ce2a-08ca-405d-8868-06b81527e046","DA672CEDFDCE44E79A7E763F6205076F","MOAB_025.mammalGrid.mam","D13","MOAB","MOAB_025","2015-08-09","2015-08-09",,,
"4b9695d6-d270-4ba4-a108-a91852756d0b","930341097CEE4B9785A666DB54D4AA6F","MOAB_009.mammalGrid.mam","D13","MOAB","MOAB_009","2015-08-09","2015-08-09",,"Most animals at this plot were returned without processing due to 5 mortalities. For details, see detailed description of incident on data sheet.",
"923b4f2d-b8bd-4d65-8346-11f6682331af","A205199A3CF14AF2B5CD555140EC3933","MOAB_002.mammalGrid.mam","D13","MOAB","MOAB_002","2015-08-09","2015-08-09",,,
"1093acf6-eb10-40ed-8979-de9e65e058bd","3A5A7AE3F6C94B64867572B1DAC9FA2B","MOAB_006.mammalGrid.mam","D13","MOAB","MOAB_006","2015-08-10","2015-08-10",,,
"1fcf5955-2ad4-4418-b1bb-a05205d3fd94","4D56A71D32834174B900C4D588ABC6A9","MOAB_025.mammalGrid.mam","D13","MOAB","MOAB_025","2015-08-10","2015-08-10",,,
"72e39212-9191-46b5-af32-312d06e2a532","91217A2BA4604CC3A2C3994585C62CB9","MOAB_004.mammalGrid.mam","D13","MOAB","MOAB_004","2015-08-10","2015-08-10",,,
