uid,nightuid,namedLocation,domainID,siteID,plotID,collectDate,endDate,samplingProtocolVersion,remarks,dataQF
"42c44067-806e-4b1f-82ef-af8371913ae2","4cd51b85-5faf-487a-a368-4165ce2b8bb5","CPER_009.mammalGrid.mam","D10","CPER","CPER_009","2018-04-10","2018-04-10","NEON.DOC.000481vK","No captures",
"fe7173c4-0589-4695-a5a2-b17a19024edb","d00f28dd-58f9-42a5-bec2-983e8e140d25","CPER_015.mammalGrid.mam","D10","CPER","CPER_015","2018-04-10","2018-04-10","NEON.DOC.000481vK",,
"040a7d8e-4c0e-4884-bb55-5297971f78f0","f3efbd44-6b59-40cb-9254-3537f6e332a1","CPER_011.mammalGrid.mam","D10","CPER","CPER_011","2018-04-10","2018-04-10","NEON.DOC.000481vK","No captures",
"0440d27e-4332-44f7-b164-93cee4dc3bcc","e600fba2-6127-49fd-a93a-80c3c9a8cc13","CPER_005.mammalGrid.mam","D10","CPER","CPER_005","2018-04-10","2018-04-10","NEON.DOC.000481vK",,
"21907add-76ee-45a4-b2e0-294d093b114c","677a9fc8-4a7f-4871-88dc-35faea4390c6","CPER_006.mammalGrid.mam","D10","CPER","CPER_006","2018-04-10","2018-04-10","NEON.DOC.000481vK","No captures",
"a757db2e-c939-4cd0-b8e9-e0ac47a65a40","dc9a5335-9ef5-4df8-a6e9-2db993b20588","CPER_008.mammalGrid.mam","D10","CPER","CPER_008","2018-04-11","2018-04-11","NEON.DOC.000481vK",,
"32c89600-0308-4496-8bb2-513922ac039a","127e65cc-1754-4aca-97d1-a641a69f2530","CPER_002.mammalGrid.mam","D10","CPER","CPER_002","2018-04-11","2018-04-11","NEON.DOC.000481vK","No captures",
"9287e9cb-07f1-445d-8d23-7adcef0a01d8","91e5966e-06bd-4d28-a2c4-c16e874c9227","CPER_011.mammalGrid.mam","D10","CPER","CPER_011","2018-04-11","2018-04-11","NEON.DOC.000481vK",,
"e48b48f2-5277-4469-8965-390a107ec01e","e0f4afe5-7618-47f3-a0d5-ad1cef033236","CPER_015.mammalGrid.mam","D10","CPER","CPER_015","2018-04-11","2018-04-11","NEON.DOC.000481vK",,
"4765877b-d2b3-4623-b6c5-ad55302fc3c7","474bd7f8-c293-43d6-9702-42809759bc9d","CPER_005.mammalGrid.mam","D10","CPER","CPER_005","2018-04-11","2018-04-11","NEON.DOC.000481vK",,
"da81e686-e89e-41ac-923b-cb22e32646b7","924fa1bd-c462-4420-af85-9508b027682a","CPER_005.mammalGrid.mam","D10","CPER","CPER_005","2018-04-12","2018-04-12","NEON.DOC.000481vK",,
"8c46bc26-87f3-4092-9a0c-42816bc0f8d6","094f4881-6ff0-4f29-a95e-b3cb5f9c0c44","CPER_011.mammalGrid.mam","D10","CPER","CPER_011","2018-04-12","2018-04-12","NEON.DOC.000481vK",,
"7ecab9b5-1e05-4cb7-81d8-d9eed61df0a7","687268cb-c0f1-4841-8e15-5c7cc0a5656c","CPER_015.mammalGrid.mam","D10","CPER","CPER_015","2018-04-12","2018-04-12","NEON.DOC.000481vK",,
"52d815f5-cf44-4daf-8eb0-6a6a5d982425","8915a913-2a19-43c4-b743-7c809fdf1ae9","CPER_004.mammalGrid.mam","D10","CPER","CPER_004","2018-04-12","2018-04-12","NEON.DOC.000481vK",,
