uid,nightuid,namedLocation,domainID,siteID,plotID,collectDate,endDate,samplingProtocolVersion,remarks,dataQF
"f19d8daf-5e85-4c55-a77d-ead3d378ff7a","9459810D1C7140698286135D2F987F4B","ORNL_002.mammalGrid.mam","D07","ORNL","ORNL_002","2016-06-01","2016-06-01","NEON.DOC.000481vG","Currently using sampling protocol version NEON.DOC.000481vH",
"6cedb897-521d-4874-b163-68c87c5c143b","14C16418D1294DB981130666B3546017","ORNL_001.mammalGrid.mam","D07","ORNL","ORNL_001","2016-06-01","2016-06-01","NEON.DOC.000481vG","Currently using sampling protocol version NEON.DOC.000481vH",
"10b2cedd-597f-465d-b3c5-868d09013e7b","CD1E94F635704783BABCB723D571823E","ORNL_007.mammalGrid.mam","D07","ORNL","ORNL_007","2016-06-01","2016-06-01","NEON.DOC.000481vG","Currently using sampling protocol version NEON.DOC.000481vH",
"269b74b6-ae09-4c1b-942b-95f1b721546c","45D1A1B025C34150AB391BCABA9E7E66","ORNL_027.mammalGrid.mam","D07","ORNL","ORNL_027","2016-06-01","2016-06-01","NEON.DOC.000481vG","Currently using sampling protocol version NEON.DOC.000481vH",
"3145e1df-6989-4829-9710-8d74324dc376","8A9E7A8967814AE6B82535A5BF187794","ORNL_003.mammalGrid.mam","D07","ORNL","ORNL_003","2016-06-01","2016-06-01","NEON.DOC.000481vG","Currently using sampling protocol version NEON.DOC.000481vH",
"7958eec6-0656-4613-8dd3-d381f45e4749","9BB43516A85140128763B18FAA0C4717","ORNL_001.mammalGrid.mam","D07","ORNL","ORNL_001","2016-06-02","2016-06-02","NEON.DOC.000481vG","Currently using sampling protocol version NEON.DOC.000481vH",
"c1cc7fb8-fc24-4adb-a66e-eeacb1493a2d","A719772A4E0B41CDB3C0B5CF1A41A282","ORNL_003.mammalGrid.mam","D07","ORNL","ORNL_003","2016-06-02","2016-06-02","NEON.DOC.000481vG","Currently using sampling protocol version NEON.DOC.000481vH",
"ec1a74c9-3968-42ed-b614-fa52ae2e5de3","77521E789A474178B1F85B1AAA59F4DF","ORNL_002.mammalGrid.mam","D07","ORNL","ORNL_002","2016-06-02","2016-06-02","NEON.DOC.000481vH",,
"3a44b5d5-3617-445b-9c48-f4842d6e0b31","186C3531C25447259E3D9E82D31A7B38","ORNL_039.mammalGrid.mam","D07","ORNL","ORNL_039","2016-06-02","2016-06-02","NEON.DOC.000481vG","Currently using sampling protocol version NEON.DOC.000481vH",
"cf211698-7465-4c0d-90be-9938b96a15da","6CB142B530C542F9BB4F9889C8E4E3DF","ORNL_002.mammalGrid.mam","D07","ORNL","ORNL_002","2016-06-03","2016-06-03","NEON.DOC.000481vH",,
"f5332e9f-8228-49c5-9e3d-0e295946f8c9","EC2AD027BD6F4A97B662A003620773B7","ORNL_003.mammalGrid.mam","D07","ORNL","ORNL_003","2016-06-03","2016-06-03","NEON.DOC.000481vH",,
"edf70c86-87f8-449e-9490-ca8313e6a580","9831023C0DF1450CB0DD06BA943FC3CC","ORNL_001.mammalGrid.mam","D07","ORNL","ORNL_001","2016-06-03","2016-06-03","NEON.DOC.000481vH",,
