uid,nightuid,namedLocation,domainID,siteID,plotID,collectDate,endDate,samplingProtocolVersion,remarks,dataQF
"8dd9b4a1-a95c-4f0f-91c4-e87ce1a35972","EA430971156749EF9AE58E05CEF094AC","NOGP_010.mammalGrid.mam","D09","NOGP","NOGP_010","2016-10-04","2016-10-04","NEON.DOC.000481vH",,
"b17237a7-2484-47ef-a155-b5c256a1d294","96E49A93E95B42C0925C70B7FEBE2D06","NOGP_009.mammalGrid.mam","D09","NOGP","NOGP_009","2016-10-04","2016-10-04","NEON.DOC.000481vH",,
"d6272acc-91ec-4147-8d76-ce17e7359c67","C0EB3164272B4A3EB3B8451970C356F7","NOGP_002.mammalGrid.mam","D09","NOGP","NOGP_002","2016-10-04","2016-10-04","NEON.DOC.000481vH",,
"bb65b64b-8e91-4f7b-befe-4f10272fe807","829D42D6696B4BE8B00C42ED0AED78CA","NOGP_017.mammalGrid.mam","D09","NOGP","NOGP_017","2016-10-04","2016-10-04","NEON.DOC.000481vH",,
"fcab9a8c-394b-4812-8c43-6a1efdc0cc56","1E76708C3FF54AA5911F425064DAAAD6","NOGP_017.mammalGrid.mam","D09","NOGP","NOGP_017","2016-10-05","2016-10-05","NEON.DOC.000481vH",,
"897ce0f7-4e47-470f-8f30-44a62a4b3468","DE57D591E74B4C9D9C1BC581B5BD6C4D","NOGP_010.mammalGrid.mam","D09","NOGP","NOGP_010","2016-10-05","2016-10-05","NEON.DOC.000481vH",,
"c6f9707e-05b3-42ee-a98a-a748476fd7a1","AD5969CDC82046518381E5099A14462D","NOGP_002.mammalGrid.mam","D09","NOGP","NOGP_002","2016-10-05","2016-10-05","NEON.DOC.000481vH",,
"da4f8708-dbce-48d4-a580-4efcbb3f78ac","F7C33E370A114D84957524F6A87DF042","NOGP_007.mammalGrid.mam","D09","NOGP","NOGP_007","2016-10-05","2016-10-05","NEON.DOC.000481vH","Grid partially mowed, adjacent areas mowed.",
"e4499666-3d40-4bfd-916e-d14d5aab4edf","B9F0B1A66A2D4695BC32B8571D782E36","NOGP_010.mammalGrid.mam","D09","NOGP","NOGP_010","2016-10-06","2016-10-06","NEON.DOC.000481vH",,
"2d85980f-575e-4311-b8e6-1350fab243c6","BFE64F8F9676439889B07E1BB03E1296","NOGP_002.mammalGrid.mam","D09","NOGP","NOGP_002","2016-10-06","2016-10-06","NEON.DOC.000481vH",,
"45bfe6ff-a6d9-409f-a0fb-7ee005d853da","E0774A34892D413BAB06E23474BFE359","NOGP_005.mammalGrid.mam","D09","NOGP","NOGP_005","2016-10-06","2016-10-06","NEON.DOC.000481vH",,
"b42732b0-3c60-45f4-b835-f02269dd2c6e","A5763D00B0164FECAF228E534D9D9633","NOGP_017.mammalGrid.mam","D09","NOGP","NOGP_017","2016-10-06","2016-10-06","NEON.DOC.000481vH",,
