uid,nightuid,namedLocation,domainID,siteID,plotID,collectDate,endDate,samplingProtocolVersion,remarks,dataQF
"0a7962a1-4436-4a66-ab78-dbb5e83c1cea","4AC5BA4010C2488A9580D318FD85C25C","GUAN_003.mammalGrid.mam","D04","GUAN","GUAN_003","2016-10-25","2016-10-25","NEON.DOC.000481vH","No Captures at Plot",
"fa8c917c-497a-42b2-bfc8-a1d219129260","CAAD08577D4F45D28DA10D4774D54B7F","GUAN_025.mammalGrid.mam","D04","GUAN","GUAN_025","2016-10-25","2016-10-25","NEON.DOC.000481vH",,
"1b29e27e-ef27-4522-afbd-0427af44a6a8","98B80368BA7F4ED197DC9F72B8053210","GUAN_007.mammalGrid.mam","D04","GUAN","GUAN_007","2016-10-25","2016-10-25","NEON.DOC.000481vH",,
"a6d80a0f-e703-4a56-87b2-78fe4357c7fe","1D23401CB4E643C49CE067072C70A6A3","GUAN_025.mammalGrid.mam","D04","GUAN","GUAN_025","2016-10-26","2016-10-26","NEON.DOC.000481vH",,
"9b654e47-e8c1-4800-a8a2-451283c1be3b","FEED2564EED14F98B10DCA0848D43A0E","GUAN_007.mammalGrid.mam","D04","GUAN","GUAN_007","2016-10-26","2016-10-26","NEON.DOC.000481vH",,
"67e29ba5-b72d-4476-bfb6-1c762bd340ea","B02657395DF54AD68AB419CA24345C5B","GUAN_003.mammalGrid.mam","D04","GUAN","GUAN_003","2016-10-26","2016-10-26","NEON.DOC.000481vH",,
"468a0128-a703-49f0-b55e-1e11d60dfa0b","882DA11190B64570AFF740E6FED1895B","GUAN_007.mammalGrid.mam","D04","GUAN","GUAN_007","2016-10-27","2016-10-27","NEON.DOC.000481vH",,
"e5ff354c-a3a4-4029-bc8a-f7915ce878ed","068E4B4F5B734F409650F8EE91F04CEB","GUAN_025.mammalGrid.mam","D04","GUAN","GUAN_025","2016-10-27","2016-10-27","NEON.DOC.000481vH","No captures in plot",
"b8727fcc-bdeb-4ab1-b919-15504675026a","1A40737636D046B1942BC610D38F7E6A","GUAN_003.mammalGrid.mam","D04","GUAN","GUAN_003","2016-10-27","2016-10-27","NEON.DOC.000481vH","No captures in plot",
"2da41959-4ccd-4151-9194-a507fb2f2591","E512C29804B748D8BD1CBCD3EF4D2F24","GUAN_002.mammalGrid.mam","D04","GUAN","GUAN_002","2016-10-28","2016-10-28","NEON.DOC.000481vH",,
"451b7c9d-4a06-44b0-bb82-821eaf79a4f3","696DB6D15BB245DDA5FF3A1C8B5F7419","GUAN_005.mammalGrid.mam","D04","GUAN","GUAN_005","2016-10-28","2016-10-28","NEON.DOC.000481vH",,
"10c9d677-4a9e-46e5-a69f-fbb1e39a3e48","C2CC8C2C3CB0422190C1E7E6BBEF4C89","GUAN_004.mammalGrid.mam","D04","GUAN","GUAN_004","2016-10-28","2016-10-28","NEON.DOC.000481vH",,
