uid,nightuid,namedLocation,domainID,siteID,plotID,collectDate,endDate,samplingProtocolVersion,remarks,dataQF
"a5ebf17f-070a-4170-b2ed-c9a641ffd2ac","E46E8CD1E3034DB0A4330AE356644066","NIWO_025.mammalGrid.mam","D13","NIWO","NIWO_025","2015-06-18","2015-06-18",,"Used version 'vG",
"a627c0ab-3477-4423-8810-a55461eee076","EBD3AEFEBA45409685B326E676507726","NIWO_023.mammalGrid.mam","D13","NIWO","NIWO_023","2015-06-19","2015-06-19",,"Using protocol vg",
"b6832a46-a2ff-4c2f-9c51-2b73b528e433","66E42AAF393142419719BD3497DF0185","NIWO_025.mammalGrid.mam","D13","NIWO","NIWO_025","2015-06-19","2015-06-19",,"Using protocol vg",
"49ca7bc5-208e-4aec-b064-5f542ab1e9ce","916067C0E6B8422A900D10E3F5EBED98","NIWO_002.mammalGrid.mam","D13","NIWO","NIWO_002","2015-06-23","2015-06-23",,"Using protocol vg",
"0fe7ff30-a1c6-4195-8682-1a2bb69ecd06","A1A71338A3B14A50933AC4BDD36876EE","NIWO_001.mammalGrid.mam","D13","NIWO","NIWO_001","2015-06-23","2015-06-23",,"Using protocol vg",
"e769c83a-30f8-44f7-ba64-a04d1a39d09b","068911DFAF49430E8E40FA12EB103983","NIWO_005.mammalGrid.mam","D13","NIWO","NIWO_005","2015-06-24","2015-06-24",,"Using protocol vg",
"040d32f6-119f-4185-bc4a-15c02c626efd","82BC489F6B8F414FB74C274C149D0D01","NIWO_001.mammalGrid.mam","D13","NIWO","NIWO_001","2015-06-24","2015-06-24",,"Using protocol vg",
"4e100ee0-f006-4d82-99c5-cf2b5d6b5c93","181D1C9EB2D743E0BBF238190283705E","NIWO_002.mammalGrid.mam","D13","NIWO","NIWO_002","2015-06-24","2015-06-24",,"Using protocol vg",
"5c255e0d-4a1a-44fd-a97a-9373f60a412e","67D096812D7D44F4B78F26A825BC45C5","NIWO_007.mammalGrid.mam","D13","NIWO","NIWO_007","2015-06-25","2015-06-25",,"Using protocol vg",
"ff6ce382-91d1-4768-b591-c3c62f3a7a70","F4A0C1962C48450B9C5AB3AA045456DC","NIWO_005.mammalGrid.mam","D13","NIWO","NIWO_005","2015-06-25","2015-06-25",,"Using protocol vg",
"8bc350ea-589a-49b8-ba3d-40bdd32af5f9","ED1960A02AF34691B611FEAB7E9B5E8A","NIWO_005.mammalGrid.mam","D13","NIWO","NIWO_005","2015-06-26","2015-06-26",,"used version 'vG",
"53a10813-b710-4fd7-8f6c-b5a357c3f50e","0CA524D7318847C3A2B397366DDBA86E","NIWO_002.mammalGrid.mam","D13","NIWO","NIWO_002","2015-06-26","2015-06-26",,"used version 'vG",
"68f800a2-1655-4515-b090-794170f3e9cc","9F40FBCBEF5D4C88AA347DE277C8FA7B","NIWO_023.mammalGrid.mam","D13","NIWO","NIWO_023","2015-06-26","2015-06-26",,"Used protocol vG",
"6e027685-adb4-4bb4-b5f5-5bc907b5244d","AC4BBEB368DE46B2A6149A79774E993D","NIWO_007.mammalGrid.mam","D13","NIWO","NIWO_007","2015-06-26","2015-06-26",,"used version 'vG",
