uid,nightuid,namedLocation,domainID,siteID,plotID,collectDate,endDate,samplingProtocolVersion,remarks,dataQF
"bffe13f2-7454-4475-9d48-55d6344edd35","602EE764743841238F8C779FDF2815A0","STER_026.mammalGrid.mam","D10","STER","STER_026","2014-10-14","2014-10-14",,,
"24b87ede-b3e1-4f70-b1a9-2c0935119d20","CF55F2BB70A84CF3BFBD5D5867624409","STER_028.mammalGrid.mam","D10","STER","STER_028","2014-10-14","2014-10-14",,,
"7ce82cca-19e5-4414-8384-1077523a2a23","A9AC5C12AE9D4171884C076259EC6C6D","STER_031.mammalGrid.mam","D10","STER","STER_031","2014-10-14","2014-10-14",,,
"e2d8e206-0481-48ca-818e-55de336ae012","83EF3F25AC294808AE776F771F854366","STER_029.mammalGrid.mam","D10","STER","STER_029","2014-10-14","2014-10-14",,,
"2a3d7504-d9a2-470a-88ec-08a614989fa1","499D44E631E64C3EB65FB90A0CF547C2","STER_006.mammalGrid.mam","D10","STER","STER_006","2014-10-14","2014-10-14",,,
"9bbb2ec1-14e1-4a1e-927b-4f4afe5744cd","D79248B055A94178848B2AAD658F534B","STER_027.mammalGrid.mam","D10","STER","STER_027","2014-10-14","2014-10-14",,,
"a7e9c358-9937-48ad-961c-86054c8e47c5","F8876FE80CCC45C698EA4B5D7B6A0EE8","STER_029.mammalGrid.mam","D10","STER","STER_029","2014-10-15","2014-10-15",,,
"b2955706-39a3-4386-a8d6-c62af9c932e8","FC0C294F04314706BE20BCF7279DC0A6","STER_006.mammalGrid.mam","D10","STER","STER_006","2014-10-15","2014-10-15",,,
"6623d2cd-e455-4b67-9bb1-b7129e628113","53BC2100143B477A92F9C3E8FFE2A938","STER_031.mammalGrid.mam","D10","STER","STER_031","2014-10-15","2014-10-15",,"No captures or trap disturbances.",
"9cfaebb2-72be-475a-b037-e4b5c1e5f003","4F9DE277985044698B9A2EDA9E26F985","STER_028.mammalGrid.mam","D10","STER","STER_028","2014-10-15","2014-10-15",,,
"f90dfd9f-650d-4775-8261-176c4bd4e6c1","084356DF8EAA43858A161566983F164E","STER_027.mammalGrid.mam","D10","STER","STER_027","2014-10-15","2014-10-15",,,
"c3972b98-0458-4308-9b16-8a8373be6c53","67EBD217EC6B4C50AEB0C2977D32B76E","STER_026.mammalGrid.mam","D10","STER","STER_026","2014-10-15","2014-10-15",,,
"b6b04eb1-3ff9-4c92-a559-9531b93b011c","C717E8DCE4CE4672A703B0D14B8BC530","STER_028.mammalGrid.mam","D10","STER","STER_028","2014-10-16","2014-10-16",,,
"3c87b56d-743f-46fc-834c-4c57a57e1790","8B22AFDD356C48C88229BD805B01AC1C","STER_026.mammalGrid.mam","D10","STER","STER_026","2014-10-16","2014-10-16",,,
"678540f9-9726-4753-b0e4-073ac4737c1b","10EBBEAD3ED242FC83F3D62E0DF6842B","STER_031.mammalGrid.mam","D10","STER","STER_031","2014-10-16","2014-10-16",,,
"5df859aa-f5c7-4616-936e-fef591b519b6","EDCA5AA6A86F4CBAA3FE2C204C5E9C6F","STER_029.mammalGrid.mam","D10","STER","STER_029","2014-10-16","2014-10-16",,,
"58a90d0e-122b-4740-857f-efb92d15eba4","4B5B7ABB23F4494E8A36A98DBCDECDC0","STER_006.mammalGrid.mam","D10","STER","STER_006","2014-10-16","2014-10-16",,,
"64f554aa-a0c1-41c5-ae13-17f8248572c1","B0296DE7F7ED4A03B6A1DA8076A7D4E7","STER_027.mammalGrid.mam","D10","STER","STER_027","2014-10-16","2014-10-16",,,
