uid,nightuid,namedLocation,domainID,siteID,plotID,collectDate,endDate,samplingProtocolVersion,remarks,dataQF
"23aec173-b210-476a-ab4b-f1ee0506c6a7","a4c6a175-9e32-4140-b4a2-690a4e729ab7","SCBI_008.mammalGrid.mam","D02","SCBI","SCBI_008","2017-04-18","2017-04-18","NEON.DOC.000481vJ",,
"fc598707-2117-4073-8262-27c53c4dc694","5c9983f5-47ad-49f5-8a4a-056c9584c8c9","SCBI_039.mammalGrid.mam","D02","SCBI","SCBI_039","2017-04-18","2017-04-18","NEON.DOC.000481vG",,
"3436de4a-d2ac-42d4-8c0b-b4251079c9b3","42f04b63-6992-4982-93c2-ea6869d0d284","SCBI_002.mammalGrid.mam","D02","SCBI","SCBI_002","2017-04-18","2017-04-18","NEON.DOC.000481vJ","Grid shut down after one day due to high levels of disturbance",
"2c9885d7-7a0e-47f2-a4ea-5e2b6a54cc06","cfd96454-4db3-4232-b99b-b9e6cdf1c830","SCBI_008.mammalGrid.mam","D02","SCBI","SCBI_008","2017-04-19","2017-04-19","NEON.DOC.000481vG",,
"27cc4647-7f27-477b-b38c-38b9a8714261","a62d1d5a-1ef5-40c1-b611-ff4bd6dd6a55","SCBI_004.mammalGrid.mam","D02","SCBI","SCBI_004","2017-04-19","2017-04-19","NEON.DOC.000481vG",,
"38a4c01e-3cbc-4e8a-8d12-b2025d5c321b","e3c91b1c-c683-448a-99f0-18583f2234a1","SCBI_003.mammalGrid.mam","D02","SCBI","SCBI_003","2017-04-19","2017-04-19","NEON.DOC.000481vJ",,
"62aa59ec-b45e-4728-a1e7-a5f390f021b3","78736b65-6cea-4a9e-aac3-6b4d5fe9a648","SCBI_008.mammalGrid.mam","D02","SCBI","SCBI_008","2017-04-20","2017-04-20","NEON.DOC.000481vG",,
"5e22689d-d442-43e0-a92c-58d569357e0b","bf44204d-98f8-4577-9c6e-98620694995d","SCBI_035.mammalGrid.mam","D02","SCBI","SCBI_035","2017-04-21","2017-04-21","NEON.DOC.000481vG",,
