uid,nightuid,namedLocation,domainID,siteID,plotID,collectDate,endDate,samplingProtocolVersion,remarks,dataQF
"60c83a8d-9f12-47d5-ae5e-2fdfecf34320","2FA7B0AE4CC84F10914CA9527A147966","JORN_007.mammalGrid.mam","D14","JORN","JORN_007","2015-05-14","2015-05-14",,,
"b0ae43b2-6c3d-4e6c-b02c-7bae35edc0c0","3883D808A8B242F1BEA5065EF1959637","JORN_017.mammalGrid.mam","D14","JORN","JORN_017","2015-05-14","2015-05-14",,,
"64ee4177-4916-4f74-ba5a-ef8d90bc5d94","F7B03D65099C48E88090A168EFFFDB0A","JORN_017.mammalGrid.mam","D14","JORN","JORN_017","2015-05-15","2015-05-15",,,
"63cd584e-0fbd-4a13-b53c-0b32ce56048e","3F7EB2099D94464CB098249309AA633E","JORN_011.mammalGrid.mam","D14","JORN","JORN_011","2015-05-16","2015-05-16",,,
"a1457f86-c1a9-482c-ad74-c45fc456ba75","3E564663CBBB4229BD9E6E2E200593DE","JORN_017.mammalGrid.mam","D14","JORN","JORN_017","2015-05-16","2015-05-16",,,
"c05faef7-66d5-464b-b8b3-7e9ac69a693e","537F4BFD228C48E6AF1BDB082CEBD34E","JORN_001.mammalGrid.mam","D14","JORN","JORN_001","2015-05-17","2015-05-17",,,
"6ed1cce5-f393-4b9f-8a44-efb362a5780e","90C1E38F7A7842C289EA6722DC5250B7","JORN_018.mammalGrid.mam","D14","JORN","JORN_018","2015-05-17","2015-05-17",,,
"03ac8189-7721-48ed-89d1-7ce380533a8e","FF6656FE7C2F4ADB998BD1E13B7F1BE8","JORN_018.mammalGrid.mam","D14","JORN","JORN_018","2015-05-18","2015-05-18",,,
"a2d51fbf-bb0f-497b-9e67-1861046308ab","C0D2473B067047A19319838F9BA9214D","JORN_001.mammalGrid.mam","D14","JORN","JORN_001","2015-05-18","2015-05-18",,,
"ee7dc3ce-1902-44da-8837-3826131b36f0","3427450A9F6B4ABEBE24428737A99F13","JORN_031.mammalGrid.mam","D14","JORN","JORN_031","2015-05-18","2015-05-18",,,
"74b9753f-c926-449e-bfb2-a4bc4a9c4722","769FEAAA1BAD4773BD3330558649F214","JORN_018.mammalGrid.mam","D14","JORN","JORN_018","2015-05-19","2015-05-19",,,
"999ff894-aac8-4179-a307-edf6471e5e8c","2A19958FC304481AB78CAC0BEB98AA7F","JORN_001.mammalGrid.mam","D14","JORN","JORN_001","2015-05-19","2015-05-19",,,
