uid,nightuid,namedLocation,domainID,siteID,plotID,collectDate,endDate,samplingProtocolVersion,remarks,dataQF
"7d0728b2-7d59-4ccb-adf8-3b63646243cb","13c12ea7-692a-4bad-b529-e6957bb8a425","UKFS_018.mammalGrid.mam","D06","UKFS","UKFS_018","2018-10-16","2018-10-16","NEON.DOC.000481vK",,
"fb6a434c-71b5-4919-85ae-3e3fb1eb82e5","e7d85cee-ba04-4416-9703-6af283cfc578","UKFS_003.mammalGrid.mam","D06","UKFS","UKFS_003","2018-10-16","2018-10-16","NEON.DOC.000481vK",,
"2352448f-7010-4770-9fe0-2ef19259739a","2fb4c2b4-f969-481d-8138-d30b55c27141","UKFS_007.mammalGrid.mam","D06","UKFS","UKFS_007","2018-10-16","2018-10-16","NEON.DOC.000481vK",,
"8575136c-0c33-48ac-9353-d1dd76de4dde","fdb4d4cc-ae53-47ad-8149-fbad927f540d","UKFS_010.mammalGrid.mam","D06","UKFS","UKFS_010","2018-10-17","2018-10-17","NEON.DOC.000481vK",,
"efb196a3-bc42-46f8-9368-0fd6b8e9d742","9bc01eaa-3a64-4a6c-9e7b-0fce2d88b4ba","UKFS_004.mammalGrid.mam","D06","UKFS","UKFS_004","2018-10-17","2018-10-17","NEON.DOC.000481vK",,
"69eccdf4-2b98-4ac3-9b23-98b944e740f4","9725e90d-2fda-4a2c-b421-1eb26aac160f","UKFS_009.mammalGrid.mam","D06","UKFS","UKFS_009","2018-10-17","2018-10-17","NEON.DOC.000481vK",,
"4ea73c30-59e1-4f8e-9055-6f18acd672c6","7843ed39-895f-4a77-9b11-c6e05075d168","UKFS_004.mammalGrid.mam","D06","UKFS","UKFS_004","2018-10-18","2018-10-18","NEON.DOC.000481vK",,
"63f45828-9927-4c81-b2df-d3be805ed21a","d8a9064d-f902-4ec5-9485-0f574d350e54","UKFS_010.mammalGrid.mam","D06","UKFS","UKFS_010","2018-10-18","2018-10-18","NEON.DOC.000481vK",,
"1100818c-968f-4c23-94a2-299c3635005c","ee498ba7-b3e4-4f70-81df-9543894528c8","UKFS_009.mammalGrid.mam","D06","UKFS","UKFS_009","2018-10-18","2018-10-18","NEON.DOC.000481vK",,
