uid,nightuid,namedLocation,domainID,siteID,plotID,collectDate,endDate,samplingProtocolVersion,remarks,dataQF
"92175cc1-b791-4de9-9900-01bb4ec93cbc","405155A68E8A4FB6A5A9C44D2FDF9B41","HARV_008.mammalGrid.mam","D01","HARV","HARV_008","2015-07-07","2015-07-07",,,
"ab67c6a9-d9ab-4494-bc1c-8bd9e3f2cf42","FCAF97E6F52D4631A7E7767704007E79","HARV_021.mammalGrid.mam","D01","HARV","HARV_021","2015-07-07","2015-07-07",,,
"8c68acd7-508c-468b-8cf2-1cfa41545ec8","1CEF6498C8164459A9FA5DC2D8AE7FE7","HARV_023.mammalGrid.mam","D01","HARV","HARV_023","2015-07-07","2015-07-07",,,
"5c0e1c41-587f-4d2f-9d17-0d44ffe65553","4FAB96CF49AE4216A0AC148CCFBA7127","HARV_008.mammalGrid.mam","D01","HARV","HARV_008","2015-07-08","2015-07-08",,,
"9e015a22-b5d2-4b0e-bdab-4611e45362b7","ACCE25B112C24EE2A86A2F4090533C30","HARV_021.mammalGrid.mam","D01","HARV","HARV_021","2015-07-08","2015-07-08",,,
"a9a676ee-f087-4e18-b0b5-d02f6d47c3f2","BB70CAC1668A4DB3BF8D9E891D978DCE","HARV_023.mammalGrid.mam","D01","HARV","HARV_023","2015-07-08","2015-07-08",,,
"6d9f17f0-8f98-4b42-ab8f-87706763fdd7","8F28F80A343F41159FD1C6D90E9F51EF","HARV_023.mammalGrid.mam","D01","HARV","HARV_023","2015-07-09","2015-07-09",,,
"3a17d1f0-00d3-4b91-b97e-b8734acf44b4","B87200B202B5429A8BE76914F9722E77","HARV_021.mammalGrid.mam","D01","HARV","HARV_021","2015-07-09","2015-07-09",,,
"d841179c-6bde-470a-a61b-59bd605a1ab7","C6C866743C33411DAC0DAE0D985C29F3","HARV_008.mammalGrid.mam","D01","HARV","HARV_008","2015-07-09","2015-07-09",,,
"a8e62a40-223c-4c0c-9699-1f086c12e246","10C674B18F1D486CB3856B921E5E1682","HARV_032.mammalGrid.mam","D01","HARV","HARV_032","2015-07-10","2015-07-10",,"Another trap from an unknown location contained spoor. Coordinate information was not legible due to rainy conditions.",
"d45e2dc0-9cc5-4cc4-82b6-ca23a21fa734","65005C4F99E6453186F79AB22FA76AF5","HARV_014.mammalGrid.mam","D01","HARV","HARV_014","2015-07-10","2015-07-10",,,
"755fb53e-b4e7-4fed-99a2-1b7f1d97f2dd","C1610A4F4E434F92BE7D5F6604952076","HARV_010.mammalGrid.mam","D01","HARV","HARV_010","2015-07-11","2015-07-11",,,
"e763fe6d-b00c-405b-b17f-b1b8c699817a","6DC16331B1FE4697AF02D139B629BCB0","HARV_001.mammalGrid.mam","D01","HARV","HARV_001","2015-07-11","2015-07-11",,,
"612aa689-5ee4-40ab-bdfb-c727b5eefd5c","55C97066AFAB4791A6D3DCF539275730","HARV_006.mammalGrid.mam","D01","HARV","HARV_006","2015-07-11","2015-07-11",,,
