uid,nightuid,namedLocation,domainID,siteID,plotID,collectDate,endDate,samplingProtocolVersion,remarks,dataQF
"aaf10200-d7c6-4156-ba59-eabbe930c03f","b830d49c-ffb4-46f4-8771-2fc08aa034ef","OAES_003.mammalGrid.mam","D11","OAES","OAES_003","2017-07-18","2017-07-18","NEON.DOC.000481vJ",,
"e2a69f3e-827d-48a7-ade2-46fd76e78b1c","7d248202-a184-4b13-b3ab-5e3904933ed6","OAES_004.mammalGrid.mam","D11","OAES","OAES_004","2017-07-18","2017-07-18","NEON.DOC.000481vJ",,
"f30568c7-5df8-4240-abe9-dcd8a3308c97","88a1fc66-95b2-4355-b3ec-d3fe7f9812e0","OAES_029.mammalGrid.mam","D11","OAES","OAES_029","2017-07-18","2017-07-18","NEON.DOC.000481vJ",,
"1a6cd61c-0be0-46a1-af00-cf1fdf97f2d4","3ec0ad48-9783-4f18-b992-28053d0d5176","OAES_007.mammalGrid.mam","D11","OAES","OAES_007","2017-07-19","2017-07-19","NEON.DOC.000481vJ",,
"d9c51bda-a5dc-4aa4-8146-13e1bd71d3f7","9e7a5894-4ca6-438d-9e5e-556a199b4c7a","OAES_001.mammalGrid.mam","D11","OAES","OAES_001","2017-07-19","2017-07-19","NEON.DOC.000481vJ",,
"11054c77-23a2-450f-b6f6-406179619b29","2a6f56c1-900c-4d9f-839e-bfec3af342eb","OAES_002.mammalGrid.mam","D11","OAES","OAES_002","2017-07-19","2017-07-19","NEON.DOC.000481vJ",,
"802e151e-673e-43fe-abdb-e9d1c1b1e745","bb9a9331-9cd5-40d3-b48b-ad8f22788292","OAES_007.mammalGrid.mam","D11","OAES","OAES_007","2017-07-20","2017-07-20","NEON.DOC.000481vJ",,
"5756d7d6-6c2c-4d93-9137-0b0ffe0e973c","e1915681-13c2-4418-8205-145ba10a6c79","OAES_002.mammalGrid.mam","D11","OAES","OAES_002","2017-07-20","2017-07-20","NEON.DOC.000481vJ",,
"cff354da-6d3e-4438-a00e-96d975169544","b3e76828-6d50-400c-b123-6ba73bdc2dde","OAES_001.mammalGrid.mam","D11","OAES","OAES_001","2017-07-20","2017-07-20","NEON.DOC.000481vJ",,
"0f56085c-56eb-455b-a61e-7137828c2be1","afa705ca-0c84-4def-bc8d-e480dc0fd020","OAES_007.mammalGrid.mam","D11","OAES","OAES_007","2017-07-21","2017-07-21","NEON.DOC.000481vJ",,
"ace09c45-99b3-4d6d-80ac-6f2c6a89d9d5","bd846671-2de9-46f7-8a40-8676a03beff1","OAES_001.mammalGrid.mam","D11","OAES","OAES_001","2017-07-21","2017-07-21","NEON.DOC.000481vJ",,
"5b58c49c-5f56-4281-b068-7bf17201dcbb","aaa25d86-e95e-463a-92de-6c5fb09e1619","OAES_002.mammalGrid.mam","D11","OAES","OAES_002","2017-07-21","2017-07-21","NEON.DOC.000481vJ",,
