uid,nightuid,namedLocation,domainID,siteID,plotID,collectDate,endDate,samplingProtocolVersion,remarks,dataQF
"523f4233-9aa6-4e19-af0a-35c7c4849880","E0DA0B9602CB41B0B22ECC425549B27E","KONZ_029.mammalGrid.mam","D06","KONZ","KONZ_029","2016-08-08","2016-08-08","NEON.DOC.000481vH",,
"50a1c9da-d074-41f4-a846-f64411cd9d21","1B8D01905E2E4EB3A5B9859D4E70BC82","KONZ_003.mammalGrid.mam","D06","KONZ","KONZ_003","2016-08-08","2016-08-08","NEON.DOC.000481vH","Greater than 30 individuals caught; prioritized sampling",
"2e264838-9d22-4079-b413-bd8cd914b6a8","7E8DF56DC0D544618C713BA3C07F5D8E","KONZ_005.mammalGrid.mam","D06","KONZ","KONZ_005","2016-08-08","2016-08-08","NEON.DOC.000481vH",,
"4deb4834-6930-4c2e-8fc5-4abaded7590b","CD62258F16444746A460D5594D6E24ED","KONZ_027.mammalGrid.mam","D06","KONZ","KONZ_027","2016-08-10","2016-08-10","NEON.DOC.000481vH",,
"025c9638-27fc-496d-9aa3-b9e46bcac636","95560AFE3A9142B9B9BF811BB0E23927","KONZ_008.mammalGrid.mam","D06","KONZ","KONZ_008","2016-08-10","2016-08-10","NEON.DOC.000481vH",,
"fde3cf44-0271-4209-ab9c-28ad5f12e945","3DF8F0015FAC415398F9FA6E15D04646","KONZ_001.mammalGrid.mam","D06","KONZ","KONZ_001","2016-08-10","2016-08-10","NEON.DOC.000481vH","29 Individuals; sampling prioritized",
"f5f49ba3-023e-4cad-ae53-d3bffdd5dda2","B3C137A063C142B8AA0131B7D77E706B","KONZ_027.mammalGrid.mam","D06","KONZ","KONZ_027","2016-08-11","2016-08-11","NEON.DOC.000481vH",,
"39b719d4-8ef6-4300-9f0a-9d2e0ad89b4c","A552C34D72F24CC2B7F9C7E75727445C","KONZ_008.mammalGrid.mam","D06","KONZ","KONZ_008","2016-08-11","2016-08-11","NEON.DOC.000481vH",,
"f541467b-86ad-4aab-801e-a43c50db2dc0","29A9D624615F48699CD8DEF5EDEED023","KONZ_001.mammalGrid.mam","D06","KONZ","KONZ_001","2016-08-11","2016-08-11","NEON.DOC.000481vH",,
"f78532f5-a287-4f41-aa14-cd1490d3bd8f","0BFC59D59CCB41BE82A8D1791AED4021","KONZ_001.mammalGrid.mam","D06","KONZ","KONZ_001","2016-08-12","2016-08-12","NEON.DOC.000481vH",,
"dfeafd1a-fd4a-4acc-a011-7add17aa4aed","144A274F49C3404C8961F4DDD83A893B","KONZ_027.mammalGrid.mam","D06","KONZ","KONZ_027","2016-08-12","2016-08-12","NEON.DOC.000481vH",,
"ee722bdf-980a-490e-ba07-d07359fa9005","C250F2B31F9F46F1981D63F5266C244D","KONZ_008.mammalGrid.mam","D06","KONZ","KONZ_008","2016-08-12","2016-08-12","NEON.DOC.000481vH",,
