uid,nightuid,namedLocation,domainID,siteID,plotID,collectDate,endDate,samplingProtocolVersion,remarks,dataQF
"0618ce73-d038-487d-8487-9fb781c7e5b8","1B8A27EEBE1442D589680D30E04460EA","ABBY_010.mammalGrid.mam","D16","ABBY","ABBY_010","2016-08-24","2016-08-24","NEON.DOC.000481vH",,
"02319270-fb47-4473-9cde-0d4fcab16daa","BBE8250D64264DBBAE4BFBCACAD946C4","ABBY_003.mammalGrid.mam","D16","ABBY","ABBY_003","2016-08-24","2016-08-24","NEON.DOC.000481vH",,
"05d9ea2b-67bf-4d2c-97ce-4ca5dc05a72a","E9948D997C22427C80C73CA0D3416B56","ABBY_010.mammalGrid.mam","D16","ABBY","ABBY_010","2016-08-25","2016-08-25","NEON.DOC.000481vH",,
"cd829d8c-49d7-4e51-a538-f560169383d9","6FFE7C57CE0D45A3A3F10DC66C37BBC0","ABBY_004.mammalGrid.mam","D16","ABBY","ABBY_004","2016-08-25","2016-08-25","NEON.DOC.000481vH",,
"2bfc27fe-4a5a-4fc4-9e97-0ebd7a0b4f64","49539B2981FD44499219BCA5EA3CD820","ABBY_010.mammalGrid.mam","D16","ABBY","ABBY_010","2016-08-26","2016-08-26","NEON.DOC.000481vH",,
"abde07ad-182c-432e-8857-27c16f213879","59A06C767A38484CBE99FCB1C1EA15EA","ABBY_004.mammalGrid.mam","D16","ABBY","ABBY_004","2016-08-26","2016-08-26","NEON.DOC.000481vH",,
"98d7de41-799c-4a3f-87d1-4b31a62042ed","19611B5BA683442F9D8363EDBF42882C","ABBY_002.mammalGrid.mam","D16","ABBY","ABBY_002","2016-08-27","2016-08-27","NEON.DOC.000481vH",,
"78ff7dc2-c548-4f76-b64b-799d23e19567","62118A17727D4AA4826BF9F494644CC6","ABBY_007.mammalGrid.mam","D16","ABBY","ABBY_007","2016-08-27","2016-08-27","NEON.DOC.000481vH",,
"63af1520-1be4-4fb0-a90a-221b129d59df","DDEDD585AF76481C90098DCCF4A75AE3","ABBY_004.mammalGrid.mam","D16","ABBY","ABBY_004","2016-08-27","2016-08-27","NEON.DOC.000481vH",,
"84128882-1359-4191-83e5-940085fff021","B389A5D5993646F8865B2BBA596F0362","ABBY_014.mammalGrid.mam","D16","ABBY","ABBY_014","2016-08-28","2016-08-28","NEON.DOC.000481vH",,
"c53725e1-4fd4-4179-8963-680c72cc7ffa","93E27F5F39FB406094185E56D563A92C","ABBY_002.mammalGrid.mam","D16","ABBY","ABBY_002","2016-08-28","2016-08-28","NEON.DOC.000481vH",,
"79e81ccd-6890-4eb9-952b-5fed07c43019","1AD73789CBBE4929B4A5B736FDD7C0D7","ABBY_002.mammalGrid.mam","D16","ABBY","ABBY_002","2016-08-29","2016-08-29","NEON.DOC.000481vH",,
"138940ab-3813-47c7-a5c2-280deb595c27","CF6FB0CCDEC04A3998148EBF692F8B7F","ABBY_011.mammalGrid.mam","D16","ABBY","ABBY_011","2016-08-29","2016-08-29","NEON.DOC.000481vH",,
"7515a82a-43a4-4c04-9b1e-93332fcc124e","2393FB0D8522429E9EF36EFC4C380823","ABBY_023.mammalGrid.mam","D16","ABBY","ABBY_023","2016-08-29","2016-08-29","NEON.DOC.000481vH",,
