uid,nightuid,namedLocation,domainID,siteID,plotID,collectDate,endDate,samplingProtocolVersion,remarks,dataQF
"9536b47e-b57f-4fce-9ce1-f9c3580df67d","D4464A20678D4E389630577C85AF5832","OSBS_004.mammalGrid.mam","D03","OSBS","OSBS_004","2014-05-20","2014-05-20",,,
"3a9778ae-861f-4656-bd3c-c7d77a8c09c1","5E45FE80C22F428489D01CB60B62B000","OSBS_004.mammalGrid.mam","D03","OSBS","OSBS_004","2014-05-21","2014-05-21",,,
"cf2e6390-01b1-4cef-8bd6-28440a0e7f79","EB1BA7F98B5543F78F9D0228BA086ACD","OSBS_003.mammalGrid.mam","D03","OSBS","OSBS_003","2014-05-21","2014-05-21",,,
"0a91f342-16c9-4db5-af45-ebab3dd710ae","4A858F16E3CB4B999FE8D40E116BCFB4","OSBS_004.mammalGrid.mam","D03","OSBS","OSBS_004","2014-05-22","2014-05-22",,"No samples, both caught yesterday",
"0e1d13f3-d1aa-4e85-a9e8-7ed6944cc590","B4E3A06FCC9A49EDA69ACFA68C51C7EC","OSBS_003.mammalGrid.mam","D03","OSBS","OSBS_003","2014-05-22","2014-05-22",,,
"67864cd2-34b9-4189-9724-6d3802c81ec9","53F4246E0B2546749E1DC9EB6F6C9092","OSBS_004.mammalGrid.mam","D03","OSBS","OSBS_004","2014-05-23","2014-05-23",,,
