uid,nightuid,namedLocation,domainID,siteID,plotID,collectDate,endDate,samplingProtocolVersion,remarks,dataQF
"f6183897-7a64-4aa7-be28-86c35c23dcdf","F0DF6F8D407E45899470068CFB4C6A42","WOOD_001.mammalGrid.mam","D09","WOOD","WOOD_001","2014-05-28","2014-05-28",,,
"8b1b3475-9070-4bc2-8e02-0fe92cfadf1a","81ED68E252294BEC86D2435B18718D4B","WOOD_009.mammalGrid.mam","D09","WOOD","WOOD_009","2014-05-28","2014-05-28",,,
"f575357a-d3cc-42f5-ac0a-0b165feb6710","D19A9E7082D04B809C50359E22153BD5","WOOD_015.mammalGrid.mam","D09","WOOD","WOOD_015","2014-05-28","2014-05-28",,,
"6e28f66c-2834-41de-820f-ea6ba5b68b7d","243E4561EC914CA6AA852E4FB8C632FC","WOOD_011.mammalGrid.mam","D09","WOOD","WOOD_011","2014-05-28","2014-05-28",,,
"5ac04a2f-5987-4780-848a-ef759357161a","46452D855FAA44FCB65D6D3E290F7730","WOOD_001.mammalGrid.mam","D09","WOOD","WOOD_001","2014-05-29","2014-05-29",,,
"bb82f699-dfa8-489c-80b9-4c9ba766b687","61A3246AADFC4BA9BC668E3C54B00B06","WOOD_015.mammalGrid.mam","D09","WOOD","WOOD_015","2014-05-29","2014-05-29",,,
"652662a2-eb4e-4cd3-88c9-53e2ecc02f7f","40F7AA19535F4C89A4F05B74ECEFAA66","WOOD_009.mammalGrid.mam","D09","WOOD","WOOD_009","2014-05-29","2014-05-29",,,
"f8f3116a-c32d-45da-8a8b-25cba9b8933a","DBC5DE673E89414891F00FDA3AC1B26F","WOOD_011.mammalGrid.mam","D09","WOOD","WOOD_011","2014-05-29","2014-05-29",,,
"bc3f6762-53df-484c-9daf-5c77d1910196","18405AEAE3F34F5A932A147C2DD05005","WOOD_015.mammalGrid.mam","D09","WOOD","WOOD_015","2014-05-30","2014-05-30",,,
"ec67c2f8-3e0b-4f46-a074-3cfc925d2d76","80FB7F7DA1E44A22BE6A30DEF1F4DF90","WOOD_011.mammalGrid.mam","D09","WOOD","WOOD_011","2014-05-30","2014-05-30",,,
"9c4d2073-3a79-41c3-bed8-e86ac7569a49","0C6459FA10D14F079B4FA221FAEFBA4E","WOOD_001.mammalGrid.mam","D09","WOOD","WOOD_001","2014-05-30","2014-05-30",,,
"d3dd13bb-ec91-429e-85a2-c878cab977b3","2C3CC651F3754056A4B5DA64E6248B79","WOOD_009.mammalGrid.mam","D09","WOOD","WOOD_009","2014-05-30","2014-05-30",,,
"fb43eff1-2a3e-4a0f-b9e1-7fb81f46d847","53F5CC988BB245D4A9EAB2E534CEB4F6","WOOD_008.mammalGrid.mam","D09","WOOD","WOOD_008","2014-05-31","2014-05-31",,,
"aaa9218f-4d72-4f45-a4e8-5d29474e8cbb","0D62DED5594041E99477122AA4D8CC95","WOOD_013.mammalGrid.mam","D09","WOOD","WOOD_013","2014-05-31","2014-05-31",,,
"e5a7c032-3aaa-49dd-a9b4-1e6bc470707d","BF1028DF8BBE48549601CFC2B6B74B0C","WOOD_002.mammalGrid.mam","D09","WOOD","WOOD_002","2014-05-31","2014-05-31",,,
"43a43a88-7b25-4dc5-8b23-5037ff6ac015","8F7131824FB446D3823FCD320EB291B6","WOOD_006.mammalGrid.mam","D09","WOOD","WOOD_006","2014-05-31","2014-05-31",,,
