uid,nightuid,namedLocation,domainID,siteID,plotID,collectDate,endDate,samplingProtocolVersion,remarks,dataQF
"18b86c9d-0c90-4960-a4e3-6541144c6a4d","D5EF3EA0F45843E99B0553E4A0A9588A","UNDE_027.mammalGrid.mam","D05","UNDE","UNDE_027","2015-10-15","2015-10-15",,,
"a4957089-993d-48a0-a629-28dfae3af03f","9A302216DC894613AFB5C2C00DAF7818","UNDE_012.mammalGrid.mam","D05","UNDE","UNDE_012","2015-10-15","2015-10-15",,,
"9e70173c-8ec4-4ffc-bc40-2756d23191d3","28CA0CD0EE7D414DA18080EFEF3BE0FA","UNDE_032.mammalGrid.mam","D05","UNDE","UNDE_032","2015-10-15","2015-10-15",,,
"c26ef833-fe3c-48c0-b20a-7b4e39a5f7a6","A50BDCD420864265AE9B4FA3F5C71E66","UNDE_012.mammalGrid.mam","D05","UNDE","UNDE_012","2015-10-15","2015-10-15",,"One night of pathogen sampling was cancelled due to poor weather conditions. On the night of Oct 15 the weather forecast indicated a 50 percent chance of precipitation in the form of rain before 11pm and snow after 11pm and temps dropping to 30 degrees F",
"b25511b0-fd10-45a9-80a5-183d5f8cde72","F15B60AB24C842D2AFFACD06D0863684","UNDE_032.mammalGrid.mam","D05","UNDE","UNDE_032","2015-10-16","2015-10-16",,"One night of pathogen sampling was cancelled due to poor weather conditions. On the night of Oct 15 the weather forecast indicated a 50 percent chance of precipitation in the form of rain before 11pm and snow after 11pm and temps dropping to 30 degrees F",
"f549b608-b5ac-4815-90f7-89a214a95381","AB92537CE6FD4D7F86BB58819B6CC13E","UNDE_027.mammalGrid.mam","D05","UNDE","UNDE_027","2015-10-16","2015-10-16",,"One night of pathogen sampling was cancelled due to poor weather conditions. On the night of Oct 15 the weather forecast indicated a 50 percent chance of precipitation in the form of rain before 11pm and snow after 11pm and temps dropping to 30 degrees F",
"2fc7431f-2718-47ff-96ec-726cb2588533","0B218C25DFAD4E83B4069E297D782D33","UNDE_032.mammalGrid.mam","D05","UNDE","UNDE_032","2015-10-17","2015-10-17",,,
"9c355e50-6efd-464c-91d0-f94171e217eb","7B5621BEB2D146D7B9D1AF8F3F566FAB","UNDE_012.mammalGrid.mam","D05","UNDE","UNDE_012","2015-10-17","2015-10-17",,"Something seems to have disturbed the grid overnight. Several traps were moved. One was closed but empty but there was spoor inside and no batting.",
"8c45d76c-b66e-483f-9ea9-0a1358f2d633","8868BBCCD667452BBD503407FC0DF8A6","UNDE_027.mammalGrid.mam","D05","UNDE","UNDE_027","2015-10-17","2015-10-17",,,
"a3e629fd-d425-4b0a-90c9-54c920b3e241","B0C9916D34194F349A669AF26BADD465","UNDE_001.mammalGrid.mam","D05","UNDE","UNDE_001","2015-10-18","2015-10-18",,,
"f4a46a28-c3dd-4f52-a503-6250b86c2d91","DA684A76E8EF48C4870A7C63A2EE573C","UNDE_002.mammalGrid.mam","D05","UNDE","UNDE_002","2015-10-18","2015-10-18",,"Over 40 percent of traps were open but had what appeared to be shrew feces in them. All but one capture was deceased. Suspect that the high mortality was the result of below freezing overnight temperatures",
"fd4fa540-7340-4f06-be3e-5142b2578ca0","D90C6401EED34470803D319B627E3ADC","UNDE_008.mammalGrid.mam","D05","UNDE","UNDE_008","2015-10-19","2015-10-19",,"Suspected that high mortalities were a result of below freezing overnight temps; despite sufficient batting in traps.",
"c040e31d-41e2-48cd-8c0f-f8efbb3866ca","3087977DC2F546E4B8884287107B1564","UNDE_003.mammalGrid.mam","D05","UNDE","UNDE_003","2015-10-19","2015-10-19",,"Despite having sufficient batting in the traps, we suspect that the high shrew mortalities were the result of below zero overnight temps.",
