uid,nightuid,namedLocation,domainID,siteID,plotID,collectDate,endDate,samplingProtocolVersion,remarks,dataQF
"de260726-51f8-4ec1-8829-14a655bb77d9","beb890e1-cae9-4dd3-a8d4-b94978c51db2","STEI_019.mammalGrid.mam","D05","STEI","STEI_019","2018-07-03","2018-07-03","NEON.DOC.000481vK",,
"db14e34d-9083-40f2-be6d-334d1f86fa36","41680c40-07db-4883-921c-45df98153315","STEI_022.mammalGrid.mam","D05","STEI","STEI_022","2018-07-03","2018-07-03","NEON.DOC.000481vK",,
"dc69a0f2-1ca3-49f5-a045-0500b6e45cb3","29e78aa0-80ba-4fa7-bbb3-3804886f0c94","STEI_001.mammalGrid.mam","D05","STEI","STEI_001","2018-07-03","2018-07-03","NEON.DOC.000481vK",,
"3ef29c16-2f00-491a-8242-7d4166f91351","37e32a4e-1e8a-48c1-97ce-6809bf56db1a","STEI_002.mammalGrid.mam","D05","STEI","STEI_002","2018-07-04","2018-07-04","NEON.DOC.000481vK",,
"b2c9b90e-1504-47e9-bdef-1cb05cdb1f77","e10a09ab-c9ff-41ec-a4ee-819fcb9c2957","STEI_012.mammalGrid.mam","D05","STEI","STEI_012","2018-07-04","2018-07-04","NEON.DOC.000481vK",,
"0308f431-1a86-4ed2-86e0-4b6ef504c421","04f6fd44-28c6-42a5-96ed-b7d91f9b1876","STEI_005.mammalGrid.mam","D05","STEI","STEI_005","2018-07-04","2018-07-04","NEON.DOC.000481vK",,
"379b7829-7546-4f76-b3ba-1ce2494b787b","9ee9a198-ba98-4fe7-aa0a-f77b8dfc33bd","STEI_002.mammalGrid.mam","D05","STEI","STEI_002","2018-07-06","2018-07-06","NEON.DOC.000481vK",,
"63e7647d-d3aa-494c-ace1-b0af977f257d","02d29ca8-d8c6-42b0-b025-e600723ea720","STEI_005.mammalGrid.mam","D05","STEI","STEI_005","2018-07-06","2018-07-06","NEON.DOC.000481vK",,
"12bed45f-6f4f-464c-b42e-99a5fae3d1e2","9c028c1a-d0b7-4e1b-811f-283996b4ebce","STEI_012.mammalGrid.mam","D05","STEI","STEI_012","2018-07-06","2018-07-06","NEON.DOC.000481vK",,
