uid,nightuid,namedLocation,domainID,siteID,plotID,collectDate,endDate,samplingProtocolVersion,remarks,dataQF
"8f19124e-9f23-4888-8948-d36fff2d6627","29472895A76748178BCA05F923F9A279","ORNL_004.mammalGrid.mam","D07","ORNL","ORNL_004","2014-05-28","2014-05-28",,,
"444470db-20c7-418a-9b40-7ce08a5f6f19","EBC393F0013041A4954FE09F4206DD26","ORNL_027.mammalGrid.mam","D07","ORNL","ORNL_027","2014-05-28","2014-05-28",,,
"60d1a7aa-0961-44d5-bc84-3ac155d098bf","0C7FCCDD658A4F34B486E5ED91B511D7","ORNL_039.mammalGrid.mam","D07","ORNL","ORNL_039","2014-05-28","2014-05-28",,,
"4efc9259-433a-4598-954a-91e600ab3f5d","1A5101300AC446809EA6179450582B35","ORNL_002.mammalGrid.mam","D07","ORNL","ORNL_002","2014-05-28","2014-05-28",,"ants found in many of the traps.",
"db848459-7928-4d33-8e3c-1f8f6db636e5","DFE0406632194F28A61CA42E6CE61797","ORNL_027.mammalGrid.mam","D07","ORNL","ORNL_027","2014-05-29","2014-05-29",,,
"b14eebfa-477d-408c-b645-0560d8c6d282","8EFD596BA6824171B73110D790D28B92","ORNL_039.mammalGrid.mam","D07","ORNL","ORNL_039","2014-05-29","2014-05-29",,,
"1531052e-4dad-4acd-889b-aa1558d9a21d","351776408B574520B04B2D02EB864813","ORNL_002.mammalGrid.mam","D07","ORNL","ORNL_002","2014-05-29","2014-05-29",,,
"b561c4ef-8e99-4d7f-8cbd-e250460915b5","F1D634830F8C43AE901B117C00FAEC99","ORNL_027.mammalGrid.mam","D07","ORNL","ORNL_027","2014-05-30","2014-05-30",,,
"bd144353-db25-4941-aff8-d07bf1c2cb9a","B64D22862A4143D5B103ECD1110F3B13","ORNL_039.mammalGrid.mam","D07","ORNL","ORNL_039","2014-05-30","2014-05-30",,,
"0d14e8b3-d5de-4ac4-b64e-e37eea8b0b8d","013202CC613B4EC78EFE64BB81897EEC","ORNL_002.mammalGrid.mam","D07","ORNL","ORNL_002","2014-05-30","2014-05-30",,,
"8951981d-5f47-4cad-8a4b-f2e93aa130b5","4E2803DBAFA2430EBF9648DBD7FF45EC","ORNL_003.mammalGrid.mam","D07","ORNL","ORNL_003","2014-05-31","2014-05-31",,,
"22827669-5c51-486c-b7a8-9ae821b52c29","4DDA12B9E0654D1A92D3C4DCB6B4A438","ORNL_001.mammalGrid.mam","D07","ORNL","ORNL_001","2014-05-31","2014-05-31",,,
