uid,nightuid,namedLocation,domainID,siteID,plotID,collectDate,endDate,samplingProtocolVersion,remarks,dataQF
"54fbafef-7ca4-4a92-90b4-8d862c3f01a4","f28fe3a6-dd00-4b0d-beac-18ee0af1b259","BONA_020.mammalGrid.mam","D19","BONA","BONA_020","2017-07-31","2017-07-31","NEON.DOC.000481vJ",,
"c75179bd-7565-4aea-ba5d-295f208dd50b","6662d206-571c-49ea-b25e-67bc7f2aba14","BONA_014.mammalGrid.mam","D19","BONA","BONA_014","2017-07-31","2017-07-31","NEON.DOC.000481vJ",,
"cc950f87-9095-40eb-9e15-e5e3fca1619f","3f4c7677-0be4-4265-90a9-7707258462e5","BONA_094.mammalGrid.mam","D19","BONA","BONA_094","2017-07-31","2017-07-31","NEON.DOC.000481vJ",,
"5d7cf818-98e8-49f1-a6cf-24149642b635","8962d38b-e0ed-4391-a6b0-f80e3fd1f2eb","BONA_004.mammalGrid.mam","D19","BONA","BONA_004","2017-07-31","2017-07-31","NEON.DOC.000481vJ",,
