uid,nightuid,namedLocation,domainID,siteID,plotID,collectDate,endDate,samplingProtocolVersion,remarks,dataQF
"5836ac99-d2b2-4bc3-94f8-23efa8822f49","9DD726AF6B2E4CC88C948027D9F189CF","NIWO_007.mammalGrid.mam","D13","NIWO","NIWO_007","2016-07-06","2016-07-06","NEON.DOC.000481vH",,
"e62378b7-60f9-497d-b189-d36526ed9244","43BDC1D9B39041139150E64CD7903D63","NIWO_002.mammalGrid.mam","D13","NIWO","NIWO_002","2016-07-06","2016-07-06","NEON.DOC.000481vH",,
"90d2d478-adfb-40f8-a824-ef7ad4acc7bb","9201188BFB3947E59441CEAA2F2D9D4C","NIWO_023.mammalGrid.mam","D13","NIWO","NIWO_023","2016-07-06","2016-07-06","NEON.DOC.000481vH",,
"fff3bf11-b308-4f41-9061-4cb5b62d3656","512BBE9512BB4DCCAF8981B719DDC374","NIWO_007.mammalGrid.mam","D13","NIWO","NIWO_007","2016-07-07","2016-07-07","NEON.DOC.000481vH",,
"3093b2a3-16cf-418b-af87-1b474a8798f9","A9B80F0D566946CEB029BEDFC273C77A","NIWO_023.mammalGrid.mam","D13","NIWO","NIWO_023","2016-07-07","2016-07-07","NEON.DOC.000481vH",,
"68864e78-c4ef-4d4d-a95b-30d6f7f22974","C6F02CC80322437CB7FDF52B1C563126","NIWO_025.mammalGrid.mam","D13","NIWO","NIWO_025","2016-07-07","2016-07-07","NEON.DOC.000481vH",,
"1ba13a61-6d18-43ba-a89a-dda7a820aa26","4917A9C9FAAE4E0FAC8060F9E67C25B0","NIWO_002.mammalGrid.mam","D13","NIWO","NIWO_002","2016-07-07","2016-07-07","NEON.DOC.000481vH",,
"c10f78eb-6cce-49cf-87b1-bfbcf1627466","DDC755D702414506AC6ECADF06474F76","NIWO_001.mammalGrid.mam","D13","NIWO","NIWO_001","2016-07-07","2016-07-07","NEON.DOC.000481vH",,
"e42dbbc6-b54b-4482-bdd1-5131e4b5b11e","BD9026AEED3742F794A4C7104E191650","NIWO_023.mammalGrid.mam","D13","NIWO","NIWO_023","2016-07-08","2016-07-08","NEON.DOC.000481vH",,
"dfd8720d-c91f-4a55-a0b2-ab51f9af3c1c","9D89B0780AFD4045942941BCCABD3DFA","NIWO_007.mammalGrid.mam","D13","NIWO","NIWO_007","2016-07-08","2016-07-08","NEON.DOC.000481vH",,
"7d2e6a43-539a-467b-880b-4fbcc2c8c7cd","90C60F0601D24752A9DB59B85C420CD5","NIWO_005.mammalGrid.mam","D13","NIWO","NIWO_005","2016-07-08","2016-07-08","NEON.DOC.000481vH",,
"330e2e76-e95e-4bf9-9e39-eafe5159b8bf","55FC5100A8E945C98A3FF7258AF849EF","NIWO_002.mammalGrid.mam","D13","NIWO","NIWO_002","2016-07-08","2016-07-08","NEON.DOC.000481vH",,
