uid,nightuid,namedLocation,domainID,siteID,plotID,collectDate,endDate,samplingProtocolVersion,remarks,dataQF
"5730c6ec-e211-48d9-84c3-044ac6445cb5","ca91b019-ada7-4e98-a295-ea884a477d07","BART_062.mammalGrid.mam","D01","BART","BART_062","2017-05-23","2017-05-23","NEON.DOC.000481vJ",,
"ace871a6-2321-4696-aa77-fc24612fda50","d4ff8a2d-78a2-4031-832b-f58b65594ce9","BART_012.mammalGrid.mam","D01","BART","BART_012","2017-05-23","2017-05-23","NEON.DOC.000481vJ",,
"01919c61-cdbc-4fa1-88fa-e557d6509017","696fd88e-873a-48bf-aea0-9405870bfaa7","BART_015.mammalGrid.mam","D01","BART","BART_015","2017-05-23","2017-05-23","NEON.DOC.000481vJ",,
"bfb1da39-8dde-439a-ab37-bd5c77b0dd9a","164bb089-06f1-47f1-891e-85f2d084d9d4","BART_062.mammalGrid.mam","D01","BART","BART_062","2017-05-24","2017-05-24","NEON.DOC.000481vJ",,
"75abca6d-4834-4843-95ec-2a460aded606","ffd96b5b-0b57-4524-a64e-90bfd1d76ae2","BART_012.mammalGrid.mam","D01","BART","BART_012","2017-05-24","2017-05-24","NEON.DOC.000481vJ",,
"9fae5416-e64c-46c8-9384-234411f3e173","c6e32d94-00ad-46f8-8587-79a7f6f897f5","BART_015.mammalGrid.mam","D01","BART","BART_015","2017-05-24","2017-05-24","NEON.DOC.000481vJ",,
"eb957fcd-05ff-4889-9d0e-8a6fc0f8bd63","142f44cf-c61e-4e86-bb49-9cdd35114986","BART_015.mammalGrid.mam","D01","BART","BART_015","2017-05-25","2017-05-25","NEON.DOC.000481vJ",,
"0072ec32-b78f-4291-aa91-5e33d59244fe","b7239668-44c7-4481-98b6-a95991e657bb","BART_012.mammalGrid.mam","D01","BART","BART_012","2017-05-25","2017-05-25","NEON.DOC.000481vJ",,
"4987399b-e24f-45ef-b867-3e063cbc0c5e","919b4cd3-dfb0-4df5-b9a3-c88db8931727","BART_062.mammalGrid.mam","D01","BART","BART_062","2017-05-25","2017-05-25","NEON.DOC.000481vJ",,
"4cbd2112-87c2-46bd-9648-f8ad2d27cf0b","457be4c6-e5e0-4f60-9e56-ebcfa0b2310d","BART_007.mammalGrid.mam","D01","BART","BART_007","2017-05-26","2017-05-26","NEON.DOC.000481vJ",,
"6bea280e-5b01-4475-8b07-45095574fdc1","31dfca01-5dcd-4cae-8b62-ce2794c12ef1","BART_001.mammalGrid.mam","D01","BART","BART_001","2017-05-26","2017-05-26","NEON.DOC.000481vJ",,
"f526688d-8c50-4899-ad10-25ee9e12726c","408ef10d-e7a9-4ace-ba98-b0d5b30f358e","BART_084.mammalGrid.mam","D01","BART","BART_084","2017-05-26","2017-05-26","NEON.DOC.000481vJ",,
