uid,nightuid,namedLocation,domainID,siteID,plotID,collectDate,endDate,samplingProtocolVersion,remarks,dataQF
"5050761b-aced-4ad2-8965-9f6397588009","71D105440D0E4DEFBD4D8DED5BC7A5F8","WOOD_015.mammalGrid.mam","D09","WOOD","WOOD_015","2016-07-06","2016-07-06","NEON.DOC.000481vH",,
"5b9ea6dd-f5bb-44f3-a300-d07b28751f5f","DE4EB87CA2164DBA9AEAF9B486F57796","WOOD_001.mammalGrid.mam","D09","WOOD","WOOD_001","2016-07-06","2016-07-06","NEON.DOC.000481vH",,
"0a4d46d5-326a-4c30-9da6-a654b44be187","5326E72242B44F51A5A163AD27309534","WOOD_006.mammalGrid.mam","D09","WOOD","WOOD_006","2016-07-06","2016-07-06","NEON.DOC.000481vH",,
"2fd05ad7-8ac7-4006-af74-25279ac4bb33","541A54C593AF46659106C60D3E615BCE","WOOD_002.mammalGrid.mam","D09","WOOD","WOOD_002","2016-07-07","2016-07-07","NEON.DOC.000481vH",,
"8fd49889-0367-42b9-90c6-02129ade4e68","2B74845FA8194C8AAD89FB8A708B1E85","WOOD_009.mammalGrid.mam","D09","WOOD","WOOD_009","2016-07-07","2016-07-07","NEON.DOC.000481vH",,
"8ca0cbb9-1e01-42e6-9ccc-df367923d2ae","697A818AF76C4E88AA26776008BE00E2","WOOD_001.mammalGrid.mam","D09","WOOD","WOOD_001","2016-07-07","2016-07-07","NEON.DOC.000481vH",,
"c71056d3-ec0c-426b-8f21-6e9240ef0802","03009FC3C99241FC93FC571449B93469","WOOD_001.mammalGrid.mam","D09","WOOD","WOOD_001","2016-07-08","2016-07-08","NEON.DOC.000481vH",,
"c13c77d7-1d9f-4210-9f41-7aa9be07632a","70A43DE819F6493985B40C92F7A10348","WOOD_002.mammalGrid.mam","D09","WOOD","WOOD_002","2016-07-08","2016-07-08","NEON.DOC.000481vH",,
"e31ed719-a981-4ba4-bb77-ab9d93c9de0a","67F1C7CE99C748E0BB987ABAA932C1F8","WOOD_009.mammalGrid.mam","D09","WOOD","WOOD_009","2016-07-08","2016-07-08","NEON.DOC.000481vH",,
"8e7b547c-edfd-4170-8cc4-481c7f8b177c","715B2CDB95AB42B588300241A2CB3821","WOOD_011.mammalGrid.mam","D09","WOOD","WOOD_011","2016-07-08","2016-07-08","NEON.DOC.000481vH",,
"52c8b2cb-a177-49e0-ae01-4ec429a6f817","298FE48F0E2C47698121F7EB3C1F33B5","WOOD_008.mammalGrid.mam","D09","WOOD","WOOD_008","2016-07-09","2016-07-09","NEON.DOC.000481vH",,
"46205814-3061-4d22-bea4-2122ac8bfc2f","F492FE253C874C01A1FB78B26269031A","WOOD_002.mammalGrid.mam","D09","WOOD","WOOD_002","2016-07-09","2016-07-09","NEON.DOC.000481vH",,
"1edaa443-f839-41ae-bcca-6c598074d2f8","0FCE4EB8C9D14E39BCAE25D93DDAB1B3","WOOD_009.mammalGrid.mam","D09","WOOD","WOOD_009","2016-07-09","2016-07-09","NEON.DOC.000481vH","Cows on Grid",
"0be2763c-9a23-4bc9-be2e-135db2a988b9","76FA26B3EC1D4FC2BA0DA1B84326C314","WOOD_013.mammalGrid.mam","D09","WOOD","WOOD_013","2016-07-09","2016-07-09","NEON.DOC.000481vH",,
