uid,nightuid,namedLocation,domainID,siteID,plotID,collectDate,endDate,samplingProtocolVersion,remarks,dataQF
"94b6bacd-9dad-488f-8b4b-6aa50ca86f7d","978512BAFB7C46DAB66E96A164B3493A","BART_012.mammalGrid.mam","D01","BART","BART_012","2016-09-08","2016-09-08","NEON.DOC.000481vH",,
"3d782f3c-a087-4c92-83fb-1118030a4ea2","B743D0DB00F64693918B197ED54D9A87","BART_062.mammalGrid.mam","D01","BART","BART_062","2016-09-08","2016-09-08","NEON.DOC.000481vH",,
"f0f12125-1af0-49ad-a53b-a58283137b0d","5B53DA7F77834931945C2F2F4C64CB2A","BART_015.mammalGrid.mam","D01","BART","BART_015","2016-09-08","2016-09-08","NEON.DOC.000481vH",,
"701fe9fa-44c1-4542-9d15-735ffdba118e","764EE938D73F4103B721CAEA7C8D08C9","BART_062.mammalGrid.mam","D01","BART","BART_062","2016-09-09","2016-09-09","NEON.DOC.000481vH",,
"20c6bae1-3bf2-4c50-ba10-de4e3cb88449","024EE07C6BF749589B460813EFD36B33","BART_015.mammalGrid.mam","D01","BART","BART_015","2016-09-09","2016-09-09","NEON.DOC.000481vH",,
"90efea18-8515-4b26-8308-7eed3f941ff1","BDAE2EF2F8C24CA79271154664B3A11E","BART_012.mammalGrid.mam","D01","BART","BART_012","2016-09-09","2016-09-09","NEON.DOC.000481vH",,
"12523a1b-e842-4c00-bea5-eb5116960734","0F2442DDCFF64FCC9C06FB6E48D118C8","BART_015.mammalGrid.mam","D01","BART","BART_015","2016-09-10","2016-09-10","NEON.DOC.000481vH",,
"00f14415-3fba-4262-aa85-2f719ca3bbb3","80882CACFF8A45EBB6AECC2A9FF80A9F","BART_062.mammalGrid.mam","D01","BART","BART_062","2016-09-10","2016-09-10","NEON.DOC.000481vH",,
"2224389c-e306-4df7-b6b3-390fe82a9c24","71DCF7A03FFB43249608A37C898ABEB2","BART_012.mammalGrid.mam","D01","BART","BART_012","2016-09-10","2016-09-10","NEON.DOC.000481vH",,
