uid,nightuid,namedLocation,domainID,siteID,plotID,collectDate,endDate,samplingProtocolVersion,remarks,dataQF
"0236b215-88ad-4274-b7c4-1850c73a37d6","e309314b-09e0-4851-8abd-a5a61a06a5c6","BLAN_003.mammalGrid.mam","D02","BLAN","BLAN_003","2018-04-17","2018-04-17","NEON.DOC.000481vK","Grass short",
"6ce6fa94-1277-4fe8-8ebe-4ab6ed2b2b8b","d9e8842b-a5dc-45a6-a35a-1cc5b0faa115","BLAN_009.mammalGrid.mam","D02","BLAN","BLAN_009","2018-04-17","2018-04-17","NEON.DOC.000481vK",,
"124a1e40-8cf8-4c3f-bb7f-c46a2da85451","b6a3ec50-4735-4d64-b71e-f4b35f0d7699","BLAN_001.mammalGrid.mam","D02","BLAN","BLAN_001","2018-04-17","2018-04-17","NEON.DOC.000481vK",,
"0f8d4aed-7154-4548-9ab9-e7ec2402a5fb","4a1686aa-b202-4e12-bb49-0110ed68ba76","BLAN_009.mammalGrid.mam","D02","BLAN","BLAN_009","2018-04-18","2018-04-18","NEON.DOC.000481vK",,
"36bf68af-6a61-4046-b669-9d835ef9e517","a46cc98a-5cac-4a12-b603-e94c1c1e675f","BLAN_003.mammalGrid.mam","D02","BLAN","BLAN_003","2018-04-18","2018-04-18","NEON.DOC.000481vK","grass in plot <1ft tall",
"5887b49b-a184-426d-a6f7-83d9995ef034","4785cf40-c35d-4280-9652-2c645a08378f","BLAN_001.mammalGrid.mam","D02","BLAN","BLAN_001","2018-04-18","2018-04-18","NEON.DOC.000481vK",,
"dc5ea4f5-43ac-4856-9c13-648a846430ce","cc33f65d-8042-4239-94df-a52642cafef4","BLAN_009.mammalGrid.mam","D02","BLAN","BLAN_009","2018-04-19","2018-04-19","NEON.DOC.000481vK",,
"4f0e240c-9894-4dbd-bab6-33f63479cccf","5e588a71-1115-49b7-8c92-fb4e68e7480f","BLAN_001.mammalGrid.mam","D02","BLAN","BLAN_001","2018-04-19","2018-04-19","NEON.DOC.000481vK",,
"4eef5011-5e6f-4c05-9bb4-a2a274cfba3e","c142dfd3-c9d8-47f0-a952-82d92f8bf7aa","BLAN_003.mammalGrid.mam","D02","BLAN","BLAN_003","2018-04-19","2018-04-19","NEON.DOC.000481vK","Grass very short",
"cc1d5351-6abc-44ff-81fa-bb17b9c95478","e5118bbc-9053-43a4-928e-89d24b6c3399","BLAN_002.mammalGrid.mam","D02","BLAN","BLAN_002","2018-04-19","2018-04-19","NEON.DOC.000481vK",,
