uid,nightuid,namedLocation,domainID,siteID,plotID,collectDate,endDate,samplingProtocolVersion,remarks,dataQF
"07d2cb1f-3e25-4f57-80f5-3b408a8e80bf","31c0f3aa-a19e-46e2-9878-4ad56fdedb28","KONZ_005.mammalGrid.mam","D06","KONZ","KONZ_005","2017-07-24","2017-07-24","NEON.DOC.000481vG",,
"94c62d4f-c781-4026-a724-d9ff806b58ea","7348e34b-2c7e-4a63-9d35-5c5256d2aefc","KONZ_003.mammalGrid.mam","D06","KONZ","KONZ_003","2017-07-24","2017-07-24","NEON.DOC.000481vG",,
"fd407e56-21c0-48e2-a7c0-79055536d761","4bf38f97-d3ce-415f-bb1c-a5b3d961dabd","KONZ_002.mammalGrid.mam","D06","KONZ","KONZ_002","2017-07-24","2017-07-24","NEON.DOC.000481vG",,
"d3332ba1-16bf-495e-9ed9-b12878a779f6","8fc19c34-f0d8-4b14-ad6e-e020ddcf0a1b","KONZ_027.mammalGrid.mam","D06","KONZ","KONZ_027","2017-07-26","2017-07-26","NEON.DOC.000481vG",,
"68cb5019-f6c6-4623-bcc7-5c09dfb5fc01","a061b092-697b-400b-bac5-8af36d970e52","KONZ_006.mammalGrid.mam","D06","KONZ","KONZ_006","2017-07-26","2017-07-26","NEON.DOC.000481vG",,
"f580a368-dbf5-4db7-89c7-529b6ceb9ee3","36f9e0cc-5450-4d9f-bdcd-c7eef0602bbe","KONZ_001.mammalGrid.mam","D06","KONZ","KONZ_001","2017-07-26","2017-07-26","NEON.DOC.000481vG",,
"533b95e4-e1c3-4af4-a168-fe074c459b2e","04003482-7491-4547-a68e-c1bae158f50b","KONZ_001.mammalGrid.mam","D06","KONZ","KONZ_001","2017-07-27","2017-07-27","NEON.DOC.000481vG",,
"b26d1fe3-785d-4fb0-acd0-d09a72ff7cbd","67e35a26-eefe-4c2e-8a62-da01076a8194","KONZ_006.mammalGrid.mam","D06","KONZ","KONZ_006","2017-07-27","2017-07-27","NEON.DOC.000481vG",,
"3b8c0763-f42c-4eec-b9b6-6fefde21c638","de9c2e64-41c3-436e-b5a4-b3c08984466d","KONZ_027.mammalGrid.mam","D06","KONZ","KONZ_027","2017-07-27","2017-07-27","NEON.DOC.000481vG",,
"5b85fcfd-75a5-4634-bb1c-5dbac1f3ea10","7597d65d-d31d-4bac-ae63-367e65949197","KONZ_001.mammalGrid.mam","D06","KONZ","KONZ_001","2017-07-28","2017-07-28","NEON.DOC.000481vG",,
"6ae11d1a-718a-42fc-8686-d822dc720a45","a1c8fbd6-de46-4953-99f3-00a56a3e93c2","KONZ_027.mammalGrid.mam","D06","KONZ","KONZ_027","2017-07-28","2017-07-28","NEON.DOC.000481vG","Over 30 captures. Adjusted processing according to protocol.",
"9631bc1c-86e0-47dc-bd9c-49ee3167ae02","dfc9d0c2-ea69-416c-9cc4-b5160e2a292a","KONZ_006.mammalGrid.mam","D06","KONZ","KONZ_006","2017-07-28","2017-07-28","NEON.DOC.000481vG","Over 40 captures. Adjusted processing according to protocol.",
