uid,nightuid,namedLocation,domainID,siteID,plotID,collectDate,endDate,samplingProtocolVersion,remarks,dataQF
"9dc69968-2b15-4ef4-a0db-1e04bf22f71e","6C229B5D198E430E9F183D89950B9307","ONAQ_020.mammalGrid.mam","D15","ONAQ","ONAQ_020","2016-07-06","2016-07-06","NEON.DOC.000481vH",,
"17600c0a-147c-4327-baec-23b0a1466e3c","57DBD1D678EA4AD3AA521484A458FBCF","ONAQ_003.mammalGrid.mam","D15","ONAQ","ONAQ_003","2016-07-06","2016-07-06","NEON.DOC.000481vH",,
"c1ac1466-ab08-4133-9dc8-4fcfd869554d","7A2ED8294F1C4664ADD751C99108086D","ONAQ_005.mammalGrid.mam","D15","ONAQ","ONAQ_005","2016-07-06","2016-07-06","NEON.DOC.000481vH",,
"a022a84a-42f3-4ba6-8d77-c6548aaa75fb","CDEBF93B485D420BA9040C311EBC333C","ONAQ_020.mammalGrid.mam","D15","ONAQ","ONAQ_020","2016-07-07","2016-07-07","NEON.DOC.000481vH",,
"423797f0-2b94-4c78-b0ec-e3acb4136953","A31C467BC4BF4C589D76C2ECB4A7A39B","ONAQ_003.mammalGrid.mam","D15","ONAQ","ONAQ_003","2016-07-07","2016-07-07","NEON.DOC.000481vH",,
"da35688f-d103-488b-a53a-0c46d819aaff","D11EF19218E747BF9022DC5516F7FF13","ONAQ_005.mammalGrid.mam","D15","ONAQ","ONAQ_005","2016-07-07","2016-07-07","NEON.DOC.000481vH",,
"12a3eb6a-a0ed-4bc6-afbb-35cb20dca682","7358E29090BF498687CDDC765B52EE1D","ONAQ_003.mammalGrid.mam","D15","ONAQ","ONAQ_003","2016-07-08","2016-07-08","NEON.DOC.000481vH",,
"0b385bbc-dc09-41f0-ad1f-180aa8cbc9ad","52E9FE1B6D574A05B0EFAA33CC7A5FD3","ONAQ_020.mammalGrid.mam","D15","ONAQ","ONAQ_020","2016-07-08","2016-07-08","NEON.DOC.000481vH",,
"c523de29-0c7b-473b-85ae-609cf725250b","ACBD820AD3814FEB9600CB91C599AE08","ONAQ_005.mammalGrid.mam","D15","ONAQ","ONAQ_005","2016-07-08","2016-07-08","NEON.DOC.000481vH",,
"11479dcc-6f64-4c53-993b-12074e76e012","94744817A7CC4556AB098FC8EC6EA3F4","ONAQ_019.mammalGrid.mam","D15","ONAQ","ONAQ_019","2016-07-09","2016-07-09","NEON.DOC.000481vH",,
"be4dc2b3-69b2-4e4b-9048-281f3b31f4d5","50458C118FCF4A37B2596D843DE50E62","ONAQ_023.mammalGrid.mam","D15","ONAQ","ONAQ_023","2016-07-09","2016-07-09","NEON.DOC.000481vH",,
"f9a73743-0409-4d11-b2e7-5b4000f19a4d","EBE1C278EEFC4A329AF674B0E52DD7F7","ONAQ_004.mammalGrid.mam","D15","ONAQ","ONAQ_004","2016-07-09","2016-07-09","NEON.DOC.000481vH",,
