uid,nightuid,namedLocation,domainID,siteID,plotID,collectDate,endDate,samplingProtocolVersion,remarks,dataQF
"f5a15afd-f57a-461c-9865-fdd32244fc29","91F9F73367F6451C863C22F938BB2F00","KONZ_003.mammalGrid.mam","D06","KONZ","KONZ_003","2016-09-07","2016-09-07","NEON.DOC.000481vH",,
"e781badd-cbf6-45bf-9c20-8fa95b54b488","8EF3C83ED499474BB53A4A177031A280","KONZ_029.mammalGrid.mam","D06","KONZ","KONZ_029","2016-09-07","2016-09-07","NEON.DOC.000481vH",,
"c20ee91c-4b84-41f5-b9a1-b27e72ed3288","A152E45CB2FD4E8DB03EF0AC355F8D95","KONZ_005.mammalGrid.mam","D06","KONZ","KONZ_005","2016-09-07","2016-09-07","NEON.DOC.000481vH",,
"d2d690d7-35fd-4483-86ab-b7711bc355f9","B0931EF59D6D43DC860DEE5E65D1DBC7","KONZ_027.mammalGrid.mam","D06","KONZ","KONZ_027","2016-09-08","2016-09-08","NEON.DOC.000481vH",,
"ca855bb8-9a10-4a13-bbdc-4df811c104c2","BF62AA2569F046CAA6240FF11542EC12","KONZ_008.mammalGrid.mam","D06","KONZ","KONZ_008","2016-09-08","2016-09-08","NEON.DOC.000481vH",,
"697c85eb-166a-40f0-87a8-b3111d0178c6","F12986FE0313439193D51D82A169618E","KONZ_001.mammalGrid.mam","D06","KONZ","KONZ_001","2016-09-08","2016-09-08","NEON.DOC.000481vH",,
"0e252436-359e-428e-b012-c323133a1405","9D28803A18DD4A36A1E21E24B8CC4E59","KONZ_001.mammalGrid.mam","D06","KONZ","KONZ_001","2016-09-09","2016-09-09","NEON.DOC.000481vH",,
"9f5369ab-0ab1-46c0-ae3d-e79662d4cdeb","7FE241BFFD024C6F8EF60ACBF7E44161","KONZ_008.mammalGrid.mam","D06","KONZ","KONZ_008","2016-09-09","2016-09-09","NEON.DOC.000481vH",,
"ecc316ac-28e5-4e84-a841-2c8fad564f5c","7469B2927B89457DBEEEA94282AF0378","KONZ_027.mammalGrid.mam","D06","KONZ","KONZ_027","2016-09-09","2016-09-09","NEON.DOC.000481vH",,
"14c50d99-a68a-47f0-acfe-e62b58d10263","6753AFAD6DDA423EAD7A5D5BA0811F79","KONZ_001.mammalGrid.mam","D06","KONZ","KONZ_001","2016-09-10","2016-09-10","NEON.DOC.000481vH",,
"691a30ba-ec61-465c-a17b-531339a6fc13","DD0B57274BE242E8987C1BC98FABB58C","KONZ_008.mammalGrid.mam","D06","KONZ","KONZ_008","2016-09-10","2016-09-10","NEON.DOC.000481vH",,
"82ef3660-0ad7-498b-abb9-ad9307640c07","CF0D395880144D0389E253F12DCA599E","KONZ_027.mammalGrid.mam","D06","KONZ","KONZ_027","2016-09-10","2016-09-10","NEON.DOC.000481vH",,
