uid,nightuid,namedLocation,domainID,siteID,plotID,collectDate,endDate,samplingProtocolVersion,remarks,dataQF
"1e4d35d6-a741-4033-aed7-058f7d17eb0f","58281798C568430B9568E9A224424E1A","SERC_007.mammalGrid.mam","D02","SERC","SERC_007","2015-08-18","2015-08-18",,"some traps not set due to limited timing; soybeans now half a meter tall with beans; very warm temps",
"b0bc1939-9f63-40ae-a966-10144583f26a","0D0C64034A56464AA8CFDEE152B886A8","SERC_015.mammalGrid.mam","D02","SERC","SERC_015","2015-08-18","2015-08-18",,"warm temps",
"e3651a70-9da9-4855-9c75-a9631b464a6e","F6BC9A47C41B4A46929533B3CCD9497F","SERC_011.mammalGrid.mam","D02","SERC","SERC_011","2015-08-18","2015-08-18",,,
"0b742c64-5e42-4172-b69d-ec53da0e2c94","9250CDB02EDC403F924D11C5E2FD6A9E","SERC_008.mammalGrid.mam","D02","SERC","SERC_008","2015-08-19","2015-08-19",,,
"588fdf34-b227-4c08-a060-8d163a60c832","80D5CFF2059346EAB66BCA76841243BB","SERC_011.mammalGrid.mam","D02","SERC","SERC_011","2015-08-19","2015-08-19",,,
"b4a10a21-12d7-49e7-992b-4c40533a4ef9","35B13D8E0B30469B8BBF2137708B6334","SERC_015.mammalGrid.mam","D02","SERC","SERC_015","2015-08-19","2015-08-19",,,
"6911c99e-217e-4338-b35e-6f3e29c010ac","7B334034C8184AABAD407BEEE8386788","SERC_014.mammalGrid.mam","D02","SERC","SERC_014","2015-08-19","2015-08-19",,,
"826ea163-efef-4d1e-aa1d-b664e837aef7","0C68270316C840B595857231AB4A4D16","SERC_032.mammalGrid.mam","D02","SERC","SERC_032","2015-08-20","2015-08-20",,,
"6f1f6c69-f662-4ed2-a409-b9af09a19f93","C4ACB965D89141F59874AFE09C2DA725","SERC_011.mammalGrid.mam","D02","SERC","SERC_011","2015-08-20","2015-08-20",,"Rained night before.",
"f15cd9b2-e14e-4719-ad5d-9eb19399bf9d","A23301C2A8F84E0591F7D59B0470CCE6","SERC_016.mammalGrid.mam","D02","SERC","SERC_016","2015-08-20","2015-08-20",,"Rained night before.",
"6427de0a-0ac6-45f0-a572-186ef987cdfc","63D34ABD7A0F4D6ABE48EB72F5C1AC17","SERC_014.mammalGrid.mam","D02","SERC","SERC_014","2015-08-20","2015-08-20",,,
"08009ffe-9e19-494b-92d9-150c4eedf5ca","3551B00A94EF411F8A0BCEEC6E85ACBF","SERC_014.mammalGrid.mam","D02","SERC","SERC_014","2015-08-21","2015-08-21",,"only 100 traps set; one trap with animal did not have trap coordinate written",
"8d100b4d-7faf-4679-9c43-aa24526738a7","A1C4B0E8BE694207BBBF095DE504F7AF","SERC_031.mammalGrid.mam","D02","SERC","SERC_031","2015-08-21","2015-08-21",,,
