uid,nightuid,namedLocation,domainID,siteID,plotID,collectDate,endDate,samplingProtocolVersion,remarks,dataQF
"9bfe872c-7a27-4c44-933a-51e12688befb","bae52143-a7ea-45ca-9fcc-27ef7c79fc24","OSBS_002.mammalGrid.mam","D03","OSBS","OSBS_002","2018-05-08","2018-05-08","NEON.DOC.000481vK",,
"0b3b5bf7-7604-4360-a435-a797f5213971","838973c4-b57e-4ae9-b313-3026a030700f","OSBS_004.mammalGrid.mam","D03","OSBS","OSBS_004","2018-05-08","2018-05-08","NEON.DOC.000481vK",,
"905af47e-20ea-4591-b4e5-b495be4daab1","a68f131e-5bf3-4c58-b0ac-4e28c17c4821","OSBS_003.mammalGrid.mam","D03","OSBS","OSBS_003","2018-05-08","2018-05-08","NEON.DOC.000481vK",,
"dc1e898a-3766-49bd-b199-fb847e19de83","745cfc33-f13a-4129-a868-ba47b2db2eec","OSBS_003.mammalGrid.mam","D03","OSBS","OSBS_003","2018-05-09","2018-05-09","NEON.DOC.000481vK",,
"9a4d4649-828c-4b98-9f0d-37d1715e2282","7523c38f-1652-4641-8050-fa907bd07ee5","OSBS_005.mammalGrid.mam","D03","OSBS","OSBS_005","2018-05-09","2018-05-09","NEON.DOC.000481vK",,
"50f3ce5f-851d-435f-aca5-cc0f7ab399fc","26f6591e-4814-4c68-8230-021c16d64f2c","OSBS_004.mammalGrid.mam","D03","OSBS","OSBS_004","2018-05-09","2018-05-09","NEON.DOC.000481vK",,
"06b42022-c850-4209-91a1-6588bdf3d146","f2f3e876-1c5e-4b92-b946-299ae1bb856b","OSBS_004.mammalGrid.mam","D03","OSBS","OSBS_004","2018-05-10","2018-05-10","NEON.DOC.000481vK",,
"141927bd-60dd-48b1-aaa9-3e7eceb562bd","601ea66e-5a31-4d9b-8157-09b2d0a00416","OSBS_003.mammalGrid.mam","D03","OSBS","OSBS_003","2018-05-10","2018-05-10","NEON.DOC.000481vK",,
