uid,nightuid,namedLocation,domainID,siteID,plotID,collectDate,endDate,samplingProtocolVersion,remarks,dataQF
"65373ad1-e4c5-4685-846d-6b4c84d20b52","ef5f03e1-0545-4ef1-8f2c-59867438212b","MOAB_006.mammalGrid.mam","D13","MOAB","MOAB_006","2018-04-11","2018-04-11","NEON.DOC.000481vK",,
"9ff19ef6-a41d-4c69-ac34-9ffbfe83dedb","d81266ac-f77f-4574-84f2-105b8cf6244e","MOAB_009.mammalGrid.mam","D13","MOAB","MOAB_009","2018-04-11","2018-04-11","NEON.DOC.000481vK",,
"2e6153f3-338f-45f7-bde8-51fd5d3305a4","9e974a4d-58aa-4030-aec0-b25cbaa647f4","MOAB_003.mammalGrid.mam","D13","MOAB","MOAB_003","2018-04-11","2018-04-11","NEON.DOC.000481vK",,
"8bb3e9c6-e1c2-4861-83cf-3a353e9c09f0","a5ebdaca-64de-46b1-9699-e391911a0e12","MOAB_006.mammalGrid.mam","D13","MOAB","MOAB_006","2018-04-12","2018-04-12","NEON.DOC.000481vK",,
"9890d683-c9ea-4e68-93ec-8829e9fb8607","e85e7520-3c64-4c49-ac19-f46c68e04c04","MOAB_003.mammalGrid.mam","D13","MOAB","MOAB_003","2018-04-12","2018-04-12","NEON.DOC.000481vK",,
"233ac2f1-4a82-4bc1-b742-b59cd3bc0cf6","f6c6f36c-1a00-4241-abb0-1e51a7e69b9a","MOAB_009.mammalGrid.mam","D13","MOAB","MOAB_009","2018-04-12","2018-04-12","NEON.DOC.000481vK",,
"04e0aff6-e415-47e1-91f4-0fa362ece6f9","56b03370-254c-4ff7-948c-8d9ef11bf8a5","MOAB_002.mammalGrid.mam","D13","MOAB","MOAB_002","2018-04-16","2018-04-16","NEON.DOC.000481vK",,
"4dac8c93-400d-45da-9085-7f27e92b62b0","f88c64d1-a708-4b0a-956b-4a7b51652d39","MOAB_007.mammalGrid.mam","D13","MOAB","MOAB_007","2018-04-16","2018-04-16","NEON.DOC.000481vK","New grid. Record created on 20180430 because MOAB 007 was not yet available on Fulcrum at the time of trap setting and collecting.",
"979cc531-924d-4641-b90a-e1b85c623130","6f1d9fa6-7fcc-4d9d-8ef0-0053c9ab4e7d","MOAB_004.mammalGrid.mam","D13","MOAB","MOAB_004","2018-04-16","2018-04-16","NEON.DOC.000481vK",,
