uid,nightuid,namedLocation,domainID,siteID,plotID,collectDate,endDate,samplingProtocolVersion,remarks,dataQF
"5348a05f-2515-4c92-b3aa-d24407afaa6e","6B6449D1FE134E669034F5065820BAE0","TALL_024.mammalGrid.mam","D08","TALL","TALL_024","2015-06-09","2015-06-09",,,
"b70172bd-66ce-48e2-ab5d-4616e2597a03","3BE9198FCB56464FA4F52550FAF2F0A0","TALL_015.mammalGrid.mam","D08","TALL","TALL_015","2015-06-09","2015-06-09",,,
"3984a5d4-7198-43a1-9490-4cb0690a8db3","FDA05E9019A74CAABBC4B4AAD3DDFA4E","TALL_010.mammalGrid.mam","D08","TALL","TALL_010","2015-06-09","2015-06-09",,,
"7d01b4d4-ec69-41da-bcb6-415f9f0de1e6","618DA7151AFA4409805633C9AE979EEA","TALL_031.mammalGrid.mam","D08","TALL","TALL_031","2015-06-09","2015-06-09",,,
"7a631b3d-3e55-45b4-b469-8a081eb34934","713FD0C0875341DBB7F58EFF0CD6186E","TALL_031.mammalGrid.mam","D08","TALL","TALL_031","2015-06-10","2015-06-10",,,
"e29bf734-ea83-4efb-8ffc-d4ed104a61a7","4FF0F123C54A4559AA2E893EFEF00A9E","TALL_024.mammalGrid.mam","D08","TALL","TALL_024","2015-06-10","2015-06-10",,,
"02325432-028f-4189-88b7-f106af031c6e","D5CEA290F21C4B8B84E5112F15C2BB1C","TALL_010.mammalGrid.mam","D08","TALL","TALL_010","2015-06-10","2015-06-10",,,
"c736893a-fe38-4e7b-b913-11c2c0fbb9d1","10E8E9F0F7074B57BBEE0DF56D479C0E","TALL_015.mammalGrid.mam","D08","TALL","TALL_015","2015-06-10","2015-06-10",,,
"a030d814-bc2e-4d7f-ab8a-cadd976e0039","2384F6A43540441B9855A503F82DF64D","TALL_031.mammalGrid.mam","D08","TALL","TALL_031","2015-06-11","2015-06-11",,,
"fe2eb660-05a1-4a6a-8202-da52e61ac497","E07BA975A4B3465099FC086EFF905C2E","TALL_024.mammalGrid.mam","D08","TALL","TALL_024","2015-06-11","2015-06-11",,,
"97d82b3f-131f-40cf-8685-081be539ac58","9A2E9DB1888F4FC2B46FD7B0DB26E040","TALL_010.mammalGrid.mam","D08","TALL","TALL_010","2015-06-11","2015-06-11",,,
"d5728290-071c-4059-ab9d-47e6f6506d2a","C7273C2AD4B848B78B6D4E5A56AC5B62","TALL_015.mammalGrid.mam","D08","TALL","TALL_015","2015-06-11","2015-06-11",,,
"aa24d30f-be25-45b8-ba45-c4771e44a92e","685279231955413E93FD3417976421C0","TALL_005.mammalGrid.mam","D08","TALL","TALL_005","2015-06-12","2015-06-12",,"Actively logging. Could not set traps.",
"1f7e0cad-ee26-4b05-8ff1-f544ac5a7be5","4FB978802A0C4B83B666B35B419C6F3D","TALL_012.mammalGrid.mam","D08","TALL","TALL_012","2015-06-12","2015-06-12",,,
"6b862f5e-17b1-40fd-badb-1f9e2d596ec4","2F510DC3A2EE4D46860B25F09FB2B624","TALL_006.mammalGrid.mam","D08","TALL","TALL_006","2015-06-12","2015-06-12",,,
"fd92ab19-3732-4196-acd8-a2cc7a93871d","1776520381C54A79B5081E1B2A0845BB","TALL_013.mammalGrid.mam","D08","TALL","TALL_013","2015-06-12","2015-06-12",,,
