uid,nightuid,namedLocation,domainID,siteID,plotID,collectDate,endDate,samplingProtocolVersion,remarks,dataQF
"1a077aed-99d6-4f08-a3e4-3282a5f48032","f9fd7ae4-bf40-4db4-a484-1fabc7c9312f","OSBS_003.mammalGrid.mam","D03","OSBS","OSBS_003","2017-03-28","2017-03-28","NEON.DOC.000481vJ",,
"dc875963-2be0-44f5-b6be-2683ec382325","b05461ba-f751-4867-b531-e44baa752e52","OSBS_012.mammalGrid.mam","D03","OSBS","OSBS_012","2017-03-28","2017-03-28","NEON.DOC.000481vJ",,
"3561566d-9764-4691-9fcd-9d71402e5838","540dd6bb-64f8-4614-8ec3-4e5fa27d91e5","OSBS_004.mammalGrid.mam","D03","OSBS","OSBS_004","2017-03-28","2017-03-28","NEON.DOC.000481vJ",,
"9567c088-323e-4f82-a1a4-7ad9ec5a7445","3e976b77-393f-4459-bf30-80a561132b4a","OSBS_023.mammalGrid.mam","D03","OSBS","OSBS_023","2017-03-28","2017-03-28","NEON.DOC.000481vJ",,
"bc718b6d-ac93-4bc1-8e6b-cbb2ed6fd877","d98863e2-f89a-4bba-aa82-79e80e9ec912","OSBS_004.mammalGrid.mam","D03","OSBS","OSBS_004","2017-03-29","2017-03-29",,,
"7f396126-b73f-412a-963d-e6b9398aaf20","12d6075f-ddd1-4bc8-ae98-28eaeb5e7f64","OSBS_002.mammalGrid.mam","D03","OSBS","OSBS_002","2017-03-29","2017-03-29",,,
"b1ac4fed-c3ac-4560-9713-551d6efca443","1484717c-92f6-4d4e-8aab-5fe8dc13f077","OSBS_003.mammalGrid.mam","D03","OSBS","OSBS_003","2017-03-29","2017-03-29",,,
"14767f28-387c-4dba-9c7d-b24631d6328e","e09a15c7-3feb-4806-bdf7-a2238a64e21f","OSBS_023.mammalGrid.mam","D03","OSBS","OSBS_023","2017-03-29","2017-03-29",,,
"3009e571-8067-4100-b611-4891f439f2db","41811bf0-df1d-45a6-b85f-08c1cbd7aa09","OSBS_003.mammalGrid.mam","D03","OSBS","OSBS_003","2017-03-30","2017-03-30",,,
"1267ebcd-2c67-465e-b1e9-0f2274c49efd","c2c6b80d-2369-4a61-8133-3711e5b671db","OSBS_023.mammalGrid.mam","D03","OSBS","OSBS_023","2017-03-30","2017-03-30",,,
"7d3b51ed-4f75-4197-97e2-f0182d8c01be","ee5adfd0-bad4-4823-bbfa-195b71ae1eff","OSBS_004.mammalGrid.mam","D03","OSBS","OSBS_004","2017-03-30","2017-03-30",,,
"f2ce8bae-f982-4a06-ba41-b9701881beac","928776ce-e428-4eb0-a414-a1d58cf93b28","OSBS_005.mammalGrid.mam","D03","OSBS","OSBS_005","2017-03-30","2017-03-30",,,
