uid,nightuid,namedLocation,domainID,siteID,plotID,collectDate,endDate,samplingProtocolVersion,remarks,dataQF
"cd718a17-e3cc-49b0-8a85-68bef75a0285","72a9cb06-5f79-4de5-a937-32d59ca52569","STER_031.mammalGrid.mam","D10","STER","STER_031","2018-09-16","2018-09-16","NEON.DOC.000481vK",,
"bf6f4ea5-4241-4a3b-97fe-8da397c25261","a45da433-4f7d-423f-81a8-e5a53a999a63","STER_027.mammalGrid.mam","D10","STER","STER_027","2018-09-16","2018-09-16","NEON.DOC.000481vK",,
"7836da2a-e7a1-46da-b5b3-1205aaed17bd","3de58031-a5a7-44bc-a4dc-e01cb01529dd","STER_029.mammalGrid.mam","D10","STER","STER_029","2018-09-16","2018-09-16","NEON.DOC.000481vK",,
"19b1365a-5c83-4f8e-803b-5c1f963772e7","533bc97a-f5ed-453d-ab64-88e10795a880","STER_006.mammalGrid.mam","D10","STER","STER_006","2018-09-16","2018-09-16","NEON.DOC.000481vK",,
"4c20215b-bd7a-4adc-b707-46c12ec28061","e326deb4-0bc6-47c8-84d6-4ba83bd06d8b","STER_006.mammalGrid.mam","D10","STER","STER_006","2018-09-17","2018-09-17","NEON.DOC.000481vK",,
"f42406ba-7cb8-42c3-afc5-789ac11c03ea","b12674e6-5d72-4148-9697-fe8a2c9eb72e","STER_029.mammalGrid.mam","D10","STER","STER_029","2018-09-17","2018-09-17","NEON.DOC.000481vK",,
"da70d37b-9007-4fec-8ccc-7330ee0855e2","412f1a57-aa5d-48d9-99a8-6ecb700fce31","STER_031.mammalGrid.mam","D10","STER","STER_031","2018-09-17","2018-09-17","NEON.DOC.000481vK",,
"2e203e42-5125-4c71-a26e-c13a90370a73","e74241e4-6ab5-4578-8826-37dcb5cde03e","STER_026.mammalGrid.mam","D10","STER","STER_026","2018-09-17","2018-09-17","NEON.DOC.000481vK",,
"c4389595-5e14-458d-8d0d-c864e6e58f15","ea2e3f6e-bf45-480f-846b-b01f3416c2d0","STER_031.mammalGrid.mam","D10","STER","STER_031","2018-09-18","2018-09-18","NEON.DOC.000481vK",,
"5263e517-7a1e-41c9-967d-daa16fc58618","c4769e8e-ce15-4e4b-83bf-57d320c2c92e","STER_029.mammalGrid.mam","D10","STER","STER_029","2018-09-18","2018-09-18","NEON.DOC.000481vK",,
"cd09eaa4-5fd5-4ae7-8911-49717e474e8f","90967532-3709-4e8a-b5b5-212d3ba9a190","STER_028.mammalGrid.mam","D10","STER","STER_028","2018-09-18","2018-09-18","NEON.DOC.000481vK",,
"0f5805a5-a2e1-4922-8981-fdda3f94a36d","025e2303-5408-42b2-91b9-6adc4f481289","STER_006.mammalGrid.mam","D10","STER","STER_006","2018-09-18","2018-09-18","NEON.DOC.000481vK",,
