uid,nightuid,namedLocation,domainID,siteID,plotID,collectDate,endDate,samplingProtocolVersion,remarks,dataQF
"61d1841a-12cd-4cc7-8201-d810ae7005d2","977c17ba-4ec5-4ff0-bb88-83675cb67f2b","BARR_036.mammalGrid.mam","D18","BARR","BARR_036","2018-06-26","2018-06-26","NEON.DOC.000481vK",,
"5d0c31cd-f357-4a1a-b296-7b1d451396fa","c4294840-0800-4543-89fa-f6fb060dd39b","BARR_044.mammalGrid.mam","D18","BARR","BARR_044","2018-06-26","2018-06-26","NEON.DOC.000481vK",,
"e2d13e3b-a9fb-43f9-a4de-f5b3a23f9abe","ea4f72c3-6d5d-4ca4-9b71-68752b20bd9f","BARR_037.mammalGrid.mam","D18","BARR","BARR_037","2018-06-26","2018-06-26","NEON.DOC.000481vK",,
"1f3425df-c67a-47b1-b6c6-086dd1adf5b6","bb50bf29-d779-4362-83ab-afd5615be0cd","BARR_083.mammalGrid.mam","D18","BARR","BARR_083","2018-06-26","2018-06-26","NEON.DOC.000481vK",,
"ae929d6d-60e7-45ee-91e3-c83139f03a6c","78334799-fac3-4fc4-8fe9-39716159a22f","BARR_044.mammalGrid.mam","D18","BARR","BARR_044","2018-06-27","2018-06-27","NEON.DOC.000481vK",,
"f871e4fc-f19f-4915-a536-7d3346a5a3ce","c1d3bec4-e615-4216-b2ba-fd7d1bccba25","BARR_036.mammalGrid.mam","D18","BARR","BARR_036","2018-06-27","2018-06-27","NEON.DOC.000481vK",,
"d096c181-3dd9-45c2-895f-3fa0a665f843","9d0a9084-d6a7-46b4-9e26-a31609513049","BARR_083.mammalGrid.mam","D18","BARR","BARR_083","2018-06-27","2018-06-27","NEON.DOC.000481vK",,
"95ae7c3f-5278-4662-9ce2-778dfab98987","3d3ea06b-12e1-4d80-be06-7b5fdc1da690","BARR_084.mammalGrid.mam","D18","BARR","BARR_084","2018-06-27","2018-06-27","NEON.DOC.000481vK",,
"8d8cffab-f713-4104-acb0-72c3a68fe815","335fbe0f-3ca9-404b-a27d-b207daaf0ce7","BARR_030.mammalGrid.mam","D18","BARR","BARR_030","2018-06-28","2018-06-28","NEON.DOC.000481vK",,
"99f6406d-b3f6-41da-98b6-a781722a0e4c","2b36d567-eb7e-41d9-b637-24a768c0abbc","BARR_044.mammalGrid.mam","D18","BARR","BARR_044","2018-06-28","2018-06-28","NEON.DOC.000481vK",,
"9ef3ec6f-5081-4c1a-a500-a9fcab9da5f3","566856e4-be8a-4bf0-aa57-729a9fe2f809","BARR_083.mammalGrid.mam","D18","BARR","BARR_083","2018-06-28","2018-06-28","NEON.DOC.000481vK",,
"b663cfaf-768c-4320-ac45-6bfeb6b0c194","849dd1b5-4619-41b7-8cd1-d64ed58b6f39","BARR_036.mammalGrid.mam","D18","BARR","BARR_036","2018-06-28","2018-06-28","NEON.DOC.000481vK","Plot has standing water",
