uid,nightuid,namedLocation,domainID,siteID,plotID,collectDate,endDate,samplingProtocolVersion,remarks,dataQF
"bd659683-1ea3-434a-bce1-0f272bd4d96a","DCFC449921E94BBDA9A687103A1A7956","MOAB_003.mammalGrid.mam","D13","MOAB","MOAB_003","2016-09-24","2016-09-24","NEON.DOC.000481vH",,
"66ba8a2b-97c5-4187-9476-fc01ae762dbe","1C7D83387BFC46F5B8E39AAD8FE71438","MOAB_003.mammalGrid.mam","D13","MOAB","MOAB_003","2016-09-25","2016-09-25","NEON.DOC.000481vH",,
"28a14a50-4fa9-4945-814f-127b57cf1b8a","A10CFF1081C9460DAEB53CDE4C9376C6","MOAB_003.mammalGrid.mam","D13","MOAB","MOAB_003","2016-09-26","2016-09-26","NEON.DOC.000481vH",,
"d9dec80a-35c9-43fe-b3a8-237b90d3f7bd","F082429C27374B5BB9F4FB821A47A25D","MOAB_025.mammalGrid.mam","D13","MOAB","MOAB_025","2016-09-27","2016-09-27","NEON.DOC.000481vH",,
"e7805399-0077-4c5a-b0c2-58ae3c68b5c2","4AC9368FB02F4690864AF5FEFFA55B13","MOAB_006.mammalGrid.mam","D13","MOAB","MOAB_006","2016-09-27","2016-09-27","NEON.DOC.000481vH",,
"9e8603bb-8b50-418f-8b12-7f6f017014de","3B7332F613C046F9B7CF180F9D24CFCE","MOAB_004.mammalGrid.mam","D13","MOAB","MOAB_004","2016-09-27","2016-09-27","NEON.DOC.000481vH",,
"8c3f66f4-2aee-4962-aaed-a1ae37b973a0","C1F6126ABAA84E0EA91D4AC5B69E956E","MOAB_025.mammalGrid.mam","D13","MOAB","MOAB_025","2016-09-28","2016-09-28","NEON.DOC.000481vH",,
"85d03479-713c-40ac-8260-90f435315130","02BF91F0F7B84DA6965D695C9EA585FF","MOAB_009.mammalGrid.mam","D13","MOAB","MOAB_009","2016-09-28","2016-09-28","NEON.DOC.000481vH",,
"c99549af-09fd-4da8-9bb7-918e5b6610ac","821FD171A2A0405B93F46536C03902AC","MOAB_006.mammalGrid.mam","D13","MOAB","MOAB_006","2016-09-28","2016-09-28","NEON.DOC.000481vH",,
