uid,nightuid,namedLocation,domainID,siteID,plotID,collectDate,endDate,samplingProtocolVersion,remarks,dataQF
"fed8c2ee-0380-474b-9053-896a3d06b197","AE64852C734B4CFCA3A0603F6E4E5469","SRER_007.mammalGrid.mam","D14","SRER","SRER_007","2016-12-01","2016-12-01","NEON.DOC.000481vH","due to high capture rate, only taking blood, species, ID, sex, and reproductive status",
"b62f7ba3-f29d-4a11-ab20-4e6b2832ac26","C6AFAB2A46E84565A27A9557CDB88A38","SRER_012.mammalGrid.mam","D14","SRER","SRER_012","2016-12-01","2016-12-01","NEON.DOC.000481vH",,
"bbba7ae5-9110-4979-8bfe-37449f8b7d53","4590D598080046AC8A05C7AB44755E60","SRER_012.mammalGrid.mam","D14","SRER","SRER_012","2016-12-02","2016-12-02","NEON.DOC.000481vH",,
"f3ea2267-f6ed-418e-b15e-e51a5d66ade3","B4AE438A69594504A3FBF749146CFF4D","SRER_007.mammalGrid.mam","D14","SRER","SRER_007","2016-12-02","2016-12-02","NEON.DOC.000481vH","Limited data collected due to high capture rates and releasing at 18 hour time requirement.",
"dc780e5a-8d2e-47fb-b345-8454332fc0eb","40A7067E0E1D4144811DACCE25737059","SRER_005.mammalGrid.mam","D14","SRER","SRER_005","2016-12-04","2016-12-04","NEON.DOC.000481vH","Minimal processing due to high capture rates. Started releasing after 18 hr limit was reached.",
"cfecba2b-dc47-458b-bb7f-5ca0aa313738","8E35F8ABCD884CA1B8EEDCAC708582A2","SRER_002.mammalGrid.mam","D14","SRER","SRER_002","2016-12-04","2016-12-04","NEON.DOC.000481vH",,
"b68a4179-9405-411b-946a-c77a7c0c1150","6E29F75AE64E497782040682926045B6","SRER_005.mammalGrid.mam","D14","SRER","SRER_005","2016-12-05","2016-12-05","NEON.DOC.000481vH","Minimal data taken due to high capture rates and limited processing time.",
"0371a371-4d45-41ac-9dca-85e1b9f9cc39","C78DC3A391A840AC84FA47E177614B6E","SRER_009.mammalGrid.mam","D14","SRER","SRER_009","2016-12-05","2016-12-05","NEON.DOC.000481vH",,
"8f34b874-0f42-4c64-8f98-5524b45a095f","0595D17BA13543C2B15CC85B6E199E99","SRER_014.mammalGrid.mam","D14","SRER","SRER_014","2016-12-06","2016-12-06","NEON.DOC.000481vH",,
"d779c4f3-e13b-4aec-953a-3dc48df0a31f","B0D335EC0DC14F11968C9A47077C1064","SRER_005.mammalGrid.mam","D14","SRER","SRER_005","2016-12-06","2016-12-06","NEON.DOC.000481vH","Lots of disturbance on plot, many traps empty, but bloody. Did not take blood samples due to lack of dry ice.",
