uid,nightuid,namedLocation,domainID,siteID,plotID,collectDate,endDate,samplingProtocolVersion,remarks,dataQF
"f65acc4b-6ff0-4914-b629-4ee2b39b7d2e","c1f1a604-b9c5-4fe1-b0ad-51a1dc506f4e","UNDE_032.mammalGrid.mam","D05","UNDE","UNDE_032","2017-09-19","2017-09-19","NEON.DOC.000481vJ",,
"9e6fbebe-d1c1-4e01-a096-07ee5d54d098","1a854bcd-6304-42ed-a9f9-edb12a3aaef0","UNDE_012.mammalGrid.mam","D05","UNDE","UNDE_012","2017-09-19","2017-09-19","NEON.DOC.000481vJ",,
"4050f79c-c411-400a-a753-587169f0f10f","e89aceae-9710-493d-89f6-57d07f0e6c28","UNDE_027.mammalGrid.mam","D05","UNDE","UNDE_027","2017-09-19","2017-09-19","NEON.DOC.000481vJ",,
"74e33127-8b93-41fd-9d47-1153017299c0","130a9aea-c898-4532-a77a-0fe49ea0b445","UNDE_027.mammalGrid.mam","D05","UNDE","UNDE_027","2017-09-20","2017-09-20","NEON.DOC.000481vJ",,
"69e306e6-9d65-4087-84b1-4c1ce79b32e5","a6290cf4-d43a-4441-a3a6-35677fac3e3c","UNDE_012.mammalGrid.mam","D05","UNDE","UNDE_012","2017-09-20","2017-09-20","NEON.DOC.000481vJ",,
"2e212f36-2016-4f29-8f26-d94b647bba5f","51d959fd-7e46-4212-b3cd-67a40842d26c","UNDE_012.mammalGrid.mam","D05","UNDE","UNDE_012","2017-09-21","2017-09-21","NEON.DOC.000481vJ",,
"3ce1bbb9-8f7e-4cae-85d1-a554aa71f7f9","9847cbe2-941f-4e0b-a949-e0e86febae3d","UNDE_027.mammalGrid.mam","D05","UNDE","UNDE_027","2017-09-21","2017-09-21","NEON.DOC.000481vJ",,
"0db43dd0-ada2-4c68-80ed-72b27ff25403","d9a35fe8-94a9-487f-a4a5-6590993c0424","UNDE_003.mammalGrid.mam","D05","UNDE","UNDE_003","2017-09-22","2017-09-22","NEON.DOC.000481vJ",,
"e00ec6f7-58e3-43ec-b036-7b59cabdae30","60818a9b-d9a4-41e0-97c2-b4e0123dc70d","UNDE_002.mammalGrid.mam","D05","UNDE","UNDE_002","2017-09-22","2017-09-22","NEON.DOC.000481vJ",,
"1b799a2e-2593-4aac-8eec-9b1b6787222e","dbebb3e9-2ea5-4aaa-9577-dea479de5bab","UNDE_001.mammalGrid.mam","D05","UNDE","UNDE_001","2017-09-22","2017-09-22","NEON.DOC.000481vJ",,
"1c101687-6210-4ac3-a095-9c741d4b46c1","4e8ef7f2-fa29-4222-9ab6-baff88e6c250","UNDE_008.mammalGrid.mam","D05","UNDE","UNDE_008","2017-09-22","2017-09-22","NEON.DOC.000481vJ","Thunderstorm rolled in while checking lines released mammals without processing",
