uid,nightuid,namedLocation,domainID,siteID,plotID,collectDate,endDate,samplingProtocolVersion,remarks,dataQF
"82b7fc80-352d-45f0-8be3-1d2a05f1bc47","AEF64BA8089C4647ACBAF64F3BB3609F","LAJA_003.mammalGrid.mam","D04","LAJA","LAJA_003","2016-06-07","2016-06-07","NEON.DOC.000481vG","No capture in plot",
"e49587cd-e2e8-4117-9138-7506fa75de4d","1544AAC76B9B4A7D94680BD77A2E6ED5","LAJA_023.mammalGrid.mam","D04","LAJA","LAJA_023","2016-06-07","2016-06-07","NEON.DOC.000481vG",,
"2719dd95-d671-4771-8a12-d4e3ef45cb86","F87689003F4741EF8AFCCC60758B1096","LAJA_002.mammalGrid.mam","D04","LAJA","LAJA_002","2016-06-07","2016-06-07","NEON.DOC.000481vG",,
"c787daaf-8612-4739-b8e3-dc3bd144bf0f","BA26539428A541DA992C061E698C961D","LAJA_003.mammalGrid.mam","D04","LAJA","LAJA_003","2016-06-08","2016-06-08","NEON.DOC.000481vG",,
"f8e357ac-cba1-4df4-b5e2-94e091b01f00","FCE5116E49874024BAF9EB9D9089E0E5","LAJA_002.mammalGrid.mam","D04","LAJA","LAJA_002","2016-06-08","2016-06-08","NEON.DOC.000481vG",,
"c81f800c-8bdc-4ef7-a03a-54031401528f","B01C2736755842B590CBE24EAA2CBAEB","LAJA_023.mammalGrid.mam","D04","LAJA","LAJA_023","2016-06-08","2016-06-08","NEON.DOC.000481vG",,
"1e7ac658-8d66-4c00-a1dd-6b472906ecfa","767CD502350D41A1A0F600186E723B74","LAJA_003.mammalGrid.mam","D04","LAJA","LAJA_003","2016-06-09","2016-06-09","NEON.DOC.000481vG",,
"27b4520a-ca6a-49e2-aab2-07aa1ee7ff15","7A2D29B9497748B6B4E64053544E1BE1","LAJA_002.mammalGrid.mam","D04","LAJA","LAJA_002","2016-06-09","2016-06-09","NEON.DOC.000481vG",,
"2d2115d9-003c-4210-89e4-199b861b1832","ABC3ADA1FACB46BE8C43B9D915419505","LAJA_023.mammalGrid.mam","D04","LAJA","LAJA_023","2016-06-09","2016-06-09","NEON.DOC.000481vG",,
"707bb639-a2a9-4287-a1a6-4b7438843310","0DC8357E4BFD43EBB6FBC2AFE7B3B45D","LAJA_018.mammalGrid.mam","D04","LAJA","LAJA_018","2016-06-10","2016-06-10","NEON.DOC.000481vG","no capture in this plot",
"90e74712-6173-43ed-aafc-4019ee09943f","3B270B0251424A6C9ADB813C47894FC5","LAJA_010.mammalGrid.mam","D04","LAJA","LAJA_010","2016-06-10","2016-06-10","NEON.DOC.000481vG",,
"a1f82309-a320-4313-b3d1-a5a05a9581f4","8F756AA43FFC4A2D9292C232FC48BCF5","LAJA_005.mammalGrid.mam","D04","LAJA","LAJA_005","2016-06-10","2016-06-10","NEON.DOC.000481vG",,
