uid,nightuid,namedLocation,domainID,siteID,plotID,collectDate,endDate,samplingProtocolVersion,remarks,dataQF
"95426a95-8e60-4fb0-9149-25879873f391","2e88bc12-fef9-4a50-8c81-bde3b649d800","TALL_012.mammalGrid.mam","D08","TALL","TALL_012","2017-08-15","2017-08-15","NEON.DOC.000481vJ",,
"df725bb0-0ee8-4fcd-a796-243e0ccd059a","9e45b21a-2693-4b94-baca-909a30682202","TALL_024.mammalGrid.mam","D08","TALL","TALL_024","2017-08-15","2017-08-15","NEON.DOC.000481vJ",,
"edbbc183-b6b5-4250-9b60-3531e2c56a12","0bcd0ac6-51ed-407a-a12e-cbe733c9188a","TALL_010.mammalGrid.mam","D08","TALL","TALL_010","2017-08-15","2017-08-15","NEON.DOC.000481vJ",,
"99ee5c58-3d9d-420f-8220-28c529daaf9d","c33b8771-3a18-4cb0-9b13-23bde1094fd2","TALL_015.mammalGrid.mam","D08","TALL","TALL_015","2017-08-15","2017-08-15","NEON.DOC.000481vJ",,
"307d94de-e7cd-4737-802e-e8f9704e7a4f","2d4c8c0b-f78d-49f9-b712-b1fe50905475","TALL_010.mammalGrid.mam","D08","TALL","TALL_010","2017-08-16","2017-08-16","NEON.DOC.000481vJ",,
"5c408fb7-93ae-420d-bc82-3374d6f27532","4a224190-78f8-4390-ab91-3f291fe538ff","TALL_012.mammalGrid.mam","D08","TALL","TALL_012","2017-08-16","2017-08-16","NEON.DOC.000481vJ",,
"4d9df817-623a-4124-97a5-d4fa5f6b6934","56325629-791e-405c-938d-93602f941c90","TALL_015.mammalGrid.mam","D08","TALL","TALL_015","2017-08-16","2017-08-16","NEON.DOC.000481vJ",,
"583f6021-05d9-4e37-ad56-74c5e2ba2760","41d68906-7507-45ac-8400-2963d4a99b86","TALL_024.mammalGrid.mam","D08","TALL","TALL_024","2017-08-16","2017-08-16","NEON.DOC.000481vJ",,
"54e7d767-dc1a-40c2-abd6-23b50207a02e","e862dea9-5a27-4de6-999f-fbcc6d070b68","TALL_024.mammalGrid.mam","D08","TALL","TALL_024","2017-08-17","2017-08-17","NEON.DOC.000481vJ",,
"c5dabe35-14f5-4cf4-9d0d-2df8cf1dcff1","a1b14d32-7758-41f6-b8e9-18857af29ea1","TALL_012.mammalGrid.mam","D08","TALL","TALL_012","2017-08-17","2017-08-17","NEON.DOC.000481vJ",,
"f22a7c8e-3476-403f-8e25-d073d40a923e","d32a42c5-8326-4f35-bbe9-9bb5defa6632","TALL_015.mammalGrid.mam","D08","TALL","TALL_015","2017-08-17","2017-08-17","NEON.DOC.000481vJ",,
"836e9dc6-236a-4e9a-92ad-2b1b2ebe338d","dc0ddbf6-7af9-4ddd-8528-7d54842b1ecf","TALL_010.mammalGrid.mam","D08","TALL","TALL_010","2017-08-17","2017-08-17","NEON.DOC.000481vJ",,
"1878e5b3-eca7-47df-90b6-1e34cf22fe75","8598007e-5877-4d24-8119-a4692b52c120","TALL_006.mammalGrid.mam","D08","TALL","TALL_006","2017-08-18","2017-08-18","NEON.DOC.000481vJ",,
"5b35d60d-328c-4d64-a6fb-dca6c8278823","ec995fdb-c757-4a63-8be6-dfd522e80b73","TALL_013.mammalGrid.mam","D08","TALL","TALL_013","2017-08-18","2017-08-18","NEON.DOC.000481vJ",,
"c0d7d76d-04b1-4713-855c-559bdc7dbd5d","fe7e5a34-c026-4c93-96a3-49fbb6657c6f","TALL_031.mammalGrid.mam","D08","TALL","TALL_031","2017-08-18","2017-08-18","NEON.DOC.000481vJ",,
"b2d04cf2-e84f-4241-9a49-41eea46f0b01","215866c6-7b7f-4a8b-b476-20eefcf56764","TALL_005.mammalGrid.mam","D08","TALL","TALL_005","2017-08-18","2017-08-18","NEON.DOC.000481vJ",,
