uid,nightuid,namedLocation,domainID,siteID,plotID,collectDate,endDate,samplingProtocolVersion,remarks,dataQF
"c723b3c7-bb1a-4658-9e4c-79cc4f8aadc0","84F6DC8FC2FF45A0B881B7EBB8E7A2EE","WOOD_011.mammalGrid.mam","D09","WOOD","WOOD_011","2014-08-18","2014-08-18",,,
"0e1fe581-41b1-46bb-834a-82107fe5a90b","58FFC01269ED4F218E84EDC54523AEF6","WOOD_013.mammalGrid.mam","D09","WOOD","WOOD_013","2014-08-18","2014-08-18",,,
"9ebc1848-6683-464b-8393-ad54c07db97c","62D88BE36C2A449DA23529C8149390BC","WOOD_013.mammalGrid.mam","D09","WOOD","WOOD_013","2014-08-19","2014-08-19",,,
"d4ae92f8-99b4-4f22-8937-cdddb73a2e4e","A5C6C3966EF64CD3B65A7879DBD92755","WOOD_011.mammalGrid.mam","D09","WOOD","WOOD_011","2014-08-19","2014-08-19",,,
"1f57f418-2d00-4567-9f87-1269ce2d2dcd","5AAAC0903C4C49F8B311D9D0A2FAC877","WOOD_011.mammalGrid.mam","D09","WOOD","WOOD_011","2014-08-20","2014-08-20",,,
"b1c47d1d-8c88-4334-811b-9aab29373868","43BFA71E3A60408CB1D4D42E61DCEAE5","WOOD_013.mammalGrid.mam","D09","WOOD","WOOD_013","2014-08-20","2014-08-20",,,
"bef0a868-2f46-4ff4-a933-9f8cb1f02a46","5F0A72876C744AABA92630D365232275","WOOD_002.mammalGrid.mam","D09","WOOD","WOOD_002","2014-08-21","2014-08-21",,,
"5a24d5b9-6658-43e8-876f-edf409483150","93BD4DCA3FE54371AFD47637E171E714","WOOD_009.mammalGrid.mam","D09","WOOD","WOOD_009","2014-08-21","2014-08-21",,,
"5d420b94-43a2-4ad9-94e4-0a79feca9369","C658D67C04824D68B39D558101B2FA1E","WOOD_002.mammalGrid.mam","D09","WOOD","WOOD_002","2014-08-22","2014-08-22",,,
"0e4ea67f-88e4-4a8b-b1ae-8f003a9d1912","102B2A01C4F14B2196AA27E636B5B587","WOOD_009.mammalGrid.mam","D09","WOOD","WOOD_009","2014-08-22","2014-08-22",,,
"b588c397-4ad2-4bc9-81ac-fbfcfbe956fc","03DCDFDD0AD1446884032CB1A8989F67","WOOD_009.mammalGrid.mam","D09","WOOD","WOOD_009","2014-08-23","2014-08-23",,,
"46b26b53-57aa-418b-bb64-4c281f567e46","DF1CA1CA63D341728B89435346523FDC","WOOD_002.mammalGrid.mam","D09","WOOD","WOOD_002","2014-08-23","2014-08-23",,,
