uid,nightuid,namedLocation,domainID,siteID,plotID,collectDate,endDate,samplingProtocolVersion,remarks,dataQF
"94fe35d8-80c5-407c-ac65-2a8b38a975cd","4C62E620EE424842A85D9F1652DCCF9A","STEI_005.mammalGrid.mam","D05","STEI","STEI_005","2015-07-14","2015-07-14",,,
"346d9f17-b24d-4ebd-aab1-6e2d73bcaf14","7496592FB3B14B86AF9E4A71B3196534","STEI_022.mammalGrid.mam","D05","STEI","STEI_022","2015-07-14","2015-07-14",,,
"14267e89-5e62-46fc-aa8b-b181f7f71ca2","28D165FE7B674084A1BF9642F181FC1D","STEI_002.mammalGrid.mam","D05","STEI","STEI_002","2015-07-14","2015-07-14",,,
"f39570d1-9f77-4304-81db-8cb493c053c9","127F559B9BB2417C8D0A981D3574D75D","STEI_002.mammalGrid.mam","D05","STEI","STEI_002","2015-07-15","2015-07-15",,,
"347f2a07-9a16-4b55-929c-ab85fe6655e1","5BBBBBA99A23468CAE4C7D6542AC0988","STEI_005.mammalGrid.mam","D05","STEI","STEI_005","2015-07-15","2015-07-15",,,
"f966ba8b-e25c-429e-8ca7-56059db9c7a0","65828DF7EE2D431D92610F04E955895D","STEI_022.mammalGrid.mam","D05","STEI","STEI_022","2015-07-15","2015-07-15",,,
"454daee6-0f7c-4780-9b6c-356db38979d2","55E0489269844772BA8AF8ACD2A5884A","STEI_005.mammalGrid.mam","D05","STEI","STEI_005","2015-07-16","2015-07-16",,,
"49e8a005-f992-4d75-aac6-5790feaa61a3","FE9855E4D96C4B84A441D3A84B237002","STEI_022.mammalGrid.mam","D05","STEI","STEI_022","2015-07-16","2015-07-16",,,
"31473b1e-dd7f-4ecf-9cc1-353c77e01b29","993B70EB5F24456385AC9DF1E0EBA9CB","STEI_002.mammalGrid.mam","D05","STEI","STEI_002","2015-07-16","2015-07-16",,,
"2d5625b0-7a86-4fdc-a4ef-118c169a165b","9CD6969A347E41EC875864A8C8A9564C","STEI_001.mammalGrid.mam","D05","STEI","STEI_001","2015-07-17","2015-07-17",,,
"d17fdfa2-c8fa-4bdf-a267-4a8dcfc77efd","80B9BDA7AF4749C3B927A2BA9679CFB9","STEI_012.mammalGrid.mam","D05","STEI","STEI_012","2015-07-17","2015-07-17",,"Grid visited by raccoon. Disturbed traps had batting pulled out and little to no seed. Traps not damaged.",
"5952436b-658d-4996-9ece-01401bb41498","554D6884BBF24DB3AF09388C84A2DD77","STEI_019.mammalGrid.mam","D05","STEI","STEI_019","2015-07-17","2015-07-17",,,
