uid,nightuid,namedLocation,domainID,siteID,plotID,collectDate,endDate,samplingProtocolVersion,remarks,dataQF
"0356f1e4-f62f-4245-b7c6-35e747b4bef2","D4A721CC2252478EBFA90809F725E11F","STER_031.mammalGrid.mam","D10","STER","STER_031","2016-06-07","2016-06-07","NEON.DOC.000481vG","Using protocol version H",
"fcc78e5a-14c9-40b9-aed3-8fed70052800","E8CE1E8C31C64E20A5F8F661989FF15C","STER_006.mammalGrid.mam","D10","STER","STER_006","2016-06-07","2016-06-07","NEON.DOC.000481vG","Using protocol version H",
"dca1cace-bf02-415d-b9e6-a9739a6acf18","DD43D67625A54626B382FFEBBD6976B4","STER_029.mammalGrid.mam","D10","STER","STER_029","2016-06-07","2016-06-07","NEON.DOC.000481vG","Using protocol version H",
"c3833ca7-63e1-462c-ba72-a3c2a2362ae4","0B3EF3B407624E8BB2C00E2133E9BE3D","STER_029.mammalGrid.mam","D10","STER","STER_029","2016-06-08","2016-06-08","NEON.DOC.000481vG","Using protocol version H",
"35d77171-2b10-41a2-920a-f88751d9f00d","0285FBE60E184D23B570565D79200781","STER_006.mammalGrid.mam","D10","STER","STER_006","2016-06-08","2016-06-08","NEON.DOC.000481vG","Using protocol version H",
"1597bc94-117e-4805-b322-beaecf8703f8","8CEA90C56C87405F86E6A6FAC64780DD","STER_028.mammalGrid.mam","D10","STER","STER_028","2016-06-08","2016-06-08","NEON.DOC.000481vG","Using protocol version H",
"bc679598-2f47-4837-b34c-8c461c5890a9","28F6F1D52DA04B12ACC8D4C8DAF25634","STER_031.mammalGrid.mam","D10","STER","STER_031","2016-06-08","2016-06-08","NEON.DOC.000481vG","Using protocol version H",
"b1a45b82-6d66-4c39-9138-72b785c0cc9e","6E3B639AA9C042CCA7F49896EA1E6281","STER_026.mammalGrid.mam","D10","STER","STER_026","2016-06-08","2016-06-08","NEON.DOC.000481vG","Using protocol version H",
"dcc42892-fe29-4ada-9246-55e6a2bd3e25","8A9D6D2D93C24AEAADB48313DE753452","STER_029.mammalGrid.mam","D10","STER","STER_029","2016-06-09","2016-06-09","NEON.DOC.000481vG","protocol vH, not G",
"14929cd4-38bb-4b56-ba32-93ca3b962979","07A885AEA8C243ECB63F2B8144AD8D04","STER_027.mammalGrid.mam","D10","STER","STER_027","2016-06-09","2016-06-09","NEON.DOC.000481vG","protocol vH, not G",
"ebf0cc0f-4403-4489-ac27-6a3f385d6e85","0721E2EF73424E2EBF45AF7785069B95","STER_031.mammalGrid.mam","D10","STER","STER_031","2016-06-09","2016-06-09","NEON.DOC.000481vG","protocol vH, not G",
"b03d0fdd-de0e-4d60-a72d-97a0ec1dfd61","B7C9C1FA34854278A8A66AD248FD7E1D","STER_006.mammalGrid.mam","D10","STER","STER_006","2016-06-09","2016-06-09","NEON.DOC.000481vG","protocol vH, not G",
