uid,nightuid,namedLocation,domainID,siteID,plotID,collectDate,endDate,samplingProtocolVersion,remarks,dataQF
"0f811a6d-67c5-4d58-b445-0560e399e002","D030E4CF08B84E6C8D47D4F1A3BDE307","NIWO_001.mammalGrid.mam","D13","NIWO","NIWO_001","2015-07-17","2015-07-17",,"Used version 'vG",
"e60cf579-c478-415f-a2bf-bc2526c3f134","1CF1E82B3C254F15A8D556BEB1138980","NIWO_005.mammalGrid.mam","D13","NIWO","NIWO_005","2015-07-17","2015-07-17",,"Used version 'vG",
"667f90cd-8a45-4333-96ad-ca02e0dc43a5","0433929736664DCB913E0636A6B279D9","NIWO_025.mammalGrid.mam","D13","NIWO","NIWO_025","2015-07-17","2015-07-17",,"Used version 'vG",
"dd5476db-2018-497a-a291-c76a5b3c88d6","498DB51C9D3A4EF1A4D43B0AAC63B9BC","NIWO_002.mammalGrid.mam","D13","NIWO","NIWO_002","2015-07-20","2015-07-20",,"Used version 'vG",
"8d2c8106-9074-40c0-adba-20ed3c8a6b3a","64F5114D0FAE4AAC9ECC753FA8FE9F15","NIWO_023.mammalGrid.mam","D13","NIWO","NIWO_023","2015-07-20","2015-07-20",,"Used version 'vG",
"b67a7bf3-a5de-4a05-ac7a-8b79402b23c1","936B5FFA06BB4F029A86C4CD4C7015D9","NIWO_007.mammalGrid.mam","D13","NIWO","NIWO_007","2015-07-20","2015-07-20",,"Used version 'vG",
"3e88009e-2b1b-4565-8da4-253e47246b33","40D3F2B768064B689C263CE512FD1A2A","NIWO_007.mammalGrid.mam","D13","NIWO","NIWO_007","2015-07-21","2015-07-21",,"Used version 'vG",
"99f52f9f-e3d3-48a1-b66b-ca37e7464f4c","5366A1ACC49D4601B4E76457E057175D","NIWO_023.mammalGrid.mam","D13","NIWO","NIWO_023","2015-07-21","2015-07-21",,"Used version 'vG",
"c2e76ccc-d71c-4fb7-8161-589cb477cb77","6E03504AD3484D3BB70F1EA08BCDE8F0","NIWO_002.mammalGrid.mam","D13","NIWO","NIWO_002","2015-07-21","2015-07-21",,"Used version 'vG'; Assume a bear disturbed plot due to teeth marks on traps disturbed on I row.",
"e5bdbe53-7cc3-4155-8249-f2d5707c8f35","3D331CBE2C8F4E529EAA5D9B5F9C26B9","NIWO_007.mammalGrid.mam","D13","NIWO","NIWO_007","2015-07-22","2015-07-22",,"Used version 'vG'; Assume bear disturbance on plot",
"8ed8b906-0b3b-4431-8478-8e31d57bfde3","E701C936BD864521AE4190A642C90F08","NIWO_002.mammalGrid.mam","D13","NIWO","NIWO_002","2015-07-22","2015-07-22",,"Used version 'vG",
"2ed56090-fc0a-4829-800a-c25260cdc25e","0EDACC3D78044B9FAA96D57BA8D59078","NIWO_023.mammalGrid.mam","D13","NIWO","NIWO_023","2015-07-22","2015-07-22",,"Used version 'vG",
