uid,nightuid,namedLocation,domainID,siteID,plotID,collectDate,endDate,samplingProtocolVersion,remarks,dataQF
"d5f241f5-1b75-40e0-8fc5-95a9c72f0c60","5ecd786d-4e49-48ab-8cd1-f605412a8e2b","DSNY_001.mammalGrid.mam","D03","DSNY","DSNY_001","2018-10-16","2018-10-16","NEON.DOC.000481vK",,
"184ffc99-d127-41e4-9aa0-ba40d3e213e7","b3652389-0aba-49ca-a2bb-6ac170169c2d","DSNY_006.mammalGrid.mam","D03","DSNY","DSNY_006","2018-10-16","2018-10-16","NEON.DOC.000481vK",,
"9bebb247-b94d-4127-a0b7-b2c77b4847cb","73618181-8ac1-4571-b454-a3da71b364e7","DSNY_004.mammalGrid.mam","D03","DSNY","DSNY_004","2018-10-16","2018-10-16","NEON.DOC.000481vK",,
"0c5a8e53-2f47-43fc-b920-08cf9bd2a9fa","5d020a60-ba85-44c7-81c9-b5ad553bb6c2","DSNY_005.mammalGrid.mam","D03","DSNY","DSNY_005","2018-10-16","2018-10-16","NEON.DOC.000481vK",,
"5de7e170-1fa7-40a7-b8d0-7c9ba72abfc6","751d1a63-6ad2-4e6e-ad59-8862ea11c20e","DSNY_001.mammalGrid.mam","D03","DSNY","DSNY_001","2018-10-17","2018-10-17","NEON.DOC.000481vK",,
"6ff0d6ba-cc07-4604-a069-2774bdd6b50a","ca9d6beb-4f69-46e7-8df6-dedb75dfb3e6","DSNY_010.mammalGrid.mam","D03","DSNY","DSNY_010","2018-10-17","2018-10-17","NEON.DOC.000481vK",,
"19fe0198-79d9-490b-b487-2cd1b3410c6b","00a3cbc3-72af-4ecb-9e71-8ccd37f98f06","DSNY_005.mammalGrid.mam","D03","DSNY","DSNY_005","2018-10-17","2018-10-17","NEON.DOC.000481vK",,
"0ceeb8f6-09f5-42a1-ae99-f79dc1a38b10","9ffcaca3-28af-43e4-81ce-34bca4536648","DSNY_016.mammalGrid.mam","D03","DSNY","DSNY_016","2018-10-18","2018-10-18","NEON.DOC.000481vK",,
"ebb8c667-c02a-4060-8889-4c03eeacef24","dd67498d-35ed-4113-a213-28ed4b376be4","DSNY_004.mammalGrid.mam","D03","DSNY","DSNY_004","2018-10-18","2018-10-18","NEON.DOC.000481vK",,
"8a2dec52-583d-4a8a-b98d-774c1bf2e2a8","14fb7b4d-bf2b-47b8-803f-a5bc44640259","DSNY_001.mammalGrid.mam","D03","DSNY","DSNY_001","2018-10-18","2018-10-18","NEON.DOC.000481vK",,
"6f29fb84-27c9-4d0e-9b15-6a2e23efcb58","da1b6630-4e43-4a04-aca7-88e79bbed287","DSNY_005.mammalGrid.mam","D03","DSNY","DSNY_005","2018-10-18","2018-10-18","NEON.DOC.000481vK",,
