uid,nightuid,namedLocation,domainID,siteID,plotID,collectDate,endDate,samplingProtocolVersion,remarks,dataQF
"632ae075-ba91-4fc1-8b17-79b3cff39382","2550DEEAA11C41F2BB3A145403741154","LAJA_023.mammalGrid.mam","D04","LAJA","LAJA_023","2016-09-27","2016-09-27","NEON.DOC.000481vH",,
"e6291f95-68dc-49c3-94af-c0e637dfb8b2","2B5A6FD3918646C786B60C9D82F7A45D","LAJA_003.mammalGrid.mam","D04","LAJA","LAJA_003","2016-09-27","2016-09-27","NEON.DOC.000481vH",,
"aed38672-9708-4e8d-83d6-d2a8cf2bc3c4","C99AF91934F84306A255A26D3EE48CCA","LAJA_002.mammalGrid.mam","D04","LAJA","LAJA_002","2016-09-27","2016-09-27","NEON.DOC.000481vH",,
"68bf619b-17a8-428d-84bc-4c9a9d7c2827","7937479F0AAA486697D62777DBEAE94C","LAJA_002.mammalGrid.mam","D04","LAJA","LAJA_002","2016-09-28","2016-09-28","NEON.DOC.000481vH",,
"8e363a70-c769-49cf-8134-3d411a1484c5","3BE60C5BAA88492CB076729B9A8D0064","LAJA_003.mammalGrid.mam","D04","LAJA","LAJA_003","2016-09-28","2016-09-28","NEON.DOC.000481vH",,
"3105e609-8330-4221-a577-90b47a329d03","5E195C5BA9AD4BF48D0F0F84DE50261E","LAJA_023.mammalGrid.mam","D04","LAJA","LAJA_023","2016-09-28","2016-09-28","NEON.DOC.000481vH",,
"9a4476d2-2d57-4d6e-89b2-1c4e07a16aa9","D8318E375A6E471397BA9AB80ED0F07F","LAJA_003.mammalGrid.mam","D04","LAJA","LAJA_003","2016-09-29","2016-09-29","NEON.DOC.000481vH",,
"43fed135-3fde-4c81-90ab-2f7757f013d4","4E8B9AAF3DF54AD0B8E02C37FDB5DE94","LAJA_023.mammalGrid.mam","D04","LAJA","LAJA_023","2016-09-29","2016-09-29","NEON.DOC.000481vH",,
"821ad3e1-e5fa-47c7-b75a-11d5f48a2c97","C81DEAE2F3924671908B8EC0125FE366","LAJA_002.mammalGrid.mam","D04","LAJA","LAJA_002","2016-09-29","2016-09-29","NEON.DOC.000481vH",,
"a1088a91-4556-4940-84e3-72be87eb70e1","7D1D3C1026CE4981941482C42DABF032","LAJA_010.mammalGrid.mam","D04","LAJA","LAJA_010","2016-09-30","2016-09-30","NEON.DOC.000481vH",,
"b1882d5c-dd26-4bf8-b779-c91c8b253c8e","326904A46F004847B154C263D05C11E6","LAJA_005.mammalGrid.mam","D04","LAJA","LAJA_005","2016-09-30","2016-09-30","NEON.DOC.000481vH",,
"00f7205a-990a-44c5-81c9-24e94411e105","5AA5B120976B472593CFCE0424D9306A","LAJA_018.mammalGrid.mam","D04","LAJA","LAJA_018","2016-09-30","2016-09-30","NEON.DOC.000481vH",,
