uid,nightuid,namedLocation,domainID,siteID,plotID,collectDate,endDate,samplingProtocolVersion,remarks,dataQF
"8e173628-aeb5-4fa2-a6b6-87d6cf5bf1a3","d810d846-5c36-4a88-b23d-0d1ccf981792","ORNL_007.mammalGrid.mam","D07","ORNL","ORNL_007","2017-04-25","2017-04-25",,,
"d5641a5a-8f2a-4c2e-a1ab-68144a31daac","69dac65e-6740-4925-b22d-c300cfd74799","ORNL_027.mammalGrid.mam","D07","ORNL","ORNL_027","2017-04-25","2017-04-25",,,
"1c06e684-4186-4273-b2e2-471821df2b91","b94cce78-5642-43c5-9009-01a0382842a6","ORNL_039.mammalGrid.mam","D07","ORNL","ORNL_039","2017-04-25","2017-04-25",,,
"d36a2cff-ebf2-4ee8-ae34-cff2d46791f1","4f7ac324-bbd6-456c-99c6-9697df84c985","ORNL_001.mammalGrid.mam","D07","ORNL","ORNL_001","2017-04-26","2017-04-26","NEON.DOC.000481vH",,
"a9aa5ce2-7777-46c6-a940-e16783a41607","382baf77-18a3-4d97-891f-b0ba43c1aa5f","ORNL_003.mammalGrid.mam","D07","ORNL","ORNL_003","2017-04-26","2017-04-26","NEON.DOC.000481vH",,
"50e7f699-64a5-4a09-966f-d093d5e57abe","012646bf-d883-404c-a2c2-1390e31483b1","ORNL_002.mammalGrid.mam","D07","ORNL","ORNL_002","2017-04-26","2017-04-26","NEON.DOC.000481vH",,
"2af4685e-e232-4674-8905-246e1f192b54","4f7ac324-bbd6-456c-99c6-9697df84c985","ORNL_001.mammalGrid.mam","D07","ORNL","ORNL_001","2017-04-27","2017-04-27","NEON.DOC.000481vH",,
"c46ba1bc-bc80-41b0-9c50-0f708a64d5bf","971acd6d-fa18-4261-b236-04baedf777e0","ORNL_002.mammalGrid.mam","D07","ORNL","ORNL_002","2017-04-27","2017-04-27","NEON.DOC.000481vG",,
"c2980c0d-a122-44cb-a896-ba4c16a855e8","81357f9d-a66f-4ab9-b9b5-99483ef75770","ORNL_003.mammalGrid.mam","D07","ORNL","ORNL_003","2017-04-27","2017-04-27","NEON.DOC.000481vG",,
"47f30aa3-792e-4e6a-ad46-edd16521064e","e21e4017-47ba-4043-bb3f-94f1e7159153","ORNL_003.mammalGrid.mam","D07","ORNL","ORNL_003","2017-04-28","2017-04-28","NEON.DOC.000481vJ",,
"9be47f56-b06a-45ab-bde9-b67fa1bb5ac6","4951353f-11a1-4238-aa1d-32e232450134","ORNL_002.mammalGrid.mam","D07","ORNL","ORNL_002","2017-04-28","2017-04-28",,,
"b6956201-14d0-4b0a-9eda-2d7ff511f710","71d15a78-716c-4414-8fc0-f09bcf26e739","ORNL_001.mammalGrid.mam","D07","ORNL","ORNL_001","2017-04-28","2017-04-28","NEON.DOC.000481vG",,
