uid,nightuid,namedLocation,domainID,siteID,plotID,collectDate,endDate,samplingProtocolVersion,remarks,dataQF
"aee4dff0-44b0-40c3-b226-2ee6f90076ff","9e8d6402-8047-49c3-81df-74332b7ec312","STER_006.mammalGrid.mam","D10","STER","STER_006","2017-06-01","2017-06-01","NEON.DOC.000481vJ",,
"820fa195-713e-46ba-a541-6edb493395b2","d48802b1-52a5-4c42-a2ae-70b83b04455f","STER_031.mammalGrid.mam","D10","STER","STER_031","2017-06-01","2017-06-01","NEON.DOC.000481vJ",,
"c94d41bf-b8c9-4e3a-adc9-e883cb6f7e10","2faf5c8b-4bd6-42c9-a8a5-13ceccf9ee4d","STER_028.mammalGrid.mam","D10","STER","STER_028","2017-06-01","2017-06-01","NEON.DOC.000481vJ",,
"aa8fc90b-481c-4e3c-ae12-b885e9025be7","8d2219a9-4dd4-4c9d-8416-00531a0bfdeb","STER_029.mammalGrid.mam","D10","STER","STER_029","2017-06-01","2017-06-01","NEON.DOC.000481vJ",,
"599358fc-fd84-44ca-9b54-b03418013c30","e6bd9d27-6801-40a6-ac82-675402764682","STER_029.mammalGrid.mam","D10","STER","STER_029","2017-06-02","2017-06-02","NEON.DOC.000481vJ",,
"5691016f-5228-402d-89ee-21296c09fc50","17de2a03-4f25-430d-a713-dc2216337f0a","STER_006.mammalGrid.mam","D10","STER","STER_006","2017-06-02","2017-06-02","NEON.DOC.000481vJ",,
"bf25efc8-d5db-4134-b1b7-642b10877a47","1defbed9-def2-44dd-b94b-3c76b5aa6217","STER_031.mammalGrid.mam","D10","STER","STER_031","2017-06-02","2017-06-02","NEON.DOC.000481vJ",,
"37518d67-50ce-469d-9055-6873051e815b","044af9b3-343d-40b3-8db3-1385695d5284","STER_026.mammalGrid.mam","D10","STER","STER_026","2017-06-02","2017-06-02","NEON.DOC.000481vJ",,
