uid,nightuid,namedLocation,domainID,siteID,plotID,collectDate,endDate,samplingProtocolVersion,remarks,dataQF
"c4c4b4e0-55dd-45ba-9891-b9ad5778137e","665dc3d6-d79a-4f80-8d46-93630dc49d05","CPER_015.mammalGrid.mam","D10","CPER","CPER_015","2018-05-08","2018-05-08","NEON.DOC.000481vK",,
"e658e28c-cb1c-400d-babd-c45bea2438b0","ed68602e-bc08-4219-a4ad-c67d4860e9b5","CPER_004.mammalGrid.mam","D10","CPER","CPER_004","2018-05-08","2018-05-08","NEON.DOC.000481vK",,
"7718d7ff-98a6-491b-8a57-32e82835814d","382661b9-2a35-44f6-b87f-e43ed2e239de","CPER_005.mammalGrid.mam","D10","CPER","CPER_005","2018-05-08","2018-05-08","NEON.DOC.000481vK","Heavy cow disturbance",
"6141b52d-535a-4b44-baa7-3b5e073739f0","4181509c-810c-4f71-b44e-101edb852b9a","CPER_011.mammalGrid.mam","D10","CPER","CPER_011","2018-05-08","2018-05-08","NEON.DOC.000481vK",,
"75ea4e5d-0c6d-4d21-a03e-a44460116d1c","c5bfc219-84fb-449d-b313-43fce2b7e9aa","CPER_011.mammalGrid.mam","D10","CPER","CPER_011","2018-05-09","2018-05-09","NEON.DOC.000481vK",,
"424c7f35-1829-4906-8683-85b31a23dba1","bf192dfe-d6cd-4db3-b08e-466bb34fda93","CPER_015.mammalGrid.mam","D10","CPER","CPER_015","2018-05-09","2018-05-09","NEON.DOC.000481vK",,
"8223ac95-8601-41db-a25e-aba84f0fa41f","9d37f428-e14d-4345-bb10-e73ac0affaca","CPER_008.mammalGrid.mam","D10","CPER","CPER_008","2018-05-09","2018-05-09","NEON.DOC.000481vK",,
"48e63e22-0128-4aa7-859a-8b976aa1e550","abd578aa-6fb6-44cf-b716-a130ac98796b","CPER_002.mammalGrid.mam","D10","CPER","CPER_002","2018-05-09","2018-05-09","NEON.DOC.000481vK",,
"9295da7e-2a92-45cc-8dde-05aca8e86849","e57a029a-74bc-4858-b030-47c17de46980","CPER_005.mammalGrid.mam","D10","CPER","CPER_005","2018-05-09","2018-05-09","NEON.DOC.000481vK",,
"8337a8a8-ac7e-4dbe-9a69-fc7320f319b1","ef0a9b31-47e0-4229-8270-599dd3347a43","CPER_009.mammalGrid.mam","D10","CPER","CPER_009","2018-05-10","2018-05-10","NEON.DOC.000481vK",,
"7e393ee6-53f1-44b3-9103-dcd677f04178","86d1449b-53a6-47b3-a5e4-17a1a805b627","CPER_005.mammalGrid.mam","D10","CPER","CPER_005","2018-05-10","2018-05-10","NEON.DOC.000481vK",,
"a48ae6af-11a3-4abc-8e51-3c790a8bf0fc","1f89dc1f-9e82-42ec-b2dc-ba5e7b1585de","CPER_015.mammalGrid.mam","D10","CPER","CPER_015","2018-05-10","2018-05-10","NEON.DOC.000481vK",,
"9ceb8bbd-7aae-4cb5-a975-293a49b36b66","9d56996b-3206-4172-8ecc-db45f787c855","CPER_011.mammalGrid.mam","D10","CPER","CPER_011","2018-05-10","2018-05-10","NEON.DOC.000481vK",,
"bca134ec-3b9e-41cc-951a-99360b8afb16","d639923f-be75-444a-a18a-1777d9f7c2fc","CPER_006.mammalGrid.mam","D10","CPER","CPER_006","2018-05-10","2018-05-10","NEON.DOC.000481vK",,
