uid,nightuid,namedLocation,domainID,siteID,plotID,collectDate,endDate,samplingProtocolVersion,remarks,dataQF
"6c80b4d4-756e-44e0-b994-51bf628b14fc","0B59B263386246BFA382190693BBA5DB","DSNY_004.mammalGrid.mam","D03","DSNY","DSNY_004","2016-11-01","2016-11-01","NEON.DOC.000481vH",,
"81d9a792-e0fe-4493-95b5-fe5f4564b05e","28505A026AA04ECDA52097F25DF8B12F","DSNY_005.mammalGrid.mam","D03","DSNY","DSNY_005","2016-11-01","2016-11-01","NEON.DOC.000481vH",,
"494b1607-0d5f-4e1f-9497-a4210586bfe8","064BD409214D4AD99921D0156BA6AFE5","DSNY_001.mammalGrid.mam","D03","DSNY","DSNY_001","2016-11-01","2016-11-01","NEON.DOC.000481vH",,
"a5cba5f8-37a9-4adc-99a5-ebd38ba8c7c4","4FF574843D6346729E9DCC37B15C9758","DSNY_005.mammalGrid.mam","D03","DSNY","DSNY_005","2016-11-02","2016-11-02","NEON.DOC.000481vH",,
"e223c8bd-4e89-4151-80c3-2e3bf570e063","03E72C6DC28B4C289E43573F602C6C38","DSNY_016.mammalGrid.mam","D03","DSNY","DSNY_016","2016-11-02","2016-11-02","NEON.DOC.000481vH",,
"78d0be8a-96ba-4baf-8e4d-cbab765a6be1","7C826084F2F849199A6CF4245D8A3438","DSNY_001.mammalGrid.mam","D03","DSNY","DSNY_001","2016-11-02","2016-11-02","NEON.DOC.000481vH",,
"1ee26ceb-e4cb-4fce-9719-ccc5d4769afc","E90036645376415A92BD8C768A698A85","DSNY_004.mammalGrid.mam","D03","DSNY","DSNY_004","2016-11-02","2016-11-02","NEON.DOC.000481vH",,
"9c56cbff-2de4-44fe-8a1f-e6ed92372e30","2FEAB9BB869E4200816E99AB5C349624","DSNY_004.mammalGrid.mam","D03","DSNY","DSNY_004","2016-11-03","2016-11-03","NEON.DOC.000481vH",,
"9eb64ae0-bd21-45d1-a29a-82d318d2b6c8","43FD302C85544D98B592B282E083AF5C","DSNY_005.mammalGrid.mam","D03","DSNY","DSNY_005","2016-11-03","2016-11-03","NEON.DOC.000481vH",,
"76b8d13e-03a1-445b-8cc2-3aaf8800804c","F9F1A4F8496443CB9727FB6F58B03763","DSNY_085.mammalGrid.mam","D03","DSNY","DSNY_085","2016-11-03","2016-11-03","NEON.DOC.000481vH",,
"f2174f73-63d6-4527-8017-f63adc1f4e69","9958B42B90C148D1801A9463B548B254","DSNY_001.mammalGrid.mam","D03","DSNY","DSNY_001","2016-11-07","2016-11-07","NEON.DOC.000481vH",,
"dde8c268-d9f7-4ca2-a2b7-3f2e69ccf303","75B4E5FC06094DF7AA63DA49DA136EC4","DSNY_005.mammalGrid.mam","D03","DSNY","DSNY_005","2016-11-07","2016-11-07","NEON.DOC.000481vH",,
"98884c2a-8898-459e-b9e7-d1eb5495fcb1","118B737575F444A1A8557112C2EE6B8C","DSNY_004.mammalGrid.mam","D03","DSNY","DSNY_004","2016-11-07","2016-11-07","NEON.DOC.000481vH",,
"9a581eaa-26ca-4cfd-ab9b-419cf25ebf9f","BDEE378E87DE4A49ABCAE3B27C166B27","DSNY_016.mammalGrid.mam","D03","DSNY","DSNY_016","2016-11-07","2016-11-07","NEON.DOC.000481vH",,
"86271b5c-1411-4db7-82b8-e863e0838808","6F87C1BAEB7444A1BCE8EB18D421F2DD","DSNY_005.mammalGrid.mam","D03","DSNY","DSNY_005","2016-11-08","2016-11-08","NEON.DOC.000481vH",,
"c11f09de-072f-4a2d-96c2-0ce5d3f229ca","D7942D0480D645F8883F3079A98D9182","DSNY_001.mammalGrid.mam","D03","DSNY","DSNY_001","2016-11-08","2016-11-08","NEON.DOC.000481vH",,
"1c33638e-7830-4fb2-9995-9d0724629f68","DEC1BD5DF7704790968B56BC64BE248D","DSNY_085.mammalGrid.mam","D03","DSNY","DSNY_085","2016-11-08","2016-11-08","NEON.DOC.000481vH",,
"9d183aed-b8c8-453c-9312-3f6551fa5de9","3D8F53F71DB44945A2BFBFE6FF1BF6A5","DSNY_004.mammalGrid.mam","D03","DSNY","DSNY_004","2016-11-08","2016-11-08","NEON.DOC.000481vH",,
"c04003ba-bc5b-46ee-ba72-2a6004495934","345FBCD6A6AF4F368F9B97EFFDE3793F","DSNY_001.mammalGrid.mam","D03","DSNY","DSNY_001","2016-11-09","2016-11-09","NEON.DOC.000481vH",,
"cdf7b8d6-b111-4358-a9d6-c8d0763a09d3","31A250FB3F6747D58B6E18545C7BDAB0","DSNY_005.mammalGrid.mam","D03","DSNY","DSNY_005","2016-11-09","2016-11-09","NEON.DOC.000481vH",,
"60b3ef7b-610d-48dd-b771-13ff88754114","61D41B2713B34F918B2EABBA6E72EBEA","DSNY_004.mammalGrid.mam","D03","DSNY","DSNY_004","2016-11-09","2016-11-09","NEON.DOC.000481vH",,
"9305881a-e949-42d4-913a-0cee0e752255","17C34FB616324309B33EDCE924B10D62","DSNY_001.mammalGrid.mam","D03","DSNY","DSNY_001","2016-11-30","2016-11-30","NEON.DOC.000481vH",,
"e27e9703-b286-4e31-ac76-48add605ad7b","328934BC89E5417D9D1CF718DC494A58","DSNY_004.mammalGrid.mam","D03","DSNY","DSNY_004","2016-11-30","2016-11-30","NEON.DOC.000481vH","plot was divided up and processed by two groups of techs, had to switch to abbreviated sampling die to timing constraints",
"f203f33f-68d3-4226-a5fc-b6ce35699203","302DA89C56E54D248B534BB148F6B4CF","DSNY_005.mammalGrid.mam","D03","DSNY","DSNY_005","2016-11-30","2016-11-30","NEON.DOC.000481vH",,
