uid,nightuid,namedLocation,domainID,siteID,plotID,collectDate,endDate,samplingProtocolVersion,remarks,dataQF
"4098d72c-9ffa-4835-af40-9e9f0cb7d12d","47270968-2831-4b31-a163-a85aff63d417","TALL_010.mammalGrid.mam","D08","TALL","TALL_010","2017-05-16","2017-05-16","NEON.DOC.000481vJ",,
"d13d1d6c-10f1-4a85-964c-bcb260ade747","0061a39b-d6ad-4b76-99ca-87128eb9907d","TALL_015.mammalGrid.mam","D08","TALL","TALL_015","2017-05-16","2017-05-16","NEON.DOC.000481vJ",,
"8d414961-202d-4691-b680-ca3df6a14422","6ae8eb08-d878-4dd3-8a96-08d5dc93bdb7","TALL_012.mammalGrid.mam","D08","TALL","TALL_012","2017-05-16","2017-05-16","NEON.DOC.000481vJ",,
"e68a2d39-425f-45a4-ba6a-56f129d577e0","560ea70c-6635-480c-98a0-75e9c9e3f0ff","TALL_024.mammalGrid.mam","D08","TALL","TALL_024","2017-05-16","2017-05-16","NEON.DOC.000481vJ",,
"a8a7e1c9-9350-45ae-85a9-bda3d4824eb6","b594b2c2-d6b5-4f0f-bb5c-d3174a14a61d","TALL_012.mammalGrid.mam","D08","TALL","TALL_012","2017-05-17","2017-05-17","NEON.DOC.000481vJ",,
"43604c6a-734f-404a-98b8-dd5607023c2f","d4ac0d04-f0ee-4b2b-801c-09d88d8be93a","TALL_015.mammalGrid.mam","D08","TALL","TALL_015","2017-05-17","2017-05-17","NEON.DOC.000481vJ",,
"b2a1e4c3-6875-4e41-9ab1-629365b52a94","e7bdbe56-ae2d-4d26-8888-20faca76f8c8","TALL_024.mammalGrid.mam","D08","TALL","TALL_024","2017-05-17","2017-05-17","NEON.DOC.000481vJ",,
"d2bba7cb-1421-4f74-a045-2001772bcb47","05cbbd77-b7ee-4b06-b9e4-0907ec252135","TALL_010.mammalGrid.mam","D08","TALL","TALL_010","2017-05-17","2017-05-17","NEON.DOC.000481vD",,
"09defab0-8772-45a0-91aa-4a39e4516354","ea50a346-8f42-4eb0-b951-4bc6ddb1c145","TALL_010.mammalGrid.mam","D08","TALL","TALL_010","2017-05-18","2017-05-18","NEON.DOC.000481vJ",,
"19a0e5ea-fd9a-450d-8b03-2273aa29320b","e72e50e7-7c66-4652-ba20-30cf9c0f86f0","TALL_012.mammalGrid.mam","D08","TALL","TALL_012","2017-05-18","2017-05-18","NEON.DOC.000481vJ",,
"90a66ae5-530d-4cd8-b168-f98d6cb95163","aa827ada-dc6b-4355-89d3-e843f46a2699","TALL_024.mammalGrid.mam","D08","TALL","TALL_024","2017-05-18","2017-05-18","NEON.DOC.000481vJ",,
"e82d9cb9-21ee-46da-84c9-3806ce6f1aa9","99d9c401-e5fb-4d02-86bf-444e3e6e5bb1","TALL_015.mammalGrid.mam","D08","TALL","TALL_015","2017-05-18","2017-05-18","NEON.DOC.000481vJ",,
"b748a5d9-c7b0-49e1-b474-b2f1162f3e7b","8a6955c0-fe94-4e39-8242-d6f12715fe59","TALL_031.mammalGrid.mam","D08","TALL","TALL_031","2017-05-19","2017-05-19","NEON.DOC.000481vJ",,
"c800044b-ec15-49ec-b91c-3a70dcdcfb8d","1002c514-65ba-4ffe-8a63-7e483678066e","TALL_005.mammalGrid.mam","D08","TALL","TALL_005","2017-05-19","2017-05-19","NEON.DOC.000481vJ",,
"17c5c36a-520a-4286-8767-ed2156fe90f8","ecf51b20-8c6f-4686-9f0e-0b7977baaedb","TALL_006.mammalGrid.mam","D08","TALL","TALL_006","2017-05-19","2017-05-19","NEON.DOC.000481vJ",,
"8874ca83-b4de-422f-a0a9-990cfc699e26","522d6c34-895e-477a-9ee2-90a44fffa9a0","TALL_013.mammalGrid.mam","D08","TALL","TALL_013","2017-05-19","2017-05-19","NEON.DOC.000481vJ",,
