uid,nightuid,namedLocation,domainID,siteID,plotID,collectDate,endDate,samplingProtocolVersion,remarks,dataQF
"1ba16aa7-9e28-4521-954a-29fbd5bf23e2","835989B13818494C82DF5916A0BF7227","OSBS_005.mammalGrid.mam","D03","OSBS","OSBS_005","2013-09-11","2013-09-11",,,
"ed8556a2-f4b0-446c-b334-652a45efc06b","FE9D6B5D92DC4265B1F56AA2EE1BCE75","OSBS_003.mammalGrid.mam","D03","OSBS","OSBS_003","2013-09-11","2013-09-11",,,
"0413d5ca-bc66-4f1d-8867-76229fdc3cec","99683C30134449B292516D05E919551F","OSBS_002.mammalGrid.mam","D03","OSBS","OSBS_002","2013-09-11","2013-09-11",,,
"30bf2d25-735f-49fc-8e49-9c9ae1c38ba8","D3A46C76030E43C9BBBE738578F03254","OSBS_004.mammalGrid.mam","D03","OSBS","OSBS_004","2013-09-11","2013-09-11",,,
"e7835d9b-2543-4a21-8ff7-91a8a435fdc7","96B8DE84CDFE434A8DEB8406C04D0B6D","OSBS_003.mammalGrid.mam","D03","OSBS","OSBS_003","2013-09-12","2013-09-12",,,
"883b8ab1-93bc-4d9e-8970-2f778c68281c","2F15A5307E8140A8842AFCA120D1C3F9","OSBS_005.mammalGrid.mam","D03","OSBS","OSBS_005","2013-09-12","2013-09-12",,,
"c96fa938-992c-49b2-bfe9-bf8736e9a374","56BA3535896C4F0B9A44EAF1702B7F92","OSBS_004.mammalGrid.mam","D03","OSBS","OSBS_004","2013-09-12","2013-09-12",,,
"7ff12c5f-3763-46fd-adb9-dbc77ca32fea","5E4971BC8DF4460C99DA3749FB9D668F","OSBS_005.mammalGrid.mam","D03","OSBS","OSBS_005","2013-09-12","2013-09-12",,,
"7eac2924-6510-469b-95b9-cc5012f596d2","6B8373C6C2654964BD7C7B32A0CF7362","OSBS_003.mammalGrid.mam","D03","OSBS","OSBS_003","2013-09-13","2013-09-13",,,
"f4b95ec8-3210-45d1-b8a3-b83fa03468b0","C75721980DC1472196E726587CF4AFF0","OSBS_005.mammalGrid.mam","D03","OSBS","OSBS_005","2013-09-13","2013-09-13",,,
"34136e3d-f80b-4e1c-88f6-f6b518058709","F483DBFC7B404427A2F4F2243537E973","OSBS_004.mammalGrid.mam","D03","OSBS","OSBS_004","2013-09-13","2013-09-13",,,
"3005077b-50be-4c6a-9e71-f3e91542aa7e","B0240B3536DD4DB6AF1E7834DC3E5A02","OSBS_002.mammalGrid.mam","D03","OSBS","OSBS_002","2013-09-13","2013-09-13",,,
