uid,nightuid,namedLocation,domainID,siteID,plotID,collectDate,endDate,samplingProtocolVersion,remarks,dataQF
"54aae2ce-3cd9-4e72-b151-d0f8838ac7e6","FA7CD5036A47474A85F9B924FDA80DCA","UNDE_012.mammalGrid.mam","D05","UNDE","UNDE_012","2016-06-03","2016-06-03","NEON.DOC.000481vG",,
"2c146e03-2cdc-48cc-ad88-b5e2738d1f74","ADAC224D7BEC424AB7973C9B73A1EE55","UNDE_027.mammalGrid.mam","D05","UNDE","UNDE_027","2016-06-03","2016-06-03","NEON.DOC.000481vG",,
"e736b0b9-c9a4-45e6-b356-415556d563e1","94EBDF09EBCA49A0BB3614DE2A1F840E","UNDE_032.mammalGrid.mam","D05","UNDE","UNDE_032","2016-06-03","2016-06-03","NEON.DOC.000481vG",,
"9f4f6cb1-01ce-43f4-9d8d-705ab2965c6b","148807F4FC164D0CB1D42211FDDCA362","UNDE_012.mammalGrid.mam","D05","UNDE","UNDE_012","2016-06-04","2016-06-04","NEON.DOC.000481vG",,
"df0d99eb-5467-4882-9a63-9dc7d1096d3b","802380CA66944BA294BF217F9B7E3996","UNDE_027.mammalGrid.mam","D05","UNDE","UNDE_027","2016-06-04","2016-06-04","NEON.DOC.000481vG",,
"7bac5a51-ce98-41d5-a5b1-1dfaeec3f7ff","5E4EDCA0B186426E8925069F8703BD62","UNDE_032.mammalGrid.mam","D05","UNDE","UNDE_032","2016-06-04","2016-06-04","NEON.DOC.000481vG",,
"37f324bf-aac0-4f55-8945-cd6669d167aa","721B7DBE0AD7492792163FFDC743A464","UNDE_027.mammalGrid.mam","D05","UNDE","UNDE_027","2016-06-05","2016-06-05","NEON.DOC.000481vG",,
"4a761ae1-300e-406b-bc7c-c7a56f4e591c","CC1120CB251244CF826DE0C8BAAD4209","UNDE_012.mammalGrid.mam","D05","UNDE","UNDE_012","2016-06-05","2016-06-05","NEON.DOC.000481vG",,
"fa3e0d7a-1e1c-4df7-baeb-7a2bd8f5541f","856690A965474606B705486996F6BBB5","UNDE_032.mammalGrid.mam","D05","UNDE","UNDE_032","2016-06-05","2016-06-05","NEON.DOC.000481vG",,
"1e5e9564-51f7-4e79-ab0b-9d9e844b82b0","4062C13A984A4873845E21F2C0D49F48","UNDE_008.mammalGrid.mam","D05","UNDE","UNDE_008","2016-06-07","2016-06-07","NEON.DOC.000481vG",,
"6174a6e4-16e8-4fae-b04b-4ab27e5d63ff","D5EA8FC8E8D74C2BA3BE3F87D484C140","UNDE_003.mammalGrid.mam","D05","UNDE","UNDE_003","2016-06-07","2016-06-07","NEON.DOC.000481vG",,
"be6ef807-67df-4e22-91e6-5492e4c16000","5AEB82739BB843D1A2F2E2B1D16D8D82","UNDE_001.mammalGrid.mam","D05","UNDE","UNDE_001","2016-06-08","2016-06-08","NEON.DOC.000481vG",,
"799cd6de-0be8-4218-a6d9-2a87a6c19fcd","7F49C60E52C44F1889C8D25EF6A66FDD","UNDE_002.mammalGrid.mam","D05","UNDE","UNDE_002","2016-06-08","2016-06-08","NEON.DOC.000481vG",,
"b54d7c53-8ed9-4552-8e42-4cd76805da63","4B433A5D6BF44D61A9F201B326A53C3C","UNDE_027.mammalGrid.mam","D05","UNDE","UNDE_027","2016-06-29","2016-06-29","NEON.DOC.000481vH",,
"41fe32af-2aa1-4fcd-9f8b-77d6e9400284","6E180D1801324C0FAD47C27F8476E58A","UNDE_032.mammalGrid.mam","D05","UNDE","UNDE_032","2016-06-29","2016-06-29","NEON.DOC.000481vH",,
"cde89f90-6ed4-4b94-88f6-9b9135c9d144","68D0FD3D6F714B5F87CF39E576510739","UNDE_012.mammalGrid.mam","D05","UNDE","UNDE_012","2016-06-29","2016-06-29","NEON.DOC.000481vH",,
"dae83dd5-7059-4c22-aa3c-aba6e6e2b3c9","8D7214FCD93547599B22A8CE5772BDA7","UNDE_012.mammalGrid.mam","D05","UNDE","UNDE_012","2016-06-30","2016-06-30","NEON.DOC.000481vH",,
"6450cb9d-e7ed-4a87-b1c3-47894b43fc9d","EA3C374851E14B10A2DA663CE4FDAFEF","UNDE_027.mammalGrid.mam","D05","UNDE","UNDE_027","2016-06-30","2016-06-30","NEON.DOC.000481vH",,
"d52015f8-cebe-4d0e-92f0-d7ee8d59fa17","0A4AAF1FF9BC42F78C51312B0680D51B","UNDE_032.mammalGrid.mam","D05","UNDE","UNDE_032","2016-06-30","2016-06-30","NEON.DOC.000481vH",,
