uid,nightuid,namedLocation,domainID,siteID,plotID,collectDate,endDate,samplingProtocolVersion,remarks,dataQF
"27225242-8878-45b8-a127-f59e7a5a1bea","94871547A88E4EE6B62C3141C60C95DE","ONAQ_005.mammalGrid.mam","D15","ONAQ","ONAQ_005","2015-06-15","2015-06-15",,,
"da6c64f5-eacd-4abc-a5dc-789937f85804","898A53C577924130B05D15289EF2A1D3","ONAQ_003.mammalGrid.mam","D15","ONAQ","ONAQ_003","2015-06-15","2015-06-15",,,
"93ba04a0-f261-4995-a693-2b77a08c85ae","5FF60DAB98404FB9A02744762195FA9B","ONAQ_014.mammalGrid.mam","D15","ONAQ","ONAQ_014","2015-06-15","2015-06-15",,,
"2d21ff1f-0528-4620-9f9c-46e16a5d58d3","BC864DADBFE54E53942D9FC80A7391ED","ONAQ_005.mammalGrid.mam","D15","ONAQ","ONAQ_005","2015-06-16","2015-06-16",,,
"4d15a4f3-206c-41ce-927e-9e8f03d3ce30","88A72D7EEC32422399DBB3D228CF6A7A","ONAQ_014.mammalGrid.mam","D15","ONAQ","ONAQ_014","2015-06-16","2015-06-16",,,
"25744741-81cb-4ece-8a7f-555485f24d22","12C1A71906404FA99AC1E00A6E410E57","ONAQ_003.mammalGrid.mam","D15","ONAQ","ONAQ_003","2015-06-16","2015-06-16",,,
"a349a0a0-63b4-4f44-8764-bc6b0bb2e91c","7FBE4DB17D734212801274582158E3EE","ONAQ_003.mammalGrid.mam","D15","ONAQ","ONAQ_003","2015-06-17","2015-06-17",,"Trap G1 had two entries in data sheet. Data for specimen in second instance of record was recorded under trap AX",
"6b84efa4-a2f7-4902-8a84-a019d910b4c1","BEB815C56B5B412398641D14F906D39F","ONAQ_014.mammalGrid.mam","D15","ONAQ","ONAQ_014","2015-06-17","2015-06-17",,,
"0ad0774e-34ff-4c76-96b8-9f932757ae30","2B4EFB6D032F4B6CBC4A77DE08D2C949","ONAQ_005.mammalGrid.mam","D15","ONAQ","ONAQ_005","2015-06-17","2015-06-17",,,
"e57b85a1-c1bd-4de4-8a79-d72b19ef8eca","F8B37B8D7A344E66A0C461844E20CAA0","ONAQ_015.mammalGrid.mam","D15","ONAQ","ONAQ_015","2015-06-18","2015-06-18",,"15 traps not set because setting crew forgot to bring enough traps out the night before",
"2a3dc15a-daef-49e9-a78f-c23acdfb7878","A790AE4084BA47FA86184DB4C0725CCE","ONAQ_004.mammalGrid.mam","D15","ONAQ","ONAQ_004","2015-06-18","2015-06-18",,,
