uid,nightuid,namedLocation,domainID,siteID,plotID,collectDate,endDate,samplingProtocolVersion,remarks,dataQF
"bd479a64-12da-4a87-a1b2-c53c2ee8cf8c","2f051eb6-f346-45fd-ae33-8671bc675ec0","LENO_008.mammalGrid.mam","D08","LENO","LENO_008","2018-10-16","2018-10-16","NEON.DOC.000481vK",,
"2e9f4b47-962b-4319-bb59-bccb63ee3880","b6cd30d9-d22e-4aaf-8f1d-f54c35d75184","LENO_002.mammalGrid.mam","D08","LENO","LENO_002","2018-10-16","2018-10-16","NEON.DOC.000481vK",,
"4e2e6c37-980a-41ed-b5fa-d582361f9441","9f00977a-dc28-41e2-bb1d-083ead559b9f","LENO_006.mammalGrid.mam","D08","LENO","LENO_006","2018-10-16","2018-10-16","NEON.DOC.000481vK",,
"ef61c0bb-b667-45eb-8d53-196373be0745","55487e4e-116a-44bb-9da0-8cf8fda5e47b","LENO_031.mammalGrid.mam","D08","LENO","LENO_031","2018-10-16","2018-10-16","NEON.DOC.000481vK",,
"3196e02e-c45f-4f89-bcfb-01066b05c827","e898c227-238d-4802-a5ae-6a3366c9fe5a","LENO_008.mammalGrid.mam","D08","LENO","LENO_008","2018-10-17","2018-10-17","NEON.DOC.000481vK",,
"2d611a82-b957-4ea2-a9eb-a3c12ff8ee4b","c6c35d62-4f04-4d56-8d32-1d71967a87ff","LENO_006.mammalGrid.mam","D08","LENO","LENO_006","2018-10-17","2018-10-17","NEON.DOC.000481vK",,
"bfdde2f9-ca08-4b06-9ecd-3734934b6b23","09ae45eb-4fc8-44e0-8099-7cadb1998d04","LENO_022.mammalGrid.mam","D08","LENO","LENO_022","2018-10-17","2018-10-17","NEON.DOC.000481vK",,
"395d44d1-da09-45fd-a0b9-d392877f3711","ac3aa730-57d0-4b84-8485-60d4657142c4","LENO_002.mammalGrid.mam","D08","LENO","LENO_002","2018-10-17","2018-10-17","NEON.DOC.000481vK",,
"fc332885-4631-4424-a8d4-f040e6c33edb","c6fe2eaf-0494-4168-bc12-06fe42066a78","LENO_031.mammalGrid.mam","D08","LENO","LENO_031","2018-10-17","2018-10-17","NEON.DOC.000481vK",,
"52d698ca-6fa4-4a77-bdd2-93d555ca8125","77fbef06-5506-4a9b-a87a-82bae3a816a9","LENO_008.mammalGrid.mam","D08","LENO","LENO_008","2018-10-18","2018-10-18","NEON.DOC.000481vK",,
"71eb6cca-81ab-41f3-8638-765732606608","c3a111ed-ccc7-467b-be06-2df4f46396c8","LENO_015.mammalGrid.mam","D08","LENO","LENO_015","2018-10-18","2018-10-18","NEON.DOC.000481vK",,
"1861bf39-d856-42c7-9302-ae5d311eee5a","37f96025-ec04-49d3-953d-4da5534cd2e0","LENO_031.mammalGrid.mam","D08","LENO","LENO_031","2018-10-18","2018-10-18","NEON.DOC.000481vK",,
"7bc95e7c-3ba0-429c-bb31-4601fca58a44","146f8991-1208-4257-9382-90241808db69","LENO_006.mammalGrid.mam","D08","LENO","LENO_006","2018-10-18","2018-10-18","NEON.DOC.000481vK",,
"2b2eebdd-9d40-41bc-8ed6-0c066e6117f9","6547e5c9-2c13-4594-ba9a-71307e1cf0e2","LENO_002.mammalGrid.mam","D08","LENO","LENO_002","2018-10-18","2018-10-18","NEON.DOC.000481vK",,
