uid,nightuid,namedLocation,domainID,siteID,plotID,collectDate,endDate,samplingProtocolVersion,remarks,dataQF
"8e727743-87ba-44db-a4b8-860bf55f7652","b97b1e11-c5cd-4dc4-828e-9bee7dfef809","STEI_019.mammalGrid.mam","D05","STEI","STEI_019","2018-06-05","2018-06-05","NEON.DOC.000481vK",,
"b48b2775-d464-47f1-ada8-0eca587ccd8e","55237dc4-3a9b-4cc4-aa77-edad1a23f4a9","STEI_022.mammalGrid.mam","D05","STEI","STEI_022","2018-06-05","2018-06-05","NEON.DOC.000481vK",,
"f57f1fc4-4607-4cfc-b239-e4c0d67ca7d5","b2827e20-ad5b-4bcd-a510-3fab2a031d47","STEI_001.mammalGrid.mam","D05","STEI","STEI_001","2018-06-05","2018-06-05","NEON.DOC.000481vK",,
"c6bf003b-c29b-4562-bb66-01e6353bff03","ee37821c-3cc8-4df7-ac4b-a7fed47ba752","STEI_002.mammalGrid.mam","D05","STEI","STEI_002","2018-06-07","2018-06-07","NEON.DOC.000481vK",,
"0324cc98-4fe5-43ff-a38a-62b7f3615d59","d47656b0-4395-4007-9029-da736d7d6d22","STEI_005.mammalGrid.mam","D05","STEI","STEI_005","2018-06-07","2018-06-07","NEON.DOC.000481vK",,
"1d2810a5-3aa1-4cee-93c8-fe963d99dc1a","a4493503-6e88-4fb6-b78f-7c74ecf53c19","STEI_012.mammalGrid.mam","D05","STEI","STEI_012","2018-06-07","2018-06-07","NEON.DOC.000481vK",,
"d8dfcfee-a5a2-445c-9feb-698b6741692e","b433d739-dbb7-4040-9987-efd2dff7a7b0","STEI_002.mammalGrid.mam","D05","STEI","STEI_002","2018-06-07","2018-06-07","NEON.DOC.000481vK",,
"bf8938db-b654-4b86-b9c0-ac78532424d7","d23301ad-b7e5-43b2-b232-0827949d155f","STEI_002.mammalGrid.mam","D05","STEI","STEI_002","2018-06-08","2018-06-08","NEON.DOC.000481vK",,
"ac93af29-967e-4cd4-b058-fadc437c79a1","0a2f64fa-6cca-4317-a020-34434caa0b1a","STEI_005.mammalGrid.mam","D05","STEI","STEI_005","2018-06-08","2018-06-08","NEON.DOC.000481vK",,
"c0cd97b2-9c1d-4d1b-a74c-b775211d201d","4286e384-d220-41e7-85f5-6daa1b0eeb14","STEI_012.mammalGrid.mam","D05","STEI","STEI_012","2018-06-08","2018-06-08","NEON.DOC.000481vK",,
"ac314c2a-d7bb-447b-93e1-800ab80286c7","e5c1e484-e277-45c5-bc8d-c10e562f0909","STEI_012.mammalGrid.mam","D05","STEI","STEI_012","2018-06-11","2018-06-11","NEON.DOC.000481vK",,
"6b260d6e-8394-4347-b298-355f6a084ac3","88374a35-e9a9-40f3-a7d9-20f840b95496","STEI_005.mammalGrid.mam","D05","STEI","STEI_005","2018-06-11","2018-06-11","NEON.DOC.000481vK",,
