uid,nightuid,namedLocation,domainID,siteID,plotID,collectDate,endDate,samplingProtocolVersion,remarks,dataQF
"b8f568d6-8a3d-4331-b0fa-183f62870a45","4ded7ec8-5865-4758-91a6-7772accabb7d","SERC_008.mammalGrid.mam","D02","SERC","SERC_008","2018-07-17","2018-07-17","NEON.DOC.000481vK","Not planted yet; vegetation <1 ft tall",
"7bbc154c-12cd-446c-86f8-31bd9051b45d","65ae6571-36b2-412c-94ce-749d27b8bd53","SERC_015.mammalGrid.mam","D02","SERC","SERC_015","2018-07-17","2018-07-17","NEON.DOC.000481vK",,
"7ef44755-5458-4430-94d4-1d98e4c22983","1eecb404-bf00-44d6-b6ff-1e80085b23c9","SERC_011.mammalGrid.mam","D02","SERC","SERC_011","2018-07-17","2018-07-17","NEON.DOC.000481vK",,
"4ba10c5e-f1d9-4cea-92fe-babf3620986d","3b7c7fdf-fad9-4725-a0d5-1be641cd0f56","SERC_007.mammalGrid.mam","D02","SERC","SERC_007","2018-07-17","2018-07-17","NEON.DOC.000481vK",,
"65fb4be0-f722-46f8-9ada-5e5b4901f661","ff696516-2381-45a5-93d8-25741b7fdf1c","SERC_015.mammalGrid.mam","D02","SERC","SERC_015","2018-07-18","2018-07-18","NEON.DOC.000481vK","Recent storm branches down wet",
"91679ce9-5814-413c-85cf-b3e96eb533a3","d5b03f1d-77c5-479f-926e-3566dabd6128","SERC_014.mammalGrid.mam","D02","SERC","SERC_014","2018-07-18","2018-07-18","NEON.DOC.000481vK","A lot of disturbance with most traps upside down or knocked over",
"869766f1-aae0-4cae-8fb2-cbc1dd3e4540","31861ff5-bc5e-4244-8ae6-79c9f5784a57","SERC_011.mammalGrid.mam","D02","SERC","SERC_011","2018-07-18","2018-07-18","NEON.DOC.000481vK",,
"9ff32297-107b-493b-b352-cb1756636ad0","5886005b-1d3f-4100-9003-be7689d283fa","SERC_031.mammalGrid.mam","D02","SERC","SERC_031","2018-07-18","2018-07-18","NEON.DOC.000481vK",,
"7a386c0b-2d3b-4736-be77-3e93256b702f","917861a5-c535-42a8-b811-e3906d617475","SERC_015.mammalGrid.mam","D02","SERC","SERC_015","2018-07-18","2018-07-18","NEON.DOC.000481vK","duplicate record; needs to be deleted",
"478c3a4f-97cb-44f9-b1f9-888b9e9e94ae","0771120f-127f-4cfd-95ed-545fc597e16e","SERC_016.mammalGrid.mam","D02","SERC","SERC_016","2018-07-19","2018-07-19","NEON.DOC.000481vK",,
"fb22317e-b5db-4218-a557-7d638325e3f9","ffe539e6-0a15-412f-910f-e4fa8cea43da","SERC_031.mammalGrid.mam","D02","SERC","SERC_031","2018-07-19","2018-07-19","NEON.DOC.000481vK",,
"c0d576a4-8d9d-46fe-8aea-7d3f33ce4bf8","c41e9595-1533-46d6-a8e6-0ec534a7e952","SERC_011.mammalGrid.mam","D02","SERC","SERC_011","2018-07-19","2018-07-19","NEON.DOC.000481vK",,
"7056c633-19a0-47e1-863b-fc6cd9a5a7f8","bb47f904-2db8-4111-b75b-df0564327307","SERC_015.mammalGrid.mam","D02","SERC","SERC_015","2018-07-19","2018-07-19","NEON.DOC.000481vK",,
"aa2c6252-6532-45d0-8981-43df72243407","e55588b4-6a21-47fd-be79-5c128195a5bf","SERC_031.mammalGrid.mam","D02","SERC","SERC_031","2018-07-20","2018-07-20","NEON.DOC.000481vK",,
"e9b07e2b-9fba-4de0-a55a-414e153cbf26","8f7a199b-0b06-4afb-adb4-322f2e8c5e3d","SERC_032.mammalGrid.mam","D02","SERC","SERC_032","2018-07-20","2018-07-20","NEON.DOC.000481vK","Bait missing from many traps without spore",
