uid,nightuid,namedLocation,domainID,siteID,plotID,collectDate,endDate,samplingProtocolVersion,remarks,dataQF
"d8ec91e8-7ffa-4f33-b1a0-8eb97e067eb3","E4041C26C4384E0FBF3A977F71F96655","DSNY_001.mammalGrid.mam","D03","DSNY","DSNY_001","2016-06-28","2016-06-28","NEON.DOC.000481vH",,
"a05c2858-b20a-4ca9-8d4b-2bd545793ecb","5E0595FF24FA44E69CDCD4991DCD0D25","DSNY_004.mammalGrid.mam","D03","DSNY","DSNY_004","2016-06-28","2016-06-28","NEON.DOC.000481vH",,
"0dc7d79e-eb1b-40f8-a641-e5965aedff79","E491B864472C4EE58AED9B417A6B6DE7","DSNY_005.mammalGrid.mam","D03","DSNY","DSNY_005","2016-06-28","2016-06-28","NEON.DOC.000481vH",,
"94f5bb8b-93c7-45cc-83f7-62e2620a7a4f","F5A83FFA3012409CAE7C7FFA95D1A28A","DSNY_004.mammalGrid.mam","D03","DSNY","DSNY_004","2016-06-29","2016-06-29","NEON.DOC.000481vH","Roads closed due to weather, vehicle stuck, animals released and grid 004 pulled for remainder of bout",
"8365847a-7a7f-499a-81c4-a3504c58974b","4A956236D5F94B09886567CB6E1BAA11","DSNY_005.mammalGrid.mam","D03","DSNY","DSNY_005","2016-06-29","2016-06-29","NEON.DOC.000481vH","Traps closed, animals released due to road closures and weather",
"dccf746a-a6a7-4112-ac79-4f2f035e07af","15AB0CDF5E374234B24A2674E789F71E","DSNY_085.mammalGrid.mam","D03","DSNY","DSNY_085","2016-06-29","2016-06-29","NEON.DOC.000481vH",,
"22962600-0d54-4e08-b036-d5d0989ba659","831FD91889F4420BADD71743F74FC415","DSNY_001.mammalGrid.mam","D03","DSNY","DSNY_001","2016-06-29","2016-06-29","NEON.DOC.000481vH",,
