uid,nightuid,namedLocation,domainID,siteID,plotID,collectDate,endDate,samplingProtocolVersion,remarks,dataQF
"733b5288-9e59-486e-99ab-ae9a7513c96b","e035f21b-3b13-4c9e-80dd-b71f681ecdf9","JORN_017.mammalGrid.mam","D14","JORN","JORN_017","2018-07-03","2018-07-03","NEON.DOC.000481vK",,
"935c5b26-6821-4e82-a1f8-108e336c04cc","eabd1ebc-a956-4bb8-906b-5d3cae13826a","JORN_001.mammalGrid.mam","D14","JORN","JORN_001","2018-07-03","2018-07-03","NEON.DOC.000481vK","Excessive ants on plot",
"c2b68971-6894-4817-a44e-1c216dd7e293","6f7cf641-bbd8-4b5d-b9de-e0b316f1473a","JORN_018.mammalGrid.mam","D14","JORN","JORN_018","2018-07-03","2018-07-03","NEON.DOC.000481vK","Lots of disturbed traps and ants",
"998a18fe-60f8-4784-bc0e-40bfdaa4e957","b5780fca-cea7-4aa3-9e0f-a87d86415142","JORN_018.mammalGrid.mam","D14","JORN","JORN_018","2018-07-04","2018-07-04","NEON.DOC.000481vK",,
"4a94ed4f-cc53-44cf-b5d0-7f319a3aeed9","68a369d7-6e6e-4ed2-92c3-69e860119997","JORN_001.mammalGrid.mam","D14","JORN","JORN_001","2018-07-04","2018-07-04","NEON.DOC.000481vK",,
"b69fec0b-ddf1-43f6-901a-399c4f72b01f","615078bc-b81f-4fc8-ac7d-7504a117edd2","JORN_017.mammalGrid.mam","D14","JORN","JORN_017","2018-07-04","2018-07-04","NEON.DOC.000481vK","Many ants",
"53e6ad38-4ad8-4855-a120-de77ecd06a9d","fc820ad1-6f86-46d9-8797-a3a344315312","JORN_017.mammalGrid.mam","D14","JORN","JORN_017","2018-07-05","2018-07-05","NEON.DOC.000481vK",,
"a26ebfef-4d0e-4f45-979e-568b844b65ad","510fe0bd-d7a0-4b83-b649-5ad201f53d87","JORN_001.mammalGrid.mam","D14","JORN","JORN_001","2018-07-05","2018-07-05","NEON.DOC.000481vK",,
"e3e0a04b-df2a-49d6-ae39-3bff2b8a851d","ffdb677d-d7a3-407a-9c48-bfd0bc699613","JORN_018.mammalGrid.mam","D14","JORN","JORN_018","2018-07-05","2018-07-05","NEON.DOC.000481vK",,
"ab8ebb2a-92d5-41a1-9dd9-f9bc4b4fdd20","f382d2a5-12fc-424e-aaef-d5900f3af0a5","JORN_007.mammalGrid.mam","D14","JORN","JORN_007","2018-07-06","2018-07-06","NEON.DOC.000481vK",,
