uid,nightuid,namedLocation,domainID,siteID,plotID,collectDate,endDate,samplingProtocolVersion,remarks,dataQF
"a1c24018-3fb0-4e47-b096-fa6ed75e5d0f","41bc4b3a-b1c2-4fa3-8006-0a344279723b","OAES_029.mammalGrid.mam","D11","OAES","OAES_029","2018-07-10","2018-07-10","NEON.DOC.000481vK",,
"cf91bd75-492a-4c49-a37b-47ec9cb1336e","41fe7523-f7f5-47cb-9d75-c93e32367684","OAES_007.mammalGrid.mam","D11","OAES","OAES_007","2018-07-10","2018-07-10","NEON.DOC.000481vK",,
"f79faad4-515f-4fec-8697-6a00dedfc97d","b4b7e63a-4d3a-48bc-b288-03199bc2ea2c","OAES_002.mammalGrid.mam","D11","OAES","OAES_002","2018-07-10","2018-07-10","NEON.DOC.000481vK",,
"dbd8d54b-5384-4d53-b11b-75a1d4c00716","851f0135-d35d-4ec6-9eaa-3954e57e65b9","OAES_001.mammalGrid.mam","D11","OAES","OAES_001","2018-07-10","2018-07-10","NEON.DOC.000481vK",,
"723248be-5396-44d1-98af-036f945ad691","d3e838e5-de64-4150-9b88-8ad32722e56c","OAES_007.mammalGrid.mam","D11","OAES","OAES_007","2018-07-11","2018-07-11","NEON.DOC.000481vK",,
"83faf6f9-6270-48ad-a87a-1fda4bac361f","c8f6a391-d3b0-4a49-a53a-0efb2b4bf72e","OAES_003.mammalGrid.mam","D11","OAES","OAES_003","2018-07-11","2018-07-11","NEON.DOC.000481vK",,
"7d9d01bc-420f-487e-814e-3ef38fd8c9aa","3885fd32-42b3-4d4f-adea-422dea69daa4","OAES_001.mammalGrid.mam","D11","OAES","OAES_001","2018-07-11","2018-07-11","NEON.DOC.000481vK",,
"ba600687-e4c5-4ee1-8394-c538e9d711dc","d70f87b6-992d-4425-92d6-7f4ac38fedc8","OAES_002.mammalGrid.mam","D11","OAES","OAES_002","2018-07-11","2018-07-11","NEON.DOC.000481vK",,
"0ed172ae-76d1-4730-ae97-9115d448e416","72fa6228-2e68-48f2-b30d-3d9594154ac3","OAES_002.mammalGrid.mam","D11","OAES","OAES_002","2018-07-12","2018-07-12","NEON.DOC.000481vK","Entire plot disturbed by some sort of mammal. Most likely raccoon",
"4f856807-8545-404b-b2cd-e5e1461c6049","55896d1b-fab2-462d-baae-90d1d10237c1","OAES_007.mammalGrid.mam","D11","OAES","OAES_007","2018-07-12","2018-07-12","NEON.DOC.000481vK",,
"5e57116f-b9ac-4306-955c-ec13b6b3c966","8fe0cabf-7b97-4e38-97f7-8130e7688ffa","OAES_004.mammalGrid.mam","D11","OAES","OAES_004","2018-07-12","2018-07-12","NEON.DOC.000481vK",,
"fbeaab8e-594e-459c-9c05-dbd466e58bc6","adea904b-a250-4803-a139-59453642c658","OAES_001.mammalGrid.mam","D11","OAES","OAES_001","2018-07-12","2018-07-12","NEON.DOC.000481vK",,
