uid,nightuid,namedLocation,domainID,siteID,plotID,collectDate,endDate,samplingProtocolVersion,remarks,dataQF
"39624ed8-56f1-43f0-a891-09fe6a4a12f1","af1d7a1e-13a5-4c03-b456-016cc8998ee9","OAES_029.mammalGrid.mam","D11","OAES","OAES_029","2018-05-08","2018-05-08","NEON.DOC.000481vK",,
"374625a9-f089-44d9-a63c-ef3c6f05120b","44fa58e3-f3f3-479e-b7cd-92777f812ecf","OAES_003.mammalGrid.mam","D11","OAES","OAES_003","2018-05-08","2018-05-08","NEON.DOC.000481vK",,
"fe69d1f5-8163-45ed-b66a-b4dbd806228e","2fbc7939-d186-49c7-a012-14fed4c54006","OAES_004.mammalGrid.mam","D11","OAES","OAES_004","2018-05-08","2018-05-08","NEON.DOC.000481vK",,
"16632f42-fe07-411d-9016-29da7aaca350","419c826e-4903-4869-b694-40333a6490d1","OAES_001.mammalGrid.mam","D11","OAES","OAES_001","2018-05-09","2018-05-09","NEON.DOC.000481vK",,
"c8c6f6bf-4fb2-40db-9073-268d3eaa6604","09273e16-ebd8-4156-9493-1daceef1d603","OAES_002.mammalGrid.mam","D11","OAES","OAES_002","2018-05-09","2018-05-09","NEON.DOC.000481vK",,
"b9261872-2d60-481e-af18-5cea0a2bf7f1","b5a0e36e-40fc-4137-92d6-8d726076ea36","OAES_007.mammalGrid.mam","D11","OAES","OAES_007","2018-05-09","2018-05-09","NEON.DOC.000481vK",,
"6d080520-5b8c-434a-8abf-dc35993529b4","585b1b65-5d7a-4575-9433-0bc612bc55c7","OAES_002.mammalGrid.mam","D11","OAES","OAES_002","2018-05-10","2018-05-10","NEON.DOC.000481vK",,
"332752e4-fac4-4cf7-9bd7-99ce2ed12a8f","0978755a-ab34-4730-917f-1537c356db24","OAES_007.mammalGrid.mam","D11","OAES","OAES_007","2018-05-10","2018-05-10","NEON.DOC.000481vK",,
"b17c34d4-8ab8-4a51-90e0-e5102488b21c","2d81df6e-77e5-4b3b-92e5-d1220ba685b2","OAES_001.mammalGrid.mam","D11","OAES","OAES_001","2018-05-10","2018-05-10","NEON.DOC.000481vK",,
"463f8ebf-0967-4f41-a45e-28c7521df8c8","80e94b56-6996-441c-97c6-53225bb1ab61","OAES_002.mammalGrid.mam","D11","OAES","OAES_002","2018-05-11","2018-05-11","NEON.DOC.000481vK",,
"59ffa2b6-fa3f-4aa7-b031-8b4c23c3ac5e","cb1d47d1-034e-43ec-b863-3755b38337d3","OAES_001.mammalGrid.mam","D11","OAES","OAES_001","2018-05-11","2018-05-11","NEON.DOC.000481vK",,
"76d1349b-6213-4169-9a85-123adb7fea7b","6d440734-2d28-4a5f-998f-7a26efc9985f","OAES_007.mammalGrid.mam","D11","OAES","OAES_007","2018-05-11","2018-05-11","NEON.DOC.000481vK",,
