uid,nightuid,namedLocation,domainID,siteID,plotID,collectDate,endDate,samplingProtocolVersion,remarks,dataQF
"591f8e52-cf26-4c45-a813-5c2bb8853844","018A9BF96EBE41F1A354FB293E806E64","GUAN_005.mammalGrid.mam","D04","GUAN","GUAN_005","2016-04-12","2016-04-12","NEON.DOC.000481vG",,
"2a97bf7e-5906-40d6-a31c-025547674a44","83D95C972DA1415C89D4DD8A33B89465","GUAN_003.mammalGrid.mam","D04","GUAN","GUAN_003","2016-04-12","2016-04-12","NEON.DOC.000481vG",,
"c481cf22-7935-482f-a47f-62350e619649","5AD1323A14AF47528370FF59BD0FBF82","GUAN_025.mammalGrid.mam","D04","GUAN","GUAN_025","2016-04-12","2016-04-12","NEON.DOC.000481vG","No captures in this plot",
"5245a344-461f-4216-8c8c-b2cafdc1be00","A8DCF2A212874430BCB601B86A644EDD","GUAN_003.mammalGrid.mam","D04","GUAN","GUAN_003","2016-04-13","2016-04-13","NEON.DOC.000481vG",,
"35565a83-730a-40ca-9c85-063b44c080cf","FA255F056AA34E6C8E047933BEF82F0F","GUAN_007.mammalGrid.mam","D04","GUAN","GUAN_007","2016-04-13","2016-04-13","NEON.DOC.000481vG",,
"c2ff4ec0-3efd-4474-971f-3b58d0d6d546","29B86533F3644B5195866703BDF80A04","GUAN_025.mammalGrid.mam","D04","GUAN","GUAN_025","2016-04-13","2016-04-13","NEON.DOC.000481vG","No Captures in this plot",
"da665377-994b-4d0c-a85d-8ae67068ab0a","DCD0F8CA0E6B4961904127C5B1A26131","GUAN_003.mammalGrid.mam","D04","GUAN","GUAN_003","2016-04-14","2016-04-14","NEON.DOC.000481vG",,
"087320cf-ddc5-44b7-957b-0cccb394f458","694ADD04680A40E2A6980E3B20930BC2","GUAN_007.mammalGrid.mam","D04","GUAN","GUAN_007","2016-04-14","2016-04-14","NEON.DOC.000481vG",,
"129de084-4fc1-4880-9702-0388cff501d1","EF0F2318887B4A71A493E663BB707629","GUAN_025.mammalGrid.mam","D04","GUAN","GUAN_025","2016-04-14","2016-04-14","NEON.DOC.000481vG","No captures in this plot.",
"3e882a78-71c3-479b-b9d2-486e08a7fb19","6CC4C9D326D44E1C8BF1E59A6F1C39A4","GUAN_004.mammalGrid.mam","D04","GUAN","GUAN_004","2016-04-15","2016-04-15","NEON.DOC.000481vG",,
"11002ca5-4a8c-4df6-86f3-1a13db5c771c","767E14FE26E24C55B2D735E27EB7390C","GUAN_007.mammalGrid.mam","D04","GUAN","GUAN_007","2016-04-15","2016-04-15","NEON.DOC.000481vG",,
"57c417c8-7ec5-4b85-9e2c-45cb93f8544a","A01412C3D7644CDA9032D96FD7BF6234","GUAN_002.mammalGrid.mam","D04","GUAN","GUAN_002","2016-04-15","2016-04-15","NEON.DOC.000481vG",,
