uid,nightuid,namedLocation,domainID,siteID,plotID,collectDate,endDate,samplingProtocolVersion,remarks,dataQF
"3a72a9c7-cc5b-406d-b78c-b3ff32b93767","7fe090be-74d1-4f55-b1f6-0d166f2fc741","CPER_015.mammalGrid.mam","D10","CPER","CPER_015","2018-09-01","2018-09-01","NEON.DOC.000481vK",,
"fac71841-289d-47e2-9d17-88e24d5487e1","577b6e58-6842-48ef-a868-d9a951335992","CPER_011.mammalGrid.mam","D10","CPER","CPER_011","2018-09-01","2018-09-01","NEON.DOC.000481vK",,
"f6f72fd0-07a6-496b-8cba-fb30ac7077b7","b7b69522-831c-4a43-9478-0a7ee2d10c5b","CPER_008.mammalGrid.mam","D10","CPER","CPER_008","2018-09-01","2018-09-01","NEON.DOC.000481vK",,
"7d95386c-b538-4cd7-901e-468ad26155ac","9e344ace-1cab-4766-b148-5e9698cefd24","CPER_005.mammalGrid.mam","D10","CPER","CPER_005","2018-09-01","2018-09-01","NEON.DOC.000481vK",,
"deec0410-7564-4b84-9b12-35d880e3bfae","b9022c7f-d646-4612-a161-78e1f4f76fe8","CPER_002.mammalGrid.mam","D10","CPER","CPER_002","2018-09-01","2018-09-01","NEON.DOC.000481vK",,
"943d8449-8d79-455e-9459-86a989308f87","15cb5f73-8e14-45d6-b3e5-f408985a1762","CPER_005.mammalGrid.mam","D10","CPER","CPER_005","2018-09-02","2018-09-02","NEON.DOC.000481vK",,
"7e2cd360-332e-4b5b-a959-b100a993a1ef","0454d12c-3b38-43f1-b45b-e1a53d731fc4","CPER_006.mammalGrid.mam","D10","CPER","CPER_006","2018-09-02","2018-09-02","NEON.DOC.000481vK",,
"753ddc48-c564-4472-a18d-d0dd90ff25fe","a3afcdd8-5fe2-45d4-bf22-30c013d6cb40","CPER_009.mammalGrid.mam","D10","CPER","CPER_009","2018-09-02","2018-09-02","NEON.DOC.000481vK",,
"9cadbad8-1185-4263-a8fa-9a019ce3de9d","97a101ef-bbd9-4955-b6cd-8099b15460b0","CPER_011.mammalGrid.mam","D10","CPER","CPER_011","2018-09-02","2018-09-02","NEON.DOC.000481vK",,
"2d83f011-6596-42c8-bde6-1b8db31ba89b","a16d5de0-5468-4ebf-ae65-08dae697a6d6","CPER_015.mammalGrid.mam","D10","CPER","CPER_015","2018-09-02","2018-09-02","NEON.DOC.000481vK",,
