uid,nightuid,namedLocation,domainID,siteID,plotID,collectDate,endDate,samplingProtocolVersion,remarks,dataQF
"5e2c8b94-610e-4c8f-b3ba-df1475670722","efc0009d-bd7b-4878-a09c-fc420fa4e86c","ABBY_023.mammalGrid.mam","D16","ABBY","ABBY_023","2017-04-18","2017-04-18",,"98 traps set. E10 not set plus one other missed.",
"6755651b-7639-40e4-887e-deba4cb55b6b","5cad8ace-1672-4c69-8d21-14ff9d854eba","ABBY_011.mammalGrid.mam","D16","ABBY","ABBY_011","2017-04-18","2017-04-18","NEON.DOC.000481vG","E8 not set due to slash pile",
"735fd813-ade2-48d0-af88-8776d180e906","28b43369-3455-4025-b80d-571e0d6cdaf0","ABBY_010.mammalGrid.mam","D16","ABBY","ABBY_010","2017-04-20","2017-04-20","NEON.DOC.000481vG","All set",
"5da5fbd6-93e6-4459-8be7-c2f9d6290913","835e6a73-185b-43b9-b412-8124ea785efa","ABBY_010.mammalGrid.mam","D16","ABBY","ABBY_010","2017-04-21","2017-04-21","NEON.DOC.000481vG","All set",
"6889d2b6-26d3-4857-8747-dd5eb31fa712","83c8731d-207a-4f9f-9551-f8ad90a064e8","ABBY_007.mammalGrid.mam","D16","ABBY","ABBY_007","2017-04-21","2017-04-21","NEON.DOC.000481vG",,
"f5c1cc5b-f24d-4ac5-b350-5f1a5f667725","48a6509b-96aa-42b2-b326-245f01c3f5d0","ABBY_010.mammalGrid.mam","D16","ABBY","ABBY_010","2017-04-22","2017-04-22","NEON.DOC.000481vJ","Set on 20170421; collected on 20170422",
"58c0c2fc-5269-48a6-89ac-c2c077bfcea6","dea1cc79-172e-4673-bea7-b1a0095ef2b0","ABBY_003.mammalGrid.mam","D16","ABBY","ABBY_003","2017-04-22","2017-04-22","NEON.DOC.000481vJ","set on 20170421; collected on 20170422",
"136ce289-60f6-4c7f-9bb3-8e2c4844ed9a","aa35f1c7-24ab-4fa5-b132-5b3c5fe79942","ABBY_002.mammalGrid.mam","D16","ABBY","ABBY_002","2017-04-23","2017-04-23",,,
"f5a2f6f6-a97b-4654-b244-4630e07930fe","949c1908-806b-41a2-a36a-c7adbba7dc0f","ABBY_014.mammalGrid.mam","D16","ABBY","ABBY_014","2017-04-24","2017-04-24",,"99 traps set",
"46e03120-a92f-4175-8fc1-bbd94165ae53","12fe6c32-1649-4f66-9540-ee7dd3089352","ABBY_002.mammalGrid.mam","D16","ABBY","ABBY_002","2017-04-24","2017-04-24",,"5 Traps reset",
