uid,nightuid,namedLocation,domainID,siteID,plotID,collectDate,endDate,samplingProtocolVersion,remarks,dataQF
"734c7ef8-49f1-43ea-b7ab-200c9694614c","389147AA6A204B7DA8269DABE84134CA","KONZ_027.mammalGrid.mam","D06","KONZ","KONZ_027","2015-08-11","2015-08-11",,,
"d1119115-2623-45e0-be9b-4b400fa70ad2","AC4391D2F1ED4132BE2E8EE12D5F7900","KONZ_006.mammalGrid.mam","D06","KONZ","KONZ_006","2015-08-11","2015-08-11",,,
"084c2b86-bd00-439e-b123-e3e4aba76001","EC0DBD6B04574273AB8C0E0537440179","KONZ_008.mammalGrid.mam","D06","KONZ","KONZ_008","2015-08-11","2015-08-11",,,
"91c04486-c266-470f-908a-226b73d34602","31478C77EB76409B873F6157C03CA088","KONZ_008.mammalGrid.mam","D06","KONZ","KONZ_008","2015-08-12","2015-08-12",,,
"ae405f65-f54e-416e-87be-0517f765b99d","21993BFF1DF04B2D874AB42B021897B1","KONZ_006.mammalGrid.mam","D06","KONZ","KONZ_006","2015-08-12","2015-08-12",,,
"4e290c1e-771e-499f-adc6-65f5bf76ee62","A8468F04160D452BB571DA63D3D150FE","KONZ_027.mammalGrid.mam","D06","KONZ","KONZ_027","2015-08-12","2015-08-12",,,
"7a2fe105-d2f3-49ce-8aa3-fc7bf3d7e5a0","FC40643905F74FBE8F05DCDE5634111F","KONZ_006.mammalGrid.mam","D06","KONZ","KONZ_006","2015-08-13","2015-08-13",,,
"93e94c24-de53-4846-b139-b3fd7384dde4","7247A3DCB0A24931A564F3C35BAFCAE1","KONZ_008.mammalGrid.mam","D06","KONZ","KONZ_008","2015-08-13","2015-08-13",,,
"07d146cf-5616-4861-97cf-89500f4154c2","74F5AA1186284C738CF49E9CD0FC69EF","KONZ_027.mammalGrid.mam","D06","KONZ","KONZ_027","2015-08-13","2015-08-13",,,
"d390ea6d-07c2-4aa1-b59a-a2e45bfdb5a5","81EFF804A60F4310B3F8DA64F13120B2","KONZ_005.mammalGrid.mam","D06","KONZ","KONZ_005","2015-08-14","2015-08-14",,,
"51416b09-5f24-4c01-933e-ea79d71f8551","B1FF50D044734A97AAEE1514D95F5A80","KONZ_003.mammalGrid.mam","D06","KONZ","KONZ_003","2015-08-14","2015-08-14",,,
"95edc593-0396-4f1a-9923-4adac11a54f6","51B02AD12A884F909566BD86DAD44BF6","KONZ_001.mammalGrid.mam","D06","KONZ","KONZ_001","2015-08-14","2015-08-14",,,
"e0d08897-658f-4fc0-b6cc-83349ffa687f","BDAE0E22980F4B3EB1710F77DEE0EEDB","KONZ_002.mammalGrid.mam","D06","KONZ","KONZ_002","2015-08-15","2015-08-15",,,
"1cd8e368-a2e7-4dc4-8c1c-557fec98b7f4","1775A0BBD1F842C99282700F8C4BA83D","KONZ_029.mammalGrid.mam","D06","KONZ","KONZ_029","2015-08-15","2015-08-15",,,
