uid,nightuid,namedLocation,domainID,siteID,plotID,collectDate,endDate,samplingProtocolVersion,remarks,dataQF
"08631492-15ae-4df1-99f2-eee669e93151","5f76eb33-8553-45dc-a5a2-a966ddc2b191","TALL_012.mammalGrid.mam","D08","TALL","TALL_012","2018-08-14","2018-08-14","NEON.DOC.000481vK",,
"5ca7660c-5ea5-4158-80e7-d71985f5e930","c918e0e3-fc5b-44c5-9fac-292c1858eeba","TALL_010.mammalGrid.mam","D08","TALL","TALL_010","2018-08-14","2018-08-14","NEON.DOC.000481vK",,
"388b4cf8-e7ef-4713-a51d-8ec5bd3ab5b8","b32d8898-f9e4-4f3b-9586-b40ff6f0f795","TALL_015.mammalGrid.mam","D08","TALL","TALL_015","2018-08-14","2018-08-14","NEON.DOC.000481vK",,
"a9cb8355-3a6e-4b56-863d-648df5fda392","47137557-df34-465f-9978-19e0bc2fdbb4","TALL_024.mammalGrid.mam","D08","TALL","TALL_024","2018-08-14","2018-08-14","NEON.DOC.000481vK",,
"62c0df92-4b8c-40dd-a645-b0bf98cedc9c","a7393d3e-0caf-46f2-a430-e2fa27e0eb9b","TALL_015.mammalGrid.mam","D08","TALL","TALL_015","2018-08-15","2018-08-15","NEON.DOC.000481vK",,
"e3b6b7f0-ea31-4e10-a4fe-394c24b0a371","d73b4fa4-672c-41dc-bbbf-f547d21aa706","TALL_012.mammalGrid.mam","D08","TALL","TALL_012","2018-08-15","2018-08-15","NEON.DOC.000481vK",,
"6a128f80-600c-427d-bc28-278650e0b674","ac8f9cc0-7e30-4180-b376-80cfa82569fb","TALL_010.mammalGrid.mam","D08","TALL","TALL_010","2018-08-15","2018-08-15","NEON.DOC.000481vK",,
"02327db0-3623-4f83-8868-bd5337d20c10","d2f15597-251d-4346-9334-1c09632dcd5c","TALL_024.mammalGrid.mam","D08","TALL","TALL_024","2018-08-15","2018-08-15","NEON.DOC.000481vK",,
"2ac8356e-89a8-473a-9970-fea093a22abb","6d90684e-fb99-4caa-83c8-7d50b64a3049","TALL_024.mammalGrid.mam","D08","TALL","TALL_024","2018-08-16","2018-08-16","NEON.DOC.000481vK",,
"f10afa8d-bf7d-4781-9676-9ec0a888d5e3","0e0766b0-e4aa-4868-8aba-ab7f1a75c13c","TALL_010.mammalGrid.mam","D08","TALL","TALL_010","2018-08-16","2018-08-16","NEON.DOC.000481vK",,
"c5c9fb53-96ef-4f21-9a10-53189be5ceb1","2dec954a-1742-4ad1-8d1c-bfee4c64fb8f","TALL_012.mammalGrid.mam","D08","TALL","TALL_012","2018-08-16","2018-08-16","NEON.DOC.000481vK",,
"43c35edf-1079-4cdb-83c6-cd5906d78351","c71b6db2-1775-4bcf-9ec8-81c1a5464af5","TALL_015.mammalGrid.mam","D08","TALL","TALL_015","2018-08-16","2018-08-16","NEON.DOC.000481vK",,
"b27519de-2c53-4dfa-ba30-bfa5ab16716b","e1e94661-40fa-464b-86c4-b51f77005d50","TALL_005.mammalGrid.mam","D08","TALL","TALL_005","2018-08-17","2018-08-17","NEON.DOC.000481vK",,
"23eaf77a-dc3b-4f67-9bc6-5391d8488409","ca272d29-e343-4664-a1d8-9e32e56aeb4a","TALL_006.mammalGrid.mam","D08","TALL","TALL_006","2018-08-17","2018-08-17","NEON.DOC.000481vK",,
"8cf56049-d6e6-4b5d-bd4a-999d466285e9","55e326bc-2390-45b7-be07-7929efae7d9d","TALL_013.mammalGrid.mam","D08","TALL","TALL_013","2018-08-17","2018-08-17","NEON.DOC.000481vK",,
"bc6032e1-d9e7-4d4f-97d5-992d9ad5f884","42b28ce1-0c1b-4dfe-9ebc-25b764f5cdcc","TALL_031.mammalGrid.mam","D08","TALL","TALL_031","2018-08-17","2018-08-17","NEON.DOC.000481vK",,
