uid,nightuid,namedLocation,domainID,siteID,plotID,collectDate,endDate,samplingProtocolVersion,remarks,dataQF
"218d6426-dd0e-4073-a5f6-3cd99c398666","4a16bd33-7c6b-4cf8-a164-eca0d27abdd9","DCFS_006.mammalGrid.mam","D09","DCFS","DCFS_006","2018-05-08","2018-05-08","NEON.DOC.000481vK",,
"109a796a-2615-45ee-8d76-8ee70c4875ae","cb9ba6cc-6a20-4d98-9187-5c1ec737db3f","DCFS_014.mammalGrid.mam","D09","DCFS","DCFS_014","2018-05-08","2018-05-08","NEON.DOC.000481vK",,
"b6cf2e25-0947-40aa-97c5-a898ddae36ed","4bdc3024-40e6-4af7-9205-7f54c5dca5f8","DCFS_014.mammalGrid.mam","D09","DCFS","DCFS_014","2018-05-09","2018-05-09","NEON.DOC.000481vK",,
"b90adeec-fee1-4d48-813b-60b13960a4cf","a377c795-b5ea-4b1d-b9e9-d796bc0d0d06","DCFS_003.mammalGrid.mam","D09","DCFS","DCFS_003","2018-05-09","2018-05-09","NEON.DOC.000481vK","Traps J5 J6 J7 not set due to water",
"77e045c2-9126-492b-8bf8-bf7a3f104d13","87037f27-2833-4bd3-af91-1c84bc040b32","DCFS_006.mammalGrid.mam","D09","DCFS","DCFS_006","2018-05-09","2018-05-09","NEON.DOC.000481vK",,
"ef8b0c72-8fb7-4f1e-9833-d1bd3d533ca5","f57b697d-532f-4b42-8eff-ba56b3cfd2e2","DCFS_014.mammalGrid.mam","D09","DCFS","DCFS_014","2018-05-10","2018-05-10","NEON.DOC.000481vK",,
"1de1dd1e-9a57-47ee-abb2-7357536b5a25","0b7e180a-baff-44a6-a47e-60dca63c17ac","DCFS_006.mammalGrid.mam","D09","DCFS","DCFS_006","2018-05-10","2018-05-10","NEON.DOC.000481vK","I01 not set due to water.",
"c8a3474f-3c9e-4a5c-abe8-557ef11c701c","64627881-a459-4ded-86e5-278e33baf4c0","DCFS_003.mammalGrid.mam","D09","DCFS","DCFS_003","2018-05-10","2018-05-10","NEON.DOC.000481vK","I05 I06 J05 J06 J07 J10 not set due to water.",
"e14d5f6e-edbb-4416-b068-694ef9f578fa","66deb44f-c4eb-4bed-a296-d9bc9f455a80","DCFS_009.mammalGrid.mam","D09","DCFS","DCFS_009","2018-05-11","2018-05-11","NEON.DOC.000481vK","A10 B09 B10 not set due to water.",
"80b661a3-a0d7-44ab-9d43-71cebca7e16e","42ca27bd-f20c-4b3d-a6df-b3967b9e997d","DCFS_020.mammalGrid.mam","D09","DCFS","DCFS_020","2018-05-11","2018-05-11","NEON.DOC.000481vK",,
"ab775b94-8639-4e40-a7e3-104005db7814","b18cd39e-a5a0-467f-b1ab-e3c03a1a9ddd","DCFS_003.mammalGrid.mam","D09","DCFS","DCFS_003","2018-05-11","2018-05-11","NEON.DOC.000481vK","I05 I06 J05 J06 J07 J10 not set due to water.",
"1374ac60-b391-4179-8ff1-9837bc68d657","6d4105da-5ffa-4661-a808-f0e683bb4bb8","DCFS_004.mammalGrid.mam","D09","DCFS","DCFS_004","2018-05-11","2018-05-11","NEON.DOC.000481vK",,
