uid,nightuid,namedLocation,domainID,siteID,plotID,collectDate,endDate,samplingProtocolVersion,remarks,dataQF
"ab8b19f7-96bd-4238-a75f-39595771673f","f487065e-7ea5-4beb-a422-34b70e532097","BART_015.mammalGrid.mam","D01","BART","BART_015","2018-09-11","2018-09-11","NEON.DOC.000481vK",,
"b55eac67-478f-4d16-b844-ca6770e5804e","4a169d9f-0763-4304-8d6a-9e805137f187","BART_062.mammalGrid.mam","D01","BART","BART_062","2018-09-11","2018-09-11","NEON.DOC.000481vK",,
"1a1daf79-386d-48ec-8f6c-7e4f6e62532b","16ce2d59-b063-4f0b-99d8-b020e1a7f25f","BART_012.mammalGrid.mam","D01","BART","BART_012","2018-09-11","2018-09-11","NEON.DOC.000481vK",,
"472465b5-6798-448a-9218-b079e662a17c","9eb33ad4-d1f9-4669-9423-660ad4f368cc","BART_001.mammalGrid.mam","D01","BART","BART_001","2018-09-12","2018-09-12","NEON.DOC.000481vK",,
"57ea5ef8-7f71-45aa-b78a-9960ae235799","9411fa2a-ac2c-4602-92e1-73cec714a9cd","BART_007.mammalGrid.mam","D01","BART","BART_007","2018-09-12","2018-09-12","NEON.DOC.000481vK",,
"1c215be3-0f07-4386-ad90-224240cd3328","4cfb7979-100c-43f3-8e1a-341e4c294d96","BART_084.mammalGrid.mam","D01","BART","BART_084","2018-09-12","2018-09-12","NEON.DOC.000481vK",,
