uid,nightuid,namedLocation,domainID,siteID,plotID,collectDate,endDate,samplingProtocolVersion,remarks,dataQF
"24cc6021-c963-480f-8b21-b84ae5837d9b","a169e411-2a5b-4cb9-a5a4-c30664b0f372","ORNL_002.mammalGrid.mam","D07","ORNL","ORNL_002","2017-10-17","2017-10-17","NEON.DOC.000481vJ",,
"2ab81141-ef6a-4e3f-b2a9-f4830b3c917b","17cf884e-7752-48c1-8395-befa7763f314","ORNL_039.mammalGrid.mam","D07","ORNL","ORNL_039","2017-10-17","2017-10-17","NEON.DOC.000481vJ",,
"7be42818-2b31-42bb-a639-972802bf92b5","b1cc34bc-799e-46c0-906c-2a29558662ff","ORNL_003.mammalGrid.mam","D07","ORNL","ORNL_003","2017-10-17","2017-10-17","NEON.DOC.000481vJ",,
"92a3408d-c5ad-4403-ae5c-ca47c0184f5c","bf34a7ac-a897-4d16-a1bb-4d462d3cd07e","ORNL_001.mammalGrid.mam","D07","ORNL","ORNL_001","2017-10-17","2017-10-17","NEON.DOC.000481vJ",,
"ef1c50e3-74ee-4268-a510-ddb3e8ed2562","4a998a26-cfec-4892-a857-8c639180da43","ORNL_027.mammalGrid.mam","D07","ORNL","ORNL_027","2017-10-18","2017-10-18","NEON.DOC.000481vJ",,
"18b3ccd9-98e7-4989-bda8-9b9d8d5a17ba","309676c4-7e23-46a7-a95c-3cc93e5cd057","ORNL_001.mammalGrid.mam","D07","ORNL","ORNL_001","2017-10-18","2017-10-18","NEON.DOC.000481vJ",,
"e2fcae35-1ff8-4355-9727-e9b2d77458a1","88489618-000a-490c-a627-267c52a58fd7","ORNL_002.mammalGrid.mam","D07","ORNL","ORNL_002","2017-10-18","2017-10-18","NEON.DOC.000481vJ",,
"0b23b620-0fff-4592-8859-d64a2ef8ccbb","e80c6fe8-0f2a-43cf-b513-ba3c971004a9","ORNL_003.mammalGrid.mam","D07","ORNL","ORNL_003","2017-10-18","2017-10-18","NEON.DOC.000481vJ",,
"cd563d1d-53c2-4552-995f-213da66472da","f487adb1-f6ee-4415-9c7b-b2294d9247ae","ORNL_007.mammalGrid.mam","D07","ORNL","ORNL_007","2017-10-19","2017-10-19","NEON.DOC.000481vH",,
"84975985-94f7-4851-80fe-b6b8e06a7460","8cb32350-5665-4c0a-8476-178a23d473c6","ORNL_002.mammalGrid.mam","D07","ORNL","ORNL_002","2017-10-19","2017-10-19","NEON.DOC.000481vJ",,
"e32a39b0-8d2d-4b85-ac4f-348fbddef3f4","effaf9d0-2bf0-4832-928f-64be69991fd6","ORNL_001.mammalGrid.mam","D07","ORNL","ORNL_001","2017-10-19","2017-10-19","NEON.DOC.000481vH",,
"1aed400f-e39c-4a9d-897a-b543c27f38eb","dc270ed5-9fbb-41d7-9db6-0812c5a9cf46","ORNL_003.mammalGrid.mam","D07","ORNL","ORNL_003","2017-10-19","2017-10-19","NEON.DOC.000481vJ",,
