uid,nightuid,namedLocation,domainID,siteID,plotID,collectDate,endDate,samplingProtocolVersion,remarks,dataQF
"939b26b3-b914-4a54-ae4a-8d6168befefe","6D23C34C1CBB47D89A914763C2D70B33","HARV_021.mammalGrid.mam","D01","HARV","HARV_021","2013-08-05","2013-08-05",,,
"490ef99c-ae56-4e00-8819-0921f0d81056","B8A14750057341A2831AFD8DCCF33DA5","HARV_008.mammalGrid.mam","D01","HARV","HARV_008","2013-08-05","2013-08-05",,,
"33710bbe-d6c4-421e-bcfe-f451e6f2a0f1","315391DDF69F487BAA26385EF49327F6","HARV_008.mammalGrid.mam","D01","HARV","HARV_008","2013-08-06","2013-08-06",,,
"ae97ce9c-281d-4ccd-a7cd-20f801e2d3a9","CBC90AD069AB4ABAAFEBDC879C23C2F0","HARV_021.mammalGrid.mam","D01","HARV","HARV_021","2013-08-06","2013-08-06",,,
"045970ed-f486-4ec4-9768-2b1727056517","D353FDA32A69488688C8D65E8C1C9FE6","HARV_008.mammalGrid.mam","D01","HARV","HARV_008","2013-08-07","2013-08-07",,,
"8a9dd42c-0c42-4f5f-a718-f9a327fe7c27","9DDF5432B1E34621873CA7C452A289DE","HARV_021.mammalGrid.mam","D01","HARV","HARV_021","2013-08-07","2013-08-07",,,
"2bdde09d-438e-485f-84a1-4448d02fe88a","02CD78CBC78640FCA250558E8163EEAA","HARV_032.mammalGrid.mam","D01","HARV","HARV_032","2013-08-07","2013-08-07",,"traps not set; no data sheets from field; osmith email address only entered to enable functionality of data recorder",
"7faee72a-6dfb-4ac4-b061-53e70329a8e2","172DCAD6D95F49AB8748DA0D1B8E42CA","HARV_006.mammalGrid.mam","D01","HARV","HARV_006","2013-08-08","2013-08-08",,,
"6f4757d0-8215-4dec-b02f-09d36fff4ab5","ED625D24E5FE47338431CB15B8D0C0D8","HARV_001.mammalGrid.mam","D01","HARV","HARV_001","2013-08-08","2013-08-08",,,
"8be5500a-2a0b-420b-a244-0b2aad791146","EDF116B52EA74DA68B598F3E5225F902","HARV_023.mammalGrid.mam","D01","HARV","HARV_023","2013-08-08","2013-08-08",,,
"71fa982f-82ef-4be8-b6b0-67d412189cd0","167A622D09B14BABA1EB48AE5BAE86D8","HARV_023.mammalGrid.mam","D01","HARV","HARV_023","2013-08-09","2013-08-09",,,
"d7e8b615-f090-429f-a0bb-69409f72fd6d","4BBA0F6C35944123959E53DEE127B2CE","HARV_001.mammalGrid.mam","D01","HARV","HARV_001","2013-08-09","2013-08-09",,,
"5b02251e-7cf0-4df6-a7d4-7342b2e4ec80","077E6768A6E44C69899C12DC3B59C701","HARV_006.mammalGrid.mam","D01","HARV","HARV_006","2013-08-09","2013-08-09",,,
"f87f81ec-8920-4c8f-a34f-887f931d1560","5596DCB693634CAB94578A86A3936D26","HARV_023.mammalGrid.mam","D01","HARV","HARV_023","2013-08-09","2013-08-09",,,
"e665630a-75f5-4bf3-9040-8499defcddcf","978DCB399AE944ED9CFA6DF33D5CC504","HARV_023.mammalGrid.mam","D01","HARV","HARV_023","2013-08-10","2013-08-10",,,
"12696794-ce3d-4ed6-8917-825b2db78956","A96C8555C8554FC59C593354E02067CB","HARV_001.mammalGrid.mam","D01","HARV","HARV_001","2013-08-10","2013-08-10",,,
"5141acbc-f525-4c27-841d-270b74735a66","F9B7AB7BEE144F81A9E5C13030F43972","HARV_006.mammalGrid.mam","D01","HARV","HARV_006","2013-08-10","2013-08-10",,,
