uid,nightuid,namedLocation,domainID,siteID,plotID,collectDate,endDate,samplingProtocolVersion,remarks,dataQF
"ebd1fa94-62c0-45cf-a5de-42b8cda7cce2","7a5c59d5-d997-47ce-acf8-b558c099de5d","CPER_015.mammalGrid.mam","D10","CPER","CPER_015","2018-08-02","2018-08-02","NEON.DOC.000481vK",,
"8314c164-5256-4bbf-97eb-29fc67e790c4","aac880aa-746d-4e6d-9dfb-04bfb26eee21","CPER_011.mammalGrid.mam","D10","CPER","CPER_011","2018-08-02","2018-08-02","NEON.DOC.000481vK",,
"96577565-ccd6-4b51-8f9a-51742be29875","3a699a45-14b9-4b4c-bc7c-962a395a41d4","CPER_005.mammalGrid.mam","D10","CPER","CPER_005","2018-08-02","2018-08-02","NEON.DOC.000481vK",,
"3572640b-ed2d-49f8-8532-ccbff2d19fe3","237fabe0-5e04-4961-a8c5-ebd07eb84be5","CPER_004.mammalGrid.mam","D10","CPER","CPER_004","2018-08-02","2018-08-02","NEON.DOC.000481vK",,
"6498b7b4-10bc-43ba-82c8-46a87bd468b3","ef723460-df4f-4238-9129-c754129f37f9","CPER_011.mammalGrid.mam","D10","CPER","CPER_011","2018-08-03","2018-08-03","NEON.DOC.000481vK",,
"17d7cd6e-c4e6-4911-bba3-05a07a238282","303a6771-3346-4499-80e3-376c518c6ab2","CPER_008.mammalGrid.mam","D10","CPER","CPER_008","2018-08-03","2018-08-03","NEON.DOC.000481vK",,
"985ca7a0-dcf6-4fb7-9d0a-22618164bdb6","d853c51e-2c3b-4d48-863c-dc9577bc9234","CPER_002.mammalGrid.mam","D10","CPER","CPER_002","2018-08-03","2018-08-03","NEON.DOC.000481vK",,
"f2d180b7-b1da-4605-bbb0-90f0dc46ba80","65fcb863-7925-442e-97c5-64a86f328614","CPER_005.mammalGrid.mam","D10","CPER","CPER_005","2018-08-03","2018-08-03","NEON.DOC.000481vK",,
"1ee46d39-6fba-4e80-b2b9-3c85d9db714a","a5a13462-6df4-4853-9fbe-3510e7039304","CPER_015.mammalGrid.mam","D10","CPER","CPER_015","2018-08-03","2018-08-03","NEON.DOC.000481vK",,
"cfcae48f-3b96-4ada-93ec-c8744fe37cc9","4bfafad6-cf28-4a34-ada0-f4fa7562e267","CPER_009.mammalGrid.mam","D10","CPER","CPER_009","2018-08-04","2018-08-04","NEON.DOC.000481vK",,
"f67d597a-1add-43e7-870b-f84a06862754","a5ef36d7-2bb1-4290-8e87-20920fbf025d","CPER_015.mammalGrid.mam","D10","CPER","CPER_015","2018-08-04","2018-08-04","NEON.DOC.000481vK",,
"6aeb56dd-b8dc-447f-b8e5-4ad8ff6ae8d0","72a190d9-c623-48b3-bf20-499ebc94891f","CPER_011.mammalGrid.mam","D10","CPER","CPER_011","2018-08-04","2018-08-04","NEON.DOC.000481vK",,
"fb3a2cf8-8390-48d2-a690-9c54839a4481","076fbd2b-36be-41c5-9239-8bbb96a7271a","CPER_005.mammalGrid.mam","D10","CPER","CPER_005","2018-08-04","2018-08-04","NEON.DOC.000481vK",,
"a5e5b007-cd25-4c57-ade3-a62cbdd4918a","f19ceafb-e6a1-47d7-978f-4fb4c841fb03","CPER_006.mammalGrid.mam","D10","CPER","CPER_006","2018-08-04","2018-08-04","NEON.DOC.000481vK",,
"1985e8df-857c-4b26-92c4-e8aafa70dbcb","586495b4-86a9-4ca7-9c5b-2648e95c854b","CPER_015.mammalGrid.mam","D10","CPER","CPER_015","2018-08-31","2018-08-31","NEON.DOC.000481vK",,
"c5553861-29e9-409c-94bd-525e929b09d5","3adb6a73-c9fb-46c0-b9e1-3e728cdb3df0","CPER_004.mammalGrid.mam","D10","CPER","CPER_004","2018-08-31","2018-08-31","NEON.DOC.000481vK",,
"abcf5a95-112e-40ba-bcd2-847e80f14db4","1590986b-b407-4b4a-a244-d4f91deddc10","CPER_011.mammalGrid.mam","D10","CPER","CPER_011","2018-08-31","2018-08-31","NEON.DOC.000481vK",,
"514904d5-04f5-4ad9-91fd-eaf4f119d939","fb12c3bd-6c78-4efa-9dd8-821c79b9df69","CPER_005.mammalGrid.mam","D10","CPER","CPER_005","2018-08-31","2018-08-31","NEON.DOC.000481vK",,
