uid,nightuid,namedLocation,domainID,siteID,plotID,collectDate,endDate,samplingProtocolVersion,remarks,dataQF
"9e349d05-24c8-424e-bc29-fd27062a1752","CBE0C149DD654DF39E2573079458F3D7","SCBI_008.mammalGrid.mam","D02","SCBI","SCBI_008","2014-05-30","2014-05-30",,"Light precipitation, heavy fog during processing. Rain overnight",
"1d5b0102-e090-4a98-a884-49697b4b7e61","1F4FAD7BA4BE417687D495B1B05908B3","SCBI_035.mammalGrid.mam","D02","SCBI","SCBI_035","2014-05-30","2014-05-30",,"Rain overnight, many ants near/in traps",
"031d9501-5f61-4b12-ada4-5953219bdf0b","D54EA877F02D47F2A28C613B519B76E4","SCBI_039.mammalGrid.mam","D02","SCBI","SCBI_039","2014-05-30","2014-05-30",,"Light precipitation, heavy fog during processing. Rain overnight",
"6bc2d6e9-cb50-4f79-9bd0-bf664ba8b16c","9CD9F054B59B4DA49EAC40CA673F3F67","SCBI_008.mammalGrid.mam","D02","SCBI","SCBI_008","2014-05-31","2014-05-31",,,
"58ecd0b1-a10c-4aef-ada4-5149961cdadb","9B5D4689E2464926AA514B4EFA9B3F20","SCBI_035.mammalGrid.mam","D02","SCBI","SCBI_035","2014-05-31","2014-05-31",,,
"abfa2391-c68e-449b-a308-6c82a84c8141","855A099CAA124157AF1311A48F96A7F5","SCBI_039.mammalGrid.mam","D02","SCBI","SCBI_039","2014-05-31","2014-05-31",,,
