uid,nightuid,namedLocation,domainID,siteID,plotID,collectDate,endDate,samplingProtocolVersion,remarks,dataQF
"c70009e2-6bcc-470e-8d61-e5d25c00b016","457c50a2-f8c8-4c89-b540-92ecaa70f3af","JERC_005.mammalGrid.mam","D03","JERC","JERC_005","2018-09-11","2018-09-11","NEON.DOC.000481vK",,
"740be826-b507-4017-81d3-65fd49e11753","f40d5608-58ac-40f0-8c6c-6ec5de026298","JERC_003.mammalGrid.mam","D03","JERC","JERC_003","2018-09-11","2018-09-11","NEON.DOC.000481vK",,
"7941594d-1d6a-457e-a0b1-02fb5bf5c7d8","26081d4b-3583-44be-8319-a1d9bea1ed8f","JERC_002.mammalGrid.mam","D03","JERC","JERC_002","2018-09-11","2018-09-11","NEON.DOC.000481vK",,
"90f8cc41-931d-480b-bea5-962399e722e5","7b21f8d1-40bd-4289-b943-11fcebd6831a","JERC_009.mammalGrid.mam","D03","JERC","JERC_009","2018-09-11","2018-09-11","NEON.DOC.000481vK",,
"b15773fb-ff9f-4594-a6ff-2c390ef63f7e","04933d29-e7b4-44d5-b1a6-3fc7cabce2b6","JERC_009.mammalGrid.mam","D03","JERC","JERC_009","2018-09-12","2018-09-12","NEON.DOC.000481vK",,
"33ca30cc-59d1-40a8-9867-151a2c459241","ab1f2ff7-94bd-4116-b03e-48926d4a1053","JERC_005.mammalGrid.mam","D03","JERC","JERC_005","2018-09-12","2018-09-12","NEON.DOC.000481vK",,
"2b09b20a-61d3-40af-84c2-bdd67520730f","fceff5f5-7cf6-4238-b77b-a58ada6092c3","JERC_006.mammalGrid.mam","D03","JERC","JERC_006","2018-09-12","2018-09-12","NEON.DOC.000481vK",,
"8161b9ab-6eb8-417b-b2bb-bd3dfad37196","a51bae16-e194-42e3-a093-f929cac665d3","JERC_003.mammalGrid.mam","D03","JERC","JERC_003","2018-09-12","2018-09-12","NEON.DOC.000481vK",,
"405f7e7d-ba4c-4f93-8215-93d016f19b94","19704153-5670-4311-b09b-c52f46ef1501","JERC_009.mammalGrid.mam","D03","JERC","JERC_009","2018-09-13","2018-09-13","NEON.DOC.000481vK",,
"f17dcb56-8fee-4609-936f-3584293accf5","d6b5fd63-db5f-4049-aad5-d8d4634d66d9","JERC_003.mammalGrid.mam","D03","JERC","JERC_003","2018-09-13","2018-09-13","NEON.DOC.000481vK",,
"9b253bae-c9c8-463d-af4a-90d365f51102","94a62c0d-1646-4ca2-9efe-652480494c9c","JERC_019.mammalGrid.mam","D03","JERC","JERC_019","2018-09-13","2018-09-13","NEON.DOC.000481vK",,
"0e2227f0-6d4a-4814-971a-6af0f6a4607d","00672f93-42cf-43dd-b04b-759fb02f3e8f","JERC_005.mammalGrid.mam","D03","JERC","JERC_005","2018-09-13","2018-09-13","NEON.DOC.000481vK",,
