uid,nightuid,namedLocation,domainID,siteID,plotID,collectDate,endDate,samplingProtocolVersion,remarks,dataQF
"21e5f6b3-0e80-4ad2-8dda-a079f9797029","40885DA4B45246D0A3BABDEFC0E248D6","HARV_008.mammalGrid.mam","D01","HARV","HARV_008","2014-05-20","2014-05-20",,"No captures",
"35fa3a2e-47ec-43d0-a1cd-72f8dd3c877e","3453BD8A67A6428D949228644DC9D912","HARV_021.mammalGrid.mam","D01","HARV","HARV_021","2014-05-20","2014-05-20",,,
"be6a6f4f-e726-4b7a-a77b-627690b66e46","DCF7C050EEAE44EC96E8F96A1EC7364C","HARV_023.mammalGrid.mam","D01","HARV","HARV_023","2014-05-20","2014-05-20",,,
"ba0912b8-33d4-4486-9b15-50bece5e4799","9CEDCE2416F941B1852C29614086FE36","HARV_008.mammalGrid.mam","D01","HARV","HARV_008","2014-05-21","2014-05-21",,"no captures",
"01615309-7b8e-48f5-b7ac-c30de1478cea","AC983DCDD92447CB91442153F20038EC","HARV_021.mammalGrid.mam","D01","HARV","HARV_021","2014-05-21","2014-05-21",,,
"dc0a01c0-a4e9-47f9-8b05-1e87a30a23ed","0688C1F7928743E6BEFC5711AD760A5E","HARV_023.mammalGrid.mam","D01","HARV","HARV_023","2014-05-21","2014-05-21",,,
"46f639aa-a878-46da-bc9f-7a3bbfbc7591","F0E0BA52D5DB49BA9394B30C5AE1ADB4","HARV_008.mammalGrid.mam","D01","HARV","HARV_008","2014-05-22","2014-05-22",,,
"98cd9ae3-cfea-4220-aae7-4cfa95b8df3c","BAD924D154F3493A9CCBC0FA98FA468B","HARV_021.mammalGrid.mam","D01","HARV","HARV_021","2014-05-22","2014-05-22",,,
"4a52e5eb-46bb-4489-bef4-3d7976315787","0E4FA7052B78465C83527CAD4C511D08","HARV_023.mammalGrid.mam","D01","HARV","HARV_023","2014-05-22","2014-05-22",,,
