uid,nightuid,namedLocation,domainID,siteID,plotID,collectDate,endDate,samplingProtocolVersion,remarks,dataQF
"4cfde85b-714b-4b46-9262-607f2590a280","cdeea78f-e7b8-4b93-86f6-4241eb631f8f","SJER_006.mammalGrid.mam","D17","SJER","SJER_006","2019-02-04","2019-02-04","NEON.DOC.000481vK","Cow disturbance",
"b6c10eec-198f-4256-9601-2c8acba6759e","a95d198d-400b-4d38-b1fe-30c8b52f37dd","SJER_032.mammalGrid.mam","D17","SJER","SJER_032","2019-02-04","2019-02-04","NEON.DOC.000481vK",,
"1229a97e-a055-4776-9478-ae6d6a1b890a","bc76e55f-f24a-4768-b4a2-4bcafa163e9d","SJER_010.mammalGrid.mam","D17","SJER","SJER_010","2019-02-04","2019-02-04","NEON.DOC.000481vK",,
"2c141188-3193-41aa-abe8-1e30d05f1c16","67046b76-315f-4eae-9956-e869153abaae","SJER_033.mammalGrid.mam","D17","SJER","SJER_033","2019-02-04","2019-02-04","NEON.DOC.000481vK","Cow disturbance",
"cb73eec0-3776-4c6a-aaaa-278b9cd5cdc4","0c7b2d02-d1f8-4ca6-a6ba-b53da0f78047","SJER_009.mammalGrid.mam","D17","SJER","SJER_009","2019-02-06","2019-02-06","NEON.DOC.000481vK",,
"2cbc7e2f-ebfc-4c72-bc72-578b482d4123","6ce8a55e-025e-4fcd-a6c2-b63f04d79284","SJER_033.mammalGrid.mam","D17","SJER","SJER_033","2019-02-06","2019-02-06","NEON.DOC.000481vK",,
"b7addc26-95b0-4037-8d5c-b4b4b5905efb","13cf8de1-c028-412b-9186-bb47ea9fc972","SJER_006.mammalGrid.mam","D17","SJER","SJER_006","2019-02-06","2019-02-06","NEON.DOC.000481vK",,
"7bcfc54c-8126-46d9-8d89-e1923805bb57","44499fd0-5de1-4425-b3fe-2f1b966a46a6","SJER_032.mammalGrid.mam","D17","SJER","SJER_032","2019-02-06","2019-02-06","NEON.DOC.000481vK",,
