uid,nightuid,namedLocation,domainID,siteID,plotID,collectDate,endDate,samplingProtocolVersion,remarks,dataQF
"5dc95ffb-6c8e-4315-8338-1d4abcb41667","594B69E6D42C43648C017248660C475E","ONAQ_004.mammalGrid.mam","D15","ONAQ","ONAQ_004","2014-07-22","2014-07-22",,"Additional Resource used to identify animals was NEON.DOC.001914vA",
"cf0fd672-11b2-4928-828d-d86f2e14e6cc","EDD604809224401A9DA94BC35373ACA7","ONAQ_014.mammalGrid.mam","D15","ONAQ","ONAQ_014","2014-07-22","2014-07-22",,,
"6c31a971-4792-43bd-9a94-807e5acdb5cc","31D450ECD93043C3B5B6B34403F445FB","ONAQ_015.mammalGrid.mam","D15","ONAQ","ONAQ_015","2014-07-22","2014-07-22",,,
"0c4cd759-755e-4481-b5d9-50f36b5bf48a","A2522C76AA624DB6975EB4D026B5B848","ONAQ_004.mammalGrid.mam","D15","ONAQ","ONAQ_004","2014-07-23","2014-07-23",,,
"9460c05d-b782-4a17-9864-6d31dbf90f98","71FC273A1889455E80A6FDE0B166B794","ONAQ_015.mammalGrid.mam","D15","ONAQ","ONAQ_015","2014-07-23","2014-07-23",,,
"9b0a3e30-ed9d-49e3-9668-68493ce5c8fb","CDB7094955A04A99B1119F93B1B1D162","ONAQ_014.mammalGrid.mam","D15","ONAQ","ONAQ_014","2014-07-23","2014-07-23",,,
"2f22c440-db2c-42e6-98c5-3e807c982bf4","8D44FBDC2C234095A43C095CF0F08F78","ONAQ_014.mammalGrid.mam","D15","ONAQ","ONAQ_014","2014-07-24","2014-07-24",,,
"98fda338-0f58-4d3e-acca-8b25a161fbcf","A2EA2E46B7EF409AA47293BC964E3761","ONAQ_004.mammalGrid.mam","D15","ONAQ","ONAQ_004","2014-07-24","2014-07-24",,,
"33d3def1-4924-41d9-8bdc-0191ab319875","517D42C65D1E42A992B15308F5E2223F","ONAQ_015.mammalGrid.mam","D15","ONAQ","ONAQ_015","2014-07-24","2014-07-24",,,
"1215bf48-75c1-477b-a915-1793c64e626d","10F1E7F36A014EECA78FBE68117FFA35","ONAQ_017.mammalGrid.mam","D15","ONAQ","ONAQ_017","2014-07-27","2014-07-27",,,
"22808993-b74f-42bf-923d-4c7691e0c505","6C0986F2B3D14132BA0202AD161769DF","ONAQ_021.mammalGrid.mam","D15","ONAQ","ONAQ_021","2014-07-27","2014-07-27",,"PEPA's not processed because no pit tag reader was available.",
"f0b42717-c524-4d0f-8201-8e1f5f7343dc","A244CE2FD2AF4B5380F5563CDAED9264","ONAQ_003.mammalGrid.mam","D15","ONAQ","ONAQ_003","2014-07-27","2014-07-27",,"All PEPA's were released without processing. No tag reader was available, so it was not possible to determine if animals were recaptures or new captures.",
"2775aa80-c5d2-4c36-a616-c201cc1e4ff0","5FC19E4FD30E493DA0DF75BF3F3A4EE2","ONAQ_017.mammalGrid.mam","D15","ONAQ","ONAQ_017","2014-07-28","2014-07-28",,,
"19440b30-41c4-4700-b535-99b6af238778","9413BC28B0434C24A2C24340CD5BBCEC","ONAQ_003.mammalGrid.mam","D15","ONAQ","ONAQ_003","2014-07-28","2014-07-28",,,
"e535be26-c4f5-4a8b-823e-16c722b937f7","FA491739509D4DEEA48CCDD0C9C01B05","ONAQ_021.mammalGrid.mam","D15","ONAQ","ONAQ_021","2014-07-28","2014-07-28",,,
"36c00bca-49e7-4401-ba2f-9320730a5300","C8BD4AE6C2AF40D9B9E3E7A9F035BE91","ONAQ_021.mammalGrid.mam","D15","ONAQ","ONAQ_021","2014-07-29","2014-07-29",,,
"30d308c9-dbd6-4673-836a-5e599d8120d2","0317028A72274834887E61318A092DCC","ONAQ_017.mammalGrid.mam","D15","ONAQ","ONAQ_017","2014-07-29","2014-07-29",,,
"a22903b2-044c-4ca5-bdd5-55eddce34ff0","D1FFD50E615645BC8511A5DCC619F350","ONAQ_003.mammalGrid.mam","D15","ONAQ","ONAQ_003","2014-07-29","2014-07-29",,"Last nine traps were very minimally processed b/c of logistical time constraints.",
