uid,nightuid,namedLocation,domainID,siteID,plotID,collectDate,endDate,samplingProtocolVersion,remarks,dataQF
"92ef489d-4572-413b-a1ba-ec5f97ecf470","396a8104-089f-45c3-9e19-67fe19b4da86","SCBI_008.mammalGrid.mam","D02","SCBI","SCBI_008","2017-03-21","2017-03-21","NEON.DOC.000481vG",,
"67c014b8-0182-4de0-b6a0-29d7d7195bed","51b2d23f-ef3e-41f0-9d36-b1b46b92966c","SCBI_002.mammalGrid.mam","D02","SCBI","SCBI_002","2017-03-21","2017-03-21","NEON.DOC.000481vJ","Lows in the 40s; high humidity in the morning",
"e956242c-b93c-485d-9c75-60b94b3a0c4c","ea295db0-0923-4c08-9246-4e3147824e85","SCBI_035.mammalGrid.mam","D02","SCBI","SCBI_035","2017-03-21","2017-03-21","NEON.DOC.000481vG",,
"709820f5-9097-437c-adf8-08eee9c724d4","bdf4794a-c71e-471a-945e-0f4b606a2114","SCBI_035.mammalGrid.mam","D02","SCBI","SCBI_035","2017-03-22","2017-03-22","NEON.DOC.000481vJ",,
"214f42e9-968c-42d7-87ae-93cf0be33e70","636cac02-6a40-4308-99e3-fd1a154e8c47","SCBI_008.mammalGrid.mam","D02","SCBI","SCBI_008","2017-03-22","2017-03-22","NEON.DOC.000481vJ",,
"abfd1212-0b25-4a26-82e3-692d3cd31da8","080df4ac-f91b-4cbb-9e00-2413287bfb22","SCBI_002.mammalGrid.mam","D02","SCBI","SCBI_002","2017-03-22","2017-03-22","NEON.DOC.000481vG",,
"b29bfeb5-d4e1-4ffe-a215-a223bd537c02","c38d559f-34f2-4801-af5a-4f1bdb2a08ff","SCBI_035.mammalGrid.mam","D02","SCBI","SCBI_035","2017-03-23","2017-03-23","NEON.DOC.000481vJ",,
"667197c7-f5cc-4415-a196-d9a763e469c5","c32c51c4-8e39-4744-bb14-8c2cabad8270","SCBI_008.mammalGrid.mam","D02","SCBI","SCBI_008","2017-03-23","2017-03-23","NEON.DOC.000481vJ",,
"93c1c871-7cde-495a-b48a-6fb1105695bc","0516e679-947d-4bd8-9057-440f26115ec1","SCBI_002.mammalGrid.mam","D02","SCBI","SCBI_002","2017-03-23","2017-03-23","NEON.DOC.000481vJ","Lows in 20sF; ice frozen onto nearly all traps",
"338ae844-cbb9-4ce3-80b3-5ce88c7ff36b","3b8c8dab-ae9d-4cfd-a53c-4ee4f802d17f","SCBI_039.mammalGrid.mam","D02","SCBI","SCBI_039","2017-03-24","2017-03-24","NEON.DOC.000481vJ",,
"1cd58eaa-3faf-4c94-a693-4dcc0de3c60c","815bcafa-3491-4c3b-80d6-bd331b92f75f","SCBI_004.mammalGrid.mam","D02","SCBI","SCBI_004","2017-03-24","2017-03-24","NEON.DOC.000481vJ",,
"159bccfb-1fcb-4f31-8ff6-5c5d7641bfb2","bbde8940-e349-44f5-b278-2a3bf9e1c93d","SCBI_003.mammalGrid.mam","D02","SCBI","SCBI_003","2017-03-24","2017-03-24","NEON.DOC.000481vJ",,
