uid,nightuid,namedLocation,domainID,siteID,plotID,collectDate,endDate,samplingProtocolVersion,remarks,dataQF
"e8560b86-1bbd-4d36-96e6-c12c25d31d79","57c79134-f899-4d6d-afd4-a597d1129691","ABBY_011.mammalGrid.mam","D16","ABBY","ABBY_011","2017-07-14","2017-07-14","NEON.DOC.000481vG","98 traps set",
"f61874f3-0991-4526-8e9e-8fc79eafd538","8ee68d73-376e-435f-82c2-2586c667431c","ABBY_010.mammalGrid.mam","D16","ABBY","ABBY_010","2017-07-14","2017-07-14","NEON.DOC.000481vG","all set!",
"aee0e72e-4e50-406e-9002-e14b38e1eb22","c85699b8-73db-45a4-97b2-3b2a80020dc3","ABBY_003.mammalGrid.mam","D16","ABBY","ABBY_003","2017-07-15","2017-07-15","NEON.DOC.000481vJ","100 traps set",
"1600e8cd-5a74-487d-a06b-65344b9e466a","8fdd16f6-0cfc-4acf-9539-18c0195b63e1","ABBY_010.mammalGrid.mam","D16","ABBY","ABBY_010","2017-07-15","2017-07-15","NEON.DOC.000481vJ","100 traps set 18 resets",
"68be1d4f-a107-4086-82a8-508fa486b7ee","c02c24c0-a3e6-4262-a7a7-08018ecab54c","ABBY_010.mammalGrid.mam","D16","ABBY","ABBY_010","2017-07-16","2017-07-16","NEON.DOC.000481vJ","100 traps set",
"248cb437-28b9-4c4b-90e8-133edc0ae6c6","501a95b4-cd67-4916-a392-808ad9eac5d3","ABBY_023.mammalGrid.mam","D16","ABBY","ABBY_023","2017-07-16","2017-07-16","NEON.DOC.000481vJ",,
"73518624-c4af-4719-b846-95784be663cd","2a512950-1dc9-4ae6-9218-a26a4d91502b","ABBY_014.mammalGrid.mam","D16","ABBY","ABBY_014","2017-07-17","2017-07-17","NEON.DOC.000481vJ","100 traps set",
"292d8c86-a97a-4a25-8335-d3ccdf80915a","178ddabe-c6d6-4bc2-9fca-3cb63ff3c18a","ABBY_002.mammalGrid.mam","D16","ABBY","ABBY_002","2017-07-17","2017-07-17","NEON.DOC.000481vJ","100 traps set; d line 1 trap not set; possibly 2 traps set on f line",
"27d40ceb-24d4-497c-8ee0-6eb213178ad7","f51ff932-9b83-4acf-b897-0825c91950b9","ABBY_004.mammalGrid.mam","D16","ABBY","ABBY_004","2017-07-17","2017-07-17","NEON.DOC.000481vJ","100 traps set",
"82610084-fb0e-4f50-a617-1d56518310ec","d9f77031-4f5d-414f-9cd7-b89eb09b716d","ABBY_004.mammalGrid.mam","D16","ABBY","ABBY_004","2017-07-18","2017-07-18","NEON.DOC.000481vJ","100 traps set",
"9c63f8b5-eef4-4f9a-ac29-63d8df734329","f6c8fdab-5150-4c4d-8a2e-10d2c76c9c05","ABBY_007.mammalGrid.mam","D16","ABBY","ABBY_007","2017-07-18","2017-07-18","NEON.DOC.000481vJ","100 traps set",
"ed3d59b9-2b3f-4339-97d5-8bbf02e0cf04","dd2cac20-594b-4afe-a3e7-c320da74279d","ABBY_002.mammalGrid.mam","D16","ABBY","ABBY_002","2017-07-18","2017-07-18","NEON.DOC.000481vJ","100 traps set",
"96436471-66ff-458b-ae64-238754196c60","d9f77031-4f5d-414f-9cd7-b89eb09b716d","ABBY_004.mammalGrid.mam","D16","ABBY","ABBY_004","2017-07-19","2017-07-19","NEON.DOC.000481vJ","100 traps set; 43resets",
