uid,nightuid,namedLocation,domainID,siteID,plotID,collectDate,endDate,samplingProtocolVersion,remarks,dataQF
"2fd39f5d-a7b7-4f53-8154-96ad00736c9a","80a10916-2553-4998-bbad-049c3d40fb83","RMNP_014.mammalGrid.mam","D10","RMNP","RMNP_014","2018-08-07","2018-08-07","NEON.DOC.000481vK",,
"c4654144-40d7-4599-b0e6-3d83b0c44007","e2c279cb-1951-4f9d-a845-d4cafdc57b52","RMNP_005.mammalGrid.mam","D10","RMNP","RMNP_005","2018-08-07","2018-08-07","NEON.DOC.000481vK",,
"6a400a0d-39f9-44c6-90dd-a51e833a8957","24326bf6-e737-457e-b9f7-1d20645c4c66","RMNP_004.mammalGrid.mam","D10","RMNP","RMNP_004","2018-08-07","2018-08-07","NEON.DOC.000481vK",,
"a3fe5788-2d4f-464e-afa6-33343c0e9e41","5a4257cb-a6e8-4523-be1e-e5467d4b8f4e","RMNP_003.mammalGrid.mam","D10","RMNP","RMNP_003","2018-08-07","2018-08-07","NEON.DOC.000481vK",,
"a79eba22-1e49-45d8-9a0c-ff5baa9a76c6","ae195eb3-e409-4eb1-9084-ff53581f78fa","RMNP_004.mammalGrid.mam","D10","RMNP","RMNP_004","2018-08-08","2018-08-08","NEON.DOC.000481vK",,
"76024855-f931-4d0e-9b08-6166d680667f","397e3408-be31-49e2-b060-20af2643d1f3","RMNP_014.mammalGrid.mam","D10","RMNP","RMNP_014","2018-08-08","2018-08-08","NEON.DOC.000481vK",,
"f50d9456-271a-4307-9cb2-33cf92d5e43a","c03b1ed4-695e-486d-9bfb-794210f775dd","RMNP_003.mammalGrid.mam","D10","RMNP","RMNP_003","2018-08-08","2018-08-08","NEON.DOC.000481vK",,
"58240563-08d0-4f96-b1ac-35b8709cb45e","aa338bc7-84dc-4364-ac8f-97720b553068","RMNP_013.mammalGrid.mam","D10","RMNP","RMNP_013","2018-08-08","2018-08-08","NEON.DOC.000481vK",,
"29e096a6-9d4f-43ac-843a-37f2e05f9917","6381341d-6e7b-43f2-8304-3316ae726beb","RMNP_003.mammalGrid.mam","D10","RMNP","RMNP_003","2018-08-09","2018-08-09","NEON.DOC.000481vK",,
"3574c520-4c04-4deb-b5d1-09deed72c900","0b213466-442e-4c74-98e8-5487e09af2d0","RMNP_004.mammalGrid.mam","D10","RMNP","RMNP_004","2018-08-09","2018-08-09","NEON.DOC.000481vK","Likely bear disturbance for the 9 traps with status of 2",
"423dbb5f-c22c-4b91-aca9-43cb033a58ce","73ccadaf-9876-4b07-bbdd-77d523bf8acc","RMNP_014.mammalGrid.mam","D10","RMNP","RMNP_014","2018-08-09","2018-08-09","NEON.DOC.000481vK",,
"e98473ec-fd94-4aa8-8cd7-3fc541c9a133","03f848bd-9666-49af-ab5e-d76c2752016c","RMNP_009.mammalGrid.mam","D10","RMNP","RMNP_009","2018-08-09","2018-08-09","NEON.DOC.000481vK",,
