uid,nightuid,namedLocation,domainID,siteID,plotID,collectDate,endDate,samplingProtocolVersion,remarks,dataQF
"a4af49e9-81b9-4b8d-a06c-1f3f3ee40a2e","595AC2FE296242A08753D312FF570374","ORNL_001.mammalGrid.mam","D07","ORNL","ORNL_001","2014-06-01","2014-06-01",,,
"448db687-2e9a-4cf2-831d-b087fdb54bfc","2A318C4CAAA546B38FE7779E5383686E","ORNL_003.mammalGrid.mam","D07","ORNL","ORNL_003","2014-06-01","2014-06-01",,,
"7bf1095e-7699-44da-9cf2-478dd03b6617","FCF96E83E97640ADBF18B9D51267412D","ORNL_007.mammalGrid.mam","D07","ORNL","ORNL_007","2014-06-01","2014-06-01",,,
"d9760f3e-4fc1-4ab9-a988-f6ef99d839c5","6766288A7117482E81AD8BA671AC041A","ORNL_001.mammalGrid.mam","D07","ORNL","ORNL_001","2014-06-02","2014-06-02",,"no captures",
"7b9aa588-3a71-46db-94d4-bfab4ba14882","DD1A787906F8427FB808E706C383BAED","ORNL_006.mammalGrid.mam","D07","ORNL","ORNL_006","2014-06-02","2014-06-02",,"no captures",
"981becf3-5ae1-464b-bd88-d6940735a6a6","BF427C076E404ACAAD81343417D94C1F","ORNL_007.mammalGrid.mam","D07","ORNL","ORNL_007","2014-06-02","2014-06-02",,,
"9ef85251-9215-4b68-95a2-5d19e3deab49","BFEB3BA88AF54A6FBDA17FDF44F92F7B","ORNL_003.mammalGrid.mam","D07","ORNL","ORNL_003","2014-06-02","2014-06-02",,,
"b5eb118a-54d3-4264-a29b-8fc1cde23c1d","423F1082F64546E698A79C525D2E1277","ORNL_027.mammalGrid.mam","D07","ORNL","ORNL_027","2014-06-24","2014-06-24",,,
"2d0e9491-9203-4490-908f-4f0b9b22e91f","B6463233E3ED4CE8BC13818654923CC5","ORNL_002.mammalGrid.mam","D07","ORNL","ORNL_002","2014-06-24","2014-06-24",,,
"f1f1c97c-c68e-49f1-b0ed-f169b8624665","A506341CC96E4376BD2CB3679CE5B2AA","ORNL_003.mammalGrid.mam","D07","ORNL","ORNL_003","2014-06-24","2014-06-24",,,
"e8bd64eb-2600-4b19-8485-b3fd2cb72696","BD7D7D991B4C4B99B08F27632D641236","ORNL_003.mammalGrid.mam","D07","ORNL","ORNL_003","2014-06-25","2014-06-25",,,
"b667a5df-a573-4512-924b-d76524c45074","D0AD08D031464FAB8B90359A2A541A92","ORNL_002.mammalGrid.mam","D07","ORNL","ORNL_002","2014-06-25","2014-06-25",,,
"35187512-7e54-4cb2-a52d-bf82826a2b63","A70765AEA10F4BEBA559E04D5A4560C2","ORNL_027.mammalGrid.mam","D07","ORNL","ORNL_027","2014-06-25","2014-06-25",,,
"6314af9f-7b99-47fb-8370-c57b7f611964","3C628B3AE5A4491E9BE5317A0DB6F485","ORNL_003.mammalGrid.mam","D07","ORNL","ORNL_003","2014-06-26","2014-06-26",,"no captures",
"f2efc6ce-681c-4178-a70b-f6ac1d00ed87","E1895570335F471FBF93CEA07D8EF05D","ORNL_027.mammalGrid.mam","D07","ORNL","ORNL_027","2014-06-26","2014-06-26",,"no captures",
"f530fce1-3d27-439f-bcce-2a5ab3fef2d2","937E213B6149446599BEC0423F0AB5AC","ORNL_002.mammalGrid.mam","D07","ORNL","ORNL_002","2014-06-26","2014-06-26",,,
