uid,nightuid,namedLocation,domainID,siteID,plotID,collectDate,endDate,samplingProtocolVersion,remarks,dataQF
"0a1df65c-dcc5-4e09-9314-e9896735b66d","1d5901b9-0e4e-4220-873c-034deae059c8","ORNL_003.mammalGrid.mam","D07","ORNL","ORNL_003","2018-05-08","2018-05-08","NEON.DOC.000481vK",,
"122fd211-fe65-4fda-9acc-001c05f5f9d8","823ecaec-3a50-4b97-8080-792b5b748b54","ORNL_001.mammalGrid.mam","D07","ORNL","ORNL_001","2018-05-08","2018-05-08","NEON.DOC.000481vK",,
"e664f1a5-0bb2-4488-b6d5-fcd361063241","61e4febe-7539-4af2-b2e2-cc7184a70cef","ORNL_002.mammalGrid.mam","D07","ORNL","ORNL_002","2018-05-08","2018-05-08","NEON.DOC.000481vK",,
"b222b3fb-08e0-4919-81ee-95da6e520d65","6840d9ab-74be-46b9-95e8-44183bce4674","ORNL_003.mammalGrid.mam","D07","ORNL","ORNL_003","2018-05-09","2018-05-09","NEON.DOC.000481vK",,
"581de1b5-856c-45df-b47f-95d187c9c8b8","e49aabd0-6bcc-41de-a345-6fd45b198d55","ORNL_039.mammalGrid.mam","D07","ORNL","ORNL_039","2018-05-09","2018-05-09","NEON.DOC.000481vK",,
"63e920cf-83e9-4c8f-9ada-50866f7baee2","aacb1278-0cd0-4e87-bcf6-463bcc291cc1","ORNL_027.mammalGrid.mam","D07","ORNL","ORNL_027","2018-05-09","2018-05-09","NEON.DOC.000481vK",,
"bfaa16de-4803-4476-9137-2bccb95fdea9","c5b08f1b-d6c9-4a8f-aade-f06d008f8aa5","ORNL_003.mammalGrid.mam","D07","ORNL","ORNL_003","2018-05-09","2018-05-09","NEON.DOC.000481vK",,
"cf3f542e-9fbc-47b2-8b32-99aedaeb7e88","65d28f78-b9c9-45b4-8771-10636bb79640","ORNL_002.mammalGrid.mam","D07","ORNL","ORNL_002","2018-05-09","2018-05-09","NEON.DOC.000481vK","Protocol hit time limit before we could sample. All captures released at point of capture.",
"04d610dd-3bc2-4abc-b7d8-54ee0fc56eeb","74afc031-7ae9-4da0-a814-74dfde85b998","ORNL_001.mammalGrid.mam","D07","ORNL","ORNL_001","2018-05-09","2018-05-09","NEON.DOC.000481vK",,
"d2942fc6-59d9-4f11-9b07-ac6d0fbe5d1d","1eb94968-0347-401c-93cd-6f59706ec957","ORNL_001.mammalGrid.mam","D07","ORNL","ORNL_001","2018-05-10","2018-05-10","NEON.DOC.000481vK",,
"071824cc-4a30-4d36-a245-8b3f8827eae2","4b3040c2-1d55-40b4-b5b9-5ab29b1bd22a","ORNL_003.mammalGrid.mam","D07","ORNL","ORNL_003","2018-05-10","2018-05-10","NEON.DOC.000481vK",,
"1e7f9609-c896-4365-9278-139e02ef7621","72df281b-5a3f-4c92-8d98-c3c45666ea97","ORNL_007.mammalGrid.mam","D07","ORNL","ORNL_007","2018-05-10","2018-05-10","NEON.DOC.000481vK",,
"b06d7ab1-f2ff-495a-a6fc-4265a25adfc9","00dc8577-5b0c-433a-823b-46b780e96023","ORNL_002.mammalGrid.mam","D07","ORNL","ORNL_002","2018-05-10","2018-05-10","NEON.DOC.000481vK",,
