uid,nightuid,namedLocation,domainID,siteID,plotID,trapCoordinate,plotType,nlcdClass,decimalLatitude,decimalLongitude,geodeticDatum,coordinateUncertainty,elevation,elevationUncertainty,trapStatus,trapType,collectDate,endDate,tagID,individualCode,taxonID,scientificName,taxonRank,identificationQualifier,identificationReferences,nativeStatusCode,sex,recapture,fate,replacedTag,lifeStage,testes,nipples,pregnancyStatus,vagina,hindfootLength,earLength,tailLength,totalLength,weight,larvalTicksAttached,nymphalTicksAttached,adultTicksAttached,bloodSampleID,bloodSampleBarcode,bloodSampleMethod,fecalSampleID,fecalSampleBarcode,fecalSampleCondition,earSampleID,earSampleBarcode,hairSampleID,hairSampleBarcode,hairSampleContents,voucherSampleID,voucherSampleBarcode,measuredBy,recordedBy,remarks,dataQF
"572d1ccb-59d4-4576-8c17-671f58ed20e2","cbebf14b-bf6c-479b-97a8-95e8aa2880e8","OSBS_004.mammalGrid.mam","D03","OSBS","OSBS_004","I6","distributed","evergreenForest",29.682962,-81.958186,"WGS84",45.1,34.7,0.1,"1 - trap not set","ShermanLF","2018-10-30","2018-10-30",,,,,,,,,,,,,,,,,,,,,,,,,,,,,,,,,,,,,,,"mmiller@battelleecology.org","jbrown1@battelleecology.org",,
"fcc444fd-d96a-40bc-a679-5f21041be7ff","cbebf14b-bf6c-479b-97a8-95e8aa2880e8","OSBS_004.mammalGrid.mam","D03","OSBS","OSBS_004","J4","distributed","evergreenForest",29.682962,-81.958186,"WGS84",45.1,34.7,0.1,"6 - trap set and empty","ShermanLF","2018-10-30","2018-10-30",,,,,,,,,,,,,,,,,,,,,,,,,,,,,,,,,,,,,,,"mmiller@battelleecology.org","jbrown1@battelleecology.org",,
"6b726233-6257-4d14-ba9d-8470c93520df","cbebf14b-bf6c-479b-97a8-95e8aa2880e8","OSBS_004.mammalGrid.mam","D03","OSBS","OSBS_004","B10","distributed","evergreenForest",29.682962,-81.958186,"WGS84",45.1,34.7,0.1,"6 - trap set and empty","ShermanLF","2018-10-30","2018-10-30",,,,,,,,,,,,,,,,,,,,,,,,,,,,,,,,,,,,,,,"mmiller@battelleecology.org","jbrown1@battelleecology.org",,
"6b343f17-6703-4f68-9ea6-e0b325fa457c","cbebf14b-bf6c-479b-97a8-95e8aa2880e8","OSBS_004.mammalGrid.mam","D03","OSBS","OSBS_004","D7","distributed","evergreenForest",29.682962,-81.958186,"WGS84",45.1,34.7,0.1,"6 - trap set and empty","ShermanLF","2018-10-30","2018-10-30",,,,,,,,,,,,,,,,,,,,,,,,,,,,,,,,,,,,,,,"mmiller@battelleecology.org","jbrown1@battelleecology.org",,
"94daedd8-cd2f-410b-a3d5-06d5be40bbeb","cbebf14b-bf6c-479b-97a8-95e8aa2880e8","OSBS_004.mammalGrid.mam","D03","OSBS","OSBS_004","I3","distributed","evergreenForest",29.682962,-81.958186,"WGS84",45.1,34.7,0.1,"6 - trap set and empty","ShermanLF","2018-10-30","2018-10-30",,,,,,,,,,,,,,,,,,,,,,,,,,,,,,,,,,,,,,,"mmiller@battelleecology.org","jbrown1@battelleecology.org",,
"0891f155-9382-451b-a367-9973a580a8f3","cbebf14b-bf6c-479b-97a8-95e8aa2880e8","OSBS_004.mammalGrid.mam","D03","OSBS","OSBS_004","B2","distributed","evergreenForest",29.682962,-81.958186,"WGS84",45.1,34.7,0.1,"6 - trap set and empty","ShermanLF","2018-10-30","2018-10-30",,,,,,,,,,,,,,,,,,,,,,,,,,,,,,,,,,,,,,,"mmiller@battelleecology.org","jbrown1@battelleecology.org",,
"dfeb6483-4d05-487b-9880-3bf657413ac3","cbebf14b-bf6c-479b-97a8-95e8aa2880e8","OSBS_004.mammalGrid.mam","D03","OSBS","OSBS_004","J1","distributed","evergreenForest",29.682962,-81.958186,"WGS84",45.1,34.7,0.1,"6 - trap set and empty","ShermanLF","2018-10-30","2018-10-30",,,,,,,,,,,,,,,,,,,,,,,,,,,,,,,,,,,,,,,"mmiller@battelleecology.org","jbrown1@battelleecology.org",,
"1ff18aef-2da1-46fb-b84b-aaf8a3436ec4","cbebf14b-bf6c-479b-97a8-95e8aa2880e8","OSBS_004.mammalGrid.mam","D03","OSBS","OSBS_004","H7","distributed","evergreenForest",29.682962,-81.958186,"WGS84",45.1,34.7,0.1,"6 - trap set and empty","ShermanLF","2018-10-30","2018-10-30",,,,,,,,,,,,,,,,,,,,,,,,,,,,,,,,,,,,,,,"mmiller@battelleecology.org","jbrown1@battelleecology.org",,
"ef615390-b54c-41f7-aba8-4b0341b07425","cbebf14b-bf6c-479b-97a8-95e8aa2880e8","OSBS_004.mammalGrid.mam","D03","OSBS","OSBS_004","F2","distributed","evergreenForest",29.682962,-81.958186,"WGS84",45.1,34.7,0.1,"6 - trap set and empty","ShermanLF","2018-10-30","2018-10-30",,,,,,,,,,,,,,,,,,,,,,,,,,,,,,,,,,,,,,,"mmiller@battelleecology.org","jbrown1@battelleecology.org",,
"4aaaf3b6-5b7e-4c87-82e1-26236b34d79d","cbebf14b-bf6c-479b-97a8-95e8aa2880e8","OSBS_004.mammalGrid.mam","D03","OSBS","OSBS_004","C5","distributed","evergreenForest",29.682962,-81.958186,"WGS84",45.1,34.7,0.1,"6 - trap set and empty","ShermanLF","2018-10-30","2018-10-30",,,,,,,,,,,,,,,,,,,,,,,,,,,,,,,,,,,,,,,"mmiller@battelleecology.org","jbrown1@battelleecology.org",,
"3ae53a29-836d-44f9-9d0b-f666284bc1a1","cbebf14b-bf6c-479b-97a8-95e8aa2880e8","OSBS_004.mammalGrid.mam","D03","OSBS","OSBS_004","H5","distributed","evergreenForest",29.682962,-81.958186,"WGS84",45.1,34.7,0.1,"6 - trap set and empty","ShermanLF","2018-10-30","2018-10-30",,,,,,,,,,,,,,,,,,,,,,,,,,,,,,,,,,,,,,,"mmiller@battelleecology.org","jbrown1@battelleecology.org",,
"a76407cf-f1bb-4b51-9d11-fa473709ae49","cbebf14b-bf6c-479b-97a8-95e8aa2880e8","OSBS_004.mammalGrid.mam","D03","OSBS","OSBS_004","A5","distributed","evergreenForest",29.682962,-81.958186,"WGS84",45.1,34.7,0.1,"6 - trap set and empty","ShermanLF","2018-10-30","2018-10-30",,,,,,,,,,,,,,,,,,,,,,,,,,,,,,,,,,,,,,,"mmiller@battelleecology.org","jbrown1@battelleecology.org",,
"adc8e93d-081a-4bf1-849f-472362f82754","cbebf14b-bf6c-479b-97a8-95e8aa2880e8","OSBS_004.mammalGrid.mam","D03","OSBS","OSBS_004","J3","distributed","evergreenForest",29.682962,-81.958186,"WGS84",45.1,34.7,0.1,"6 - trap set and empty","ShermanLF","2018-10-30","2018-10-30",,,,,,,,,,,,,,,,,,,,,,,,,,,,,,,,,,,,,,,"mmiller@battelleecology.org","jbrown1@battelleecology.org",,
"e14050fd-9410-4066-ace9-d80378868fc9","cbebf14b-bf6c-479b-97a8-95e8aa2880e8","OSBS_004.mammalGrid.mam","D03","OSBS","OSBS_004","H9","distributed","evergreenForest",29.682962,-81.958186,"WGS84",45.1,34.7,0.1,"6 - trap set and empty","ShermanLF","2018-10-30","2018-10-30",,,,,,,,,,,,,,,,,,,,,,,,,,,,,,,,,,,,,,,"mmiller@battelleecology.org","jbrown1@battelleecology.org",,
"754cfe09-d3a1-4393-9b57-1fcee529f3d6","cbebf14b-bf6c-479b-97a8-95e8aa2880e8","OSBS_004.mammalGrid.mam","D03","OSBS","OSBS_004","B3","distributed","evergreenForest",29.682962,-81.958186,"WGS84",45.1,34.7,0.1,"6 - trap set and empty","ShermanLF","2018-10-30","2018-10-30",,,,,,,,,,,,,,,,,,,,,,,,,,,,,,,,,,,,,,,"mmiller@battelleecology.org","jbrown1@battelleecology.org",,
"bd5212bd-a1db-4358-a759-bec0c72167dd","cbebf14b-bf6c-479b-97a8-95e8aa2880e8","OSBS_004.mammalGrid.mam","D03","OSBS","OSBS_004","D2","distributed","evergreenForest",29.682962,-81.958186,"WGS84",45.1,34.7,0.1,"6 - trap set and empty","ShermanLF","2018-10-30","2018-10-30",,,,,,,,,,,,,,,,,,,,,,,,,,,,,,,,,,,,,,,"mmiller@battelleecology.org","jbrown1@battelleecology.org",,
"5282daaa-f570-466c-8df1-854886656cec","cbebf14b-bf6c-479b-97a8-95e8aa2880e8","OSBS_004.mammalGrid.mam","D03","OSBS","OSBS_004","H10","distributed","evergreenForest",29.682962,-81.958186,"WGS84",45.1,34.7,0.1,"6 - trap set and empty","ShermanLF","2018-10-30","2018-10-30",,,,,,,,,,,,,,,,,,,,,,,,,,,,,,,,,,,,,,,"mmiller@battelleecology.org","jbrown1@battelleecology.org",,
"69ba99c3-c9e7-4d37-a0ac-2456e3596512","cbebf14b-bf6c-479b-97a8-95e8aa2880e8","OSBS_004.mammalGrid.mam","D03","OSBS","OSBS_004","D9","distributed","evergreenForest",29.682962,-81.958186,"WGS84",45.1,34.7,0.1,"6 - trap set and empty","ShermanLF","2018-10-30","2018-10-30",,,,,,,,,,,,,,,,,,,,,,,,,,,,,,,,,,,,,,,"mmiller@battelleecology.org","jbrown1@battelleecology.org",,
"11e0ab7f-0859-4b79-82b4-ab9849705322","cbebf14b-bf6c-479b-97a8-95e8aa2880e8","OSBS_004.mammalGrid.mam","D03","OSBS","OSBS_004","B1","distributed","evergreenForest",29.682962,-81.958186,"WGS84",45.1,34.7,0.1,"6 - trap set and empty","ShermanLF","2018-10-30","2018-10-30",,,,,,,,,,,,,,,,,,,,,,,,,,,,,,,,,,,,,,,"mmiller@battelleecology.org","jbrown1@battelleecology.org",,
"b91bce95-82fc-412e-967c-a1237b44680c","cbebf14b-bf6c-479b-97a8-95e8aa2880e8","OSBS_004.mammalGrid.mam","D03","OSBS","OSBS_004","F3","distributed","evergreenForest",29.682962,-81.958186,"WGS84",45.1,34.7,0.1,"6 - trap set and empty","ShermanLF","2018-10-30","2018-10-30",,,,,,,,,,,,,,,,,,,,,,,,,,,,,,,,,,,,,,,"mmiller@battelleecology.org","jbrown1@battelleecology.org",,
"73d3a99e-8bdb-4b3a-80c9-8b91d75da80b","cbebf14b-bf6c-479b-97a8-95e8aa2880e8","OSBS_004.mammalGrid.mam","D03","OSBS","OSBS_004","G9","distributed","evergreenForest",29.682962,-81.958186,"WGS84",45.1,34.7,0.1,"6 - trap set and empty","ShermanLF","2018-10-30","2018-10-30",,,,,,,,,,,,,,,,,,,,,,,,,,,,,,,,,,,,,,,"mmiller@battelleecology.org","jbrown1@battelleecology.org",,
"07047cfc-f5c8-41a6-b5ba-eb2826198a34","cbebf14b-bf6c-479b-97a8-95e8aa2880e8","OSBS_004.mammalGrid.mam","D03","OSBS","OSBS_004","H8","distributed","evergreenForest",29.682962,-81.958186,"WGS84",45.1,34.7,0.1,"6 - trap set and empty","ShermanLF","2018-10-30","2018-10-30",,,,,,,,,,,,,,,,,,,,,,,,,,,,,,,,,,,,,,,"mmiller@battelleecology.org","jbrown1@battelleecology.org",,
"227f0a90-e133-4d3d-a90a-57121759d3f8","cbebf14b-bf6c-479b-97a8-95e8aa2880e8","OSBS_004.mammalGrid.mam","D03","OSBS","OSBS_004","A9","distributed","evergreenForest",29.682962,-81.958186,"WGS84",45.1,34.7,0.1,"6 - trap set and empty","ShermanLF","2018-10-30","2018-10-30",,,,,,,,,,,,,,,,,,,,,,,,,,,,,,,,,,,,,,,"mmiller@battelleecology.org","jbrown1@battelleecology.org",,
"cdc00733-572f-45c1-87d0-12e99d971cb4","cbebf14b-bf6c-479b-97a8-95e8aa2880e8","OSBS_004.mammalGrid.mam","D03","OSBS","OSBS_004","G3","distributed","evergreenForest",29.682962,-81.958186,"WGS84",45.1,34.7,0.1,"6 - trap set and empty","ShermanLF","2018-10-30","2018-10-30",,,,,,,,,,,,,,,,,,,,,,,,,,,,,,,,,,,,,,,"mmiller@battelleecology.org","jbrown1@battelleecology.org",,
"d7889915-9d66-45b6-80f5-11812d0e5855","cbebf14b-bf6c-479b-97a8-95e8aa2880e8","OSBS_004.mammalGrid.mam","D03","OSBS","OSBS_004","B6","distributed","evergreenForest",29.682962,-81.958186,"WGS84",45.1,34.7,0.1,"6 - trap set and empty","ShermanLF","2018-10-30","2018-10-30",,,,,,,,,,,,,,,,,,,,,,,,,,,,,,,,,,,,,,,"mmiller@battelleecology.org","jbrown1@battelleecology.org",,
"b7c5ad68-36c8-4aec-a52e-4d836d7e490c","cbebf14b-bf6c-479b-97a8-95e8aa2880e8","OSBS_004.mammalGrid.mam","D03","OSBS","OSBS_004","D10","distributed","evergreenForest",29.682962,-81.958186,"WGS84",45.1,34.7,0.1,"6 - trap set and empty","ShermanLF","2018-10-30","2018-10-30",,,,,,,,,,,,,,,,,,,,,,,,,,,,,,,,,,,,,,,"mmiller@battelleecology.org","jbrown1@battelleecology.org",,
"34145231-e5e5-424e-ae04-5f48fc77c80f","cbebf14b-bf6c-479b-97a8-95e8aa2880e8","OSBS_004.mammalGrid.mam","D03","OSBS","OSBS_004","G5","distributed","evergreenForest",29.682962,-81.958186,"WGS84",45.1,34.7,0.1,"6 - trap set and empty","ShermanLF","2018-10-30","2018-10-30",,,,,,,,,,,,,,,,,,,,,,,,,,,,,,,,,,,,,,,"mmiller@battelleecology.org","jbrown1@battelleecology.org",,
"03ec2093-1b0b-4d18-9b8b-280675d7e267","cbebf14b-bf6c-479b-97a8-95e8aa2880e8","OSBS_004.mammalGrid.mam","D03","OSBS","OSBS_004","B4","distributed","evergreenForest",29.682962,-81.958186,"WGS84",45.1,34.7,0.1,"6 - trap set and empty","ShermanLF","2018-10-30","2018-10-30",,,,,,,,,,,,,,,,,,,,,,,,,,,,,,,,,,,,,,,"mmiller@battelleecology.org","jbrown1@battelleecology.org",,
"c4b41713-12f2-4818-ae76-78ffa5b7a3c8","cbebf14b-bf6c-479b-97a8-95e8aa2880e8","OSBS_004.mammalGrid.mam","D03","OSBS","OSBS_004","C10","distributed","evergreenForest",29.682962,-81.958186,"WGS84",45.1,34.7,0.1,"6 - trap set and empty","ShermanLF","2018-10-30","2018-10-30",,,,,,,,,,,,,,,,,,,,,,,,,,,,,,,,,,,,,,,"mmiller@battelleecology.org","jbrown1@battelleecology.org",,
"92ba5a7d-c8c7-480e-afad-43c855d96b67","cbebf14b-bf6c-479b-97a8-95e8aa2880e8","OSBS_004.mammalGrid.mam","D03","OSBS","OSBS_004","C7","distributed","evergreenForest",29.682962,-81.958186,"WGS84",45.1,34.7,0.1,"6 - trap set and empty","ShermanLF","2018-10-30","2018-10-30",,,,,,,,,,,,,,,,,,,,,,,,,,,,,,,,,,,,,,,"mmiller@battelleecology.org","jbrown1@battelleecology.org",,
"d095f8fe-0929-4e43-a4c0-96de8b92e915","cbebf14b-bf6c-479b-97a8-95e8aa2880e8","OSBS_004.mammalGrid.mam","D03","OSBS","OSBS_004","I7","distributed","evergreenForest",29.682962,-81.958186,"WGS84",45.1,34.7,0.1,"6 - trap set and empty","ShermanLF","2018-10-30","2018-10-30",,,,,,,,,,,,,,,,,,,,,,,,,,,,,,,,,,,,,,,"mmiller@battelleecology.org","jbrown1@battelleecology.org",,
"42750937-dc31-43ce-9f11-f96b65953ba1","cbebf14b-bf6c-479b-97a8-95e8aa2880e8","OSBS_004.mammalGrid.mam","D03","OSBS","OSBS_004","G2","distributed","evergreenForest",29.682962,-81.958186,"WGS84",45.1,34.7,0.1,"6 - trap set and empty","ShermanLF","2018-10-30","2018-10-30",,,,,,,,,,,,,,,,,,,,,,,,,,,,,,,,,,,,,,,"mmiller@battelleecology.org","jbrown1@battelleecology.org",,
"56598163-b981-41ae-91dd-fc00359189e0","cbebf14b-bf6c-479b-97a8-95e8aa2880e8","OSBS_004.mammalGrid.mam","D03","OSBS","OSBS_004","A7","distributed","evergreenForest",29.682962,-81.958186,"WGS84",45.1,34.7,0.1,"6 - trap set and empty","ShermanLF","2018-10-30","2018-10-30",,,,,,,,,,,,,,,,,,,,,,,,,,,,,,,,,,,,,,,"mmiller@battelleecology.org","jbrown1@battelleecology.org",,
"ee6ac64a-243c-4943-9be2-6fa2b9111a2e","cbebf14b-bf6c-479b-97a8-95e8aa2880e8","OSBS_004.mammalGrid.mam","D03","OSBS","OSBS_004","E6","distributed","evergreenForest",29.682962,-81.958186,"WGS84",45.1,34.7,0.1,"6 - trap set and empty","ShermanLF","2018-10-30","2018-10-30",,,,,,,,,,,,,,,,,,,,,,,,,,,,,,,,,,,,,,,"mmiller@battelleecology.org","jbrown1@battelleecology.org",,
"0ca30cc2-4ae9-4f5b-802d-486af1c6090b","cbebf14b-bf6c-479b-97a8-95e8aa2880e8","OSBS_004.mammalGrid.mam","D03","OSBS","OSBS_004","G7","distributed","evergreenForest",29.682962,-81.958186,"WGS84",45.1,34.7,0.1,"6 - trap set and empty","ShermanLF","2018-10-30","2018-10-30",,,,,,,,,,,,,,,,,,,,,,,,,,,,,,,,,,,,,,,"mmiller@battelleecology.org","jbrown1@battelleecology.org",,
"a5d09dbb-8b03-46a2-ae31-30dfb65b6940","cbebf14b-bf6c-479b-97a8-95e8aa2880e8","OSBS_004.mammalGrid.mam","D03","OSBS","OSBS_004","I5","distributed","evergreenForest",29.682962,-81.958186,"WGS84",45.1,34.7,0.1,"1 - trap not set","ShermanLF","2018-10-30","2018-10-30",,,,,,,,,,,,,,,,,,,,,,,,,,,,,,,,,,,,,,,"mmiller@battelleecology.org","jbrown1@battelleecology.org",,
"796ff078-2c84-4e52-9cee-066e7ddf573a","cbebf14b-bf6c-479b-97a8-95e8aa2880e8","OSBS_004.mammalGrid.mam","D03","OSBS","OSBS_004","J10","distributed","evergreenForest",29.682962,-81.958186,"WGS84",45.1,34.7,0.1,"6 - trap set and empty","ShermanLF","2018-10-30","2018-10-30",,,,,,,,,,,,,,,,,,,,,,,,,,,,,,,,,,,,,,,"mmiller@battelleecology.org","jbrown1@battelleecology.org",,
"8df62495-6127-47d8-a50e-6bf2c07aed57","cbebf14b-bf6c-479b-97a8-95e8aa2880e8","OSBS_004.mammalGrid.mam","D03","OSBS","OSBS_004","I1","distributed","evergreenForest",29.682962,-81.958186,"WGS84",45.1,34.7,0.1,"1 - trap not set","ShermanLF","2018-10-30","2018-10-30",,,,,,,,,,,,,,,,,,,,,,,,,,,,,,,,,,,,,,,"mmiller@battelleecology.org","jbrown1@battelleecology.org",,
"dba6c543-59be-4ac7-9c2a-d4d0263fd9e9","cbebf14b-bf6c-479b-97a8-95e8aa2880e8","OSBS_004.mammalGrid.mam","D03","OSBS","OSBS_004","G4","distributed","evergreenForest",29.682962,-81.958186,"WGS84",45.1,34.7,0.1,"6 - trap set and empty","ShermanLF","2018-10-30","2018-10-30",,,,,,,,,,,,,,,,,,,,,,,,,,,,,,,,,,,,,,,"mmiller@battelleecology.org","jbrown1@battelleecology.org",,
"b211dc29-d0d2-412d-b55d-75541266c4aa","cbebf14b-bf6c-479b-97a8-95e8aa2880e8","OSBS_004.mammalGrid.mam","D03","OSBS","OSBS_004","J8","distributed","evergreenForest",29.682962,-81.958186,"WGS84",45.1,34.7,0.1,"6 - trap set and empty","ShermanLF","2018-10-30","2018-10-30",,,,,,,,,,,,,,,,,,,,,,,,,,,,,,,,,,,,,,,"mmiller@battelleecology.org","jbrown1@battelleecology.org",,
"c0a92406-dda6-40fe-922d-47de0a67f8cc","cbebf14b-bf6c-479b-97a8-95e8aa2880e8","OSBS_004.mammalGrid.mam","D03","OSBS","OSBS_004","C1","distributed","evergreenForest",29.682962,-81.958186,"WGS84",45.1,34.7,0.1,"6 - trap set and empty","ShermanLF","2018-10-30","2018-10-30",,,,,,,,,,,,,,,,,,,,,,,,,,,,,,,,,,,,,,,"mmiller@battelleecology.org","jbrown1@battelleecology.org",,
"85da13fe-cbb0-4988-95af-96cb16115a5e","cbebf14b-bf6c-479b-97a8-95e8aa2880e8","OSBS_004.mammalGrid.mam","D03","OSBS","OSBS_004","A3","distributed","evergreenForest",29.682962,-81.958186,"WGS84",45.1,34.7,0.1,"6 - trap set and empty","ShermanLF","2018-10-30","2018-10-30",,,,,,,,,,,,,,,,,,,,,,,,,,,,,,,,,,,,,,,"mmiller@battelleecology.org","jbrown1@battelleecology.org",,
"0a2aac30-0f46-4f6f-b649-58018e6e747a","cbebf14b-bf6c-479b-97a8-95e8aa2880e8","OSBS_004.mammalGrid.mam","D03","OSBS","OSBS_004","A10","distributed","evergreenForest",29.682962,-81.958186,"WGS84",45.1,34.7,0.1,"6 - trap set and empty","ShermanLF","2018-10-30","2018-10-30",,,,,,,,,,,,,,,,,,,,,,,,,,,,,,,,,,,,,,,"mmiller@battelleecology.org","jbrown1@battelleecology.org",,
"470c55e7-68c9-480c-bdd3-f3c1bc9d8eb3","cbebf14b-bf6c-479b-97a8-95e8aa2880e8","OSBS_004.mammalGrid.mam","D03","OSBS","OSBS_004","E9","distributed","evergreenForest",29.682962,-81.958186,"WGS84",45.1,34.7,0.1,"6 - trap set and empty","ShermanLF","2018-10-30","2018-10-30",,,,,,,,,,,,,,,,,,,,,,,,,,,,,,,,,,,,,,,"mmiller@battelleecology.org","jbrown1@battelleecology.org",,
"69edf93f-1bcc-43c7-b76e-3c004add06d6","cbebf14b-bf6c-479b-97a8-95e8aa2880e8","OSBS_004.mammalGrid.mam","D03","OSBS","OSBS_004","J7","distributed","evergreenForest",29.682962,-81.958186,"WGS84",45.1,34.7,0.1,"1 - trap not set","ShermanLF","2018-10-30","2018-10-30",,,,,,,,,,,,,,,,,,,,,,,,,,,,,,,,,,,,,,,"mmiller@battelleecology.org","jbrown1@battelleecology.org",,
"0c47a768-5e49-47ae-b6d4-4b3fd3623959","cbebf14b-bf6c-479b-97a8-95e8aa2880e8","OSBS_004.mammalGrid.mam","D03","OSBS","OSBS_004","J2","distributed","evergreenForest",29.682962,-81.958186,"WGS84",45.1,34.7,0.1,"6 - trap set and empty","ShermanLF","2018-10-30","2018-10-30",,,,,,,,,,,,,,,,,,,,,,,,,,,,,,,,,,,,,,,"mmiller@battelleecology.org","jbrown1@battelleecology.org",,
"99e15d16-fea4-444b-be6b-646d900c5e6a","cbebf14b-bf6c-479b-97a8-95e8aa2880e8","OSBS_004.mammalGrid.mam","D03","OSBS","OSBS_004","J5","distributed","evergreenForest",29.682962,-81.958186,"WGS84",45.1,34.7,0.1,"1 - trap not set","ShermanLF","2018-10-30","2018-10-30",,,,,,,,,,,,,,,,,,,,,,,,,,,,,,,,,,,,,,,"mmiller@battelleecology.org","jbrown1@battelleecology.org",,
"fb15ee64-264b-4729-9e60-a3ec7edfd8f1","cbebf14b-bf6c-479b-97a8-95e8aa2880e8","OSBS_004.mammalGrid.mam","D03","OSBS","OSBS_004","D5","distributed","evergreenForest",29.682962,-81.958186,"WGS84",45.1,34.7,0.1,"6 - trap set and empty","ShermanLF","2018-10-30","2018-10-30",,,,,,,,,,,,,,,,,,,,,,,,,,,,,,,,,,,,,,,"mmiller@battelleecology.org","jbrown1@battelleecology.org",,
"fc4f927a-f020-41ca-a117-38207245e5b6","cbebf14b-bf6c-479b-97a8-95e8aa2880e8","OSBS_004.mammalGrid.mam","D03","OSBS","OSBS_004","B5","distributed","evergreenForest",29.682962,-81.958186,"WGS84",45.1,34.7,0.1,"6 - trap set and empty","ShermanLF","2018-10-30","2018-10-30",,,,,,,,,,,,,,,,,,,,,,,,,,,,,,,,,,,,,,,"mmiller@battelleecology.org","jbrown1@battelleecology.org",,
"2d7e53b4-63bd-4d4c-9a67-e149a7f0d1c9","cbebf14b-bf6c-479b-97a8-95e8aa2880e8","OSBS_004.mammalGrid.mam","D03","OSBS","OSBS_004","C4","distributed","evergreenForest",29.682962,-81.958186,"WGS84",45.1,34.7,0.1,"6 - trap set and empty","ShermanLF","2018-10-30","2018-10-30",,,,,,,,,,,,,,,,,,,,,,,,,,,,,,,,,,,,,,,"mmiller@battelleecology.org","jbrown1@battelleecology.org",,
"e669c3f5-10bb-4e10-b948-2c46264d2a96","cbebf14b-bf6c-479b-97a8-95e8aa2880e8","OSBS_004.mammalGrid.mam","D03","OSBS","OSBS_004","I8","distributed","evergreenForest",29.682962,-81.958186,"WGS84",45.1,34.7,0.1,"6 - trap set and empty","ShermanLF","2018-10-30","2018-10-30",,,,,,,,,,,,,,,,,,,,,,,,,,,,,,,,,,,,,,,"mmiller@battelleecology.org","jbrown1@battelleecology.org",,
"c2c79ee8-f774-46af-a7e2-533432982819","cbebf14b-bf6c-479b-97a8-95e8aa2880e8","OSBS_004.mammalGrid.mam","D03","OSBS","OSBS_004","A2","distributed","evergreenForest",29.682962,-81.958186,"WGS84",45.1,34.7,0.1,"6 - trap set and empty","ShermanLF","2018-10-30","2018-10-30",,,,,,,,,,,,,,,,,,,,,,,,,,,,,,,,,,,,,,,"mmiller@battelleecology.org","jbrown1@battelleecology.org",,
"9b25cb34-fd91-4479-aa74-322c7406dff6","cbebf14b-bf6c-479b-97a8-95e8aa2880e8","OSBS_004.mammalGrid.mam","D03","OSBS","OSBS_004","H4","distributed","evergreenForest",29.682962,-81.958186,"WGS84",45.1,34.7,0.1,"6 - trap set and empty","ShermanLF","2018-10-30","2018-10-30",,,,,,,,,,,,,,,,,,,,,,,,,,,,,,,,,,,,,,,"mmiller@battelleecology.org","jbrown1@battelleecology.org",,
"edbcc66f-7f3d-41b8-9898-0a63ceaeb4b1","cbebf14b-bf6c-479b-97a8-95e8aa2880e8","OSBS_004.mammalGrid.mam","D03","OSBS","OSBS_004","F7","distributed","evergreenForest",29.682962,-81.958186,"WGS84",45.1,34.7,0.1,"6 - trap set and empty","ShermanLF","2018-10-30","2018-10-30",,,,,,,,,,,,,,,,,,,,,,,,,,,,,,,,,,,,,,,"mmiller@battelleecology.org","jbrown1@battelleecology.org",,
"d1fd7e82-bc8c-4fe1-9d55-56dcaeaa7e40","cbebf14b-bf6c-479b-97a8-95e8aa2880e8","OSBS_004.mammalGrid.mam","D03","OSBS","OSBS_004","E10","distributed","evergreenForest",29.682962,-81.958186,"WGS84",45.1,34.7,0.1,"6 - trap set and empty","ShermanLF","2018-10-30","2018-10-30",,,,,,,,,,,,,,,,,,,,,,,,,,,,,,,,,,,,,,,"mmiller@battelleecology.org","jbrown1@battelleecology.org",,
"671c3466-cdae-4372-9f7a-dcd99547a767","cbebf14b-bf6c-479b-97a8-95e8aa2880e8","OSBS_004.mammalGrid.mam","D03","OSBS","OSBS_004","C9","distributed","evergreenForest",29.682962,-81.958186,"WGS84",45.1,34.7,0.1,"6 - trap set and empty","ShermanLF","2018-10-30","2018-10-30",,,,,,,,,,,,,,,,,,,,,,,,,,,,,,,,,,,,,,,"mmiller@battelleecology.org","jbrown1@battelleecology.org",,
"5a5f4056-def3-4373-83e7-bc7eab1fa0c4","cbebf14b-bf6c-479b-97a8-95e8aa2880e8","OSBS_004.mammalGrid.mam","D03","OSBS","OSBS_004","F4","distributed","evergreenForest",29.682962,-81.958186,"WGS84",45.1,34.7,0.1,"6 - trap set and empty","ShermanLF","2018-10-30","2018-10-30",,,,,,,,,,,,,,,,,,,,,,,,,,,,,,,,,,,,,,,"mmiller@battelleecology.org","jbrown1@battelleecology.org",,
"570c524d-c798-42a9-a1d1-c063898c7b60","cbebf14b-bf6c-479b-97a8-95e8aa2880e8","OSBS_004.mammalGrid.mam","D03","OSBS","OSBS_004","F9","distributed","evergreenForest",29.682962,-81.958186,"WGS84",45.1,34.7,0.1,"6 - trap set and empty","ShermanLF","2018-10-30","2018-10-30",,,,,,,,,,,,,,,,,,,,,,,,,,,,,,,,,,,,,,,"mmiller@battelleecology.org","jbrown1@battelleecology.org",,
"84e417fa-199e-4bb8-b41d-8376b167dac8","cbebf14b-bf6c-479b-97a8-95e8aa2880e8","OSBS_004.mammalGrid.mam","D03","OSBS","OSBS_004","D4","distributed","evergreenForest",29.682962,-81.958186,"WGS84",45.1,34.7,0.1,"6 - trap set and empty","ShermanLF","2018-10-30","2018-10-30",,,,,,,,,,,,,,,,,,,,,,,,,,,,,,,,,,,,,,,"mmiller@battelleecology.org","jbrown1@battelleecology.org",,
"09168b10-3c9d-4a66-a22a-8759bec69867","cbebf14b-bf6c-479b-97a8-95e8aa2880e8","OSBS_004.mammalGrid.mam","D03","OSBS","OSBS_004","A8","distributed","evergreenForest",29.682962,-81.958186,"WGS84",45.1,34.7,0.1,"6 - trap set and empty","ShermanLF","2018-10-30","2018-10-30",,,,,,,,,,,,,,,,,,,,,,,,,,,,,,,,,,,,,,,"mmiller@battelleecology.org","jbrown1@battelleecology.org",,
"8e9765ba-ea30-4aba-b6d1-bb6ec21e811c","cbebf14b-bf6c-479b-97a8-95e8aa2880e8","OSBS_004.mammalGrid.mam","D03","OSBS","OSBS_004","F10","distributed","evergreenForest",29.682962,-81.958186,"WGS84",45.1,34.7,0.1,"6 - trap set and empty","ShermanLF","2018-10-30","2018-10-30",,,,,,,,,,,,,,,,,,,,,,,,,,,,,,,,,,,,,,,"mmiller@battelleecology.org","jbrown1@battelleecology.org",,
"d19eae7f-3fd9-463e-b4e4-3e56dcb5f486","cbebf14b-bf6c-479b-97a8-95e8aa2880e8","OSBS_004.mammalGrid.mam","D03","OSBS","OSBS_004","H1","distributed","evergreenForest",29.682962,-81.958186,"WGS84",45.1,34.7,0.1,"6 - trap set and empty","ShermanLF","2018-10-30","2018-10-30",,,,,,,,,,,,,,,,,,,,,,,,,,,,,,,,,,,,,,,"mmiller@battelleecology.org","jbrown1@battelleecology.org",,
"5382dbf8-f72c-48b4-a360-a968f5db706b","cbebf14b-bf6c-479b-97a8-95e8aa2880e8","OSBS_004.mammalGrid.mam","D03","OSBS","OSBS_004","D3","distributed","evergreenForest",29.682962,-81.958186,"WGS84",45.1,34.7,0.1,"6 - trap set and empty","ShermanLF","2018-10-30","2018-10-30",,,,,,,,,,,,,,,,,,,,,,,,,,,,,,,,,,,,,,,"mmiller@battelleecology.org","jbrown1@battelleecology.org",,
"9e99a074-0663-4467-818b-20334e3b57ec","cbebf14b-bf6c-479b-97a8-95e8aa2880e8","OSBS_004.mammalGrid.mam","D03","OSBS","OSBS_004","J9","distributed","evergreenForest",29.682962,-81.958186,"WGS84",45.1,34.7,0.1,"6 - trap set and empty","ShermanLF","2018-10-30","2018-10-30",,,,,,,,,,,,,,,,,,,,,,,,,,,,,,,,,,,,,,,"mmiller@battelleecology.org","jbrown1@battelleecology.org",,
"a3ac8c5f-4ac6-419b-b2e7-f0dc0effa9fe","cbebf14b-bf6c-479b-97a8-95e8aa2880e8","OSBS_004.mammalGrid.mam","D03","OSBS","OSBS_004","F6","distributed","evergreenForest",29.682962,-81.958186,"WGS84",45.1,34.7,0.1,"6 - trap set and empty","ShermanLF","2018-10-30","2018-10-30",,,,,,,,,,,,,,,,,,,,,,,,,,,,,,,,,,,,,,,"mmiller@battelleecology.org","jbrown1@battelleecology.org",,
"71e1a40f-a95f-4509-83b6-dc4fcafb7ce2","cbebf14b-bf6c-479b-97a8-95e8aa2880e8","OSBS_004.mammalGrid.mam","D03","OSBS","OSBS_004","J6","distributed","evergreenForest",29.682962,-81.958186,"WGS84",45.1,34.7,0.1,"1 - trap not set","ShermanLF","2018-10-30","2018-10-30",,,,,,,,,,,,,,,,,,,,,,,,,,,,,,,,,,,,,,,"mmiller@battelleecology.org","jbrown1@battelleecology.org",,
"11db2464-1ef5-456c-bf52-a1f6aa3e9243","cbebf14b-bf6c-479b-97a8-95e8aa2880e8","OSBS_004.mammalGrid.mam","D03","OSBS","OSBS_004","B7","distributed","evergreenForest",29.682962,-81.958186,"WGS84",45.1,34.7,0.1,"6 - trap set and empty","ShermanLF","2018-10-30","2018-10-30",,,,,,,,,,,,,,,,,,,,,,,,,,,,,,,,,,,,,,,"mmiller@battelleecology.org","jbrown1@battelleecology.org",,
"ef9dc8cd-f956-4e68-a34a-be2438719f08","cbebf14b-bf6c-479b-97a8-95e8aa2880e8","OSBS_004.mammalGrid.mam","D03","OSBS","OSBS_004","C2","distributed","evergreenForest",29.682962,-81.958186,"WGS84",45.1,34.7,0.1,"6 - trap set and empty","ShermanLF","2018-10-30","2018-10-30",,,,,,,,,,,,,,,,,,,,,,,,,,,,,,,,,,,,,,,"mmiller@battelleecology.org","jbrown1@battelleecology.org",,
"37f4cc92-e35c-4a54-8a19-a8c1034e9eaa","cbebf14b-bf6c-479b-97a8-95e8aa2880e8","OSBS_004.mammalGrid.mam","D03","OSBS","OSBS_004","G8","distributed","evergreenForest",29.682962,-81.958186,"WGS84",45.1,34.7,0.1,"6 - trap set and empty","ShermanLF","2018-10-30","2018-10-30",,,,,,,,,,,,,,,,,,,,,,,,,,,,,,,,,,,,,,,"mmiller@battelleecology.org","jbrown1@battelleecology.org",,
"1d8e035f-c9de-4889-923e-82ff4e2b63f2","cbebf14b-bf6c-479b-97a8-95e8aa2880e8","OSBS_004.mammalGrid.mam","D03","OSBS","OSBS_004","E4","distributed","evergreenForest",29.682962,-81.958186,"WGS84",45.1,34.7,0.1,"6 - trap set and empty","ShermanLF","2018-10-30","2018-10-30",,,,,,,,,,,,,,,,,,,,,,,,,,,,,,,,,,,,,,,"mmiller@battelleecology.org","jbrown1@battelleecology.org",,
"bc3e4606-c8e9-4ae4-be7a-ee623ddf0656","cbebf14b-bf6c-479b-97a8-95e8aa2880e8","OSBS_004.mammalGrid.mam","D03","OSBS","OSBS_004","D8","distributed","evergreenForest",29.682962,-81.958186,"WGS84",45.1,34.7,0.1,"6 - trap set and empty","ShermanLF","2018-10-30","2018-10-30",,,,,,,,,,,,,,,,,,,,,,,,,,,,,,,,,,,,,,,"mmiller@battelleecology.org","jbrown1@battelleecology.org",,
"d83a5d84-f1d3-4b63-b111-283000620135","cbebf14b-bf6c-479b-97a8-95e8aa2880e8","OSBS_004.mammalGrid.mam","D03","OSBS","OSBS_004","C6","distributed","evergreenForest",29.682962,-81.958186,"WGS84",45.1,34.7,0.1,"6 - trap set and empty","ShermanLF","2018-10-30","2018-10-30",,,,,,,,,,,,,,,,,,,,,,,,,,,,,,,,,,,,,,,"mmiller@battelleecology.org","jbrown1@battelleecology.org",,
"ac8e3c98-0c9f-4165-8629-e6fe4a3827dc","cbebf14b-bf6c-479b-97a8-95e8aa2880e8","OSBS_004.mammalGrid.mam","D03","OSBS","OSBS_004","B9","distributed","evergreenForest",29.682962,-81.958186,"WGS84",45.1,34.7,0.1,"6 - trap set and empty","ShermanLF","2018-10-30","2018-10-30",,,,,,,,,,,,,,,,,,,,,,,,,,,,,,,,,,,,,,,"mmiller@battelleecology.org","jbrown1@battelleecology.org",,
"0105f319-3735-491d-9a5c-7e1b1715be25","cbebf14b-bf6c-479b-97a8-95e8aa2880e8","OSBS_004.mammalGrid.mam","D03","OSBS","OSBS_004","G6","distributed","evergreenForest",29.682962,-81.958186,"WGS84",45.1,34.7,0.1,"6 - trap set and empty","ShermanLF","2018-10-30","2018-10-30",,,,,,,,,,,,,,,,,,,,,,,,,,,,,,,,,,,,,,,"mmiller@battelleecology.org","jbrown1@battelleecology.org",,
"2f4c1a88-7eb6-401d-81e1-2dbe3f201c13","cbebf14b-bf6c-479b-97a8-95e8aa2880e8","OSBS_004.mammalGrid.mam","D03","OSBS","OSBS_004","B8","distributed","evergreenForest",29.682962,-81.958186,"WGS84",45.1,34.7,0.1,"6 - trap set and empty","ShermanLF","2018-10-30","2018-10-30",,,,,,,,,,,,,,,,,,,,,,,,,,,,,,,,,,,,,,,"mmiller@battelleecology.org","jbrown1@battelleecology.org",,
"421d39ec-1482-42ce-ab21-8d3ea7602ff9","cbebf14b-bf6c-479b-97a8-95e8aa2880e8","OSBS_004.mammalGrid.mam","D03","OSBS","OSBS_004","D6","distributed","evergreenForest",29.682962,-81.958186,"WGS84",45.1,34.7,0.1,"6 - trap set and empty","ShermanLF","2018-10-30","2018-10-30",,,,,,,,,,,,,,,,,,,,,,,,,,,,,,,,,,,,,,,"mmiller@battelleecology.org","jbrown1@battelleecology.org",,
"a28efaa7-e47b-4fee-8e38-64e88471e192","cbebf14b-bf6c-479b-97a8-95e8aa2880e8","OSBS_004.mammalGrid.mam","D03","OSBS","OSBS_004","E7","distributed","evergreenForest",29.682962,-81.958186,"WGS84",45.1,34.7,0.1,"6 - trap set and empty","ShermanLF","2018-10-30","2018-10-30",,,,,,,,,,,,,,,,,,,,,,,,,,,,,,,,,,,,,,,"mmiller@battelleecology.org","jbrown1@battelleecology.org",,
"afb1c86b-70f4-452d-98fb-f5e2b2447251","cbebf14b-bf6c-479b-97a8-95e8aa2880e8","OSBS_004.mammalGrid.mam","D03","OSBS","OSBS_004","I4","distributed","evergreenForest",29.682962,-81.958186,"WGS84",45.1,34.7,0.1,"6 - trap set and empty","ShermanLF","2018-10-30","2018-10-30",,,,,,,,,,,,,,,,,,,,,,,,,,,,,,,,,,,,,,,"mmiller@battelleecology.org","jbrown1@battelleecology.org",,
"2b753c3c-7efd-4b54-bbf9-75ba6a4183e1","cbebf14b-bf6c-479b-97a8-95e8aa2880e8","OSBS_004.mammalGrid.mam","D03","OSBS","OSBS_004","I10","distributed","evergreenForest",29.682962,-81.958186,"WGS84",45.1,34.7,0.1,"6 - trap set and empty","ShermanLF","2018-10-30","2018-10-30",,,,,,,,,,,,,,,,,,,,,,,,,,,,,,,,,,,,,,,"mmiller@battelleecology.org","jbrown1@battelleecology.org",,
"adb96cd9-bf81-454d-8534-ce2d123f3bea","cbebf14b-bf6c-479b-97a8-95e8aa2880e8","OSBS_004.mammalGrid.mam","D03","OSBS","OSBS_004","E1","distributed","evergreenForest",29.682962,-81.958186,"WGS84",45.1,34.7,0.1,"6 - trap set and empty","ShermanLF","2018-10-30","2018-10-30",,,,,,,,,,,,,,,,,,,,,,,,,,,,,,,,,,,,,,,"mmiller@battelleecology.org","jbrown1@battelleecology.org",,
"1548eed5-e388-4ed4-aa09-c4b7e5a04bff","cbebf14b-bf6c-479b-97a8-95e8aa2880e8","OSBS_004.mammalGrid.mam","D03","OSBS","OSBS_004","F1","distributed","evergreenForest",29.682962,-81.958186,"WGS84",45.1,34.7,0.1,"6 - trap set and empty","ShermanLF","2018-10-30","2018-10-30",,,,,,,,,,,,,,,,,,,,,,,,,,,,,,,,,,,,,,,"mmiller@battelleecology.org","jbrown1@battelleecology.org",,
"36fd0b68-e686-4be9-ae96-759029d1a5a1","cbebf14b-bf6c-479b-97a8-95e8aa2880e8","OSBS_004.mammalGrid.mam","D03","OSBS","OSBS_004","F5","distributed","evergreenForest",29.682962,-81.958186,"WGS84",45.1,34.7,0.1,"6 - trap set and empty","ShermanLF","2018-10-30","2018-10-30",,,,,,,,,,,,,,,,,,,,,,,,,,,,,,,,,,,,,,,"mmiller@battelleecology.org","jbrown1@battelleecology.org",,
"a03ec7a9-c830-4a24-85f1-aaf4185c07e7","cbebf14b-bf6c-479b-97a8-95e8aa2880e8","OSBS_004.mammalGrid.mam","D03","OSBS","OSBS_004","A6","distributed","evergreenForest",29.682962,-81.958186,"WGS84",45.1,34.7,0.1,"6 - trap set and empty","ShermanLF","2018-10-30","2018-10-30",,,,,,,,,,,,,,,,,,,,,,,,,,,,,,,,,,,,,,,"mmiller@battelleecology.org","jbrown1@battelleecology.org",,
"295f1d0b-7405-49f3-8c8c-0a79d4745cb9","cbebf14b-bf6c-479b-97a8-95e8aa2880e8","OSBS_004.mammalGrid.mam","D03","OSBS","OSBS_004","H3","distributed","evergreenForest",29.682962,-81.958186,"WGS84",45.1,34.7,0.1,"5 - capture","ShermanLF","2018-10-30","2018-10-30","NEON.MAM.D03.O004H320181030",,"GLVO","Glaucomys volans","species",,,"N","U","U","nontarget",,"adult",,,,,,,,,,"U","U","U",,,,,,,,,,,,,,"mmiller@battelleecology.org","jbrown1@battelleecology.org",,
"c9e7ed9d-edd7-4089-9ab8-e60536eba03c","cbebf14b-bf6c-479b-97a8-95e8aa2880e8","OSBS_004.mammalGrid.mam","D03","OSBS","OSBS_004","I9","distributed","evergreenForest",29.682962,-81.958186,"WGS84",45.1,34.7,0.1,"6 - trap set and empty","ShermanLF","2018-10-30","2018-10-30",,,,,,,,,,,,,,,,,,,,,,,,,,,,,,,,,,,,,,,"mmiller@battelleecology.org","jbrown1@battelleecology.org",,
"9d3f8dce-ad5b-4922-a483-031562088638","cbebf14b-bf6c-479b-97a8-95e8aa2880e8","OSBS_004.mammalGrid.mam","D03","OSBS","OSBS_004","E8","distributed","evergreenForest",29.682962,-81.958186,"WGS84",45.1,34.7,0.1,"6 - trap set and empty","ShermanLF","2018-10-30","2018-10-30",,,,,,,,,,,,,,,,,,,,,,,,,,,,,,,,,,,,,,,"mmiller@battelleecology.org","jbrown1@battelleecology.org",,
"5595050e-be3d-4db9-ac74-4e2586c1feb5","cbebf14b-bf6c-479b-97a8-95e8aa2880e8","OSBS_004.mammalGrid.mam","D03","OSBS","OSBS_004","F8","distributed","evergreenForest",29.682962,-81.958186,"WGS84",45.1,34.7,0.1,"6 - trap set and empty","ShermanLF","2018-10-30","2018-10-30",,,,,,,,,,,,,,,,,,,,,,,,,,,,,,,,,,,,,,,"mmiller@battelleecology.org","jbrown1@battelleecology.org",,
"8dea4618-8d2e-45bb-9c7a-e3fcd9e001af","cbebf14b-bf6c-479b-97a8-95e8aa2880e8","OSBS_004.mammalGrid.mam","D03","OSBS","OSBS_004","E3","distributed","evergreenForest",29.682962,-81.958186,"WGS84",45.1,34.7,0.1,"6 - trap set and empty","ShermanLF","2018-10-30","2018-10-30",,,,,,,,,,,,,,,,,,,,,,,,,,,,,,,,,,,,,,,"mmiller@battelleecology.org","jbrown1@battelleecology.org",,
"f8a41c4e-0d50-4c4a-a72c-7b7198218696","cbebf14b-bf6c-479b-97a8-95e8aa2880e8","OSBS_004.mammalGrid.mam","D03","OSBS","OSBS_004","H2","distributed","evergreenForest",29.682962,-81.958186,"WGS84",45.1,34.7,0.1,"6 - trap set and empty","ShermanLF","2018-10-30","2018-10-30",,,,,,,,,,,,,,,,,,,,,,,,,,,,,,,,,,,,,,,"mmiller@battelleecology.org","jbrown1@battelleecology.org",,
"91a73236-75a2-416c-b0ff-34ee78a5d6e2","cbebf14b-bf6c-479b-97a8-95e8aa2880e8","OSBS_004.mammalGrid.mam","D03","OSBS","OSBS_004","A4","distributed","evergreenForest",29.682962,-81.958186,"WGS84",45.1,34.7,0.1,"6 - trap set and empty","ShermanLF","2018-10-30","2018-10-30",,,,,,,,,,,,,,,,,,,,,,,,,,,,,,,,,,,,,,,"mmiller@battelleecology.org","jbrown1@battelleecology.org",,
"9c2fb445-2e1b-4eb3-93b0-9c592c164dbb","cbebf14b-bf6c-479b-97a8-95e8aa2880e8","OSBS_004.mammalGrid.mam","D03","OSBS","OSBS_004","G1","distributed","evergreenForest",29.682962,-81.958186,"WGS84",45.1,34.7,0.1,"6 - trap set and empty","ShermanLF","2018-10-30","2018-10-30",,,,,,,,,,,,,,,,,,,,,,,,,,,,,,,,,,,,,,,"mmiller@battelleecology.org","jbrown1@battelleecology.org",,
"3128ff26-7f09-4019-9a3c-27ade70cbfd0","cbebf14b-bf6c-479b-97a8-95e8aa2880e8","OSBS_004.mammalGrid.mam","D03","OSBS","OSBS_004","D1","distributed","evergreenForest",29.682962,-81.958186,"WGS84",45.1,34.7,0.1,"6 - trap set and empty","ShermanLF","2018-10-30","2018-10-30",,,,,,,,,,,,,,,,,,,,,,,,,,,,,,,,,,,,,,,"mmiller@battelleecology.org","jbrown1@battelleecology.org",,
"4b132743-4cd2-4a20-bf1a-bf19ab054c83","cbebf14b-bf6c-479b-97a8-95e8aa2880e8","OSBS_004.mammalGrid.mam","D03","OSBS","OSBS_004","C3","distributed","evergreenForest",29.682962,-81.958186,"WGS84",45.1,34.7,0.1,"6 - trap set and empty","ShermanLF","2018-10-30","2018-10-30",,,,,,,,,,,,,,,,,,,,,,,,,,,,,,,,,,,,,,,"mmiller@battelleecology.org","jbrown1@battelleecology.org",,
"64fe90f7-1ab5-4482-bdc2-f8e7e55e7f42","cbebf14b-bf6c-479b-97a8-95e8aa2880e8","OSBS_004.mammalGrid.mam","D03","OSBS","OSBS_004","C8","distributed","evergreenForest",29.682962,-81.958186,"WGS84",45.1,34.7,0.1,"6 - trap set and empty","ShermanLF","2018-10-30","2018-10-30",,,,,,,,,,,,,,,,,,,,,,,,,,,,,,,,,,,,,,,"mmiller@battelleecology.org","jbrown1@battelleecology.org",,
"a7a258a5-ff10-4f86-9c7c-098ab94217b8","cbebf14b-bf6c-479b-97a8-95e8aa2880e8","OSBS_004.mammalGrid.mam","D03","OSBS","OSBS_004","I2","distributed","evergreenForest",29.682962,-81.958186,"WGS84",45.1,34.7,0.1,"6 - trap set and empty","ShermanLF","2018-10-30","2018-10-30",,,,,,,,,,,,,,,,,,,,,,,,,,,,,,,,,,,,,,,"mmiller@battelleecology.org","jbrown1@battelleecology.org",,
"ff35a9ad-aab5-46a4-8149-6f11fc7ece09","cbebf14b-bf6c-479b-97a8-95e8aa2880e8","OSBS_004.mammalGrid.mam","D03","OSBS","OSBS_004","G10","distributed","evergreenForest",29.682962,-81.958186,"WGS84",45.1,34.7,0.1,"6 - trap set and empty","ShermanLF","2018-10-30","2018-10-30",,,,,,,,,,,,,,,,,,,,,,,,,,,,,,,,,,,,,,,"mmiller@battelleecology.org","jbrown1@battelleecology.org",,
"3eca407a-b56a-4cda-b4cb-691f2de2af13","cbebf14b-bf6c-479b-97a8-95e8aa2880e8","OSBS_004.mammalGrid.mam","D03","OSBS","OSBS_004","A1","distributed","evergreenForest",29.682962,-81.958186,"WGS84",45.1,34.7,0.1,"6 - trap set and empty","ShermanLF","2018-10-30","2018-10-30",,,,,,,,,,,,,,,,,,,,,,,,,,,,,,,,,,,,,,,"mmiller@battelleecology.org","jbrown1@battelleecology.org",,
"c88c42f5-e16a-4a66-af08-6064477dddf9","cbebf14b-bf6c-479b-97a8-95e8aa2880e8","OSBS_004.mammalGrid.mam","D03","OSBS","OSBS_004","H6","distributed","evergreenForest",29.682962,-81.958186,"WGS84",45.1,34.7,0.1,"6 - trap set and empty","ShermanLF","2018-10-30","2018-10-30",,,,,,,,,,,,,,,,,,,,,,,,,,,,,,,,,,,,,,,"mmiller@battelleecology.org","jbrown1@battelleecology.org",,
"17d29d12-d69f-4794-9e20-2e755b097f77","cbebf14b-bf6c-479b-97a8-95e8aa2880e8","OSBS_004.mammalGrid.mam","D03","OSBS","OSBS_004","E5","distributed","evergreenForest",29.682962,-81.958186,"WGS84",45.1,34.7,0.1,"6 - trap set and empty","ShermanLF","2018-10-30","2018-10-30",,,,,,,,,,,,,,,,,,,,,,,,,,,,,,,,,,,,,,,"mmiller@battelleecology.org","jbrown1@battelleecology.org",,
"1ee10c72-ce7f-41fe-ab70-353cf20afbeb","cbebf14b-bf6c-479b-97a8-95e8aa2880e8","OSBS_004.mammalGrid.mam","D03","OSBS","OSBS_004","E2","distributed","evergreenForest",29.682962,-81.958186,"WGS84",45.1,34.7,0.1,"6 - trap set and empty","ShermanLF","2018-10-30","2018-10-30",,,,,,,,,,,,,,,,,,,,,,,,,,,,,,,,,,,,,,,"mmiller@battelleecology.org","jbrown1@battelleecology.org",,
"37c93542-3b11-4f68-bc30-c84f754ffa62","1fca5966-84eb-4fde-9b52-06806b03ebc3","OSBS_004.mammalGrid.mam","D03","OSBS","OSBS_004","B10","distributed","evergreenForest",29.682962,-81.958186,"WGS84",45.1,34.7,0.1,"6 - trap set and empty","ShermanLF","2018-10-31","2018-10-31",,,,,,,,,,,,,,,,,,,,,,,,,,,,,,,,,,,,,,,"smatlick@battelleecology.org","smatlick@battelleecology.org",,
"f005d8fe-20e5-43eb-a9c4-9be6cd22c464","1fca5966-84eb-4fde-9b52-06806b03ebc3","OSBS_004.mammalGrid.mam","D03","OSBS","OSBS_004","D8","distributed","evergreenForest",29.682962,-81.958186,"WGS84",45.1,34.7,0.1,"6 - trap set and empty","ShermanLF","2018-10-31","2018-10-31",,,,,,,,,,,,,,,,,,,,,,,,,,,,,,,,,,,,,,,"smatlick@battelleecology.org","smatlick@battelleecology.org",,
"193d0039-b53a-440a-aa46-a2af0a4f604d","1fca5966-84eb-4fde-9b52-06806b03ebc3","OSBS_004.mammalGrid.mam","D03","OSBS","OSBS_004","A10","distributed","evergreenForest",29.682962,-81.958186,"WGS84",45.1,34.7,0.1,"6 - trap set and empty","ShermanLF","2018-10-31","2018-10-31",,,,,,,,,,,,,,,,,,,,,,,,,,,,,,,,,,,,,,,"smatlick@battelleecology.org","smatlick@battelleecology.org",,
"96ac98ed-ac35-495b-88f8-1871970019f4","1fca5966-84eb-4fde-9b52-06806b03ebc3","OSBS_004.mammalGrid.mam","D03","OSBS","OSBS_004","E7","distributed","evergreenForest",29.682962,-81.958186,"WGS84",45.1,34.7,0.1,"6 - trap set and empty","ShermanLF","2018-10-31","2018-10-31",,,,,,,,,,,,,,,,,,,,,,,,,,,,,,,,,,,,,,,"smatlick@battelleecology.org","smatlick@battelleecology.org",,
"0c8fea03-1012-4f2a-b622-fad4d5d96885","1fca5966-84eb-4fde-9b52-06806b03ebc3","OSBS_004.mammalGrid.mam","D03","OSBS","OSBS_004","C1","distributed","evergreenForest",29.682962,-81.958186,"WGS84",45.1,34.7,0.1,"6 - trap set and empty","ShermanLF","2018-10-31","2018-10-31",,,,,,,,,,,,,,,,,,,,,,,,,,,,,,,,,,,,,,,"smatlick@battelleecology.org","smatlick@battelleecology.org",,
"61d01fd1-c16d-4905-9483-681f94600f34","1fca5966-84eb-4fde-9b52-06806b03ebc3","OSBS_004.mammalGrid.mam","D03","OSBS","OSBS_004","I2","distributed","evergreenForest",29.682962,-81.958186,"WGS84",45.1,34.7,0.1,"2 - trap disturbed/door closed but empty","ShermanLF","2018-10-31","2018-10-31",,,,,,,,,,,,,,,,,,,,,,,,,,,,,,,,,,,,,,,"smatlick@battelleecology.org","smatlick@battelleecology.org",,
"099f9203-8ca7-4f29-98c5-7fb9694c37ca","1fca5966-84eb-4fde-9b52-06806b03ebc3","OSBS_004.mammalGrid.mam","D03","OSBS","OSBS_004","E1","distributed","evergreenForest",29.682962,-81.958186,"WGS84",45.1,34.7,0.1,"6 - trap set and empty","ShermanLF","2018-10-31","2018-10-31",,,,,,,,,,,,,,,,,,,,,,,,,,,,,,,,,,,,,,,"smatlick@battelleecology.org","smatlick@battelleecology.org",,
"d9b637c8-19c5-4e84-adee-57127ca779c4","1fca5966-84eb-4fde-9b52-06806b03ebc3","OSBS_004.mammalGrid.mam","D03","OSBS","OSBS_004","C9","distributed","evergreenForest",29.682962,-81.958186,"WGS84",45.1,34.7,0.1,"6 - trap set and empty","ShermanLF","2018-10-31","2018-10-31",,,,,,,,,,,,,,,,,,,,,,,,,,,,,,,,,,,,,,,"smatlick@battelleecology.org","smatlick@battelleecology.org",,
"5558871b-29e4-4da7-b2b3-496182ad4d03","1fca5966-84eb-4fde-9b52-06806b03ebc3","OSBS_004.mammalGrid.mam","D03","OSBS","OSBS_004","F4","distributed","evergreenForest",29.682962,-81.958186,"WGS84",45.1,34.7,0.1,"2 - trap disturbed/door closed but empty","ShermanLF","2018-10-31","2018-10-31",,,,,,,,,,,,,,,,,,,,,,,,,,,,,,,,,,,,,,,"smatlick@battelleecology.org","smatlick@battelleecology.org",,
"cbacb03c-33a0-4e37-bb33-e554382ee6d2","1fca5966-84eb-4fde-9b52-06806b03ebc3","OSBS_004.mammalGrid.mam","D03","OSBS","OSBS_004","B9","distributed","evergreenForest",29.682962,-81.958186,"WGS84",45.1,34.7,0.1,"6 - trap set and empty","ShermanLF","2018-10-31","2018-10-31",,,,,,,,,,,,,,,,,,,,,,,,,,,,,,,,,,,,,,,"smatlick@battelleecology.org","smatlick@battelleecology.org",,
"05946861-da37-48a5-921a-dfc4630afe27","1fca5966-84eb-4fde-9b52-06806b03ebc3","OSBS_004.mammalGrid.mam","D03","OSBS","OSBS_004","H5","distributed","evergreenForest",29.682962,-81.958186,"WGS84",45.1,34.7,0.1,"6 - trap set and empty","ShermanLF","2018-10-31","2018-10-31",,,,,,,,,,,,,,,,,,,,,,,,,,,,,,,,,,,,,,,"smatlick@battelleecology.org","smatlick@battelleecology.org",,
"09942af0-d02d-4cd3-9c6d-e7b03b7da7f1","1fca5966-84eb-4fde-9b52-06806b03ebc3","OSBS_004.mammalGrid.mam","D03","OSBS","OSBS_004","C4","distributed","evergreenForest",29.682962,-81.958186,"WGS84",45.1,34.7,0.1,"6 - trap set and empty","ShermanLF","2018-10-31","2018-10-31",,,,,,,,,,,,,,,,,,,,,,,,,,,,,,,,,,,,,,,"smatlick@battelleecology.org","smatlick@battelleecology.org",,
"532e69c3-a0a1-408f-a4a3-3beff78de4d8","1fca5966-84eb-4fde-9b52-06806b03ebc3","OSBS_004.mammalGrid.mam","D03","OSBS","OSBS_004","C6","distributed","evergreenForest",29.682962,-81.958186,"WGS84",45.1,34.7,0.1,"6 - trap set and empty","ShermanLF","2018-10-31","2018-10-31",,,,,,,,,,,,,,,,,,,,,,,,,,,,,,,,,,,,,,,"smatlick@battelleecology.org","smatlick@battelleecology.org",,
"c5600cc4-35b7-4982-b5f0-1049d3e37b65","1fca5966-84eb-4fde-9b52-06806b03ebc3","OSBS_004.mammalGrid.mam","D03","OSBS","OSBS_004","G1","distributed","evergreenForest",29.682962,-81.958186,"WGS84",45.1,34.7,0.1,"6 - trap set and empty","ShermanLF","2018-10-31","2018-10-31",,,,,,,,,,,,,,,,,,,,,,,,,,,,,,,,,,,,,,,"smatlick@battelleecology.org","smatlick@battelleecology.org",,
"2bddaedd-82df-449c-82ed-3d6700151105","1fca5966-84eb-4fde-9b52-06806b03ebc3","OSBS_004.mammalGrid.mam","D03","OSBS","OSBS_004","A4","distributed","evergreenForest",29.682962,-81.958186,"WGS84",45.1,34.7,0.1,"6 - trap set and empty","ShermanLF","2018-10-31","2018-10-31",,,,,,,,,,,,,,,,,,,,,,,,,,,,,,,,,,,,,,,"smatlick@battelleecology.org","smatlick@battelleecology.org",,
"716dce5d-5788-453e-9031-f1ac3034c627","1fca5966-84eb-4fde-9b52-06806b03ebc3","OSBS_004.mammalGrid.mam","D03","OSBS","OSBS_004","H3","distributed","evergreenForest",29.682962,-81.958186,"WGS84",45.1,34.7,0.1,"6 - trap set and empty","ShermanLF","2018-10-31","2018-10-31",,,,,,,,,,,,,,,,,,,,,,,,,,,,,,,,,,,,,,,"smatlick@battelleecology.org","smatlick@battelleecology.org",,
"bf31996e-ea93-4c82-b9fc-31440710eb8c","1fca5966-84eb-4fde-9b52-06806b03ebc3","OSBS_004.mammalGrid.mam","D03","OSBS","OSBS_004","E6","distributed","evergreenForest",29.682962,-81.958186,"WGS84",45.1,34.7,0.1,"6 - trap set and empty","ShermanLF","2018-10-31","2018-10-31",,,,,,,,,,,,,,,,,,,,,,,,,,,,,,,,,,,,,,,"smatlick@battelleecology.org","smatlick@battelleecology.org",,
"1841993e-cee0-4234-8044-8bd39fb08887","1fca5966-84eb-4fde-9b52-06806b03ebc3","OSBS_004.mammalGrid.mam","D03","OSBS","OSBS_004","B1","distributed","evergreenForest",29.682962,-81.958186,"WGS84",45.1,34.7,0.1,"6 - trap set and empty","ShermanLF","2018-10-31","2018-10-31",,,,,,,,,,,,,,,,,,,,,,,,,,,,,,,,,,,,,,,"smatlick@battelleecology.org","smatlick@battelleecology.org",,
"25e5c857-ae83-4fc8-9dd9-a33e4df16d9f","1fca5966-84eb-4fde-9b52-06806b03ebc3","OSBS_004.mammalGrid.mam","D03","OSBS","OSBS_004","D5","distributed","evergreenForest",29.682962,-81.958186,"WGS84",45.1,34.7,0.1,"6 - trap set and empty","ShermanLF","2018-10-31","2018-10-31",,,,,,,,,,,,,,,,,,,,,,,,,,,,,,,,,,,,,,,"smatlick@battelleecology.org","smatlick@battelleecology.org",,
"48fe6fed-db9d-4b61-be19-8ce0ed220629","1fca5966-84eb-4fde-9b52-06806b03ebc3","OSBS_004.mammalGrid.mam","D03","OSBS","OSBS_004","E3","distributed","evergreenForest",29.682962,-81.958186,"WGS84",45.1,34.7,0.1,"6 - trap set and empty","ShermanLF","2018-10-31","2018-10-31",,,,,,,,,,,,,,,,,,,,,,,,,,,,,,,,,,,,,,,"smatlick@battelleecology.org","smatlick@battelleecology.org",,
"0abd2967-f0d4-4393-80e7-1f7af30625e9","1fca5966-84eb-4fde-9b52-06806b03ebc3","OSBS_004.mammalGrid.mam","D03","OSBS","OSBS_004","E8","distributed","evergreenForest",29.682962,-81.958186,"WGS84",45.1,34.7,0.1,"6 - trap set and empty","ShermanLF","2018-10-31","2018-10-31",,,,,,,,,,,,,,,,,,,,,,,,,,,,,,,,,,,,,,,"smatlick@battelleecology.org","smatlick@battelleecology.org",,
"aebad955-1f4d-448d-a825-1f9ff457477a","1fca5966-84eb-4fde-9b52-06806b03ebc3","OSBS_004.mammalGrid.mam","D03","OSBS","OSBS_004","H2","distributed","evergreenForest",29.682962,-81.958186,"WGS84",45.1,34.7,0.1,"6 - trap set and empty","ShermanLF","2018-10-31","2018-10-31",,,,,,,,,,,,,,,,,,,,,,,,,,,,,,,,,,,,,,,"smatlick@battelleecology.org","smatlick@battelleecology.org",,
"44d6d746-898c-4c36-a762-e8837efe0ad2","1fca5966-84eb-4fde-9b52-06806b03ebc3","OSBS_004.mammalGrid.mam","D03","OSBS","OSBS_004","A2","distributed","evergreenForest",29.682962,-81.958186,"WGS84",45.1,34.7,0.1,"6 - trap set and empty","ShermanLF","2018-10-31","2018-10-31",,,,,,,,,,,,,,,,,,,,,,,,,,,,,,,,,,,,,,,"smatlick@battelleecology.org","smatlick@battelleecology.org",,
"6e98cf85-bec6-4484-8f94-1ff2cb6d812e","1fca5966-84eb-4fde-9b52-06806b03ebc3","OSBS_004.mammalGrid.mam","D03","OSBS","OSBS_004","B4","distributed","evergreenForest",29.682962,-81.958186,"WGS84",45.1,34.7,0.1,"6 - trap set and empty","ShermanLF","2018-10-31","2018-10-31",,,,,,,,,,,,,,,,,,,,,,,,,,,,,,,,,,,,,,,"smatlick@battelleecology.org","smatlick@battelleecology.org",,
"0d415625-2bab-4840-ac54-6f6972e01d28","1fca5966-84eb-4fde-9b52-06806b03ebc3","OSBS_004.mammalGrid.mam","D03","OSBS","OSBS_004","G8","distributed","evergreenForest",29.682962,-81.958186,"WGS84",45.1,34.7,0.1,"6 - trap set and empty","ShermanLF","2018-10-31","2018-10-31",,,,,,,,,,,,,,,,,,,,,,,,,,,,,,,,,,,,,,,"smatlick@battelleecology.org","smatlick@battelleecology.org",,
"3c602698-7821-49b8-bccd-61c7bff397e9","1fca5966-84eb-4fde-9b52-06806b03ebc3","OSBS_004.mammalGrid.mam","D03","OSBS","OSBS_004","H7","distributed","evergreenForest",29.682962,-81.958186,"WGS84",45.1,34.7,0.1,"6 - trap set and empty","ShermanLF","2018-10-31","2018-10-31",,,,,,,,,,,,,,,,,,,,,,,,,,,,,,,,,,,,,,,"smatlick@battelleecology.org","smatlick@battelleecology.org",,
"9b8494fb-d9ca-4ebe-a1d7-db1e6e2b99a0","1fca5966-84eb-4fde-9b52-06806b03ebc3","OSBS_004.mammalGrid.mam","D03","OSBS","OSBS_004","J9","distributed","evergreenForest",29.682962,-81.958186,"WGS84",45.1,34.7,0.1,"1 - trap not set","ShermanLF","2018-10-31","2018-10-31",,,,,,,,,,,,,,,,,,,,,,,,,,,,,,,,,,,,,,,"smatlick@battelleecology.org","smatlick@battelleecology.org",,
"0fcb94af-4666-4cd4-8399-7ee40170a500","1fca5966-84eb-4fde-9b52-06806b03ebc3","OSBS_004.mammalGrid.mam","D03","OSBS","OSBS_004","C8","distributed","evergreenForest",29.682962,-81.958186,"WGS84",45.1,34.7,0.1,"6 - trap set and empty","ShermanLF","2018-10-31","2018-10-31",,,,,,,,,,,,,,,,,,,,,,,,,,,,,,,,,,,,,,,"smatlick@battelleecology.org","smatlick@battelleecology.org",,
"c3edbec9-5083-4498-a743-2ca5d2c9b3ed","1fca5966-84eb-4fde-9b52-06806b03ebc3","OSBS_004.mammalGrid.mam","D03","OSBS","OSBS_004","G9","distributed","evergreenForest",29.682962,-81.958186,"WGS84",45.1,34.7,0.1,"6 - trap set and empty","ShermanLF","2018-10-31","2018-10-31",,,,,,,,,,,,,,,,,,,,,,,,,,,,,,,,,,,,,,,"smatlick@battelleecology.org","smatlick@battelleecology.org",,
"20973570-1ee7-410f-8091-7198a633e524","1fca5966-84eb-4fde-9b52-06806b03ebc3","OSBS_004.mammalGrid.mam","D03","OSBS","OSBS_004","H9","distributed","evergreenForest",29.682962,-81.958186,"WGS84",45.1,34.7,0.1,"6 - trap set and empty","ShermanLF","2018-10-31","2018-10-31",,,,,,,,,,,,,,,,,,,,,,,,,,,,,,,,,,,,,,,"smatlick@battelleecology.org","smatlick@battelleecology.org",,
"b7672e62-db85-4958-a69c-ee39fac21343","1fca5966-84eb-4fde-9b52-06806b03ebc3","OSBS_004.mammalGrid.mam","D03","OSBS","OSBS_004","E10","distributed","evergreenForest",29.682962,-81.958186,"WGS84",45.1,34.7,0.1,"6 - trap set and empty","ShermanLF","2018-10-31","2018-10-31",,,,,,,,,,,,,,,,,,,,,,,,,,,,,,,,,,,,,,,"smatlick@battelleecology.org","smatlick@battelleecology.org",,
"ec4ee474-0d3a-4c15-86f5-6def637f4f1a","1fca5966-84eb-4fde-9b52-06806b03ebc3","OSBS_004.mammalGrid.mam","D03","OSBS","OSBS_004","G6","distributed","evergreenForest",29.682962,-81.958186,"WGS84",45.1,34.7,0.1,"2 - trap disturbed/door closed but empty","ShermanLF","2018-10-31","2018-10-31",,,,,,,,,,,,,,,,,,,,,,,,,,,,,,,,,,,,,,,"smatlick@battelleecology.org","smatlick@battelleecology.org",,
"d44ec570-74a6-41a8-bdd3-b2ae535dc7c5","1fca5966-84eb-4fde-9b52-06806b03ebc3","OSBS_004.mammalGrid.mam","D03","OSBS","OSBS_004","I9","distributed","evergreenForest",29.682962,-81.958186,"WGS84",45.1,34.7,0.1,"6 - trap set and empty","ShermanLF","2018-10-31","2018-10-31",,,,,,,,,,,,,,,,,,,,,,,,,,,,,,,,,,,,,,,"smatlick@battelleecology.org","smatlick@battelleecology.org",,
"36dc5c3f-b538-4a61-af5e-4cfb496cdadb","1fca5966-84eb-4fde-9b52-06806b03ebc3","OSBS_004.mammalGrid.mam","D03","OSBS","OSBS_004","C3","distributed","evergreenForest",29.682962,-81.958186,"WGS84",45.1,34.7,0.1,"6 - trap set and empty","ShermanLF","2018-10-31","2018-10-31",,,,,,,,,,,,,,,,,,,,,,,,,,,,,,,,,,,,,,,"smatlick@battelleecology.org","smatlick@battelleecology.org",,
"59afe5eb-d38d-45c1-895a-1582e5a516c3","1fca5966-84eb-4fde-9b52-06806b03ebc3","OSBS_004.mammalGrid.mam","D03","OSBS","OSBS_004","H6","distributed","evergreenForest",29.682962,-81.958186,"WGS84",45.1,34.7,0.1,"2 - trap disturbed/door closed but empty","ShermanLF","2018-10-31","2018-10-31",,,,,,,,,,,,,,,,,,,,,,,,,,,,,,,,,,,,,,,"smatlick@battelleecology.org","smatlick@battelleecology.org",,
"708d3a4c-ab32-45a6-9856-c08264a2eecb","1fca5966-84eb-4fde-9b52-06806b03ebc3","OSBS_004.mammalGrid.mam","D03","OSBS","OSBS_004","I7","distributed","evergreenForest",29.682962,-81.958186,"WGS84",45.1,34.7,0.1,"6 - trap set and empty","ShermanLF","2018-10-31","2018-10-31",,,,,,,,,,,,,,,,,,,,,,,,,,,,,,,,,,,,,,,"smatlick@battelleecology.org","smatlick@battelleecology.org",,
"5b8cc046-6326-4c05-b05f-e7f0d119cf96","1fca5966-84eb-4fde-9b52-06806b03ebc3","OSBS_004.mammalGrid.mam","D03","OSBS","OSBS_004","C2","distributed","evergreenForest",29.682962,-81.958186,"WGS84",45.1,34.7,0.1,"6 - trap set and empty","ShermanLF","2018-10-31","2018-10-31",,,,,,,,,,,,,,,,,,,,,,,,,,,,,,,,,,,,,,,"smatlick@battelleecology.org","smatlick@battelleecology.org",,
"fa619860-c52c-4b25-b303-62dd4d8dfee7","1fca5966-84eb-4fde-9b52-06806b03ebc3","OSBS_004.mammalGrid.mam","D03","OSBS","OSBS_004","E9","distributed","evergreenForest",29.682962,-81.958186,"WGS84",45.1,34.7,0.1,"6 - trap set and empty","ShermanLF","2018-10-31","2018-10-31",,,,,,,,,,,,,,,,,,,,,,,,,,,,,,,,,,,,,,,"smatlick@battelleecology.org","smatlick@battelleecology.org",,
"2dc63803-7a29-4d9b-970b-2ddc3e32f7b9","1fca5966-84eb-4fde-9b52-06806b03ebc3","OSBS_004.mammalGrid.mam","D03","OSBS","OSBS_004","F7","distributed","evergreenForest",29.682962,-81.958186,"WGS84",45.1,34.7,0.1,"6 - trap set and empty","ShermanLF","2018-10-31","2018-10-31",,,,,,,,,,,,,,,,,,,,,,,,,,,,,,,,,,,,,,,"smatlick@battelleecology.org","smatlick@battelleecology.org",,
"421f3f4a-4eea-410b-9f80-853f66394caa","1fca5966-84eb-4fde-9b52-06806b03ebc3","OSBS_004.mammalGrid.mam","D03","OSBS","OSBS_004","A3","distributed","evergreenForest",29.682962,-81.958186,"WGS84",45.1,34.7,0.1,"6 - trap set and empty","ShermanLF","2018-10-31","2018-10-31",,,,,,,,,,,,,,,,,,,,,,,,,,,,,,,,,,,,,,,"smatlick@battelleecology.org","smatlick@battelleecology.org",,
"7dd6fba8-085a-4036-9930-156e3d3fb89d","1fca5966-84eb-4fde-9b52-06806b03ebc3","OSBS_004.mammalGrid.mam","D03","OSBS","OSBS_004","A1","distributed","evergreenForest",29.682962,-81.958186,"WGS84",45.1,34.7,0.1,"2 - trap disturbed/door closed but empty","ShermanLF","2018-10-31","2018-10-31",,,,,,,,,,,,,,,,,,,,,,,,,,,,,,,,,,,,,,,"smatlick@battelleecology.org","smatlick@battelleecology.org",,
"ed8bfddf-f76a-4630-96c1-6222475bc8fe","1fca5966-84eb-4fde-9b52-06806b03ebc3","OSBS_004.mammalGrid.mam","D03","OSBS","OSBS_004","I10","distributed","evergreenForest",29.682962,-81.958186,"WGS84",45.1,34.7,0.1,"6 - trap set and empty","ShermanLF","2018-10-31","2018-10-31",,,,,,,,,,,,,,,,,,,,,,,,,,,,,,,,,,,,,,,"smatlick@battelleecology.org","smatlick@battelleecology.org",,
"7bb3fc16-dab2-436a-b680-72aa755c6327","1fca5966-84eb-4fde-9b52-06806b03ebc3","OSBS_004.mammalGrid.mam","D03","OSBS","OSBS_004","F6","distributed","evergreenForest",29.682962,-81.958186,"WGS84",45.1,34.7,0.1,"6 - trap set and empty","ShermanLF","2018-10-31","2018-10-31",,,,,,,,,,,,,,,,,,,,,,,,,,,,,,,,,,,,,,,"smatlick@battelleecology.org","smatlick@battelleecology.org",,
"d3ea73eb-deb5-49a5-924b-a3f4aba24b0f","1fca5966-84eb-4fde-9b52-06806b03ebc3","OSBS_004.mammalGrid.mam","D03","OSBS","OSBS_004","A6","distributed","evergreenForest",29.682962,-81.958186,"WGS84",45.1,34.7,0.1,"6 - trap set and empty","ShermanLF","2018-10-31","2018-10-31",,,,,,,,,,,,,,,,,,,,,,,,,,,,,,,,,,,,,,,"smatlick@battelleecology.org","smatlick@battelleecology.org",,
"2938108b-6bff-400d-b28e-fac555d1adc2","1fca5966-84eb-4fde-9b52-06806b03ebc3","OSBS_004.mammalGrid.mam","D03","OSBS","OSBS_004","I1","distributed","evergreenForest",29.682962,-81.958186,"WGS84",45.1,34.7,0.1,"2 - trap disturbed/door closed but empty","ShermanLF","2018-10-31","2018-10-31",,,,,,,,,,,,,,,,,,,,,,,,,,,,,,,,,,,,,,,"smatlick@battelleecology.org","smatlick@battelleecology.org",,
"9843e6a1-43d4-40aa-81c5-0e11f3f3ff53","1fca5966-84eb-4fde-9b52-06806b03ebc3","OSBS_004.mammalGrid.mam","D03","OSBS","OSBS_004","D10","distributed","evergreenForest",29.682962,-81.958186,"WGS84",45.1,34.7,0.1,"6 - trap set and empty","ShermanLF","2018-10-31","2018-10-31",,,,,,,,,,,,,,,,,,,,,,,,,,,,,,,,,,,,,,,"smatlick@battelleecology.org","smatlick@battelleecology.org",,
"edfdbec6-8908-4df7-9f51-f725fae8e24c","1fca5966-84eb-4fde-9b52-06806b03ebc3","OSBS_004.mammalGrid.mam","D03","OSBS","OSBS_004","A5","distributed","evergreenForest",29.682962,-81.958186,"WGS84",45.1,34.7,0.1,"6 - trap set and empty","ShermanLF","2018-10-31","2018-10-31",,,,,,,,,,,,,,,,,,,,,,,,,,,,,,,,,,,,,,,"smatlick@battelleecology.org","smatlick@battelleecology.org",,
"a4c37587-cbf6-49b1-8684-333f6c3140a9","1fca5966-84eb-4fde-9b52-06806b03ebc3","OSBS_004.mammalGrid.mam","D03","OSBS","OSBS_004","E5","distributed","evergreenForest",29.682962,-81.958186,"WGS84",45.1,34.7,0.1,"6 - trap set and empty","ShermanLF","2018-10-31","2018-10-31",,,,,,,,,,,,,,,,,,,,,,,,,,,,,,,,,,,,,,,"smatlick@battelleecology.org","smatlick@battelleecology.org",,
"0ad24632-c050-4654-9ae1-7b61347e69ac","1fca5966-84eb-4fde-9b52-06806b03ebc3","OSBS_004.mammalGrid.mam","D03","OSBS","OSBS_004","J7","distributed","evergreenForest",29.682962,-81.958186,"WGS84",45.1,34.7,0.1,"6 - trap set and empty","ShermanLF","2018-10-31","2018-10-31",,,,,,,,,,,,,,,,,,,,,,,,,,,,,,,,,,,,,,,"smatlick@battelleecology.org","smatlick@battelleecology.org",,
"1f581316-83a1-452e-894d-47f010a218fe","1fca5966-84eb-4fde-9b52-06806b03ebc3","OSBS_004.mammalGrid.mam","D03","OSBS","OSBS_004","G3","distributed","evergreenForest",29.682962,-81.958186,"WGS84",45.1,34.7,0.1,"6 - trap set and empty","ShermanLF","2018-10-31","2018-10-31",,,,,,,,,,,,,,,,,,,,,,,,,,,,,,,,,,,,,,,"smatlick@battelleecology.org","smatlick@battelleecology.org",,
"9ee7df32-8f25-48bd-99d5-d599c5bc398a","1fca5966-84eb-4fde-9b52-06806b03ebc3","OSBS_004.mammalGrid.mam","D03","OSBS","OSBS_004","E4","distributed","evergreenForest",29.682962,-81.958186,"WGS84",45.1,34.7,0.1,"6 - trap set and empty","ShermanLF","2018-10-31","2018-10-31",,,,,,,,,,,,,,,,,,,,,,,,,,,,,,,,,,,,,,,"smatlick@battelleecology.org","smatlick@battelleecology.org",,
"0ddad16e-7062-4dee-8979-029c88e12956","1fca5966-84eb-4fde-9b52-06806b03ebc3","OSBS_004.mammalGrid.mam","D03","OSBS","OSBS_004","I4","distributed","evergreenForest",29.682962,-81.958186,"WGS84",45.1,34.7,0.1,"2 - trap disturbed/door closed but empty","ShermanLF","2018-10-31","2018-10-31",,,,,,,,,,,,,,,,,,,,,,,,,,,,,,,,,,,,,,,"smatlick@battelleecology.org","smatlick@battelleecology.org",,
"a653a870-a718-47b3-b146-bd79a2d9198e","1fca5966-84eb-4fde-9b52-06806b03ebc3","OSBS_004.mammalGrid.mam","D03","OSBS","OSBS_004","H10","distributed","evergreenForest",29.682962,-81.958186,"WGS84",45.1,34.7,0.1,"6 - trap set and empty","ShermanLF","2018-10-31","2018-10-31",,,,,,,,,,,,,,,,,,,,,,,,,,,,,,,,,,,,,,,"smatlick@battelleecology.org","smatlick@battelleecology.org",,
"714c2ad0-6ce7-434d-9e35-c466ad38f859","1fca5966-84eb-4fde-9b52-06806b03ebc3","OSBS_004.mammalGrid.mam","D03","OSBS","OSBS_004","A7","distributed","evergreenForest",29.682962,-81.958186,"WGS84",45.1,34.7,0.1,"6 - trap set and empty","ShermanLF","2018-10-31","2018-10-31",,,,,,,,,,,,,,,,,,,,,,,,,,,,,,,,,,,,,,,"smatlick@battelleecology.org","smatlick@battelleecology.org",,
"9efc9097-85df-4c16-b48d-90b0c2ff5bb4","1fca5966-84eb-4fde-9b52-06806b03ebc3","OSBS_004.mammalGrid.mam","D03","OSBS","OSBS_004","C10","distributed","evergreenForest",29.682962,-81.958186,"WGS84",45.1,34.7,0.1,"6 - trap set and empty","ShermanLF","2018-10-31","2018-10-31",,,,,,,,,,,,,,,,,,,,,,,,,,,,,,,,,,,,,,,"smatlick@battelleecology.org","smatlick@battelleecology.org",,
"924d39df-daf0-49fc-be32-07199d395296","1fca5966-84eb-4fde-9b52-06806b03ebc3","OSBS_004.mammalGrid.mam","D03","OSBS","OSBS_004","C5","distributed","evergreenForest",29.682962,-81.958186,"WGS84",45.1,34.7,0.1,"6 - trap set and empty","ShermanLF","2018-10-31","2018-10-31",,,,,,,,,,,,,,,,,,,,,,,,,,,,,,,,,,,,,,,"smatlick@battelleecology.org","smatlick@battelleecology.org",,
"81d313f5-84a0-4d26-b79c-c2f9d795353f","1fca5966-84eb-4fde-9b52-06806b03ebc3","OSBS_004.mammalGrid.mam","D03","OSBS","OSBS_004","D9","distributed","evergreenForest",29.682962,-81.958186,"WGS84",45.1,34.7,0.1,"6 - trap set and empty","ShermanLF","2018-10-31","2018-10-31",,,,,,,,,,,,,,,,,,,,,,,,,,,,,,,,,,,,,,,"smatlick@battelleecology.org","smatlick@battelleecology.org",,
"f3b3d375-d9ad-4580-b1ac-fac3afdd77de","1fca5966-84eb-4fde-9b52-06806b03ebc3","OSBS_004.mammalGrid.mam","D03","OSBS","OSBS_004","D7","distributed","evergreenForest",29.682962,-81.958186,"WGS84",45.1,34.7,0.1,"2 - trap disturbed/door closed but empty","ShermanLF","2018-10-31","2018-10-31",,,,,,,,,,,,,,,,,,,,,,,,,,,,,,,,,,,,,,,"smatlick@battelleecology.org","smatlick@battelleecology.org",,
"ad5af7f2-f831-4b4d-bcaf-89bfe36405ba","1fca5966-84eb-4fde-9b52-06806b03ebc3","OSBS_004.mammalGrid.mam","D03","OSBS","OSBS_004","B7","distributed","evergreenForest",29.682962,-81.958186,"WGS84",45.1,34.7,0.1,"6 - trap set and empty","ShermanLF","2018-10-31","2018-10-31",,,,,,,,,,,,,,,,,,,,,,,,,,,,,,,,,,,,,,,"smatlick@battelleecology.org","smatlick@battelleecology.org",,
"8981224a-5309-4f9a-90b5-e31743934fca","1fca5966-84eb-4fde-9b52-06806b03ebc3","OSBS_004.mammalGrid.mam","D03","OSBS","OSBS_004","F2","distributed","evergreenForest",29.682962,-81.958186,"WGS84",45.1,34.7,0.1,"2 - trap disturbed/door closed but empty","ShermanLF","2018-10-31","2018-10-31",,,,,,,,,,,,,,,,,,,,,,,,,,,,,,,,,,,,,,,"smatlick@battelleecology.org","smatlick@battelleecology.org",,
"8fff0849-578a-4606-a68a-8a4f702b34be","1fca5966-84eb-4fde-9b52-06806b03ebc3","OSBS_004.mammalGrid.mam","D03","OSBS","OSBS_004","I3","distributed","evergreenForest",29.682962,-81.958186,"WGS84",45.1,34.7,0.1,"6 - trap set and empty","ShermanLF","2018-10-31","2018-10-31",,,,,,,,,,,,,,,,,,,,,,,,,,,,,,,,,,,,,,,"smatlick@battelleecology.org","smatlick@battelleecology.org",,
"124b7f95-b941-4f9b-921c-9e7f2adede01","1fca5966-84eb-4fde-9b52-06806b03ebc3","OSBS_004.mammalGrid.mam","D03","OSBS","OSBS_004","J3","distributed","evergreenForest",29.682962,-81.958186,"WGS84",45.1,34.7,0.1,"1 - trap not set","ShermanLF","2018-10-31","2018-10-31",,,,,,,,,,,,,,,,,,,,,,,,,,,,,,,,,,,,,,,"smatlick@battelleecology.org","smatlick@battelleecology.org",,
"f0a0aeee-1551-4e23-bdb4-e8e01bc01cca","1fca5966-84eb-4fde-9b52-06806b03ebc3","OSBS_004.mammalGrid.mam","D03","OSBS","OSBS_004","B3","distributed","evergreenForest",29.682962,-81.958186,"WGS84",45.1,34.7,0.1,"6 - trap set and empty","ShermanLF","2018-10-31","2018-10-31",,,,,,,,,,,,,,,,,,,,,,,,,,,,,,,,,,,,,,,"smatlick@battelleecology.org","smatlick@battelleecology.org",,
"483242d4-6d6f-452b-99fa-24fe2368ddbd","1fca5966-84eb-4fde-9b52-06806b03ebc3","OSBS_004.mammalGrid.mam","D03","OSBS","OSBS_004","G5","distributed","evergreenForest",29.682962,-81.958186,"WGS84",45.1,34.7,0.1,"6 - trap set and empty","ShermanLF","2018-10-31","2018-10-31",,,,,,,,,,,,,,,,,,,,,,,,,,,,,,,,,,,,,,,"smatlick@battelleecology.org","smatlick@battelleecology.org",,
"98f22d9d-1117-4036-bbdd-c818da70fa65","1fca5966-84eb-4fde-9b52-06806b03ebc3","OSBS_004.mammalGrid.mam","D03","OSBS","OSBS_004","H4","distributed","evergreenForest",29.682962,-81.958186,"WGS84",45.1,34.7,0.1,"1 - trap not set","ShermanLF","2018-10-31","2018-10-31",,,,,,,,,,,,,,,,,,,,,,,,,,,,,,,,,,,,,,,"smatlick@battelleecology.org","smatlick@battelleecology.org",,
"2a4134d1-1a3b-46a9-8d7b-097f0f65cf3c","1fca5966-84eb-4fde-9b52-06806b03ebc3","OSBS_004.mammalGrid.mam","D03","OSBS","OSBS_004","D6","distributed","evergreenForest",29.682962,-81.958186,"WGS84",45.1,34.7,0.1,"6 - trap set and empty","ShermanLF","2018-10-31","2018-10-31",,,,,,,,,,,,,,,,,,,,,,,,,,,,,,,,,,,,,,,"smatlick@battelleecology.org","smatlick@battelleecology.org",,
"eba6c44c-c8d0-4102-8556-85f3b1cc5823","1fca5966-84eb-4fde-9b52-06806b03ebc3","OSBS_004.mammalGrid.mam","D03","OSBS","OSBS_004","G2","distributed","evergreenForest",29.682962,-81.958186,"WGS84",45.1,34.7,0.1,"2 - trap disturbed/door closed but empty","ShermanLF","2018-10-31","2018-10-31",,,,,,,,,,,,,,,,,,,,,,,,,,,,,,,,,,,,,,,"smatlick@battelleecology.org","smatlick@battelleecology.org",,
"e66c16c8-b70c-415f-9544-a0ccb04f7f8f","1fca5966-84eb-4fde-9b52-06806b03ebc3","OSBS_004.mammalGrid.mam","D03","OSBS","OSBS_004","J10","distributed","evergreenForest",29.682962,-81.958186,"WGS84",45.1,34.7,0.1,"1 - trap not set","ShermanLF","2018-10-31","2018-10-31",,,,,,,,,,,,,,,,,,,,,,,,,,,,,,,,,,,,,,,"smatlick@battelleecology.org","smatlick@battelleecology.org",,
"0e2ad14f-7c2f-4da0-bfb4-b56aa6102899","1fca5966-84eb-4fde-9b52-06806b03ebc3","OSBS_004.mammalGrid.mam","D03","OSBS","OSBS_004","D3","distributed","evergreenForest",29.682962,-81.958186,"WGS84",45.1,34.7,0.1,"6 - trap set and empty","ShermanLF","2018-10-31","2018-10-31",,,,,,,,,,,,,,,,,,,,,,,,,,,,,,,,,,,,,,,"smatlick@battelleecology.org","smatlick@battelleecology.org",,
"061b2615-2903-49dd-9272-fdae1ace12da","1fca5966-84eb-4fde-9b52-06806b03ebc3","OSBS_004.mammalGrid.mam","D03","OSBS","OSBS_004","I5","distributed","evergreenForest",29.682962,-81.958186,"WGS84",45.1,34.7,0.1,"1 - trap not set","ShermanLF","2018-10-31","2018-10-31",,,,,,,,,,,,,,,,,,,,,,,,,,,,,,,,,,,,,,,"smatlick@battelleecology.org","smatlick@battelleecology.org",,
"42fc8c3e-5104-42fa-b251-27e8bc4cdb36","1fca5966-84eb-4fde-9b52-06806b03ebc3","OSBS_004.mammalGrid.mam","D03","OSBS","OSBS_004","B8","distributed","evergreenForest",29.682962,-81.958186,"WGS84",45.1,34.7,0.1,"6 - trap set and empty","ShermanLF","2018-10-31","2018-10-31",,,,,,,,,,,,,,,,,,,,,,,,,,,,,,,,,,,,,,,"smatlick@battelleecology.org","smatlick@battelleecology.org",,
"8807717a-9f72-4d29-aecc-dddad02b63a4","1fca5966-84eb-4fde-9b52-06806b03ebc3","OSBS_004.mammalGrid.mam","D03","OSBS","OSBS_004","J6","distributed","evergreenForest",29.682962,-81.958186,"WGS84",45.1,34.7,0.1,"1 - trap not set","ShermanLF","2018-10-31","2018-10-31",,,,,,,,,,,,,,,,,,,,,,,,,,,,,,,,,,,,,,,"smatlick@battelleecology.org","smatlick@battelleecology.org",,
"93dd31f5-3bd0-402e-8c69-d7e2c8aad5ff","1fca5966-84eb-4fde-9b52-06806b03ebc3","OSBS_004.mammalGrid.mam","D03","OSBS","OSBS_004","G10","distributed","evergreenForest",29.682962,-81.958186,"WGS84",45.1,34.7,0.1,"2 - trap disturbed/door closed but empty","ShermanLF","2018-10-31","2018-10-31",,,,,,,,,,,,,,,,,,,,,,,,,,,,,,,,,,,,,,,"smatlick@battelleecology.org","smatlick@battelleecology.org",,
"25bb6124-d050-460e-ab0d-b96a696e108e","1fca5966-84eb-4fde-9b52-06806b03ebc3","OSBS_004.mammalGrid.mam","D03","OSBS","OSBS_004","B5","distributed","evergreenForest",29.682962,-81.958186,"WGS84",45.1,34.7,0.1,"6 - trap set and empty","ShermanLF","2018-10-31","2018-10-31",,,,,,,,,,,,,,,,,,,,,,,,,,,,,,,,,,,,,,,"smatlick@battelleecology.org","smatlick@battelleecology.org",,
"6beba444-002a-44df-84f7-3edd84dd8dab","1fca5966-84eb-4fde-9b52-06806b03ebc3","OSBS_004.mammalGrid.mam","D03","OSBS","OSBS_004","B6","distributed","evergreenForest",29.682962,-81.958186,"WGS84",45.1,34.7,0.1,"5 - capture","ShermanLF","2018-10-31","2018-10-31","NEON.MAM.D03.O004B620181031",,"GLVO","Glaucomys volans","species",,,"N","U","U","dead",,"adult",,,,,,,,,,"U","U","U",,,,,,,,,,,,"OSBS.20181031.O004B620181031.V",,"smatlick@battelleecology.org","smatlick@battelleecology.org",,
"d4d5357f-b2df-4d1d-9af1-d51af8b11db6","1fca5966-84eb-4fde-9b52-06806b03ebc3","OSBS_004.mammalGrid.mam","D03","OSBS","OSBS_004","F3","distributed","evergreenForest",29.682962,-81.958186,"WGS84",45.1,34.7,0.1,"6 - trap set and empty","ShermanLF","2018-10-31","2018-10-31",,,,,,,,,,,,,,,,,,,,,,,,,,,,,,,,,,,,,,,"smatlick@battelleecology.org","smatlick@battelleecology.org",,
"405294cd-488f-451c-aee1-119bb2d489d4","1fca5966-84eb-4fde-9b52-06806b03ebc3","OSBS_004.mammalGrid.mam","D03","OSBS","OSBS_004","F1","distributed","evergreenForest",29.682962,-81.958186,"WGS84",45.1,34.7,0.1,"6 - trap set and empty","ShermanLF","2018-10-31","2018-10-31",,,,,,,,,,,,,,,,,,,,,,,,,,,,,,,,,,,,,,,"smatlick@battelleecology.org","smatlick@battelleecology.org",,
"e8db1f3c-bcd4-4c45-b469-763792a9b8b8","1fca5966-84eb-4fde-9b52-06806b03ebc3","OSBS_004.mammalGrid.mam","D03","OSBS","OSBS_004","F5","distributed","evergreenForest",29.682962,-81.958186,"WGS84",45.1,34.7,0.1,"6 - trap set and empty","ShermanLF","2018-10-31","2018-10-31",,,,,,,,,,,,,,,,,,,,,,,,,,,,,,,,,,,,,,,"smatlick@battelleecology.org","smatlick@battelleecology.org",,
"c4c21694-bb02-4060-a528-81c1acabf0ad","1fca5966-84eb-4fde-9b52-06806b03ebc3","OSBS_004.mammalGrid.mam","D03","OSBS","OSBS_004","D1","distributed","evergreenForest",29.682962,-81.958186,"WGS84",45.1,34.7,0.1,"6 - trap set and empty","ShermanLF","2018-10-31","2018-10-31",,,,,,,,,,,,,,,,,,,,,,,,,,,,,,,,,,,,,,,"smatlick@battelleecology.org","smatlick@battelleecology.org",,
"886daf83-7cf3-4dd3-9098-c2dc4d753c5b","1fca5966-84eb-4fde-9b52-06806b03ebc3","OSBS_004.mammalGrid.mam","D03","OSBS","OSBS_004","D2","distributed","evergreenForest",29.682962,-81.958186,"WGS84",45.1,34.7,0.1,"6 - trap set and empty","ShermanLF","2018-10-31","2018-10-31",,,,,,,,,,,,,,,,,,,,,,,,,,,,,,,,,,,,,,,"smatlick@battelleecology.org","smatlick@battelleecology.org",,
"f93602d8-4c6b-4ccf-a4a3-7816218ac0b8","1fca5966-84eb-4fde-9b52-06806b03ebc3","OSBS_004.mammalGrid.mam","D03","OSBS","OSBS_004","J1","distributed","evergreenForest",29.682962,-81.958186,"WGS84",45.1,34.7,0.1,"6 - trap set and empty","ShermanLF","2018-10-31","2018-10-31",,,,,,,,,,,,,,,,,,,,,,,,,,,,,,,,,,,,,,,"smatlick@battelleecology.org","smatlick@battelleecology.org",,
"59ee168d-f77f-4f1b-b693-d78b826d6bd9","1fca5966-84eb-4fde-9b52-06806b03ebc3","OSBS_004.mammalGrid.mam","D03","OSBS","OSBS_004","F10","distributed","evergreenForest",29.682962,-81.958186,"WGS84",45.1,34.7,0.1,"6 - trap set and empty","ShermanLF","2018-10-31","2018-10-31",,,,,,,,,,,,,,,,,,,,,,,,,,,,,,,,,,,,,,,"smatlick@battelleecology.org","smatlick@battelleecology.org",,
"529d8020-5463-46cb-9243-fd12cb076d2d","1fca5966-84eb-4fde-9b52-06806b03ebc3","OSBS_004.mammalGrid.mam","D03","OSBS","OSBS_004","H8","distributed","evergreenForest",29.682962,-81.958186,"WGS84",45.1,34.7,0.1,"6 - trap set and empty","ShermanLF","2018-10-31","2018-10-31",,,,,,,,,,,,,,,,,,,,,,,,,,,,,,,,,,,,,,,"smatlick@battelleecology.org","smatlick@battelleecology.org",,
"d59824c4-ebba-438c-ae67-8832eb52de8e","1fca5966-84eb-4fde-9b52-06806b03ebc3","OSBS_004.mammalGrid.mam","D03","OSBS","OSBS_004","E2","distributed","evergreenForest",29.682962,-81.958186,"WGS84",45.1,34.7,0.1,"6 - trap set and empty","ShermanLF","2018-10-31","2018-10-31",,,,,,,,,,,,,,,,,,,,,,,,,,,,,,,,,,,,,,,"smatlick@battelleecology.org","smatlick@battelleecology.org",,
"040c26b5-07f7-46b9-8f0b-1846f245be62","1fca5966-84eb-4fde-9b52-06806b03ebc3","OSBS_004.mammalGrid.mam","D03","OSBS","OSBS_004","C7","distributed","evergreenForest",29.682962,-81.958186,"WGS84",45.1,34.7,0.1,"6 - trap set and empty","ShermanLF","2018-10-31","2018-10-31",,,,,,,,,,,,,,,,,,,,,,,,,,,,,,,,,,,,,,,"smatlick@battelleecology.org","smatlick@battelleecology.org",,
"6de0666c-4037-4acb-a78c-d471f6045100","1fca5966-84eb-4fde-9b52-06806b03ebc3","OSBS_004.mammalGrid.mam","D03","OSBS","OSBS_004","J8","distributed","evergreenForest",29.682962,-81.958186,"WGS84",45.1,34.7,0.1,"6 - trap set and empty","ShermanLF","2018-10-31","2018-10-31",,,,,,,,,,,,,,,,,,,,,,,,,,,,,,,,,,,,,,,"smatlick@battelleecology.org","smatlick@battelleecology.org",,
"1408a336-555a-4bdc-b336-40a8614af508","1fca5966-84eb-4fde-9b52-06806b03ebc3","OSBS_004.mammalGrid.mam","D03","OSBS","OSBS_004","D4","distributed","evergreenForest",29.682962,-81.958186,"WGS84",45.1,34.7,0.1,"2 - trap disturbed/door closed but empty","ShermanLF","2018-10-31","2018-10-31",,,,,,,,,,,,,,,,,,,,,,,,,,,,,,,,,,,,,,,"smatlick@battelleecology.org","smatlick@battelleecology.org",,
"5951c79b-eeb7-4ab4-938a-7703351ec0be","1fca5966-84eb-4fde-9b52-06806b03ebc3","OSBS_004.mammalGrid.mam","D03","OSBS","OSBS_004","I6","distributed","evergreenForest",29.682962,-81.958186,"WGS84",45.1,34.7,0.1,"1 - trap not set","ShermanLF","2018-10-31","2018-10-31",,,,,,,,,,,,,,,,,,,,,,,,,,,,,,,,,,,,,,,"smatlick@battelleecology.org","smatlick@battelleecology.org",,
"cce0457d-3e1c-4d07-b5ac-c4ae0d69400c","1fca5966-84eb-4fde-9b52-06806b03ebc3","OSBS_004.mammalGrid.mam","D03","OSBS","OSBS_004","F9","distributed","evergreenForest",29.682962,-81.958186,"WGS84",45.1,34.7,0.1,"6 - trap set and empty","ShermanLF","2018-10-31","2018-10-31",,,,,,,,,,,,,,,,,,,,,,,,,,,,,,,,,,,,,,,"smatlick@battelleecology.org","smatlick@battelleecology.org",,
"9c05cef9-c565-428a-adf5-262c31496b59","1fca5966-84eb-4fde-9b52-06806b03ebc3","OSBS_004.mammalGrid.mam","D03","OSBS","OSBS_004","A9","distributed","evergreenForest",29.682962,-81.958186,"WGS84",45.1,34.7,0.1,"6 - trap set and empty","ShermanLF","2018-10-31","2018-10-31",,,,,,,,,,,,,,,,,,,,,,,,,,,,,,,,,,,,,,,"smatlick@battelleecology.org","smatlick@battelleecology.org",,
"541d43ed-4059-4495-9adf-c5a06fcc4b4f","1fca5966-84eb-4fde-9b52-06806b03ebc3","OSBS_004.mammalGrid.mam","D03","OSBS","OSBS_004","J4","distributed","evergreenForest",29.682962,-81.958186,"WGS84",45.1,34.7,0.1,"6 - trap set and empty","ShermanLF","2018-10-31","2018-10-31",,,,,,,,,,,,,,,,,,,,,,,,,,,,,,,,,,,,,,,"smatlick@battelleecology.org","smatlick@battelleecology.org",,
"76cfabaa-e22a-4d43-a9b8-0e62b79168d7","1fca5966-84eb-4fde-9b52-06806b03ebc3","OSBS_004.mammalGrid.mam","D03","OSBS","OSBS_004","G7","distributed","evergreenForest",29.682962,-81.958186,"WGS84",45.1,34.7,0.1,"6 - trap set and empty","ShermanLF","2018-10-31","2018-10-31",,,,,,,,,,,,,,,,,,,,,,,,,,,,,,,,,,,,,,,"smatlick@battelleecology.org","smatlick@battelleecology.org",,
"973e3ee1-0930-4dd9-903a-f9b44037f688","1fca5966-84eb-4fde-9b52-06806b03ebc3","OSBS_004.mammalGrid.mam","D03","OSBS","OSBS_004","J2","distributed","evergreenForest",29.682962,-81.958186,"WGS84",45.1,34.7,0.1,"1 - trap not set","ShermanLF","2018-10-31","2018-10-31",,,,,,,,,,,,,,,,,,,,,,,,,,,,,,,,,,,,,,,"smatlick@battelleecology.org","smatlick@battelleecology.org",,
"c205909a-a012-43c9-ae7d-5bdaecbeabbf","1fca5966-84eb-4fde-9b52-06806b03ebc3","OSBS_004.mammalGrid.mam","D03","OSBS","OSBS_004","I8","distributed","evergreenForest",29.682962,-81.958186,"WGS84",45.1,34.7,0.1,"6 - trap set and empty","ShermanLF","2018-10-31","2018-10-31",,,,,,,,,,,,,,,,,,,,,,,,,,,,,,,,,,,,,,,"smatlick@battelleecology.org","smatlick@battelleecology.org",,
"39f35d29-cf40-4602-8131-4218be81229e","1fca5966-84eb-4fde-9b52-06806b03ebc3","OSBS_004.mammalGrid.mam","D03","OSBS","OSBS_004","J5","distributed","evergreenForest",29.682962,-81.958186,"WGS84",45.1,34.7,0.1,"6 - trap set and empty","ShermanLF","2018-10-31","2018-10-31",,,,,,,,,,,,,,,,,,,,,,,,,,,,,,,,,,,,,,,"smatlick@battelleecology.org","smatlick@battelleecology.org",,
"b410a4e9-3325-4b18-a8b5-6dbcd6960b28","1fca5966-84eb-4fde-9b52-06806b03ebc3","OSBS_004.mammalGrid.mam","D03","OSBS","OSBS_004","G4","distributed","evergreenForest",29.682962,-81.958186,"WGS84",45.1,34.7,0.1,"6 - trap set and empty","ShermanLF","2018-10-31","2018-10-31",,,,,,,,,,,,,,,,,,,,,,,,,,,,,,,,,,,,,,,"smatlick@battelleecology.org","smatlick@battelleecology.org",,
"08d196f0-9060-4a06-9e5f-66df16fe4abc","1fca5966-84eb-4fde-9b52-06806b03ebc3","OSBS_004.mammalGrid.mam","D03","OSBS","OSBS_004","H1","distributed","evergreenForest",29.682962,-81.958186,"WGS84",45.1,34.7,0.1,"6 - trap set and empty","ShermanLF","2018-10-31","2018-10-31",,,,,,,,,,,,,,,,,,,,,,,,,,,,,,,,,,,,,,,"smatlick@battelleecology.org","smatlick@battelleecology.org",,
"bffd3071-e176-4a97-90bf-d01008e521b2","1fca5966-84eb-4fde-9b52-06806b03ebc3","OSBS_004.mammalGrid.mam","D03","OSBS","OSBS_004","A8","distributed","evergreenForest",29.682962,-81.958186,"WGS84",45.1,34.7,0.1,"6 - trap set and empty","ShermanLF","2018-10-31","2018-10-31",,,,,,,,,,,,,,,,,,,,,,,,,,,,,,,,,,,,,,,"smatlick@battelleecology.org","smatlick@battelleecology.org",,
"6cfa6d80-3ca6-496f-a694-a7663913a434","1fca5966-84eb-4fde-9b52-06806b03ebc3","OSBS_004.mammalGrid.mam","D03","OSBS","OSBS_004","F8","distributed","evergreenForest",29.682962,-81.958186,"WGS84",45.1,34.7,0.1,"6 - trap set and empty","ShermanLF","2018-10-31","2018-10-31",,,,,,,,,,,,,,,,,,,,,,,,,,,,,,,,,,,,,,,"smatlick@battelleecology.org","smatlick@battelleecology.org",,
"fe993c01-2dcb-4306-ba50-d915d61d4676","1fca5966-84eb-4fde-9b52-06806b03ebc3","OSBS_004.mammalGrid.mam","D03","OSBS","OSBS_004","B2","distributed","evergreenForest",29.682962,-81.958186,"WGS84",45.1,34.7,0.1,"6 - trap set and empty","ShermanLF","2018-10-31","2018-10-31",,,,,,,,,,,,,,,,,,,,,,,,,,,,,,,,,,,,,,,"smatlick@battelleecology.org","smatlick@battelleecology.org",,
