uid,nightuid,namedLocation,domainID,siteID,plotID,collectDate,endDate,samplingProtocolVersion,remarks,dataQF
"b3eaad64-517c-48ae-a864-b32fc261c162","E27788F7C82147DFBDDD7E0AB1BDD1BF","OAES_001.mammalGrid.mam","D11","OAES","OAES_001","2015-05-19","2015-05-19",,"Had to release all captures due to thunderstorm.",
"116ebca3-dda2-4f2e-b75d-75e4b413a36c","00E7DB238D0E4C66804B240F8C322BB5","OAES_004.mammalGrid.mam","D11","OAES","OAES_004","2015-05-19","2015-05-19",,,
"84fbd833-440d-4086-99fd-0d41621b5dd0","66179368B621483F8E19AE961AC0F282","OAES_007.mammalGrid.mam","D11","OAES","OAES_007","2015-05-19","2015-05-19",,,
"97fc5715-6f52-4f3c-a347-fc97c96f9ebd","E5BACC3F952B45E587532A0A608211E5","OAES_010.mammalGrid.mam","D11","OAES","OAES_010","2015-05-19","2015-05-19",,"Had to release all captures due to thunderstorm.",
"4288bd67-6d8f-4980-9fdb-f324c818e0aa","FC7FB1C0465C4334A64C33F3E04704C9","OAES_001.mammalGrid.mam","D11","OAES","OAES_001","2015-05-21","2015-05-21",,"Site horse most likely caused trap disturbances.",
"94500323-bbff-477b-88bf-54fab1075438","DC3225FBB79B45B082ADA9D4B726B3CB","OAES_002.mammalGrid.mam","D11","OAES","OAES_002","2015-05-21","2015-05-21",,,
"3db9372d-4259-4ce4-b1e2-e281dc208611","9FAC2C978D654BA190B86EA66EF5C67E","OAES_010.mammalGrid.mam","D11","OAES","OAES_010","2015-05-21","2015-05-21",,,
"0a6face5-907f-4761-92a8-f604f51fee0f","3DB5978E44F1497A9D8F029AC2AE8114","OAES_030.mammalGrid.mam","D11","OAES","OAES_030","2015-05-21","2015-05-21",,,
"437dfbab-fe23-4db1-8918-18819ba735a9","820F4D1651A94E8FA96C6FE8109797EE","OAES_003.mammalGrid.mam","D11","OAES","OAES_003","2015-05-21","2015-05-21",,"Had to release all captures due to time constraints.",
"fea627ba-48d7-4ca2-aa7e-de9f1d26344d","A377FBB9912446BA9F90456DDC26DA78","OAES_029.mammalGrid.mam","D11","OAES","OAES_029","2015-05-21","2015-05-21",,"Stopped bleeding after 5 captures due to time constraints.",
"2357a637-dc53-4f28-aef0-d010fbc627f8","50973CA4EB054BE98DD394F00C851EFE","OAES_002.mammalGrid.mam","D11","OAES","OAES_002","2015-05-22","2015-05-22",,,
"f481ff0a-b196-452d-a81a-b222aaf09b7c","0471BD9CECCA4E47A556F7EA7E307612","OAES_010.mammalGrid.mam","D11","OAES","OAES_010","2015-05-22","2015-05-22",,"Had to release all captures due to time constraints.",
"8a8fa653-7d3c-492b-9553-3afed24a23d6","F2A8E0426AB1487FAFC2A727A62AFBAE","OAES_029.mammalGrid.mam","D11","OAES","OAES_029","2015-05-22","2015-05-22",,,
