uid,nightuid,namedLocation,domainID,siteID,plotID,collectDate,endDate,samplingProtocolVersion,remarks,dataQF
"441ce554-d964-456d-98c9-b82a1ae3948b","34E9642B11E44845BE159ABE58D38647","UKFS_010.mammalGrid.mam","D06","UKFS","UKFS_010","2015-07-08","2015-07-08",,,
"73c292ce-30aa-4229-ad0f-46b9cda2e791","2D4ECC2F3BF54E7ABE60742454BC24E0","UKFS_007.mammalGrid.mam","D06","UKFS","UKFS_007","2015-07-08","2015-07-08",,,
"4fcf8fc9-a7d5-46b8-bce7-c6c3a04f409d","80B866D7FB33407FA6D2DAC151578F41","UKFS_009.mammalGrid.mam","D06","UKFS","UKFS_009","2015-07-08","2015-07-08",,,
"25cdcbe2-6999-49ca-ae2e-a0ecb11790a5","EB0CEBABA59C41AD9EAD334CB5879C46","UKFS_004.mammalGrid.mam","D06","UKFS","UKFS_004","2015-07-08","2015-07-08",,,
"f8dc5070-501e-418e-be57-362d16c6ff75","6E4E525199394F76AA16B0276AA3EF67","UKFS_010.mammalGrid.mam","D06","UKFS","UKFS_010","2015-07-09","2015-07-09",,,
"ee3b03a8-748e-49db-950d-2795d7356927","62E30C5247884CE58D34292FAFC3DF0E","UKFS_003.mammalGrid.mam","D06","UKFS","UKFS_003","2015-07-09","2015-07-09",,,
"0a713fc6-1f62-42c7-a528-3873166aed43","3546ED9BDCB14CBC9CA4F1A96E2973C0","UKFS_004.mammalGrid.mam","D06","UKFS","UKFS_004","2015-07-09","2015-07-09",,,
"7ff4bbab-f52a-4699-a8ef-52010b35d78f","61AA7E93F1F344F088F208CB07485F48","UKFS_009.mammalGrid.mam","D06","UKFS","UKFS_009","2015-07-09","2015-07-09",,,
"6a29ba6a-061b-46f8-9bab-1321aca0d8df","B8DA5A01D0134493A07475AF4658CF56","UKFS_009.mammalGrid.mam","D06","UKFS","UKFS_009","2015-07-10","2015-07-10",,,
"bc2947bd-f648-4e3a-978b-39e3f23b032f","B2C4C84DE79C4CC18A835AC22017D0C9","UKFS_010.mammalGrid.mam","D06","UKFS","UKFS_010","2015-07-10","2015-07-10",,"Thunderstorm began half way through processing plot.",
"0a78bc42-a42d-430e-8c36-fa91fbf572d1","6BF6CE32A307458F988E49257C011261","UKFS_018.mammalGrid.mam","D06","UKFS","UKFS_018","2015-07-10","2015-07-10",,,
"669d5ac4-e0e5-426a-80c7-ef92169d8858","6F5A47E82E1B41C09CC587C4157DD02A","UKFS_004.mammalGrid.mam","D06","UKFS","UKFS_004","2015-07-10","2015-07-10",,,
