uid,nightuid,namedLocation,domainID,siteID,plotID,collectDate,endDate,samplingProtocolVersion,remarks,dataQF
"49abbfde-a17d-4c12-a214-0a5d9eb0c6c8","dd598152-6605-417f-a162-e2a3dd49d303","BARR_083.mammalGrid.mam","D18","BARR","BARR_083","2018-07-23","2018-07-23","NEON.DOC.000481vK",,
"6643956e-fe69-42aa-8a38-002c81fd84d6","4d66dcbe-5f77-423f-8a18-85a49ef6459c","BARR_036.mammalGrid.mam","D18","BARR","BARR_036","2018-07-23","2018-07-23","NEON.DOC.000481vK","Plot very flooded",
"b16c98a9-bdf4-47dc-aae3-7a8291d75690","ead05e0e-b5a2-459a-bbc0-386481b04c06","BARR_044.mammalGrid.mam","D18","BARR","BARR_044","2018-07-23","2018-07-23","NEON.DOC.000481vK",,
"3b2bdab2-0be7-4c1e-b374-e1fb2f2ab723","27ae0807-bb62-42a3-bf0c-55ce6154e4d4","BARR_037.mammalGrid.mam","D18","BARR","BARR_037","2018-07-23","2018-07-23","NEON.DOC.000481vK","Plot very flooded",
"2740f184-8553-4050-8ec6-95e958af9abb","0edd4cff-813b-45de-9392-7a250d8e0fba","BARR_036.mammalGrid.mam","D18","BARR","BARR_036","2018-07-24","2018-07-24","NEON.DOC.000481vK",,
"3d7c32b2-d4b5-4459-9fa3-921cee097914","c0f8d120-b295-497a-be7c-e80a4b87fd84","BARR_030.mammalGrid.mam","D18","BARR","BARR_030","2018-07-24","2018-07-24","NEON.DOC.000481vK",,
"2bfea8f9-a5a2-45cb-988b-832b54b68a3b","5b0dc1e4-3d89-4d66-9613-ee9c5c237324","BARR_044.mammalGrid.mam","D18","BARR","BARR_044","2018-07-24","2018-07-24","NEON.DOC.000481vK",,
"cce7e421-deca-4a49-aae2-50e49abf8391","5d2080f6-4391-4539-a6da-2952ec03f479","BARR_083.mammalGrid.mam","D18","BARR","BARR_083","2018-07-24","2018-07-24","NEON.DOC.000481vK",,
"21d67ec4-35fa-46cf-a138-c26baa443901","72816a40-a7cf-4141-a1b5-7a93ef6b8d28","BARR_084.mammalGrid.mam","D18","BARR","BARR_084","2018-07-24","2018-07-24","NEON.DOC.000481vK",,
"9b523d18-51ef-4fbe-90b4-27628ab78d61","b2fef09c-bec4-4376-8221-4c38af5c8449","BARR_044.mammalGrid.mam","D18","BARR","BARR_044","2018-07-24","2018-07-24","NEON.DOC.000481vK",,
"053b385b-663a-4df5-b069-ae3e52fa2ea9","1cbb2dd7-f5d2-4a34-9614-5eb2d792ba37","BARR_036.mammalGrid.mam","D18","BARR","BARR_036","2018-07-24","2018-07-24","NEON.DOC.000481vK",,
"c230f2e7-cbed-4756-93d9-916dd84d33d3","e293e173-c15d-4073-b08c-6d5fd31e7789","BARR_083.mammalGrid.mam","D18","BARR","BARR_083","2018-07-24","2018-07-24","NEON.DOC.000481vK",,
