uid,nightuid,namedLocation,domainID,siteID,plotID,collectDate,endDate,samplingProtocolVersion,remarks,dataQF
"b4070a0a-31d0-43bc-a806-e41dcc502bdc","a2821066-dbda-4dd5-af56-38ba565f2edc","WOOD_009.mammalGrid.mam","D09","WOOD","WOOD_009","2018-06-12","2018-06-12","NEON.DOC.000481vK",,
"880ff73c-d6b3-4748-b781-d431d61a6705","c87e1f19-014c-4032-b544-54ab9debb1e1","WOOD_010.mammalGrid.mam","D09","WOOD","WOOD_010","2018-06-12","2018-06-12","NEON.DOC.000481vK",,
"5e04dd75-a58d-49fb-b78d-8f8ab41b7e3d","782b482b-e50b-49b3-9266-dd7af6304f0a","WOOD_002.mammalGrid.mam","D09","WOOD","WOOD_002","2018-06-12","2018-06-12","NEON.DOC.000481vK",,
"3fdd9144-0423-43ee-ab0f-86d2b29e7264","9b967baa-70fb-48df-8e2e-87ec586325d3","WOOD_007.mammalGrid.mam","D09","WOOD","WOOD_007","2018-06-12","2018-06-12","NEON.DOC.000481vK",,
"5e4d4b10-aeb1-4d0b-b215-58e629e0d72b","f56ea7a7-d284-4965-9fe8-ae4642f8837e","WOOD_008.mammalGrid.mam","D09","WOOD","WOOD_008","2018-06-13","2018-06-13","NEON.DOC.000481vK","Cows on plot",
"da4f3832-6408-4afe-8f68-b22c9e319b73","402f2bc1-189f-43a0-845c-48b1965d7449","WOOD_007.mammalGrid.mam","D09","WOOD","WOOD_007","2018-06-13","2018-06-13","NEON.DOC.000481vK","A1 B1 C1 not set due to standing water",
"61aa5c04-a020-450f-b4b1-ae7a711cc515","23ab9a95-01c1-48bb-a186-0cc51eb0e7c3","WOOD_002.mammalGrid.mam","D09","WOOD","WOOD_002","2018-06-13","2018-06-13","NEON.DOC.000481vK",,
"9a5350ee-e686-498c-aedb-f7233d430f6a","5aea2fd2-d8da-41ba-b7a3-1ed1db7fd97c","WOOD_009.mammalGrid.mam","D09","WOOD","WOOD_009","2018-06-13","2018-06-13","NEON.DOC.000481vK",,
"727b3f32-4ab6-4b68-94de-e805a4eff43d","4cd2f4d9-d114-4312-9bd2-01ba5431f1be","WOOD_007.mammalGrid.mam","D09","WOOD","WOOD_007","2018-06-14","2018-06-14","NEON.DOC.000481vK",,
"f62f3335-f6ab-43dc-89c8-d46ae795649f","ce18d9db-284b-4ad0-959b-c7d3aaa1d17a","WOOD_009.mammalGrid.mam","D09","WOOD","WOOD_009","2018-06-14","2018-06-14","NEON.DOC.000481vK",,
"d2385143-c0c9-4b34-88cb-8092de2c712f","62ead6a1-06a5-4b76-970f-3f05af7f504a","WOOD_002.mammalGrid.mam","D09","WOOD","WOOD_002","2018-06-14","2018-06-14","NEON.DOC.000481vK",,
"e5c6b9c0-0864-45f1-862a-978445c000e9","9e6749c2-03cc-4596-9ab3-9d28e675514d","WOOD_003.mammalGrid.mam","D09","WOOD","WOOD_003","2018-06-14","2018-06-14","NEON.DOC.000481vK","Cows on grid",
