uid,nightuid,namedLocation,domainID,siteID,plotID,collectDate,endDate,samplingProtocolVersion,remarks,dataQF
"e695a388-4220-49a9-8e88-c46d1e7c4409","B89C55DEB5914A3B8C189897BA2DFE34","SCBI_035.mammalGrid.mam","D02","SCBI","SCBI_035","2015-06-10","2015-06-10",,,
"791bc858-df07-4a1e-adb9-55ed12a0fc47","E211E309010D4B07A5355BB91D88CF91","SCBI_002.mammalGrid.mam","D02","SCBI","SCBI_002","2015-06-10","2015-06-10",,,
"12ba2a29-05a3-4a23-98f6-8bcbcca41ed7","2BE6F583F425496586C62B7614789186","SCBI_008.mammalGrid.mam","D02","SCBI","SCBI_008","2015-06-10","2015-06-10",,,
"3abedd6b-17b1-426a-a451-9c41eff0bca6","5B983D6048D8478F88F7E6D99644A437","SCBI_002.mammalGrid.mam","D02","SCBI","SCBI_002","2015-06-11","2015-06-11",,,
"dc91cd67-45a2-4a22-85a3-ba3372b79c83","5E52005144064D7DB814985714A998C4","SCBI_035.mammalGrid.mam","D02","SCBI","SCBI_035","2015-06-11","2015-06-11",,,
"1b595bdf-7c14-41f5-a1ae-3c6a843d9148","B72829948F8F4F7FAD11F74B7F15CA53","SCBI_008.mammalGrid.mam","D02","SCBI","SCBI_008","2015-06-11","2015-06-11",,,
"17a69d58-6c39-4b9c-b354-152c16f4a9e6","2C6B951A639742A0A25A864AFDF7CF8D","SCBI_002.mammalGrid.mam","D02","SCBI","SCBI_002","2015-06-12","2015-06-12",,,
"93a05196-1e11-4dcb-827e-b4fad89dc1f7","3D85D9515D9B45148C9D6910D91278AC","SCBI_039.mammalGrid.mam","D02","SCBI","SCBI_039","2015-06-12","2015-06-12",,,
"5757bbfd-937e-4fcc-9056-5c1522e1d62f","7CF93C935C4640E2BB97B0028BB5ED5A","SCBI_008.mammalGrid.mam","D02","SCBI","SCBI_008","2015-06-12","2015-06-12",,,
"755e125a-14b1-485b-839b-643b7650fa22","EA6A9A72225542A18691CCADDCB9D580","SCBI_003.mammalGrid.mam","D02","SCBI","SCBI_003","2015-06-16","2015-06-16",,,
"9b592ce2-ef4b-41c7-ba92-abb52b3a7a0e","6E464C9831C746838DA098197C349369","SCBI_004.mammalGrid.mam","D02","SCBI","SCBI_004","2015-06-16","2015-06-16",,,
"8649f24d-f100-42bc-9997-1dbad310c87b","18ED2F729C6A417BB02827B3A856D930","SCBI_039.mammalGrid.mam","D02","SCBI","SCBI_039","2015-06-16","2015-06-16",,,
