uid,nightuid,namedLocation,domainID,siteID,plotID,collectDate,endDate,samplingProtocolVersion,remarks,dataQF
"aadb95d5-7cb3-427b-b70a-17f4071da165","de3ea0dc-f8b1-4fda-948b-2f8912d3d76a","RMNP_014.mammalGrid.mam","D10","RMNP","RMNP_014","2018-07-10","2018-07-10","NEON.DOC.000481vK",,
"3bd0bfe7-9ba1-4d99-a679-53584b437fca","abdbf94c-64e5-4b64-aea2-f1403e4b8b35","RMNP_005.mammalGrid.mam","D10","RMNP","RMNP_005","2018-07-10","2018-07-10","NEON.DOC.000481vK",,
"2be4faba-ebee-4bf8-9186-f6a4d48689d6","067a0a71-54b5-4e0f-b2dd-5f5f7b76d8e4","RMNP_004.mammalGrid.mam","D10","RMNP","RMNP_004","2018-07-10","2018-07-10","NEON.DOC.000481vK",,
"fc6c8d09-d00d-4a10-9df3-6bafa119a4ea","db9eed1e-4552-4fff-85dc-2e582147275e","RMNP_003.mammalGrid.mam","D10","RMNP","RMNP_003","2018-07-10","2018-07-10","NEON.DOC.000481vK",,
"6ffb52f7-9d16-4483-9949-5b9f61ab8194","c53f693c-9d6a-46a8-ac57-17d9bc1a50e1","RMNP_004.mammalGrid.mam","D10","RMNP","RMNP_004","2018-07-11","2018-07-11","NEON.DOC.000481vK",,
"945a325b-b2b9-4308-97fc-183ff2fcb5d4","ae276cfc-82ee-4c8f-a014-180d6fc0ac89","RMNP_014.mammalGrid.mam","D10","RMNP","RMNP_014","2018-07-11","2018-07-11","NEON.DOC.000481vK",,
"7978429f-c26e-435a-a1ec-f4ec75ff6150","3a63672b-995a-4a58-a11c-b7dba11c8cb6","RMNP_009.mammalGrid.mam","D10","RMNP","RMNP_009","2018-07-11","2018-07-11","NEON.DOC.000481vK",,
"cf7c0b99-ee45-4a8f-8769-a2409d87b058","ed71e158-6408-41a7-9e49-820bb23c8268","RMNP_003.mammalGrid.mam","D10","RMNP","RMNP_003","2018-07-11","2018-07-11","NEON.DOC.000481vK",,
"b68ed180-ba21-45ef-8ef6-2b7d748ded8f","e7bc616e-8bd9-4735-bb07-e53be5bbdeda","RMNP_013.mammalGrid.mam","D10","RMNP","RMNP_013","2018-07-12","2018-07-12","NEON.DOC.000481vK",,
"8c28ff29-8e5f-4cdb-9728-285a4eb13e58","c48c68f8-9e0e-45b6-a1c2-21261579e46b","RMNP_014.mammalGrid.mam","D10","RMNP","RMNP_014","2018-07-12","2018-07-12","NEON.DOC.000481vK",,
"312c5428-ba8b-416e-8be7-6df94eb0e375","1e2fda07-f8ad-4804-9708-1f5a2d4b76c4","RMNP_004.mammalGrid.mam","D10","RMNP","RMNP_004","2018-07-12","2018-07-12","NEON.DOC.000481vK",,
"24703096-4df9-4485-bd1f-2916bf51090b","7735581f-df89-4c62-866a-160b5196dd05","RMNP_003.mammalGrid.mam","D10","RMNP","RMNP_003","2018-07-12","2018-07-12","NEON.DOC.000481vK",,
