uid,nightuid,namedLocation,domainID,siteID,plotID,collectDate,endDate,samplingProtocolVersion,remarks,dataQF
"b9dfb4cf-013c-4f11-a1e8-b9ba68c6664c","9ba9ac83-de8a-4885-a3fa-a06a548eeffb","JORN_017.mammalGrid.mam","D14","JORN","JORN_017","2019-03-26","2019-03-26","NEON.DOC.000481vK",,
"2166e94a-a115-48f4-9c9a-f52024de39eb","cd2c696e-065e-4190-8f90-9951859e5ba9","JORN_001.mammalGrid.mam","D14","JORN","JORN_001","2019-03-26","2019-03-26","NEON.DOC.000481vK",,
"46b0e848-11cf-4749-9e5b-33dc8fcb754f","756c6581-7501-4d7e-a80d-00543d74e89e","JORN_018.mammalGrid.mam","D14","JORN","JORN_018","2019-03-26","2019-03-26","NEON.DOC.000481vK",,
"ecf35f05-b0a4-4af1-80d7-24add00f8f64","324a6de7-ea9c-43bc-8c08-f5daccd83b78","JORN_001.mammalGrid.mam","D14","JORN","JORN_001","2019-03-27","2019-03-27","NEON.DOC.000481vK",,
"e5804a92-6b1a-4453-966c-aa80675ac63b","ca8cc04f-8c21-458b-afbf-1c8aeef22763","JORN_017.mammalGrid.mam","D14","JORN","JORN_017","2019-03-27","2019-03-27","NEON.DOC.000481vK",,
"4364f4a5-35de-4b08-83f9-5e05c7c98af3","d80ad535-08ff-48ec-a284-add436b1bdeb","JORN_018.mammalGrid.mam","D14","JORN","JORN_018","2019-03-27","2019-03-27","NEON.DOC.000481vK",,
"bb329c4a-fe26-4ee3-9fa5-b6643dec148f","bbff53b4-7eab-4a88-baf4-8d27f7350d62","JORN_018.mammalGrid.mam","D14","JORN","JORN_018","2019-03-28","2019-03-28","NEON.DOC.000481vK",,
"25cbd9a2-751d-4018-90f7-4ac1f8e98e56","b98030d4-de6f-47f7-b2a0-1beb096706ec","JORN_001.mammalGrid.mam","D14","JORN","JORN_001","2019-03-28","2019-03-28","NEON.DOC.000481vK",,
"97ba9567-a769-4a26-81fb-8b2fe0b81fb8","db28dc6b-9d67-4adc-8b9d-de03bc3e0790","JORN_017.mammalGrid.mam","D14","JORN","JORN_017","2019-03-28","2019-03-28","NEON.DOC.000481vK",,
"35b2295e-2b33-4993-af86-3550739bef66","b60ee666-ba39-4946-9f6b-3e88d8c3433f","JORN_007.mammalGrid.mam","D14","JORN","JORN_007","2019-03-29","2019-03-29","NEON.DOC.000481vK",,
"7ca52d4a-87e5-4c5a-b569-3468010d8c7f","e65946ea-5131-4f2b-b880-234b3646784c","JORN_011.mammalGrid.mam","D14","JORN","JORN_011","2019-03-29","2019-03-29","NEON.DOC.000481vK",,
"d1eee1b9-5dd2-41d2-a2fa-d94d20aade3f","6fce91fe-ab7d-4a03-ae25-9b6b2297b603","JORN_031.mammalGrid.mam","D14","JORN","JORN_031","2019-03-29","2019-03-29","NEON.DOC.000481vK",,
