uid,nightuid,namedLocation,domainID,siteID,plotID,collectDate,endDate,samplingProtocolVersion,remarks,dataQF
"bfa8773a-c035-4fd1-93e1-d4887e2ea0e4","9B71D50F533B4D1A852E6289B6073703","BLAN_001.mammalGrid.mam","D02","BLAN","BLAN_001","2015-10-13","2015-10-13",,,
"ab2dc7de-ae00-43c9-8e5f-94e1b5a7300f","1630813BF9E349BAA2FE8343018426CE","BLAN_002.mammalGrid.mam","D02","BLAN","BLAN_002","2015-10-13","2015-10-13",,,
"26dfd8b8-50fc-4e9a-b8cc-6f165c9ca52c","F80649E95E334935BD47D4FCE18BE558","BLAN_009.mammalGrid.mam","D02","BLAN","BLAN_009","2015-10-13","2015-10-13",,,
"e3aa10e3-285c-421d-a11f-222cb2e2a4a9","1D86FDDF54DC4134B923946A04A1A80C","BLAN_003.mammalGrid.mam","D02","BLAN","BLAN_003","2015-10-13","2015-10-13",,,
"068736eb-5371-4a8f-ac5d-d397a82a6e04","2FB4ECACF09B47FFB98786D276B90423","BLAN_001.mammalGrid.mam","D02","BLAN","BLAN_001","2015-10-14","2015-10-14",,,
"630182b1-74df-400f-b89b-acc4d7549c89","98249377DB5540158816E031FB4CA892","BLAN_009.mammalGrid.mam","D02","BLAN","BLAN_009","2015-10-14","2015-10-14",,,
"fc172563-5cda-4aa2-a1b8-1317fe31c5bc","8017C6D7937E4457BE4B6EB9BE3EDA71","BLAN_003.mammalGrid.mam","D02","BLAN","BLAN_003","2015-10-14","2015-10-14",,,
"f44bd0ab-58b2-45f4-90af-840ddc12307a","C64D91F56A05409EB2BF6084BBD34DA3","BLAN_003.mammalGrid.mam","D02","BLAN","BLAN_003","2015-10-15","2015-10-15",,,
"191ac73e-b663-46d9-9713-e8cb15683aa2","49E796394FA642F6918FCDEF0D6ED9AF","BLAN_009.mammalGrid.mam","D02","BLAN","BLAN_009","2015-10-15","2015-10-15",,,
"37e5dbba-8001-416f-a47c-bb99c0d84d05","87F39717EEEA4C348446A7F408F377CD","BLAN_001.mammalGrid.mam","D02","BLAN","BLAN_001","2015-10-15","2015-10-15",,,
