uid,nightuid,namedLocation,domainID,siteID,plotID,collectDate,endDate,samplingProtocolVersion,remarks,dataQF
"7fd613d9-1329-4972-b593-8891d30b2f4b","379b7b0d-d3f1-45df-ad9b-607c2af27276","DEJU_005.mammalGrid.mam","D19","DEJU","DEJU_005","2018-06-20","2018-06-20","NEON.DOC.000481vK",,
"8639942c-070a-429d-b295-f5ee74e29ce0","bda0f31e-1e33-4654-9cbe-0e03aca4e5ad","DEJU_003.mammalGrid.mam","D19","DEJU","DEJU_003","2018-06-20","2018-06-20","NEON.DOC.000481vK",,
"b7e5b44d-db4b-4d69-98bd-096a3e107d63","1a223ca6-4ce7-4b80-803c-676282493248","DEJU_017.mammalGrid.mam","D19","DEJU","DEJU_017","2018-06-20","2018-06-20","NEON.DOC.000481vK",,
"49630546-06a2-4298-a122-2081e06ea1e9","2587b478-4e57-45bb-a422-b5caf5bb26d6","DEJU_001.mammalGrid.mam","D19","DEJU","DEJU_001","2018-06-20","2018-06-20","NEON.DOC.000481vK",,
"a8c7972e-e140-4e81-b738-1f354fde0d04","0a1ec1a9-8ce6-414f-9cf1-7d8fd0399fd4","DEJU_006.mammalGrid.mam","D19","DEJU","DEJU_006","2018-06-21","2018-06-21","NEON.DOC.000481vK",,
"c33b077f-1d6b-4ea4-be82-0de839c14c98","eea92a32-8f64-4545-84f5-0fde01a9fc5d","DEJU_005.mammalGrid.mam","D19","DEJU","DEJU_005","2018-06-21","2018-06-21","NEON.DOC.000481vK",,
"b69e0bfa-1127-463b-ac50-f4ebc9b43ccf","1cf240e1-2b97-4c75-9bbd-4ff4f0474499","DEJU_003.mammalGrid.mam","D19","DEJU","DEJU_003","2018-06-21","2018-06-21","NEON.DOC.000481vK",,
"00536c81-7577-4fcc-ad29-d15c341d58b9","c7c2cc81-e8b2-4dd8-84ed-3d66443579c9","DEJU_017.mammalGrid.mam","D19","DEJU","DEJU_017","2018-06-21","2018-06-21","NEON.DOC.000481vK",,
"ba6b0a64-df3c-4620-a4bd-ccad7569f588","28a5b281-a08d-4956-b91c-9f4b56fe6ee6","DEJU_003.mammalGrid.mam","D19","DEJU","DEJU_003","2018-06-22","2018-06-22","NEON.DOC.000481vK",,
"b2df9774-533d-43d6-9e2b-5d1b26786d81","df22fcae-0592-4c78-b7e7-70eeef28d5a5","DEJU_014.mammalGrid.mam","D19","DEJU","DEJU_014","2018-06-22","2018-06-22","NEON.DOC.000481vK",,
"f22c79ea-d81a-44e1-8332-274bdb5dd8c1","9fc0a7a9-a8dc-4092-9853-01e149919407","DEJU_017.mammalGrid.mam","D19","DEJU","DEJU_017","2018-06-22","2018-06-22","NEON.DOC.000481vK",,
"0c91937c-1a41-4123-9c3a-91f8fb06ae02","7328bd7a-a33e-4e9c-9e5d-43bb27511686","DEJU_005.mammalGrid.mam","D19","DEJU","DEJU_005","2018-06-22","2018-06-22","NEON.DOC.000481vK",,
