uid,nightuid,namedLocation,domainID,siteID,plotID,collectDate,endDate,samplingProtocolVersion,remarks,dataQF
"158cfd97-03e9-4a0a-afa1-ccba922e50e7","66B7E5DF90C54EAFA3D41F06F7C5E4B9","JERC_009.mammalGrid.mam","D03","JERC","JERC_009","2015-05-19","2015-05-19",,,
"3bca8b8e-bb66-4092-9836-3a5d8ecb01fc","4AF78E91EC1F4EAAB338B61FBF5DC291","JERC_005.mammalGrid.mam","D03","JERC","JERC_005","2015-05-19","2015-05-19",,,
"f56b72e6-4654-43fe-95bf-29fde3dc950b","8F620F8D0DEA447FABB7632286F2A932","JERC_019.mammalGrid.mam","D03","JERC","JERC_019","2015-05-19","2015-05-19",,,
"dbabdec0-8c23-4986-ac07-4c8b65ed9c97","9E74E8A73F994666B6FEFB46FB1A873E","JERC_009.mammalGrid.mam","D03","JERC","JERC_009","2015-05-20","2015-05-20",,,
"34bceeb5-31a0-4778-bb8e-fdc02ebb3b72","4D2414B0965A45C893974FB15C581975","JERC_005.mammalGrid.mam","D03","JERC","JERC_005","2015-05-20","2015-05-20",,,
"2ccda0ff-3f89-4ba6-8e4e-0cba0978ecdf","64D2DC99B07048C9826CC6C10509F20C","JERC_006.mammalGrid.mam","D03","JERC","JERC_006","2015-05-20","2015-05-20",,,
"73a04150-5d92-4947-887a-82bf7dfad8f3","22B7209F5AB64CB0962D131E311FDBD6","JERC_003.mammalGrid.mam","D03","JERC","JERC_003","2015-05-20","2015-05-20",,,
"89ada14b-9463-4b4c-8be1-2854e30edad6","72906E91F8144196986C11CB65988446","JERC_005.mammalGrid.mam","D03","JERC","JERC_005","2015-05-21","2015-05-21",,,
"13b4a93d-5ce8-4789-ae1c-7a22f732fdff","EBB8C98D27684BB9B1F8508DA58D402B","JERC_009.mammalGrid.mam","D03","JERC","JERC_009","2015-05-21","2015-05-21",,,
"01e46eb4-5cb6-4c53-bd34-f64ac931848e","6CB95E1B570F49409ED3D36A6A657886","JERC_003.mammalGrid.mam","D03","JERC","JERC_003","2015-05-21","2015-05-21",,,
