uid,nightuid,namedLocation,domainID,siteID,plotID,collectDate,endDate,samplingProtocolVersion,remarks,dataQF
"17bda18f-4a1f-4eae-bdf6-2d90193eb368","D0A0E9C065A5491FAFC443892F6367ED","TREE_019.mammalGrid.mam","D05","TREE","TREE_019","2015-07-07","2015-07-07",,,
"d601cef9-ca7a-4e3b-a80a-3bf2428b4030","8959F44A3A174E6287CA1CFF612A3397","TREE_004.mammalGrid.mam","D05","TREE","TREE_004","2015-07-07","2015-07-07",,,
"f915827a-7def-4054-a021-765e1e93b99f","AE75EB9BB87944189B78B3EE71D0B587","TREE_016.mammalGrid.mam","D05","TREE","TREE_016","2015-07-07","2015-07-07",,,
"67dd2869-fbdb-4d30-b42c-f9aa0850dd34","08E4A087E96D4D169D923F51F7AB2F24","TREE_004.mammalGrid.mam","D05","TREE","TREE_004","2015-07-08","2015-07-08",,,
"b3eabe18-2669-4e0e-9ee9-dbe2c418aa0e","353F3ED4EA5B4AE086D0F28C55A6A63D","TREE_016.mammalGrid.mam","D05","TREE","TREE_016","2015-07-08","2015-07-08",,,
"4d4ae47f-a3c7-446d-a528-248a66b7dee3","8BE6B953266D451D8B80F3123F827CA8","TREE_019.mammalGrid.mam","D05","TREE","TREE_019","2015-07-08","2015-07-08",,,
"0a181e75-c107-40c1-8ded-e0ef86922ebf","AF8D078A711A40B99C8F0EE9C122444C","TREE_019.mammalGrid.mam","D05","TREE","TREE_019","2015-07-09","2015-07-09",,,
"00fcfef9-b51c-4789-9ccc-17060fe44aaa","7C76FD54EF0E4493A47CC10E4FFFBF38","TREE_004.mammalGrid.mam","D05","TREE","TREE_004","2015-07-09","2015-07-09",,,
"0e0ad207-d7c0-4ffe-98da-d8543770947d","C248A241C3AD4A3B8AD3269B79F37B43","TREE_016.mammalGrid.mam","D05","TREE","TREE_016","2015-07-09","2015-07-09",,,
"61fb576b-9a16-4308-98d0-b7e92740589f","C6AF977DE8A74C38809ACBA6C7D7B6D2","TREE_002.mammalGrid.mam","D05","TREE","TREE_002","2015-07-10","2015-07-10",,,
"882b431d-ce06-4d53-b04f-448474e3f8be","C639E28D22304734954CE2E5440FC000","TREE_028.mammalGrid.mam","D05","TREE","TREE_028","2015-07-10","2015-07-10",,,
"788f7880-696e-4c92-8429-b94df2a65d48","5D8330F30B484714B09D792ED6B02867","TREE_027.mammalGrid.mam","D05","TREE","TREE_027","2015-07-10","2015-07-10",,,
