uid,nightuid,namedLocation,domainID,siteID,plotID,collectDate,endDate,samplingProtocolVersion,remarks,dataQF
"8f5348a4-9b86-48f6-96d0-00a0b54621a9","24c63cb1-509a-4d18-88aa-704b0250d9ae","NOGP_017.mammalGrid.mam","D09","NOGP","NOGP_017","2018-09-17","2018-09-17","NEON.DOC.000481vK",,
"d2738c11-f7a0-41bc-a12b-635606695a3d","ad65ef90-0074-4007-8e66-547eac0a1f3d","NOGP_009.mammalGrid.mam","D09","NOGP","NOGP_009","2018-09-17","2018-09-17","NEON.DOC.000481vK",,
"0bbadde1-7655-4054-9f4b-cdefa0f9475d","18fb621f-cd07-4c15-a445-50737572d30d","NOGP_005.mammalGrid.mam","D09","NOGP","NOGP_005","2018-09-17","2018-09-17","NEON.DOC.000481vK","Cows on plot",
"1cbf694b-13ee-45a6-a1ce-562a0ab3b733","0381c30e-3ff2-4de2-8571-2b1b4d998e96","NOGP_002.mammalGrid.mam","D09","NOGP","NOGP_002","2018-09-17","2018-09-17","NEON.DOC.000481vK",,
"88795c5b-28cf-4a30-b67b-4afd200b4ca0","be172f84-9a34-47e4-82c4-4b3039ab8197","NOGP_005.mammalGrid.mam","D09","NOGP","NOGP_005","2018-09-18","2018-09-18","NEON.DOC.000481vK",,
"4fae5d3d-6099-49b0-b97e-80fedd8da0b5","005c2307-7c74-4d0c-ac63-356e86d2a0e8","NOGP_002.mammalGrid.mam","D09","NOGP","NOGP_002","2018-09-18","2018-09-18","NEON.DOC.000481vK",,
"65fd45f2-8acc-4dfe-8698-883eb6afb8b9","49ea1c2f-4262-47dc-a7dd-9f5c90a863e5","NOGP_014.mammalGrid.mam","D09","NOGP","NOGP_014","2018-09-18","2018-09-18","NEON.DOC.000481vK",,
"f801e962-87bf-4de1-9144-48983ff911bd","cef3cf7e-1d18-43ef-8fe0-449c28f68511","NOGP_017.mammalGrid.mam","D09","NOGP","NOGP_017","2018-09-18","2018-09-18","NEON.DOC.000481vK",,
"0f6388b1-bca4-465e-995a-6c12f0b723d2","94a037c0-277e-4fea-aaad-f05d3cbd372e","NOGP_007.mammalGrid.mam","D09","NOGP","NOGP_007","2018-09-19","2018-09-19","NEON.DOC.000481vK",,
"3b7a8847-bcb4-46fa-8f38-916ccecde7b7","572b6eff-ee67-4a99-9350-84c1a385ad29","NOGP_002.mammalGrid.mam","D09","NOGP","NOGP_002","2018-09-19","2018-09-19","NEON.DOC.000481vK",,
"7e03491f-f449-43ce-8e4b-a2930760de00","dbb2a0ff-a30c-47f1-8db9-f883027f7b29","NOGP_005.mammalGrid.mam","D09","NOGP","NOGP_005","2018-09-19","2018-09-19","NEON.DOC.000481vK",,
"f6738443-6039-4160-b120-add6cf25883b","1079dd8a-b50c-42d3-822d-c531040b6b42","NOGP_017.mammalGrid.mam","D09","NOGP","NOGP_017","2018-09-19","2018-09-19","NEON.DOC.000481vK",,
