uid,nightuid,namedLocation,domainID,siteID,plotID,collectDate,endDate,samplingProtocolVersion,remarks,dataQF
"1c312bf6-0d9a-4a27-b36c-7f32429bffb9","e9fb9cde-fa3e-497b-81d6-1b0c1b34e569","CPER_015.mammalGrid.mam","D10","CPER","CPER_015","2017-04-18","2017-04-18","NEON.DOC.000481vJ",,
"e0bedfa0-094d-423c-805d-5da8481204e9","0d7e9673-b6f5-4855-8f27-9b437a1b6d78","CPER_006.mammalGrid.mam","D10","CPER","CPER_006","2017-04-18","2017-04-18","NEON.DOC.000481vJ",,
"a292cf76-23b4-4ff9-aec2-ce4e2841ad37","fcc7d0bc-02ae-4412-9d16-0b87fc71db0e","CPER_011.mammalGrid.mam","D10","CPER","CPER_011","2017-04-18","2017-04-18","NEON.DOC.000481vJ",,
"2c3fb6b7-867b-4482-8975-2fff6eff1ebd","2a69daa1-c3d0-4e17-8935-f93d373dfaad","CPER_009.mammalGrid.mam","D10","CPER","CPER_009","2017-04-18","2017-04-18","NEON.DOC.000481vJ",,
"40f8baf0-932d-4be6-8acc-fb09e1668478","771faddb-5885-44a9-9592-65dd7f107ec7","CPER_005.mammalGrid.mam","D10","CPER","CPER_005","2017-04-18","2017-04-18","NEON.DOC.000481vJ",,
"e2b939dd-5b5d-4102-a4a3-984b186f59a2","85b24e32-61da-41f6-9078-af6d53f46797","CPER_015.mammalGrid.mam","D10","CPER","CPER_015","2017-04-19","2017-04-19","NEON.DOC.000481vJ",,
"4a924ad4-ecf7-45fa-9c17-d6d99ff6a8ca","5d54c4c5-c527-4986-b73f-fabca89b2edf","CPER_005.mammalGrid.mam","D10","CPER","CPER_005","2017-04-19","2017-04-19","NEON.DOC.000481vJ",,
"f493d754-5756-4bda-8440-5c60693d267d","1f1ff1b9-c91e-41f8-a2f9-d3a00fed30f9","CPER_008.mammalGrid.mam","D10","CPER","CPER_008","2017-04-19","2017-04-19","NEON.DOC.000481vJ",,
"501b666b-e175-4ad2-a9b7-893fe115ce1a","974b830c-09e1-4522-b094-57c64e08eacc","CPER_011.mammalGrid.mam","D10","CPER","CPER_011","2017-04-19","2017-04-19","NEON.DOC.000481vJ",,
"5ac8dd96-8ead-4386-905d-21d6746037d5","64d3b4c5-b2d6-4d18-bcc4-4b7426dfd896","CPER_004.mammalGrid.mam","D10","CPER","CPER_004","2017-04-19","2017-04-19","NEON.DOC.000481vJ",,
"b6b74997-77d1-4875-914c-80b135dd345a","dfbe0632-7c4a-4713-b0da-55e29dcec96a","CPER_002.mammalGrid.mam","D10","CPER","CPER_002","2017-04-19","2017-04-19","NEON.DOC.000481vJ",,
