uid,nightuid,namedLocation,domainID,siteID,plotID,collectDate,endDate,samplingProtocolVersion,remarks,dataQF
"6ec9d0e2-d13e-4f8f-8427-45437ab68e60","DE18CF7BAD9147868CFF5DADC6BF3E6C","HEAL_033.mammalGrid.mam","D19","HEAL","HEAL_033","2016-08-02","2016-08-02","NEON.DOC.000481vH",,
"5af3f6a0-56c7-47d0-8554-84c7bae924f1","66BA55C93DEA4CF4A6D895CD56C6EDC8","HEAL_031.mammalGrid.mam","D19","HEAL","HEAL_031","2016-08-02","2016-08-02","NEON.DOC.000481vH",,
"b5a9cadb-916f-4a58-8778-646415201876","F2702EDEB3D74E5C946393240DE5DDB6","HEAL_032.mammalGrid.mam","D19","HEAL","HEAL_032","2016-08-02","2016-08-02","NEON.DOC.000481vH",,
"d770ed06-e823-46ff-b556-05a56e6a9f82","19B9A5B16FE74A60BD75867FEE7E17C5","HEAL_032.mammalGrid.mam","D19","HEAL","HEAL_032","2016-08-03","2016-08-03","NEON.DOC.000481vH",,
"7aaa369b-51c6-470e-ae17-1203cad70293","4047D0BA21384A9A844CA00ABA739A09","HEAL_033.mammalGrid.mam","D19","HEAL","HEAL_033","2016-08-03","2016-08-03","NEON.DOC.000481vH",,
"4d34aa22-921a-4577-92c9-f3fba027d0df","5C12F521E2FB438586AC9619A6733D40","HEAL_034.mammalGrid.mam","D19","HEAL","HEAL_034","2016-08-03","2016-08-03","NEON.DOC.000481vH",,
"3843eaf1-ba82-4958-b493-4c15f7ae5c4f","5168E8113D1344A7A0EC40CEEB0A7776","HEAL_031.mammalGrid.mam","D19","HEAL","HEAL_031","2016-08-03","2016-08-03","NEON.DOC.000481vH",,
"b78f3752-a9fd-4af8-9cfd-53798abf2b1a","D475A25B253244A0BAB7E78642029505","HEAL_033.mammalGrid.mam","D19","HEAL","HEAL_033","2016-08-04","2016-08-04","NEON.DOC.000481vH",,
"171bdc90-7150-4828-82d2-d765262863bc","3845638F1A8A453891793E8B3E3A2610","HEAL_002.mammalGrid.mam","D19","HEAL","HEAL_002","2016-08-04","2016-08-04","NEON.DOC.000481vH","8 traps not set because of ATV tracks running through the plot",
"96acc09b-9e2c-47bf-9950-4acefebe68f3","067230234A2A4A7B89E1DEBFC2DE9A22","HEAL_031.mammalGrid.mam","D19","HEAL","HEAL_031","2016-08-04","2016-08-04","NEON.DOC.000481vH",,
"2fc37d4d-b4d4-47f8-92e4-db080dae420e","35892C0FA42C45C4AE7A41899938A4E6","HEAL_032.mammalGrid.mam","D19","HEAL","HEAL_032","2016-08-04","2016-08-04","NEON.DOC.000481vH",,
"42639638-0895-48d6-a6e8-33dfc33c4e41","F7973EE9CBFB4A5EA3F5279148DB3E4C","HEAL_014.mammalGrid.mam","D19","HEAL","HEAL_014","2016-08-05","2016-08-05","NEON.DOC.000481vH",,
"4540d153-dcf8-4889-9c3f-7aceeab244db","7448DC750CEB446DB2C6FD45DA18FB20","HEAL_016.mammalGrid.mam","D19","HEAL","HEAL_016","2016-08-05","2016-08-05","NEON.DOC.000481vH",,
"f7c28076-70a9-4fd0-8e65-012eebb5dc5b","721F45CE9B7D4226A93498E186F4343A","HEAL_010.mammalGrid.mam","D19","HEAL","HEAL_010","2016-08-05","2016-08-05","NEON.DOC.000481vH",,
