uid,nightuid,namedLocation,domainID,siteID,plotID,collectDate,endDate,samplingProtocolVersion,remarks,dataQF
"a2e1b140-8ac3-4983-ade7-9f65c6c08cea","0be35d6c-9eeb-4235-bbc4-7bd2a019daa9","SERC_011.mammalGrid.mam","D02","SERC","SERC_011","2017-05-02","2017-05-02","NEON.DOC.000481vJ",,
"f7dfdc94-b3e2-4b64-ab6a-0f3540f0b538","92a0b95f-3739-4f70-be38-ab444041c228","SERC_014.mammalGrid.mam","D02","SERC","SERC_014","2017-05-02","2017-05-02","NEON.DOC.000481vJ","Heavy disturbance; grid closed after one night",
"82d00e61-5df1-423f-8e76-df192b7ff775","7f4fcd35-2751-4401-98c4-87f5d9f782ef","SERC_015.mammalGrid.mam","D02","SERC","SERC_015","2017-05-02","2017-05-02","NEON.DOC.000481vJ",,
"622eb95d-af20-4fee-8046-782381b3c4c7","d9a9c7eb-e394-4385-92b1-99221385e6b0","SERC_007.mammalGrid.mam","D02","SERC","SERC_007","2017-05-02","2017-05-02","NEON.DOC.000481vJ","Low in 60s",
"4c160541-da8c-43e8-aac4-66ec7815f2af","cdfb2c57-b928-44d0-9f77-84ff34c7ddc9","SERC_015.mammalGrid.mam","D02","SERC","SERC_015","2017-05-03","2017-05-03","NEON.DOC.000481vJ","Lows in 50s",
"7fe13763-dca9-4c96-8b3f-9891aaa62440","fe9e95a5-4c8e-4de6-8dac-b141b2f76100","SERC_032.mammalGrid.mam","D02","SERC","SERC_032","2017-05-03","2017-05-03","NEON.DOC.000481vJ",,
"2c377c5e-a2f9-4236-9110-8fec0f2e03d1","959d4cec-1ce5-4dca-a525-52872c2390a0","SERC_008.mammalGrid.mam","D02","SERC","SERC_008","2017-05-03","2017-05-03","NEON.DOC.000481vJ","This crop field has not been tilled or planted yet; ground covered in grass and forbes up to 1ft tall",
"a16b7259-302e-47dc-b533-ef09876bd8dd","e9b2abaf-6231-4c8d-b648-6dff96037ab6","SERC_011.mammalGrid.mam","D02","SERC","SERC_011","2017-05-03","2017-05-03","NEON.DOC.000481vJ","Lows in 50s",
"64a876e2-fc30-4fd1-bc15-39c75e126956","193f96ae-2f58-4656-9332-0d9db71d70ca","SERC_015.mammalGrid.mam","D02","SERC","SERC_015","2017-05-04","2017-05-04","NEON.DOC.000481vJ",,
"01dc39ad-d47f-4474-a7ea-bcc3308218bc","903523cf-81ac-4f7c-bb37-e9a52048d669","SERC_031.mammalGrid.mam","D02","SERC","SERC_031","2017-05-04","2017-05-04","NEON.DOC.000481vJ",,
"ce84fd91-a8f2-4d63-8601-42704d2576aa","a8b9cccf-da85-40bc-94c7-d2f1335aa099","SERC_016.mammalGrid.mam","D02","SERC","SERC_016","2017-05-04","2017-05-04","NEON.DOC.000481vJ",,
"c90b6e34-b8bd-4de6-8ca6-4780164d296d","597bbb9b-6127-4807-a29a-b560142e52fe","SERC_011.mammalGrid.mam","D02","SERC","SERC_011","2017-05-04","2017-05-04","NEON.DOC.000481vJ",,
