uid,nightuid,namedLocation,domainID,siteID,plotID,collectDate,endDate,samplingProtocolVersion,remarks,dataQF
"799a5544-889d-4c7e-a0df-9fbf3fc91f99","B33BBAC63C1F4B999ED35959477F9E11","TALL_031.mammalGrid.mam","D08","TALL","TALL_031","2015-08-11","2015-08-11",,"Unable to trap at plot due to logging activity",
"6b9a02c7-7d15-4aa0-b842-cde98aa2edee","5476971FAFAC4C12B68B4EDDF5050B9F","TALL_024.mammalGrid.mam","D08","TALL","TALL_024","2015-08-11","2015-08-11",,,
"9a19ccf9-64ac-4ec4-802c-9ee5b5ced0d6","243D15613D1E4FE5B7CA0C73FDDA7223","TALL_015.mammalGrid.mam","D08","TALL","TALL_015","2015-08-11","2015-08-11",,,
"33b43da5-8c72-4341-b659-b4725c353598","746948E276144B2FAE3AD7F588C71073","TALL_010.mammalGrid.mam","D08","TALL","TALL_010","2015-08-11","2015-08-11",,,
"88657c89-6035-44ab-b69c-d1d937f283a2","1DA9AEDBF2B8498CA86C79B4B8CCA79C","TALL_010.mammalGrid.mam","D08","TALL","TALL_010","2015-08-12","2015-08-12",,,
"e6aa53b7-ae58-4075-ab1d-82204e5a6f7d","985515267B7C4A86AB205BDBC20017A8","TALL_024.mammalGrid.mam","D08","TALL","TALL_024","2015-08-12","2015-08-12",,,
"8e1833f6-f064-4f90-a0fa-ac5dddb32618","F2055C482B944D29AB1A7B79AEBF79D9","TALL_015.mammalGrid.mam","D08","TALL","TALL_015","2015-08-12","2015-08-12",,,
"8534d4fe-a5d0-4c79-8b01-5d27a883dba5","E0EC8C5CE94A4DC48F216681F092219E","TALL_031.mammalGrid.mam","D08","TALL","TALL_031","2015-08-12","2015-08-12",,,
"b3a7e620-b414-422c-a61f-29d5d3489380","C305516D8CA242DBBEFA152F40FC0476","TALL_031.mammalGrid.mam","D08","TALL","TALL_031","2015-08-13","2015-08-13",,"Unable to trap at plot due to logging activity",
"61815a9f-ab91-4aa3-9a9e-53c5de564313","00F0084992BA4B37A389183DCBF6FBED","TALL_024.mammalGrid.mam","D08","TALL","TALL_024","2015-08-13","2015-08-13",,,
"07ada1dc-e9b2-418f-b46e-dd859e3be145","C3FFC742F96E4878A049D5BE668C769A","TALL_010.mammalGrid.mam","D08","TALL","TALL_010","2015-08-13","2015-08-13",,,
"e18c817f-5a69-4571-88cc-8ed3ff0f5958","6B0518E1AB4F43C8B89E045D7DC7A61A","TALL_015.mammalGrid.mam","D08","TALL","TALL_015","2015-08-13","2015-08-13",,,
"f5e0193b-8ce1-49b5-800c-d7a12b37d92a","09A262CABB2144249B56FDB50118F50A","TALL_013.mammalGrid.mam","D08","TALL","TALL_013","2015-08-14","2015-08-14",,,
"aed01f47-3eb9-45e1-8607-62fb4c5f5cdd","CD35C4C92DB948A4BCEC1642E10861F4","TALL_006.mammalGrid.mam","D08","TALL","TALL_006","2015-08-14","2015-08-14",,,
"0509bab3-39ae-4f12-ab0b-382e9e33ef05","48D3DE46459D419EA4E38A5031C197CA","TALL_012.mammalGrid.mam","D08","TALL","TALL_012","2015-08-14","2015-08-14",,,
"d871fb65-0529-43e0-a6ef-4c9e0dba9b48","A2C4C7B96E534959B7E67477E724BE9F","TALL_005.mammalGrid.mam","D08","TALL","TALL_005","2015-08-14","2015-08-14",,"unable to trap at plot due to logging activity",
