uid,nightuid,namedLocation,domainID,siteID,plotID,collectDate,endDate,samplingProtocolVersion,remarks,dataQF
"5659385b-2671-458f-b959-5aac0ac1e6b6","8b4b57b8-3858-4035-ad17-e653ec453e4d","HEAL_032.mammalGrid.mam","D19","HEAL","HEAL_032","2018-07-17","2018-07-17","NEON.DOC.000481vK",,
"b94d51fe-7648-459f-b34f-5e56ab027142","dbb332e9-282e-4c2e-acbd-e216526203e5","HEAL_031.mammalGrid.mam","D19","HEAL","HEAL_031","2018-07-17","2018-07-17","NEON.DOC.000481vK",,
"33fcbc98-4669-4cd2-8d66-1d99d684d2a7","0545d0a4-5490-4e2c-a2a1-6e04d44dc061","HEAL_010.mammalGrid.mam","D19","HEAL","HEAL_010","2018-07-17","2018-07-17","NEON.DOC.000481vK",,
"6f79d5e8-73b2-4ce9-9dba-e30b8b11812c","6c1480e3-0a45-4d47-9c38-04ed33efa040","HEAL_033.mammalGrid.mam","D19","HEAL","HEAL_033","2018-07-17","2018-07-17","NEON.DOC.000481vK",,
"3135853a-2a85-4fb6-a40a-90916877eac2","f7d2ca6d-84eb-4a67-9a8e-3abfe01221f3","HEAL_033.mammalGrid.mam","D19","HEAL","HEAL_033","2018-07-18","2018-07-18","NEON.DOC.000481vK",,
"8cb7c6a0-119f-4833-9f10-55f2142a2ef0","8dbb20e8-9e5c-4369-b422-63ff6744896a","HEAL_032.mammalGrid.mam","D19","HEAL","HEAL_032","2018-07-18","2018-07-18","NEON.DOC.000481vK",,
"86f93ffe-3099-43f4-b0dd-983ac2f8e5ce","eeb7b896-4d3f-4d33-a97c-dda32ede317e","HEAL_014.mammalGrid.mam","D19","HEAL","HEAL_014","2018-07-18","2018-07-18","NEON.DOC.000481vK","All trap status 6s",
"97f8e7af-a3a5-4b09-aa34-334dbff12782","968f8aea-0805-4106-ba22-dd8531dd6f7d","HEAL_031.mammalGrid.mam","D19","HEAL","HEAL_031","2018-07-18","2018-07-18","NEON.DOC.000481vK",,
"259a72ec-f47e-46a7-8c32-6d6beb97564d","6e38d14c-101a-4c45-80e5-19185d2c5fe4","HEAL_033.mammalGrid.mam","D19","HEAL","HEAL_033","2018-07-19","2018-07-19","NEON.DOC.000481vK",,
"101b9beb-76db-4f9b-b400-3482d1936ed4","9c807e86-2bb7-4033-b361-3207bab3ef8d","HEAL_031.mammalGrid.mam","D19","HEAL","HEAL_031","2018-07-19","2018-07-19","NEON.DOC.000481vK",,
"d724cc73-7ca6-4c10-8115-f732475ab3da","dab5e3c9-3474-4283-9167-ea831f839ebd","HEAL_034.mammalGrid.mam","D19","HEAL","HEAL_034","2018-07-19","2018-07-19","NEON.DOC.000481vK",,
"917ff07b-ac8b-4ec7-85e7-41ad61ec0982","5b5dc0f4-d66d-4cae-a3be-69f93e109b3a","HEAL_032.mammalGrid.mam","D19","HEAL","HEAL_032","2018-07-19","2018-07-19","NEON.DOC.000481vK",,
