uid,nightuid,namedLocation,domainID,siteID,plotID,collectDate,endDate,samplingProtocolVersion,remarks,dataQF
"52df6658-3fd2-4f45-8ad5-ac69fb0adbb3","1A62053205CD4E6DB4AEC1F629FD4BC8","OSBS_012.mammalGrid.mam","D03","OSBS","OSBS_012","2014-06-18","2014-06-18",,,
"0fc9c0a4-5513-47db-a772-93d53433e121","F3642126B40443158556493849C41B72","OSBS_003.mammalGrid.mam","D03","OSBS","OSBS_003","2014-06-18","2014-06-18",,,
"df2dacca-7716-4a2e-95a5-ea68bb189dde","556AE01C3181489A9675311EE01788A6","OSBS_023.mammalGrid.mam","D03","OSBS","OSBS_023","2014-06-18","2014-06-18",,,
"042b29fd-8ec7-484b-b2a4-5bf15ff9401e","334DD337BF804B0B988F7312FCC02309","OSBS_004.mammalGrid.mam","D03","OSBS","OSBS_004","2014-06-18","2014-06-18",,,
"732b8350-9f60-4087-876d-0748db556455","0939E12B954943148B0235C4DB6C3D5A","OSBS_005.mammalGrid.mam","D03","OSBS","OSBS_005","2014-06-18","2014-06-18",,,
"d6729963-a109-4a02-813c-cb74a4d64871","924785F94FEA412FB0693A6E5A8A15C4","OSBS_002.mammalGrid.mam","D03","OSBS","OSBS_002","2014-06-18","2014-06-18",,,
"b5688f28-1e40-4e99-aeaa-6684d4839b3b","43D4C147146E41CBA62A4938226545B8","OSBS_002.mammalGrid.mam","D03","OSBS","OSBS_002","2014-06-19","2014-06-19",,,
"5c3cef0c-ad1c-49c0-b7be-54ea33e0bb60","4AE4FE6072D74C4E91FDF7E2FD157432","OSBS_003.mammalGrid.mam","D03","OSBS","OSBS_003","2014-06-19","2014-06-19",,,
"ae4bce4c-7db0-4ac8-960d-ce14333b9c5c","EC0C24EC183A4711B435A3E967FEE9AC","OSBS_023.mammalGrid.mam","D03","OSBS","OSBS_023","2014-06-19","2014-06-19",,,
"f5aeb5c7-1e6c-4dc0-b443-42bf53dcaf06","DEDFBA4D96984978A37FBFD92AADB387","OSBS_004.mammalGrid.mam","D03","OSBS","OSBS_004","2014-06-19","2014-06-19",,,
"39080046-9809-4a26-aada-d616ee4cf55c","D9D236CD98CE485DB8371FC257750E81","OSBS_005.mammalGrid.mam","D03","OSBS","OSBS_005","2014-06-19","2014-06-19",,,
"30669717-4b4d-4937-9606-2cf44997d889","155EA3E86F4B4F14B0E48E5084F305A8","OSBS_012.mammalGrid.mam","D03","OSBS","OSBS_012","2014-06-19","2014-06-19",,,
"4ff5a1cc-27c7-46fa-ab53-8f0264b7ebbf","D908C7EC485043BD81A41EB721A75D93","OSBS_005.mammalGrid.mam","D03","OSBS","OSBS_005","2014-06-20","2014-06-20",,,
"7e3f0e06-b917-4159-b191-288bed4fa07a","D7338242EC024ECD8FC7D321C89A8567","OSBS_012.mammalGrid.mam","D03","OSBS","OSBS_012","2014-06-20","2014-06-20",,,
"550d2e26-15c8-4233-975e-5c21b4c486b8","CD643EED69E04DA6997F7D631573EA95","OSBS_004.mammalGrid.mam","D03","OSBS","OSBS_004","2014-06-20","2014-06-20",,,
"1537d0ca-bbde-490d-a7d9-9ddc970c9ef6","36C369A545324185A06788E6A7289ECC","OSBS_003.mammalGrid.mam","D03","OSBS","OSBS_003","2014-06-20","2014-06-20",,,
"6db1f076-d348-4a2a-aa0d-4d5804c553d2","142A2169D5FA4C62AFE87C6D185F7CA3","OSBS_002.mammalGrid.mam","D03","OSBS","OSBS_002","2014-06-20","2014-06-20",,,
"78e0ad09-6695-4ff8-9376-7d5d253c3e10","36D035A9EF544B459AA019076E0CEFD8","OSBS_023.mammalGrid.mam","D03","OSBS","OSBS_023","2014-06-20","2014-06-20",,,
