uid,nightuid,namedLocation,domainID,siteID,plotID,collectDate,endDate,samplingProtocolVersion,remarks,dataQF
"837f6bf0-b4f7-4721-b0c4-1bacf972e22f","4DAEAE58025B4446A999DBDDFB626612","ORNL_003.mammalGrid.mam","D07","ORNL","ORNL_003","2014-07-22","2014-07-22",,,
"594d9c58-dd7e-4e33-adfa-c9434cff04ad","E9908EEC8CCD4D598DE2D862ECE67E4E","ORNL_027.mammalGrid.mam","D07","ORNL","ORNL_027","2014-07-22","2014-07-22",,"no captures",
"b3cd4ca6-e079-447d-98e1-48af5536b24b","E3337F519DBC4893808B306FC1732D91","ORNL_001.mammalGrid.mam","D07","ORNL","ORNL_001","2014-07-22","2014-07-22",,,
"c4c0f11e-f566-4063-bfc5-37bd1671bd96","9016EA8A389B427CB1E79D74F3C2BA89","ORNL_007.mammalGrid.mam","D07","ORNL","ORNL_007","2014-07-22","2014-07-22",,"no captures",
"8d91c72e-20fc-424d-b6d7-35fca6c4487d","D2FC6E8DEA224AFEACEBFF32B8162841","ORNL_039.mammalGrid.mam","D07","ORNL","ORNL_039","2014-07-22","2014-07-22",,,
"a9bffdb3-ada8-4a5f-81a4-89f99c5b868e","9AE49B0F84324A449B69A869EE9706F6","ORNL_002.mammalGrid.mam","D07","ORNL","ORNL_002","2014-07-22","2014-07-22",,,
"2b592d04-098b-4be6-8227-1397dafe35d8","7A21DAA23CF541C5B5EE3E830635F374","ORNL_027.mammalGrid.mam","D07","ORNL","ORNL_027","2014-07-23","2014-07-23",,"no captures",
"e879ea20-76f5-4106-929f-1d2c60ed5388","892C677A0B6A41428936594A58BA56AC","ORNL_002.mammalGrid.mam","D07","ORNL","ORNL_002","2014-07-23","2014-07-23",,,
"9a3f4d45-a151-40ec-b1c3-7de2779154a5","990A720112344DDF89066595E746480C","ORNL_003.mammalGrid.mam","D07","ORNL","ORNL_003","2014-07-23","2014-07-23",,,
"71fa6f47-86eb-413b-98ac-5093caca63f2","7C0F3D92CF464739817F098AF4E25B1B","ORNL_039.mammalGrid.mam","D07","ORNL","ORNL_039","2014-07-23","2014-07-23",,,
"d76eba69-ed30-4849-b82c-fe010b2d9657","DA1AB9BF3DBF45EF88817C1D83854FBB","ORNL_007.mammalGrid.mam","D07","ORNL","ORNL_007","2014-07-23","2014-07-23",,"no captures",
"571ecf9b-ac92-4dee-816a-6f22bd18b89e","32AC752EB2CF4B8DB8271F79C06A0EC3","ORNL_001.mammalGrid.mam","D07","ORNL","ORNL_001","2014-07-23","2014-07-23",,,
"4908887c-9f75-4b7e-8b10-51b62572b62b","F6F9B72A1DF541F7B79A7E128ADBBACB","ORNL_007.mammalGrid.mam","D07","ORNL","ORNL_007","2014-07-25","2014-07-25",,,
"c4501748-b8d4-4ed4-ac64-fbe0c0a73ec8","98C6C7F0181B4BE1A6A1854751758B3A","ORNL_001.mammalGrid.mam","D07","ORNL","ORNL_001","2014-07-25","2014-07-25",,,
"633f8889-8896-4778-8c0d-3cb42395fec2","FC0469274C4548AC8DB4CF7C3B57B7A2","ORNL_039.mammalGrid.mam","D07","ORNL","ORNL_039","2014-07-25","2014-07-25",,,
"01bc38a0-f48f-4195-ac9c-119e9a2a0e16","FF2DA7F4F8604940ABB338A15DC0B1A2","ORNL_003.mammalGrid.mam","D07","ORNL","ORNL_003","2014-07-25","2014-07-25",,,
"1fed964c-7baf-4412-af66-2aae3a6ce8f3","1E2EB1B2968A418290D2FF7DE4431A4B","ORNL_002.mammalGrid.mam","D07","ORNL","ORNL_002","2014-07-25","2014-07-25",,,
"712c8015-b6c3-47c3-8427-f6dc1d78007f","DC809164A9334F5FB93B91CFD9155935","ORNL_027.mammalGrid.mam","D07","ORNL","ORNL_027","2014-07-25","2014-07-25",,"no captures",
