uid,nightuid,namedLocation,domainID,siteID,plotID,collectDate,endDate,samplingProtocolVersion,remarks,dataQF
"6ed6fafb-0f66-4dc8-a4b1-f89b1aa7108b","fab0e778-5009-43dc-bfcf-ae5637273c99","WREF_011.mammalGrid.mam","D16","WREF","WREF_011","2018-05-18","2018-05-18","NEON.DOC.000481vK",,
"56374062-ce50-43b4-ad23-0e71ae4613b0","09e206ff-4f6c-4780-8920-3f6117f427b0","WREF_003.mammalGrid.mam","D16","WREF","WREF_003","2018-05-18","2018-05-18","NEON.DOC.000481vK",,
"ae180145-9025-4b94-ba07-ee6bb9e3cf8c","5638a59d-f9a9-4e71-96b1-a180e43d6a8e","WREF_012.mammalGrid.mam","D16","WREF","WREF_012","2018-05-19","2018-05-19","NEON.DOC.000481vK",,
"9f371464-7cfd-4280-a25b-3c279edf747e","56e8faf5-4fd8-4745-82ba-5938eb6533c7","WREF_003.mammalGrid.mam","D16","WREF","WREF_003","2018-05-19","2018-05-19","NEON.DOC.000481vK",,
"c98b101b-5cde-4a1c-ba86-e96561dcd631","b491cdbe-6b78-49b3-bb9b-d64484120d68","WREF_011.mammalGrid.mam","D16","WREF","WREF_011","2018-05-19","2018-05-19","NEON.DOC.000481vK",,
"9e960113-9295-40b4-92f1-4cb6836346ab","00daa4a5-4c51-4a34-8613-30a586973354","WREF_007.mammalGrid.mam","D16","WREF","WREF_007","2018-05-19","2018-05-19","NEON.DOC.000481vK",,
"ce11376a-d557-4337-a53d-fb5408e971b4","3e489bbd-f559-49d9-8f9f-8f99c1fea7b9","WREF_001.mammalGrid.mam","D16","WREF","WREF_001","2018-05-20","2018-05-20","NEON.DOC.000481vK",,
"3cbf8767-0526-4b69-b46e-64c79ad24077","349279e9-e12f-4c7a-b6bd-1f24f689b0ac","WREF_003.mammalGrid.mam","D16","WREF","WREF_003","2018-05-20","2018-05-20","NEON.DOC.000481vK",,
"f569b647-42c1-4903-9d95-3c1e66a29b49","525db405-14d2-459f-b62f-befb27374d7d","WREF_011.mammalGrid.mam","D16","WREF","WREF_011","2018-05-20","2018-05-20","NEON.DOC.000481vK",,
"2393b383-0ac2-4dfb-adab-2e5cb547c34f","388921b1-ee1b-4d7c-a66b-f0e6b50cbd28","WREF_012.mammalGrid.mam","D16","WREF","WREF_012","2018-05-20","2018-05-20","NEON.DOC.000481vK",,
"8ed13b0f-e05c-42df-b1c1-9cd6a8bd2305","d1d19567-1fb9-493b-8b96-2e34508a8136","WREF_004.mammalGrid.mam","D16","WREF","WREF_004","2018-05-21","2018-05-21","NEON.DOC.000481vK",,
"40ebf8e7-930d-4233-9085-d903261bde5b","14567a60-79c1-45e6-b6bf-f2f74e9507b6","WREF_005.mammalGrid.mam","D16","WREF","WREF_005","2018-05-21","2018-05-21","NEON.DOC.000481vK",,
"a4152ad2-6bfe-4f13-9347-931339b2d36d","b28655ec-e9ee-473c-a6ba-11e9491c02d6","WREF_010.mammalGrid.mam","D16","WREF","WREF_010","2018-05-21","2018-05-21","NEON.DOC.000481vK",,
"ef379203-1406-4168-8438-0d26aa82e544","122665cf-fc74-4e74-b354-cedd632e154e","WREF_012.mammalGrid.mam","D16","WREF","WREF_012","2018-05-21","2018-05-21","NEON.DOC.000481vK",,
