uid,nightuid,namedLocation,domainID,siteID,plotID,collectDate,endDate,samplingProtocolVersion,remarks,dataQF
"98f9b7d3-e562-4017-9c86-59b6a046419b","C7D3185FDD3343E39336A5D1C6B4EE26","TALL_012.mammalGrid.mam","D08","TALL","TALL_012","2016-05-10","2016-05-10","NEON.DOC.000481vG",,
"8aa3370a-e259-4962-bad0-5a68568b82f3","0C8AC6F445F34FA0BD2115E93A87C1D4","TALL_024.mammalGrid.mam","D08","TALL","TALL_024","2016-05-10","2016-05-10","NEON.DOC.000481vG",,
"789796d9-6ba8-4631-9940-11db0467af11","F8E396F22E604DF4B67A4B7E121B27A4","TALL_010.mammalGrid.mam","D08","TALL","TALL_010","2016-05-10","2016-05-10","NEON.DOC.000481vG",,
"6b49621b-bf49-41fb-9e3b-728db30978e8","EAA4B086AF1A4CE88A642750C82F41CC","TALL_015.mammalGrid.mam","D08","TALL","TALL_015","2016-05-10","2016-05-10","NEON.DOC.000481vG",,
"639ec3f9-cd06-46a6-9e36-da17a9a391f9","EBF5F53EB0CC45E79DAC00380FA92E5A","TALL_010.mammalGrid.mam","D08","TALL","TALL_010","2016-05-11","2016-05-11","NEON.DOC.000481vG",,
"782a65a6-9dfd-4c86-980e-3a8e6de0e577","CFD82EB1D4574D62987C36C89EB52E4B","TALL_015.mammalGrid.mam","D08","TALL","TALL_015","2016-05-11","2016-05-11","NEON.DOC.000481vG",,
"87775d6e-4f5f-429f-8014-e62e74ca2dcf","2B498C67C81E46FF9C77E150E07088DB","TALL_012.mammalGrid.mam","D08","TALL","TALL_012","2016-05-11","2016-05-11","NEON.DOC.000481vG",,
"7340a945-555c-4115-87e1-925d28e605d3","9039E244BB9845D2BFA020532A2982D3","TALL_024.mammalGrid.mam","D08","TALL","TALL_024","2016-05-11","2016-05-11","NEON.DOC.000481vG",,
"832c62ec-22b6-4976-b3d5-80941dc7ab8b","863C5494E334441A9D38C24BEC975408","TALL_012.mammalGrid.mam","D08","TALL","TALL_012","2016-05-12","2016-05-12","NEON.DOC.000481vG",,
"f4f3df1f-db13-492e-9de6-904b506a3466","F959DD57D1514B38B98DD953D0CFBCC6","TALL_024.mammalGrid.mam","D08","TALL","TALL_024","2016-05-12","2016-05-12","NEON.DOC.000481vG",,
"e37ecfff-eb5c-4470-8a59-fbbf65b27738","A381E677E5624021A6A31FD7E8BEBDD0","TALL_010.mammalGrid.mam","D08","TALL","TALL_010","2016-05-12","2016-05-12","NEON.DOC.000481vG",,
"b2b72505-e28b-4a72-aa5a-19d0b6fbde38","10FC32B88D634DBAB8F725A73D2F3AAD","TALL_015.mammalGrid.mam","D08","TALL","TALL_015","2016-05-12","2016-05-12","NEON.DOC.000481vG",,
"d360d783-6b4c-4ec0-a3a7-1cd30f48143c","05E519D1FBA4470D9C9DE1E5F44B1990","TALL_013.mammalGrid.mam","D08","TALL","TALL_013","2016-05-13","2016-05-13","NEON.DOC.000481vG",,
"53ed21c1-f253-4a77-ab44-5e2b9bb5feb2","8FCCCFCCF8904AC49A56B2F58A3DFBD5","TALL_005.mammalGrid.mam","D08","TALL","TALL_005","2016-05-13","2016-05-13","NEON.DOC.000481vG",,
"65ba0481-95e8-46ef-bd44-cb12ffcc3272","4A6BB8C5C1E642CB8C31ACBBA82FDA0E","TALL_031.mammalGrid.mam","D08","TALL","TALL_031","2016-05-13","2016-05-13","NEON.DOC.000481vG",,
"fa3def6a-f2ae-4d2e-bc90-b34264367c75","7BA057252FFA4979859674C7A22D3703","TALL_006.mammalGrid.mam","D08","TALL","TALL_006","2016-05-13","2016-05-13","NEON.DOC.000481vG",,
