uid,nightuid,namedLocation,domainID,siteID,plotID,collectDate,endDate,samplingProtocolVersion,remarks,dataQF
"0fd3dd08-eefb-45a5-aefc-0e2342777aa3","0dd47db9-4a1b-4b00-83f9-089087abb717","SCBI_008.mammalGrid.mam","D02","SCBI","SCBI_008","2017-09-12","2017-09-12","NEON.DOC.000481vJ",,
"0c7cdb34-b7d2-4656-84c2-2161bb8fffca","04a4c02a-c313-46c2-b8ab-308ecf2d14a6","SCBI_002.mammalGrid.mam","D02","SCBI","SCBI_002","2017-09-12","2017-09-12","NEON.DOC.000481vJ",,
"6112b078-1396-4548-b6b5-4bc205ae7842","d620f708-9c65-4a62-88a8-f8bf562639fd","SCBI_035.mammalGrid.mam","D02","SCBI","SCBI_035","2017-09-12","2017-09-12","NEON.DOC.000481vJ",,
"86b17b48-5d55-4ebe-965f-25fec41f537f","b198b939-7100-41a1-9add-59654ce51410","SCBI_002.mammalGrid.mam","D02","SCBI","SCBI_002","2017-09-13","2017-09-13","NEON.DOC.000481vJ",,
"749578a4-1b8e-44fd-ae17-21ed80079581","5ca9ad96-ce87-422f-8e2c-4eeb012f3e38","SCBI_035.mammalGrid.mam","D02","SCBI","SCBI_035","2017-09-13","2017-09-13","NEON.DOC.000481vJ",,
"962a87b9-4c3b-46e6-934c-643a882a8763","953a52da-bebe-4e62-9c12-c0ebbfe20821","SCBI_008.mammalGrid.mam","D02","SCBI","SCBI_008","2017-09-13","2017-09-13","NEON.DOC.000481vJ",,
"502c980f-aea4-475f-8c85-24f595db244b","21a69ed0-d06f-43c5-90b5-f4354f46a7c2","SCBI_002.mammalGrid.mam","D02","SCBI","SCBI_002","2017-09-14","2017-09-14","NEON.DOC.000481vJ",,
"e83a0326-363c-4b0c-b4ee-0973f1e8feff","85b8c5d9-a7e3-4ec1-9a2e-6baa84dcb78d","SCBI_008.mammalGrid.mam","D02","SCBI","SCBI_008","2017-09-14","2017-09-14","NEON.DOC.000481vJ",,
"5ba29dd8-8f8c-44c0-af8c-5a8155b7ca55","a567c92e-08bf-4320-9890-3da3ae2ed44b","SCBI_035.mammalGrid.mam","D02","SCBI","SCBI_035","2017-09-14","2017-09-14","NEON.DOC.000481vJ",,
"cb4addc4-4b50-4685-97f1-99b67602deff","fca155c7-17ab-4c5b-b619-6fd04682fb32","SCBI_004.mammalGrid.mam","D02","SCBI","SCBI_004","2017-09-15","2017-09-15","NEON.DOC.000481vJ",,
"63bb0042-ab53-432d-b515-d4000e496ad2","7f5b6756-1ee9-46b5-970a-eea1358995aa","SCBI_003.mammalGrid.mam","D02","SCBI","SCBI_003","2017-09-15","2017-09-15","NEON.DOC.000481vJ",,
"d2497fb1-7c42-4273-88a1-bd9157caf360","70ef179a-6af0-4f86-9a44-2983ee1afb9f","SCBI_039.mammalGrid.mam","D02","SCBI","SCBI_039","2017-09-15","2017-09-15","NEON.DOC.000481vJ",,
