uid,nightuid,namedLocation,domainID,siteID,plotID,collectDate,endDate,samplingProtocolVersion,remarks,dataQF
"28370068-052c-4912-ab1e-875d94c5e860","9654CC23A6294C0BA7597BD28AA5F145","CPER_005.mammalGrid.mam","D10","CPER","CPER_005","2016-05-04","2016-05-04","NEON.DOC.000481vG","Using protocol version H",
"9938e37a-c893-4c95-812f-2154b79b1af8","CFE558C85E4D4DF2998AD0D42071985C","CPER_015.mammalGrid.mam","D10","CPER","CPER_015","2016-05-04","2016-05-04","NEON.DOC.000481vG","Using protocol version H",
"a32b4b42-0d62-4ccf-95ae-f8cd89ecc64c","AE0BEE0A1AD4428092E09946B4EECBFB","CPER_011.mammalGrid.mam","D10","CPER","CPER_011","2016-05-04","2016-05-04","NEON.DOC.000481vG","Using protocol version H",
"01b7c455-234b-436f-943c-7ab633e27f8b","23EBA62C283A4C18BCC40475EFB69571","CPER_004.mammalGrid.mam","D10","CPER","CPER_004","2016-05-04","2016-05-04","NEON.DOC.000481vG","Using protocol version H",
"7e29096d-2472-4efc-98e2-723ea8e7c198","B1A3D230A4D3462091B07784D6460F62","CPER_005.mammalGrid.mam","D10","CPER","CPER_005","2016-05-05","2016-05-05","NEON.DOC.000481vG","Using protocol version H",
"c294f09d-8ee6-4ed2-9102-a3242bd0ad12","E98527823F6F4DBEA88D12380845E44E","CPER_015.mammalGrid.mam","D10","CPER","CPER_015","2016-05-05","2016-05-05","NEON.DOC.000481vG","Using protocol version H",
"5aa866f0-8ab2-4dfd-acb4-4d61b8c58e3e","00315D7FE0914B98ACFFECFB42154E24","CPER_011.mammalGrid.mam","D10","CPER","CPER_011","2016-05-05","2016-05-05","NEON.DOC.000481vG","Using protocol version H",
"80395e80-77b8-4638-8987-8a6f9e6c2195","FAE667B8DB544C4696E9850E08393B19","CPER_006.mammalGrid.mam","D10","CPER","CPER_006","2016-05-05","2016-05-05","NEON.DOC.000481vG","Using protocol version H",
"001ff447-32b9-4e97-87d0-10dbedcdf48e","EE99B7B180C243F4B47BCBDA3769D32E","CPER_009.mammalGrid.mam","D10","CPER","CPER_009","2016-05-05","2016-05-05","NEON.DOC.000481vG","Using protocol version H",
"c7c446e8-13a3-4fc8-9c50-570044ab02b1","41B6825399CD48489381095D070EC7B8","CPER_011.mammalGrid.mam","D10","CPER","CPER_011","2016-05-06","2016-05-06","NEON.DOC.000481vG","Using protocol version H",
"c3cc272b-cf1a-4ffe-a56b-56579ed874ae","4A000D2F34A94569BC1F0FEC980FC104","CPER_002.mammalGrid.mam","D10","CPER","CPER_002","2016-05-06","2016-05-06","NEON.DOC.000481vG","Using protocol version H",
"36325945-5bc2-4fbd-a7f2-5efdb81a1836","F5C6AB6566544A84A23AEA1078698CB2","CPER_005.mammalGrid.mam","D10","CPER","CPER_005","2016-05-06","2016-05-06","NEON.DOC.000481vG","Using protocol version H",
"c2419754-d1fd-4460-b66f-4c793c348156","0CEC7741B4FE4450BFFF36A3DCB295B1","CPER_015.mammalGrid.mam","D10","CPER","CPER_015","2016-05-06","2016-05-06","NEON.DOC.000481vG","Using protocol version H",
"08c0c4cf-04a0-4c8d-91d7-582f031d6d5a","DDF12473E6084A76AAC1CC47A0001BC6","CPER_008.mammalGrid.mam","D10","CPER","CPER_008","2016-05-06","2016-05-06","NEON.DOC.000481vG","Using protocol version H",
