uid,nightuid,namedLocation,domainID,siteID,plotID,collectDate,endDate,samplingProtocolVersion,remarks,dataQF
"b33f0820-c7ec-4f6c-8b2f-d13c9f5e013b","25104A6DCC14453DABFA8F661ABAE568","OSBS_012.mammalGrid.mam","D03","OSBS","OSBS_012","2013-08-12","2013-08-12",,"2013 updated to 2014 data format",
"909c2130-7e7c-4e39-a11e-f40249adf231","21FD4A4DB18F4DCB986A919056EF8B58","OSBS_005.mammalGrid.mam","D03","OSBS","OSBS_005","2013-08-13","2013-08-13",,"not set due to storm",
"843b81bb-7d96-4664-a5c6-13020872f439","A2E3BEABB01443058467B56E6F03ADC3","OSBS_003.mammalGrid.mam","D03","OSBS","OSBS_003","2013-08-13","2013-08-13",,"2013 updated to 2014 data format",
"64de8404-552f-4284-a9c0-8ad97a109517","649145F86A244CE0ABF07990EE338A56","OSBS_003.mammalGrid.mam","D03","OSBS","OSBS_003","2013-08-14","2013-08-14",,"2013 updated to 2014 data format",
"91f729ec-fcc7-4d14-b6fc-73ad607cab8d","027B310EFA1749A2A7E4D8F25F7D730C","OSBS_005.mammalGrid.mam","D03","OSBS","OSBS_005","2013-08-14","2013-08-14",,"2013 updated to 20144 data format",
"71b04b19-ddac-47c2-a751-10aba936177f","32C0591D0ED94202B9D2090A9580FE30","OSBS_005.mammalGrid.mam","D03","OSBS","OSBS_005","2013-08-15","2013-08-15",,"2013 updated to 2014 data format",
"0256225d-2cc3-4379-858f-be9ee375a5f9","8C51C85EE6184B52AD948A35940F6B89","OSBS_003.mammalGrid.mam","D03","OSBS","OSBS_003","2013-08-15","2013-08-15",,"2013 updated to 2014 data format",
"b13c0024-11fb-404f-8308-73bd3e931a2e","9B4BAD55FAAF4494B734FAFA4B6AB51D","OSBS_005.mammalGrid.mam","D03","OSBS","OSBS_005","2013-08-16","2013-08-16",,"2013 updated to 2014 data format",
"e78a942c-7a47-44dd-ae9e-78f219930818","23B08C9878714B069EEC3D60D6C5FDEE","OSBS_023.mammalGrid.mam","D03","OSBS","OSBS_023","2013-08-27","2013-08-27",,,
"0e34b2a4-e0b9-4a54-a5cf-b8a276687339","52137C999BC8411A989801BB9A044A49","OSBS_002.mammalGrid.mam","D03","OSBS","OSBS_002","2013-08-27","2013-08-27",,,
"96fa2cbf-22d3-46d3-8996-c37334a54194","3212BDC2A9EB4F1EAD585459AA130513","OSBS_004.mammalGrid.mam","D03","OSBS","OSBS_004","2013-08-27","2013-08-27",,,
"bd7f8434-9d4e-4aea-8afa-226f72427c54","FE69F26AECC3482E9DDD2DCC28A114ED","OSBS_012.mammalGrid.mam","D03","OSBS","OSBS_012","2013-08-27","2013-08-27",,"no captures",
"eb344634-600c-4adc-81bb-ab8d793fa37e","A660C38ED37A4E1099036511B7DBA667","OSBS_012.mammalGrid.mam","D03","OSBS","OSBS_012","2013-08-28","2013-08-28",,,
"ea748c2c-bfd4-423e-8f52-445b72760e31","A7F3A5339FA2457C952A54CF2405F6BF","OSBS_004.mammalGrid.mam","D03","OSBS","OSBS_004","2013-08-28","2013-08-28",,,
"5408b62c-57f4-40ca-ba43-c1a86cd2772b","B5DBC5197971404BBCDB1E02EC38C4D5","OSBS_002.mammalGrid.mam","D03","OSBS","OSBS_002","2013-08-28","2013-08-28",,,
"e18ddd03-dcf3-4499-8d69-c7a4b8b76ffd","F0A424F218084347BC595A610FD3767D","OSBS_023.mammalGrid.mam","D03","OSBS","OSBS_023","2013-08-28","2013-08-28",,,
"cc1debc9-df2e-4564-afce-3978e0e84188","8855C62ECE454E0DA310D0A32EF2261D","OSBS_023.mammalGrid.mam","D03","OSBS","OSBS_023","2013-08-29","2013-08-29",,,
"20d5c007-4ebb-49f9-9c38-3c817d8715ab","7E34371E770B404D997F697D3C0E206A","OSBS_002.mammalGrid.mam","D03","OSBS","OSBS_002","2013-08-29","2013-08-29",,,
"6af3e2dd-a340-4fbc-9d81-9de56b6dd253","28498939A08E4A33917C15E162BE97A3","OSBS_004.mammalGrid.mam","D03","OSBS","OSBS_004","2013-08-29","2013-08-29",,,
"8186e5d3-6260-443b-ad9d-ddd2faaedac5","9AF13FDFC8A24D74B8AA128790ED7C00","OSBS_012.mammalGrid.mam","D03","OSBS","OSBS_012","2013-08-29","2013-08-29",,,
