uid,nightuid,namedLocation,domainID,siteID,plotID,collectDate,endDate,samplingProtocolVersion,remarks,dataQF
"05520178-3ce2-4f18-a736-cda8c03c6440","b1272275-3d62-4e8b-b0ed-481b086fe62b","YELL_031.mammalGrid.mam","D12","YELL","YELL_031","2018-06-09","2018-06-09","NEON.DOC.000481vK",,
"c2ec890b-275e-4659-9865-f29953afe866","4817c310-ab15-480b-ac50-5cd6a82ed958","YELL_001.mammalGrid.mam","D12","YELL","YELL_001","2018-06-09","2018-06-09","NEON.DOC.000481vK",,
"122cfd7f-82dc-44e6-97f0-d5654c328713","89d96325-819a-44b0-844f-28e7d683312a","YELL_023.mammalGrid.mam","D12","YELL","YELL_023","2018-06-09","2018-06-09","NEON.DOC.000481vK",,
"b59df781-6def-49c8-8b1a-29fbd3ee07e4","fec0124f-d6be-4ea7-a6d6-edbfcb89153f","YELL_031.mammalGrid.mam","D12","YELL","YELL_031","2018-06-10","2018-06-10","NEON.DOC.000481vK",,
"aa3c23b3-88d9-4b3a-b830-6c41200293be","9da25a44-54b0-4ebc-8b57-c1359ef5f112","YELL_023.mammalGrid.mam","D12","YELL","YELL_023","2018-06-10","2018-06-10","NEON.DOC.000481vK",,
"06c355ae-502a-4e06-8b49-a764bb5128ae","4850ed83-da60-456a-babd-9e5380c65637","YELL_001.mammalGrid.mam","D12","YELL","YELL_001","2018-06-10","2018-06-10","NEON.DOC.000481vK",,
"1c49b4c6-df38-45fa-ab0c-1559d38e9f72","08a028b7-989c-412a-9871-458d5120242c","YELL_011.mammalGrid.mam","D12","YELL","YELL_011","2018-06-13","2018-06-13","NEON.DOC.000481vK",,
"ff77e086-5b89-4cea-8d73-f14fd668df4d","2d7827ea-b713-471a-bcce-ef8be4394e60","YELL_020.mammalGrid.mam","D12","YELL","YELL_020","2018-06-13","2018-06-13","NEON.DOC.000481vK",,
"7aedcf3e-ac0e-46ef-9cb3-47829585f984","a6a94fd5-2852-4018-9b92-df8348e53278","YELL_032.mammalGrid.mam","D12","YELL","YELL_032","2018-06-13","2018-06-13","NEON.DOC.000481vK",,
