uid,nightuid,namedLocation,domainID,siteID,plotID,collectDate,endDate,samplingProtocolVersion,remarks,dataQF
"f4774b73-a31f-4160-b58e-b5f07160959c","A76AF9ABD8C3494CBEB47148BEC603C1","CPER_005.mammalGrid.mam","D10","CPER","CPER_005","2016-08-23","2016-08-23","NEON.DOC.000481vH",,
"f9852d66-6d3a-4ced-b0c6-bb6a0ff8d7e8","484A1ACA59D542F0811276712B8C00A3","CPER_006.mammalGrid.mam","D10","CPER","CPER_006","2016-08-23","2016-08-23","NEON.DOC.000481vH",,
"c6bece2a-3bbf-4629-88e6-70376dfd4830","63C2B3DAA1144CA7A986FA4E91176206","CPER_009.mammalGrid.mam","D10","CPER","CPER_009","2016-08-23","2016-08-23","NEON.DOC.000481vH",,
"78efc880-8608-4c99-a52c-ee2578312069","F9EFA23672E6481E8503403D51997FF3","CPER_015.mammalGrid.mam","D10","CPER","CPER_015","2016-08-23","2016-08-23","NEON.DOC.000481vH",,
"93a4df4a-a6b7-4a1d-8845-0304500d8348","2E9749772A464B4F83B2D184CF3D7550","CPER_011.mammalGrid.mam","D10","CPER","CPER_011","2016-08-23","2016-08-23","NEON.DOC.000481vH",,
"30d17caa-83c5-497b-85f4-fc098e565dee","125FD65241C04973AB730245D0451756","CPER_002.mammalGrid.mam","D10","CPER","CPER_002","2016-08-24","2016-08-24","NEON.DOC.000481vH",,
"b41392f4-d208-41fb-8536-e517133366c3","2421316D487F44BF9524A9D1142D063A","CPER_011.mammalGrid.mam","D10","CPER","CPER_011","2016-08-24","2016-08-24","NEON.DOC.000481vH",,
"475e6996-2d5c-4141-bf82-a04f0ffa0e02","CE83764A366448EDAAC6BC5E2B067C47","CPER_015.mammalGrid.mam","D10","CPER","CPER_015","2016-08-24","2016-08-24","NEON.DOC.000481vH","Cows were walking through the plot and setting off traps as we were picking up the grid.",
"31f67273-1413-4569-92a5-172fd1037e62","0019895984DD472A82618E6022A87EBD","CPER_005.mammalGrid.mam","D10","CPER","CPER_005","2016-08-24","2016-08-24","NEON.DOC.000481vH",,
"a1a7d0df-0ba7-4be3-ae2e-9e0e939f26d6","FB946073F10C47849005D73127455489","CPER_008.mammalGrid.mam","D10","CPER","CPER_008","2016-08-24","2016-08-24","NEON.DOC.000481vH","88 traps were disturbed by cows in the plot.",
"3b9f5559-bb76-4e36-945a-77bb92688efc","29C71B4A7F3148858C8E0A8767F0865F","CPER_011.mammalGrid.mam","D10","CPER","CPER_011","2016-08-25","2016-08-25","NEON.DOC.000481vH",,
"c1ff844f-a390-4e30-8647-d2b55879320f","525F2A2D43A8416E85867B62400B1E75","CPER_005.mammalGrid.mam","D10","CPER","CPER_005","2016-08-25","2016-08-25","NEON.DOC.000481vH",,
"fd35adf0-2ee2-4b12-8dc8-2c9544bab5a3","E3ABDF88D9B94FCA906C001578636D64","CPER_004.mammalGrid.mam","D10","CPER","CPER_004","2016-08-25","2016-08-25","NEON.DOC.000481vH",,
"b764e189-45f7-4a4d-8d89-aeb08b7ce9d8","752148FD19144970B5E18B1F07D5E3E2","CPER_008.mammalGrid.mam","D10","CPER","CPER_008","2016-08-25","2016-08-25","NEON.DOC.000481vH","On 08/24 this grid had 88 disturbed traps due to cows, so the grid was reset",
"92cdecc4-d2da-48c1-a238-81bfe53de825","F2E8418227044373BC046E47F214966B","CPER_015.mammalGrid.mam","D10","CPER","CPER_015","2016-08-25","2016-08-25","NEON.DOC.000481vH",,
