uid,nightuid,namedLocation,domainID,siteID,plotID,collectDate,endDate,samplingProtocolVersion,remarks,dataQF
"51dd4cfb-db30-4783-a42b-b8045690f0e7","273B92A1DEAA43C2A1EC7282688B9B64","SRER_005.mammalGrid.mam","D14","SRER","SRER_005","2016-10-25","2016-10-25","NEON.DOC.000481vH",,
"dd564aa8-ab3f-4f5d-a5c3-47c785b69ade","0732062CA4C1431686B685072073668D","SRER_012.mammalGrid.mam","D14","SRER","SRER_012","2016-10-25","2016-10-25","NEON.DOC.000481vH","skipping ear/hair/whisker on recaps",
"a3ccfcaf-d9ef-49b7-ae32-b0657c330778","9EF6E8A8D9B1400BAA0711D90A2FC56F","SRER_007.mammalGrid.mam","D14","SRER","SRER_007","2016-10-25","2016-10-25","NEON.DOC.000481vH","Entire plot not set due to thunderstorm",
"a71cb26f-31d6-43ee-aaef-b01d90deb579","0732CBF301B943A49ADA1ED04A2ED296","SRER_007.mammalGrid.mam","D14","SRER","SRER_007","2016-10-26","2016-10-26","NEON.DOC.000481vH","Due to high capture rates, we only collected blood, identified species and tagged individuals",
"dbec0eee-b071-4f8a-9179-e564945d63b5","8D10D2F3ED0F4F93B671AD6367847C60","SRER_005.mammalGrid.mam","D14","SRER","SRER_005","2016-10-26","2016-10-26","NEON.DOC.000481vH",,
"893cf92a-3c4b-41f9-a053-28782fed98c1","B6A129B2134B4B91B555C12E3B8E30E4","SRER_012.mammalGrid.mam","D14","SRER","SRER_012","2016-10-26","2016-10-26","NEON.DOC.000481vH","Due to high trap numbers, we only bled, Tag ID, species, sex and repro",
"b60f041f-e0a4-4bd7-b504-e63a6016acac","AF1DF209E3A84D8DAA7877D698B9155A","SRER_012.mammalGrid.mam","D14","SRER","SRER_012","2016-10-27","2016-10-27","NEON.DOC.000481vH","Due to high capture rate, only blood, tag ID, sex, repro, species",
"41f4b77c-a35d-402e-a3ed-4c0390e33090","7E38F4F29E98483AB4C87B3B47ABA87F","SRER_007.mammalGrid.mam","D14","SRER","SRER_007","2016-10-27","2016-10-27","NEON.DOC.000481vH",,
"5db19f43-25fc-4a2e-be7c-faf7051a16e9","D6C92C0DC98A4A40A73F1084DF05A567","SRER_005.mammalGrid.mam","D14","SRER","SRER_005","2016-10-27","2016-10-27","NEON.DOC.000481vH",,
"9005fde2-36bd-438e-8fdd-d797afda3907","EB598A868CDC41049CF8FA726E6B8D29","SRER_009.mammalGrid.mam","D14","SRER","SRER_009","2016-10-28","2016-10-28","NEON.DOC.000481vH",,
"4c201a3b-ba44-4e83-865b-8d3ded255510","2019C26275684AD1B0F064318CE14947","SRER_023.mammalGrid.mam","D14","SRER","SRER_023","2016-10-28","2016-10-28","NEON.DOC.000481vH",,
"49d1459d-2503-4fa3-9b27-d2a1a4fa9fcb","FB9D7DD01E674AEB9EF88F72C18D45C3","SRER_014.mammalGrid.mam","D14","SRER","SRER_014","2016-10-29","2016-10-29","NEON.DOC.000481vH",,
"4bab662c-1a1e-4928-bfe9-7895c9070cfe","4A6004304CB74EF680DDE2D9957D9C25","SRER_002.mammalGrid.mam","D14","SRER","SRER_002","2016-10-29","2016-10-29","NEON.DOC.000481vH",,
