uid,nightuid,namedLocation,domainID,siteID,plotID,collectDate,endDate,samplingProtocolVersion,remarks,dataQF
"2816aa03-970c-42a0-9429-3898c24e3266","43B8A665F2F34D9BB5571D23CDC67B39","UKFS_010.mammalGrid.mam","D06","UKFS","UKFS_010","2015-09-03","2015-09-03",,,
"03377976-9d18-413b-bec9-a19a72f56790","1DE8468152F84F49A3A01F8CA125A2F3","UKFS_009.mammalGrid.mam","D06","UKFS","UKFS_009","2015-09-03","2015-09-03",,,
"9905cca1-3a98-4f76-801b-a38a44b4dfe1","05AB0E909C4641359C67B441ED4C5D62","UKFS_004.mammalGrid.mam","D06","UKFS","UKFS_004","2015-09-03","2015-09-03",,,
"5646c8e8-021f-4dbb-a769-47dc48da76ca","5821D27623CB493C909611CF2574D720","UKFS_004.mammalGrid.mam","D06","UKFS","UKFS_004","2015-09-04","2015-09-04",,,
"dad969e0-51d5-4b1f-9b37-1644193fe25a","6E8E7B0B74E9462B8183A78EECA1E397","UKFS_010.mammalGrid.mam","D06","UKFS","UKFS_010","2015-09-04","2015-09-04",,,
"0ee4a4c0-7510-4769-a06a-1182cf6e9ebc","B691B521492743B0BAC84F3C5E4533BE","UKFS_009.mammalGrid.mam","D06","UKFS","UKFS_009","2015-09-04","2015-09-04",,,
"57115f99-f616-418e-9dbc-9c673e5a89a0","3A632299BB9940348AA4E98CDEC75E71","UKFS_010.mammalGrid.mam","D06","UKFS","UKFS_010","2015-09-05","2015-09-05",,,
"60fbffb6-4081-49d6-8d35-daead5acdd66","585D74AAB8B840499E628977D4B3A065","UKFS_004.mammalGrid.mam","D06","UKFS","UKFS_004","2015-09-05","2015-09-05",,,
"92685bde-d214-427a-b124-05574d4b1c77","1F7D080D3096426CB39B0ADCF4470399","UKFS_009.mammalGrid.mam","D06","UKFS","UKFS_009","2015-09-05","2015-09-05",,,
"2e328880-3f73-4b4b-b9fa-8c333aefce51","51C100E74F0845209997DFF8BF55AA45","UKFS_018.mammalGrid.mam","D06","UKFS","UKFS_018","2015-09-10","2015-09-10",,,
"a43e1145-f213-4ab5-8601-3a92ebcacb4e","3BAA81B410224D1B8DAA77A4DE9A1B39","UKFS_007.mammalGrid.mam","D06","UKFS","UKFS_007","2015-09-10","2015-09-10",,,
"fb9a981b-5643-4c44-80c9-4d1640a61cf5","14DFA33D68A34D6697760AE97067426D","UKFS_003.mammalGrid.mam","D06","UKFS","UKFS_003","2015-09-10","2015-09-10",,,
