uid,nightuid,namedLocation,domainID,siteID,plotID,collectDate,endDate,samplingProtocolVersion,remarks,dataQF
"260ad3f4-bbb1-4ba7-9dae-dd7b3366eeff","89B8A32E7E0C4882829867EE590BA61F","UNDE_027.mammalGrid.mam","D05","UNDE","UNDE_027","2015-08-18","2015-08-18",,,
"97a02cf2-ef46-4631-943d-aa7096aa2c71","F162628C518645C48982EFE114580971","UNDE_012.mammalGrid.mam","D05","UNDE","UNDE_012","2015-08-18","2015-08-18",,,
"63dd843f-e5f5-41d2-9334-7e1702bcef82","3406513E63304952AB3592F9591F5F51","UNDE_032.mammalGrid.mam","D05","UNDE","UNDE_032","2015-08-18","2015-08-18",,"Plot appeared to be disturbed by a raccoon. Disturbed traps had batting and/or seed removed.",
"01dbb554-bb2d-4f37-a2b2-9601a306fd7b","29647EFA038542B084BBF315781765BC","UNDE_032.mammalGrid.mam","D05","UNDE","UNDE_032","2015-08-19","2015-08-19",,"No traps were set on this grid on the nights of Aug 19 and Aug 20 due to extensive predator disturbance on Aug 18",
"49150799-19cc-41d9-9edc-6504a1a0d807","C7570E2276AA4317AFE272AFBC2288C3","UNDE_012.mammalGrid.mam","D05","UNDE","UNDE_012","2015-08-19","2015-08-19",,,
"345e727c-a009-4d89-a165-8d451bcea3a3","D2A1E7B120F942BF911DC06C73C214E3","UNDE_027.mammalGrid.mam","D05","UNDE","UNDE_027","2015-08-19","2015-08-19",,,
"b48b6f83-2631-4111-b52e-6494ae7747ac","26DF8FD7EEF946A49C442CBE5BD74B9F","UNDE_008.mammalGrid.mam","D05","UNDE","UNDE_008","2015-08-19","2015-08-19",,,
"be22792b-0fec-42ab-9a02-b0b2ebf05274","C3B672B187BE44B9BEDA557343484FB5","UNDE_032.mammalGrid.mam","D05","UNDE","UNDE_032","2015-08-20","2015-08-20",,"No traps were set on this grid on the nights of Aug 19 and Aug 20 due to extensive predator disturbance on Aug 18",
"d0aa515b-6125-4c36-ad75-ba57e3bbb256","F9DB370DE07E460CB4ED808D5B4D4759","UNDE_003.mammalGrid.mam","D05","UNDE","UNDE_003","2015-08-20","2015-08-20",,,
"f4c68d38-78b1-422d-ba5f-068508ef9f76","B12D93B67B1045108BA5DC8D47A2F04E","UNDE_027.mammalGrid.mam","D05","UNDE","UNDE_027","2015-08-20","2015-08-20",,,
"b3b8ede5-0673-45d0-9e63-16eada77c169","527C98A5A4174A829818A0F5FF9BB4D7","UNDE_012.mammalGrid.mam","D05","UNDE","UNDE_012","2015-08-20","2015-08-20",,,
"14b80286-44c5-4b9a-86cd-aeb95f192078","753EC4B82D47472084DA98F417245F05","UNDE_002.mammalGrid.mam","D05","UNDE","UNDE_002","2015-08-21","2015-08-21",,,
"412a6a01-5d27-49cb-9314-e72fd41d3b05","675643060CC1498583FFC1384DB9D50C","UNDE_001.mammalGrid.mam","D05","UNDE","UNDE_001","2015-08-21","2015-08-21",,,
"1e2d15e0-e73f-4967-9b07-33bebe530051","1CD54A5AB8864451BF2C10F9CF2E6C9A","UNDE_027.mammalGrid.mam","D05","UNDE","UNDE_027","2015-08-31","2015-08-31","NEON.DOC.000481vH",,
