uid,nightuid,namedLocation,domainID,siteID,plotID,collectDate,endDate,samplingProtocolVersion,remarks,dataQF
"8cc8344b-2ca9-4da2-b6f6-15ef14e1f4c6","E12CDD1A557F44BF94F68287D52A5254","HEAL_031.mammalGrid.mam","D19","HEAL","HEAL_031","2016-06-01","2016-06-01","NEON.DOC.000481vG",,
"5e8adadb-7ba9-4965-ae22-bdc4499385cd","E72B3FDBFBF741B49938046C4B14EC86","HEAL_033.mammalGrid.mam","D19","HEAL","HEAL_033","2016-06-01","2016-06-01","NEON.DOC.000481vG",,
"832b6b8f-a530-440e-89c4-ef045f105200","D9B1A8B399CD46E5A730F9DBC23DA69F","HEAL_032.mammalGrid.mam","D19","HEAL","HEAL_032","2016-06-01","2016-06-01","NEON.DOC.000481vG",,
"86e39721-fdaa-4ad3-9c3d-d55bbf74041e","854E63EC29924548A3067A003F9EC92E","HEAL_031.mammalGrid.mam","D19","HEAL","HEAL_031","2016-06-02","2016-06-02","NEON.DOC.000481vG",,
"02807dd0-8284-4f31-bec9-e4550bfc93cc","15DA0B08CC8D43C994437DD88E3F0352","HEAL_032.mammalGrid.mam","D19","HEAL","HEAL_032","2016-06-02","2016-06-02","NEON.DOC.000481vG",,
"ac742e8a-fed4-4ac5-9b6d-ae1bc7702c43","E0EB09EF083F4B26B68F2402FB5BD124","HEAL_033.mammalGrid.mam","D19","HEAL","HEAL_033","2016-06-02","2016-06-02","NEON.DOC.000481vG",,
"1c17d593-3321-4267-84c3-b15c4d28d3ff","04246C1473834E8E97E8BDFCD9F90DA8","HEAL_034.mammalGrid.mam","D19","HEAL","HEAL_034","2016-06-02","2016-06-02","NEON.DOC.000481vG",,
"b8aef380-2eb1-4be0-a0b0-9a8034982389","82EE86B5699A468D937FB0004A15DF3D","HEAL_014.mammalGrid.mam","D19","HEAL","HEAL_014","2016-06-08","2016-06-08","NEON.DOC.000481vG",,
"b6c20661-3bba-4468-a34e-12a40d03971f","619A32EE12144D35AEA040A66412E50A","HEAL_002.mammalGrid.mam","D19","HEAL","HEAL_002","2016-06-08","2016-06-08","NEON.DOC.000481vG",,
"109287dc-1314-4f7a-94b0-7891a9f99d17","CDEBE481E57E48B2AC6A51E5A0FA61D9","HEAL_016.mammalGrid.mam","D19","HEAL","HEAL_016","2016-06-08","2016-06-08","NEON.DOC.000481vG",,
"8a58376a-e9cf-452e-a5f3-0eb9aff041db","476DB9BFC96C410BA44696E8DF4DF194","HEAL_002.mammalGrid.mam","D19","HEAL","HEAL_002","2016-06-08","2016-06-08","NEON.DOC.000481vH",,
"ce93bed5-bd34-48dc-b604-1951efcb92cb","826B3C2EC64B4F749E466DC418B08E9C","HEAL_010.mammalGrid.mam","D19","HEAL","HEAL_010","2016-06-08","2016-06-08","NEON.DOC.000481vG",,
"edb950cf-ba8e-48a1-8e44-5007ee35874c","F80B03D38B9C4BB790323DBC56A33637","HEAL_014.mammalGrid.mam","D19","HEAL","HEAL_014","2016-06-28","2016-06-28","NEON.DOC.000481vG",,
"bdff73d3-d804-4e6d-a09c-f1f73edddeff","6F8A2690D7AB41DBABCF7CCF035A8556","HEAL_010.mammalGrid.mam","D19","HEAL","HEAL_010","2016-06-28","2016-06-28","NEON.DOC.000481vG",,
"ce60b480-9ded-473b-9788-a2591883be5b","72ACE1066B8B4A38B9B79672A43D7A76","HEAL_016.mammalGrid.mam","D19","HEAL","HEAL_016","2016-06-28","2016-06-28","NEON.DOC.000481vG",,
"f663a404-f37b-4a29-8859-27e5d7e803b7","F64DC8C1D14945C387833257E0120EB7","HEAL_032.mammalGrid.mam","D19","HEAL","HEAL_032","2016-06-29","2016-06-29","NEON.DOC.000481vG",,
"fcb4397c-3753-4094-a5bc-b9812ceca574","E34C5779D1514332AD8C54144009F23A","HEAL_033.mammalGrid.mam","D19","HEAL","HEAL_033","2016-06-29","2016-06-29","NEON.DOC.000481vG",,
"1ca63951-182d-4cf2-af0e-ff851b57b06c","CCDF69CA07894F9F9326ECCC100BEFC3","HEAL_031.mammalGrid.mam","D19","HEAL","HEAL_031","2016-06-29","2016-06-29","NEON.DOC.000481vG",,
"2edd41af-e5ab-49e2-a42d-8c0aa684ea1c","89754C49EABE49C3B86575B6D960D8FD","HEAL_033.mammalGrid.mam","D19","HEAL","HEAL_033","2016-06-29","2016-06-29","NEON.DOC.000481vH",,
"6a022767-9368-4ef3-b65c-affb53fcc650","686DF6E9FE5F444C8CCDABDBA6F6CFAA","HEAL_002.mammalGrid.mam","D19","HEAL","HEAL_002","2016-06-30","2016-06-30","NEON.DOC.000481vH",,
"c39a24a3-c322-4dee-ab24-4f31ed04da0e","2B2676C5E81746DEB03C2939968E53E2","HEAL_031.mammalGrid.mam","D19","HEAL","HEAL_031","2016-06-30","2016-06-30","NEON.DOC.000481vG",,
"71723c77-7b14-4fda-9a31-b02c2ad1424a","3B3E31F4402248F6AA3681691408E901","HEAL_033.mammalGrid.mam","D19","HEAL","HEAL_033","2016-06-30","2016-06-30","NEON.DOC.000481vG",,
"84c7709b-426a-4807-a8b7-42e18872ad9d","D058324151F94D90B338225DE1D2C2E7","HEAL_033.mammalGrid.mam","D19","HEAL","HEAL_033","2016-06-30","2016-06-30","NEON.DOC.000481vH",,
"621cabe9-89fc-4e8b-9600-f9462a79149d","41D343DDDCF3479199177ADB01AC1B9F","HEAL_032.mammalGrid.mam","D19","HEAL","HEAL_032","2016-06-30","2016-06-30","NEON.DOC.000481vG",,
