uid,nightuid,namedLocation,domainID,siteID,plotID,collectDate,endDate,samplingProtocolVersion,remarks,dataQF
"704dcc52-73e8-4ad3-8447-769e5c593bca","2181784c-2bf8-4ac9-9a11-a363403f45ee","ORNL_003.mammalGrid.mam","D07","ORNL","ORNL_003","2018-09-05","2018-09-05","NEON.DOC.000481vK",,
"76443ea2-c083-4423-a3bf-8e5a6618abe5","b415997b-3a95-4847-9c49-7c31eeb5db5f","ORNL_039.mammalGrid.mam","D07","ORNL","ORNL_039","2018-09-05","2018-09-05","NEON.DOC.000481vK",,
"dac36075-9314-4a4c-b2ad-0ac8bd9e8fb7","b9b9c583-b7dc-4bbb-a12e-d0343fc84409","ORNL_002.mammalGrid.mam","D07","ORNL","ORNL_002","2018-09-05","2018-09-05","NEON.DOC.000481vK",,
"ff64ad11-6a6c-4bfb-9e52-7f4b4af76751","19579517-f6d8-4a1b-82d5-7801a5b9f915","ORNL_001.mammalGrid.mam","D07","ORNL","ORNL_001","2018-09-05","2018-09-05","NEON.DOC.000481vK",,
"7dacb413-b6f1-4436-855f-2220ebb66566","900e9fcf-931c-4898-853b-768b07342277","ORNL_002.mammalGrid.mam","D07","ORNL","ORNL_002","2018-09-06","2018-09-06","NEON.DOC.000481vK",,
"53a28b37-2a20-4a1a-99e7-6f6e7c7bc26a","92ac0415-d74f-4ea3-a53d-12aafa659511","ORNL_001.mammalGrid.mam","D07","ORNL","ORNL_001","2018-09-06","2018-09-06","NEON.DOC.000481vK",,
"8ab55170-18e9-44bf-8e33-71bc1fdb3c7b","a74906fc-7894-4b09-b3ac-9c9efbed7d5d","ORNL_027.mammalGrid.mam","D07","ORNL","ORNL_027","2018-09-06","2018-09-06","NEON.DOC.000481vK",,
"20f57d1a-f05a-4add-a4b5-b96e6f89bea1","21903ea8-e7c1-4df1-82b8-81aa03d062b5","ORNL_003.mammalGrid.mam","D07","ORNL","ORNL_003","2018-09-06","2018-09-06","NEON.DOC.000481vK",,
"8ad15731-14cb-4113-af94-9858da0b3b4d","2307e69f-75cb-4a1b-9f9f-71197df8fcd6","ORNL_003.mammalGrid.mam","D07","ORNL","ORNL_003","2018-09-07","2018-09-07","NEON.DOC.000481vK",,
"a452895f-7561-412f-9937-1c6734e41f6e","c279fe8a-43a1-4948-a80e-2329d29e415d","ORNL_002.mammalGrid.mam","D07","ORNL","ORNL_002","2018-09-07","2018-09-07","NEON.DOC.000481vK",,
"6e3cfe07-a15f-4ef7-956b-6d4fc7d5e1df","8807a64f-3739-4348-8cf3-318be9a290c5","ORNL_007.mammalGrid.mam","D07","ORNL","ORNL_007","2018-09-07","2018-09-07","NEON.DOC.000481vK",,
"6f1b2a91-ba0c-43a4-a6c6-24fad4936885","bf8816f3-818e-4935-9afe-3862b132aa02","ORNL_001.mammalGrid.mam","D07","ORNL","ORNL_001","2018-09-07","2018-09-07","NEON.DOC.000481vK",,
