uid,nightuid,namedLocation,domainID,siteID,plotID,collectDate,endDate,samplingProtocolVersion,remarks,dataQF
"dddf0fd6-8739-4893-92a8-cf36e0402312","7014123780304459943C8A72C39F32EB","DEJU_005.mammalGrid.mam","D19","DEJU","DEJU_005","2016-07-06","2016-07-06","NEON.DOC.000481vH",,
"527ab08a-6268-4f18-8bd9-daaa7bbb3a7a","98E169A4D85546B7B76643DCA2679EB8","DEJU_003.mammalGrid.mam","D19","DEJU","DEJU_003","2016-07-06","2016-07-06","NEON.DOC.000481vH",,
"64204224-85f9-4106-b5aa-1b003d0612af","1895B21B6C0D4A90B279720E75D5C945","DEJU_003.mammalGrid.mam","D19","DEJU","DEJU_003","2016-07-07","2016-07-07","NEON.DOC.000481vH",,
"0d01a4e2-35fe-4102-8c16-48943ec1b5a9","D867E31FEC3A4F07AFA6C0B9E4EEABE3","DEJU_005.mammalGrid.mam","D19","DEJU","DEJU_005","2016-07-07","2016-07-07","NEON.DOC.000481vH",,
"e6e344a7-4638-4047-b3c3-cafd007daa47","654C07C1E5064C99B1453FCE5C740C06","DEJU_017.mammalGrid.mam","D19","DEJU","DEJU_017","2016-07-07","2016-07-07","NEON.DOC.000481vH",,
"2ee4143b-e76a-45bc-b834-e566c8130a8c","426B5C5025E44F1C9F52F38BF0C76B52","DEJU_001.mammalGrid.mam","D19","DEJU","DEJU_001","2016-07-07","2016-07-07","NEON.DOC.000481vH",,
"eb2925e5-2c4a-4fc7-a7ee-0ada49740c2c","B5A185695C1B4FCC94CA63B8A711FF3A","DEJU_003.mammalGrid.mam","D19","DEJU","DEJU_003","2016-07-08","2016-07-08","NEON.DOC.000481vH",,
"0bf523a0-e70e-4907-b515-8ff9340caafb","133D210E67A44833827F8665F33F53B6","DEJU_005.mammalGrid.mam","D19","DEJU","DEJU_005","2016-07-08","2016-07-08","NEON.DOC.000481vH",,
"f6875f7c-24c1-44a1-9afd-2b51b7734507","C6EA5B667752413BAB13D8D4C84572AE","DEJU_017.mammalGrid.mam","D19","DEJU","DEJU_017","2016-07-08","2016-07-08","NEON.DOC.000481vH",,
"f26d26b2-1f67-4545-ae89-5f7b9dd5d9f6","AB6EBEFE94334CFA8F48BCEA04E5C6DE","DEJU_014.mammalGrid.mam","D19","DEJU","DEJU_014","2016-07-09","2016-07-09","NEON.DOC.000481vH",,
"92bb7cfb-b721-46df-9b5f-930585ca50c2","4CA43F7735C54CA2A34202E34ACD9728","DEJU_017.mammalGrid.mam","D19","DEJU","DEJU_017","2016-07-09","2016-07-09","NEON.DOC.000481vH",,
"c9d6319a-0930-4b7a-8ec3-59be9115ce93","A6D6AB610EAF43F4A2248DD34BF77644","DEJU_006.mammalGrid.mam","D19","DEJU","DEJU_006","2016-07-09","2016-07-09","NEON.DOC.000481vH",,
