uid,nightuid,namedLocation,domainID,siteID,plotID,collectDate,endDate,samplingProtocolVersion,remarks,dataQF
"ea2e6220-0b01-4424-827c-8241d292bad4","a3e0ec87-8e37-46db-aecb-607e970e0ff5","NIWO_007.mammalGrid.mam","D13","NIWO","NIWO_007","2018-07-17","2018-07-17","NEON.DOC.000481vK",,
"65832502-e9d7-4068-93d1-c51f455def71","b02a96bf-61ff-4491-bfbb-dd8ad786d6c7","NIWO_023.mammalGrid.mam","D13","NIWO","NIWO_023","2018-07-17","2018-07-17","NEON.DOC.000481vK",,
"0d03a0c7-4280-4e0e-a9cd-ae595839f89b","2be25c68-b447-4dd5-95bb-5361b28155de","NIWO_005.mammalGrid.mam","D13","NIWO","NIWO_005","2018-07-17","2018-07-17","NEON.DOC.000481vK",,
"345c84f5-f061-481e-ac04-7a4962841e33","bfe6785d-d5f1-4e8c-8435-dcdb9bd2c44e","NIWO_002.mammalGrid.mam","D13","NIWO","NIWO_002","2018-07-17","2018-07-17","NEON.DOC.000481vK",,
"2a4d92ae-69d2-48c7-bc4a-ea6c9472ad0a","1e615482-6dca-4993-b86b-9d8f02fd56b2","NIWO_023.mammalGrid.mam","D13","NIWO","NIWO_023","2018-07-18","2018-07-18","NEON.DOC.000481vK",,
"ed044d4f-413e-443e-8914-e67e34cc5b00","a3593fee-ee92-4cb7-90e4-4882b74f7559","NIWO_007.mammalGrid.mam","D13","NIWO","NIWO_007","2018-07-18","2018-07-18","NEON.DOC.000481vK",,
"4ac06321-e691-4515-a563-4655b37bdc28","5cb59a1b-6ddd-4571-8d27-309997b21a3b","NIWO_025.mammalGrid.mam","D13","NIWO","NIWO_025","2018-07-18","2018-07-18","NEON.DOC.000481vK",,
"ec7e53e4-554f-4b10-8499-2cbe8f9dd04b","cccc0fce-fa8c-4fa5-b73c-ae2a33de79ff","NIWO_001.mammalGrid.mam","D13","NIWO","NIWO_001","2018-07-18","2018-07-18","NEON.DOC.000481vK",,
"4e1361c2-fc25-489c-a202-f14145fb1d07","147c4147-baaa-4dc5-9bb8-f7cd568e9d80","NIWO_002.mammalGrid.mam","D13","NIWO","NIWO_002","2018-07-18","2018-07-18","NEON.DOC.000481vK",,
"0cfdc70d-956c-49c9-96a7-b8d6a290f0a2","34ffc907-327b-460e-8572-0f5c3ee91f24","NIWO_023.mammalGrid.mam","D13","NIWO","NIWO_023","2018-07-19","2018-07-19","NEON.DOC.000481vK",,
"4b5da320-8209-4c1d-a241-4f78b58f6ee5","88958245-6a11-43ef-80ad-531bfd9a729c","NIWO_007.mammalGrid.mam","D13","NIWO","NIWO_007","2018-07-19","2018-07-19","NEON.DOC.000481vK",,
"93118070-c2c6-4e16-b8c2-910e91903a3e","d7f7d102-dec0-4c34-86d0-6fbb69406ffe","NIWO_002.mammalGrid.mam","D13","NIWO","NIWO_002","2018-07-19","2018-07-19","NEON.DOC.000481vK",,
