uid,nightuid,namedLocation,domainID,siteID,plotID,collectDate,endDate,samplingProtocolVersion,remarks,dataQF
"4a50848a-5e88-481e-9a85-e542e9a7bff6","4e2ccf75-6853-43ae-858d-eebd8301a74d","BART_062.mammalGrid.mam","D01","BART","BART_062","2017-09-26","2017-09-26","NEON.DOC.000481vG",,
"3bc3b84d-b14b-4cea-9c7f-7cd0ab000820","e5adf01f-1dfa-43b7-b7c4-d8154254b721","BART_012.mammalGrid.mam","D01","BART","BART_012","2017-09-26","2017-09-26","NEON.DOC.000481vG",,
"9342ef69-445e-415e-9e84-966a3efffbdf","0a8108db-8233-4b1c-b13c-0b068b2df456","BART_015.mammalGrid.mam","D01","BART","BART_015","2017-09-26","2017-09-26","NEON.DOC.000481vG",,
"d794f2e4-b6da-4235-9265-98908dcb70d1","2da7e67c-af82-4137-9c50-23ea5ed62460","BART_015.mammalGrid.mam","D01","BART","BART_015","2017-09-27","2017-09-27","NEON.DOC.000481vJ","No captures",
"7b7cb862-39a1-460e-8b68-9da31c348950","e97d5ea4-e7e1-4644-bec7-445a6a85e01c","BART_062.mammalGrid.mam","D01","BART","BART_062","2017-09-27","2017-09-27","NEON.DOC.000481vJ",,
"3b497386-d469-48c7-82c5-5a256085c910","43731e59-19e1-4ce5-b653-75bd78028c09","BART_012.mammalGrid.mam","D01","BART","BART_012","2017-09-27","2017-09-27","NEON.DOC.000481vJ",,
"179d7214-a775-4ec6-a316-620cb46409bf","4ea790b7-c29a-4014-8213-7bb83bd86845","BART_062.mammalGrid.mam","D01","BART","BART_062","2017-09-28","2017-09-28","NEON.DOC.000481vJ",,
"942c42c8-f7d8-4e25-aef7-ed98e0e90c41","5b774983-b4cd-47cf-a06b-4c206d36ff4e","BART_012.mammalGrid.mam","D01","BART","BART_012","2017-09-28","2017-09-28","NEON.DOC.000481vJ",,
"4230811d-9b03-424b-bd6e-4f666ddf4980","e6efe587-e966-4354-af86-035c87bd8484","BART_015.mammalGrid.mam","D01","BART","BART_015","2017-09-28","2017-09-28","NEON.DOC.000481vJ",,
"b69c0041-3a66-45e8-8b9b-e6b4489826f9","d1640506-8909-43f2-9c0f-4fb3fe6893d2","BART_007.mammalGrid.mam","D01","BART","BART_007","2017-09-29","2017-09-29","NEON.DOC.000481vJ",,
"ccbf1dd7-868c-4662-afbf-f3cb44215633","0714f7fc-7461-4161-8010-8e519dec5857","BART_001.mammalGrid.mam","D01","BART","BART_001","2017-09-29","2017-09-29","NEON.DOC.000481vJ",,
"609dbd40-1ef1-428d-b69a-0648b3220192","ace65744-204b-499a-bd54-a18107fddcd5","BART_084.mammalGrid.mam","D01","BART","BART_084","2017-09-29","2017-09-29","NEON.DOC.000481vJ",,
