uid,nightuid,namedLocation,domainID,siteID,plotID,collectDate,endDate,samplingProtocolVersion,remarks,dataQF
"2cf441e6-e4fc-4788-a3c9-0abe3abbbd14","1669B7AF020C46F692F9A47FA14C653A","ONAQ_005.mammalGrid.mam","D15","ONAQ","ONAQ_005","2014-08-24","2014-08-24",,"Several animals were released w/o processing due to logistical time constraints/high capture rates (after noon cut-off).",
"29e9b3d9-1c61-4c53-babb-990fac1e7cd9","0578DB55CA0F48D89A684A41E11128E2","ONAQ_021.mammalGrid.mam","D15","ONAQ","ONAQ_021","2014-08-24","2014-08-24",,,
"e4acd8a8-dabb-45d1-9f49-9926954cdd57","D742305991724A169CCD785230064773","ONAQ_005.mammalGrid.mam","D15","ONAQ","ONAQ_005","2014-08-24","2014-08-24",,,
"1f55283f-8a41-43ab-91ea-3b3237a72e9d","9BC64ED67C9B44C49FF7DE44A6C3386C","ONAQ_021.mammalGrid.mam","D15","ONAQ","ONAQ_021","2014-08-25","2014-08-25",,,
"5a80fb52-31f5-4822-ab3d-a0273aec97c8","67BCE22656434FB3B4C35480E0FBE756","ONAQ_005.mammalGrid.mam","D15","ONAQ","ONAQ_005","2014-08-26","2014-08-26",,"Several animals were released w/o processing due to logistical time constraints/high capture rates.",
"29294758-57d9-4dcf-815f-c7223c9b6583","2D15C20E0DDC497FB351325262955F72","ONAQ_021.mammalGrid.mam","D15","ONAQ","ONAQ_021","2014-08-26","2014-08-26",,,
