uid,nightuid,namedLocation,domainID,siteID,plotID,collectDate,endDate,samplingProtocolVersion,remarks,dataQF
"efad5cfe-b7ea-4a37-ae2c-94b3dd457649","355B904872D9441BA7AE90D9FCCCA5F9","OSBS_005.mammalGrid.mam","D03","OSBS","OSBS_005","2015-07-07","2015-07-07",,,
"88b3b8b7-bcd6-40f3-9eda-cdb34152f945","6CD53029BA3349CF96DA19D4127AABE6","OSBS_004.mammalGrid.mam","D03","OSBS","OSBS_004","2015-07-07","2015-07-07",,,
"fbe76ae6-7027-42da-a33f-f72b6f4b3bbd","D394B2D61E2348A481BCA5ECA48C79AC","OSBS_003.mammalGrid.mam","D03","OSBS","OSBS_003","2015-07-07","2015-07-07",,,
"a238c47a-a9e1-45d6-b278-640fd7336722","03B8D03A42244DCB87D85FDD46CF9FCD","OSBS_023.mammalGrid.mam","D03","OSBS","OSBS_023","2015-07-07","2015-07-07",,,
"2ce5cfde-1d25-4416-86e0-d1d5f2fb9066","F1719D68E8834CECAD6200B07D9D7A14","OSBS_023.mammalGrid.mam","D03","OSBS","OSBS_023","2015-07-08","2015-07-08",,,
"32b885b8-6ee2-47f7-a6e1-d8d0f485978a","A8CDD3EF5FE94B0E97E3EA31AF39C557","OSBS_003.mammalGrid.mam","D03","OSBS","OSBS_003","2015-07-08","2015-07-08",,,
"fc8caa07-5f48-4d35-8c98-58458060b010","1D88995AD1EA4D7F9F0654E488F8F7F6","OSBS_012.mammalGrid.mam","D03","OSBS","OSBS_012","2015-07-08","2015-07-08",,,
"f9edc0b9-061d-4810-adf0-d5a44b752add","8F09A4349CB144C3A3A0ADEC273B9740","OSBS_004.mammalGrid.mam","D03","OSBS","OSBS_004","2015-07-08","2015-07-08",,,
"c206203b-f21f-46bb-a648-ccac7faf48a0","2AF35E6532E54032AAD93C9F0D08E0FF","OSBS_003.mammalGrid.mam","D03","OSBS","OSBS_003","2015-07-09","2015-07-09",,,
"74039cd5-5aab-42dc-a864-411b826eeb01","74AE90B29A624221A1203F2B8A576CBB","OSBS_023.mammalGrid.mam","D03","OSBS","OSBS_023","2015-07-09","2015-07-09",,,
"9218b72d-a305-4eba-8888-89516a3e9883","15FB3B07355E4AB8887E87530B4EDDA4","OSBS_002.mammalGrid.mam","D03","OSBS","OSBS_002","2015-07-09","2015-07-09",,,
"89fdda65-c74e-4668-bfcf-e08ddd9072a6","70BE16DD6E1F4631869A6E65FB739331","OSBS_004.mammalGrid.mam","D03","OSBS","OSBS_004","2015-07-09","2015-07-09",,,
