uid,nightuid,namedLocation,domainID,siteID,plotID,collectDate,endDate,samplingProtocolVersion,remarks,dataQF
"9be96a1f-7655-4db6-8bd5-bd24aeb49e5e","feef6a38-8edb-4544-beb3-0561eea8cf92","STER_027.mammalGrid.mam","D10","STER","STER_027","2017-05-04","2017-05-04","NEON.DOC.000481vJ",,
"0bbf7f6b-9424-42ec-8ccb-96411df3de66","90795815-7d74-46b0-be9e-fd83acae457b","STER_006.mammalGrid.mam","D10","STER","STER_006","2017-05-04","2017-05-04","NEON.DOC.000481vJ",,
"849c34c0-9590-42f9-8cc6-928fd20a1b9b","01e6f373-c4e8-4934-acb4-85a038dd2b02","STER_031.mammalGrid.mam","D10","STER","STER_031","2017-05-04","2017-05-04","NEON.DOC.000481vJ",,
"9876b3d0-29f4-4d9f-b979-828429ee3fd3","cb717ab4-4b9d-4ef1-9f11-5fb3d37fe7f9","STER_029.mammalGrid.mam","D10","STER","STER_029","2017-05-04","2017-05-04","NEON.DOC.000481vJ",,
"f3e89f5a-1bf5-46ef-9d00-67f45dad688b","b54395ab-4365-4ef0-8510-8242e81c82f7","STER_029.mammalGrid.mam","D10","STER","STER_029","2017-05-05","2017-05-05","NEON.DOC.000481vJ",,
"4c2aed08-eb70-4019-8e0f-4d0bbf503d4f","dfc39a26-2699-4dd9-9332-fb9de23c7ccd","STER_026.mammalGrid.mam","D10","STER","STER_026","2017-05-05","2017-05-05","NEON.DOC.000481vJ",,
"19d014d0-bdb0-4ba1-83ea-b9dd9c6b4ba8","6c8a2e58-c186-4b04-aa0e-a3c3cce32b94","STER_028.mammalGrid.mam","D10","STER","STER_028","2017-05-05","2017-05-05","NEON.DOC.000481vJ",,
"1e7b7533-206e-46af-9f63-dec2511dcd6e","ddfe8a7a-2846-46f7-9a8b-f5c37fad93d2","STER_031.mammalGrid.mam","D10","STER","STER_031","2017-05-05","2017-05-05","NEON.DOC.000481vJ",,
"d9ffea4b-cc0a-48e6-b644-f2693ad750ba","6f449b67-fbc0-45bb-ac3a-7c2ae3190531","STER_006.mammalGrid.mam","D10","STER","STER_006","2017-05-05","2017-05-05","NEON.DOC.000481vJ",,
"403e55ae-411f-4862-890a-a32a62e98a92","e9112250-a3a1-4c39-bc1f-29d12b9c303b","STER_031.mammalGrid.mam","D10","STER","STER_031","2017-05-06","2017-05-06","NEON.DOC.000481vJ",,
"e4ff5d4b-5d97-4cb5-aedb-a3e39e27b30e","307de316-146b-46a8-90e6-f0fa6d977ec4","STER_006.mammalGrid.mam","D10","STER","STER_006","2017-05-06","2017-05-06","NEON.DOC.000481vJ",,
"f55ab9dc-4b86-4c5d-bcd5-ba971c87471d","d06e44ab-7613-440e-ae55-f2979e7cf0b5","STER_029.mammalGrid.mam","D10","STER","STER_029","2017-05-06","2017-05-06","NEON.DOC.000481vJ",,
"ee61e34e-5af3-48d7-b59d-13cb9fcfa0f7","6d6c62af-beb7-46fb-a92b-e6e076e8577b","STER_027.mammalGrid.mam","D10","STER","STER_027","2017-05-31","2017-05-31","NEON.DOC.000481vJ",,
"f38263d2-f91b-49a1-b70d-62cb28510521","b7dc0db5-2937-4dca-867a-961bd29963be","STER_029.mammalGrid.mam","D10","STER","STER_029","2017-05-31","2017-05-31","NEON.DOC.000481vJ",,
"60200dc0-dc61-44ed-b06b-4c80a056dc0b","16e93174-2dc4-4ec7-a4e1-b167c4bce398","STER_031.mammalGrid.mam","D10","STER","STER_031","2017-05-31","2017-05-31","NEON.DOC.000481vJ",,
"baafeb8e-6d95-4f86-8c50-3206dce36ac9","345adcd4-2e65-4175-8c08-09d473c8b86f","STER_006.mammalGrid.mam","D10","STER","STER_006","2017-05-31","2017-05-31","NEON.DOC.000481vJ",,
