uid,nightuid,namedLocation,domainID,siteID,plotID,collectDate,endDate,samplingProtocolVersion,remarks,dataQF
"47033729-1ef6-4865-9576-b3f8c59ac52c","9c60c89a-66bc-4d13-9836-9ab162ea5625","ONAQ_005.mammalGrid.mam","D15","ONAQ","ONAQ_005","2017-07-27","2017-07-27","NEON.DOC.000481vJ","Thunderstorm and wind night before trap collection",
"19afc36a-0c80-4218-bd07-e0df2cb15c65","78894257-da9e-47d4-b0c0-0420b2f4270b","ONAQ_020.mammalGrid.mam","D15","ONAQ","ONAQ_020","2017-07-27","2017-07-27","NEON.DOC.000481vJ",,
"97b81f0c-e7c5-4b2c-aecc-7dddba51382c","46e44e1f-9b29-441f-b83d-8c616561f95e","ONAQ_005.mammalGrid.mam","D15","ONAQ","ONAQ_005","2017-07-28","2017-07-28","NEON.DOC.000481vJ",,
"d0cb579b-9d51-4451-b49d-b0588028f864","723dc6e4-b74e-436a-8876-49770fb4a1a5","ONAQ_003.mammalGrid.mam","D15","ONAQ","ONAQ_003","2017-07-28","2017-07-28","NEON.DOC.000481vJ",,
"a6cba9e7-11a9-47ed-a4ca-656a684b06d2","db1c2237-f0ee-4fa7-8c35-e39da0007840","ONAQ_020.mammalGrid.mam","D15","ONAQ","ONAQ_020","2017-07-28","2017-07-28","NEON.DOC.000481vJ",,
"78313b8e-4667-4c6c-87ac-0095d1969528","9d3b0aac-5f24-41dc-a909-067c234ba92e","ONAQ_020.mammalGrid.mam","D15","ONAQ","ONAQ_020","2017-07-29","2017-07-29",,,
"61732b8a-a331-4a8f-b3d0-663733d5d348","92c4a07d-5f71-450b-a39c-617bbb3c1f42","ONAQ_003.mammalGrid.mam","D15","ONAQ","ONAQ_003","2017-07-29","2017-07-29",,,
"ec3ea9d2-1b44-4d8f-93c3-0814c2f8b0e4","91b68443-a49d-44ad-b9c2-68a6619917d1","ONAQ_005.mammalGrid.mam","D15","ONAQ","ONAQ_005","2017-07-29","2017-07-29","NEON.DOC.000481vJ",,
"64080d99-8a1b-4d2d-b61a-f58de130d63f","a03e480b-7719-4a29-afb9-bc62e539b251","ONAQ_023.mammalGrid.mam","D15","ONAQ","ONAQ_023","2017-07-30","2017-07-30",,"Caught 3 PETR for the first time at this plot. Took full samples (except blood)",
"4ccd3ce4-4b3d-4ca6-9f09-be307b3e3e76","a9afc475-67ce-47ed-9f29-4fe0d0450610","ONAQ_019.mammalGrid.mam","D15","ONAQ","ONAQ_019","2017-07-30","2017-07-30","NEON.DOC.000481vJ",,
"951a7851-3a39-4be2-8897-554694254fce","e7bfb48e-f0fe-4be5-bc25-9a6be5fc89ed","ONAQ_004.mammalGrid.mam","D15","ONAQ","ONAQ_004","2017-07-30","2017-07-30",,"Pit tag reader battery died part way through processing.",
