uid,nightuid,namedLocation,domainID,siteID,plotID,collectDate,endDate,samplingProtocolVersion,remarks,dataQF
"ee5d28fd-6913-4edd-8750-e414851f47a4","7EC79CE3302243A0B801DB74900CD64A","CPER_015.mammalGrid.mam","D10","CPER","CPER_015","2015-04-14","2015-04-14",,"Using protocol vf",
"9010311f-107e-4d11-9e94-a7b2771eba47","AC568D4F27F24A5A8998163AA18DF834","CPER_011.mammalGrid.mam","D10","CPER","CPER_011","2015-04-14","2015-04-14",,"Using protocol vf",
"dac8c3fc-ba7f-47b1-91b8-a3371a4a72c2","7A891A357BE84C83BC440235AB5401C8","CPER_005.mammalGrid.mam","D10","CPER","CPER_005","2015-04-14","2015-04-14",,"Using protocol vf",
"6b3a36fe-2196-4fc0-a989-65a54002fad7","FFDC1790EE074FB0925B5605F87FA252","CPER_015.mammalGrid.mam","D10","CPER","CPER_015","2015-04-15","2015-04-15",,"Using protocol vf",
"866af673-b4de-4f7c-b6c5-8348f518f274","3953D8B44F044B6C92033C72973346B8","CPER_005.mammalGrid.mam","D10","CPER","CPER_005","2015-04-15","2015-04-15",,"Using protocol vf",
"31f660df-5fb8-4497-9766-66d4bfff7568","83886A5A267345C88F2A7E306C4DB39E","CPER_011.mammalGrid.mam","D10","CPER","CPER_011","2015-04-15","2015-04-15",,"Using protocol vf",
"464000f5-99f4-4f73-a45b-c7a9345aec49","953467C74759423A9DEFB6C8D2DBCB78","CPER_008.mammalGrid.mam","D10","CPER","CPER_008","2015-04-21","2015-04-21",,"Using protocol vf",
"f8f4c29c-7abb-4d9c-9e2f-20e8f3d31a6d","D8DD689F48D6413D95FCDCCA43767C5F","CPER_002.mammalGrid.mam","D10","CPER","CPER_002","2015-04-21","2015-04-21",,"Using protocol vf",
"f2e63a07-0a94-4489-889c-f8973ad54c7d","4E87C687EFD14C24BCA3FABB47A8D4A0","CPER_004.mammalGrid.mam","D10","CPER","CPER_004","2015-04-21","2015-04-21",,"Using protocol vf",
"e3cc5aaf-be82-457f-b566-ef2fa094bf1b","8C91989B6E9B4887A7C847A73D492B6E","CPER_009.mammalGrid.mam","D10","CPER","CPER_009","2015-04-21","2015-04-21",,"Using protocol vf",
"4d12aeb9-8ab1-438f-8c5a-e1c664b4fe77","0B33DB6918694269902B7E53211C6608","CPER_006.mammalGrid.mam","D10","CPER","CPER_006","2015-04-21","2015-04-21",,"Using protocol vf",
