uid,nightuid,namedLocation,domainID,siteID,plotID,collectDate,endDate,samplingProtocolVersion,remarks,dataQF
"a383f443-19d1-4c5e-964d-689c1dab06c5","0CD24187D9EF432B823A98983C6A8672","GRSM_033.mammalGrid.mam","D07","GRSM","GRSM_033","2016-05-10","2016-05-10","NEON.DOC.000481vG","Protocol vH",
"e4a0edf2-81ea-4ca6-a39f-9a8a327e54ec","86D88D04BB6A4371B9B586FCD55BFD44","GRSM_015.mammalGrid.mam","D07","GRSM","GRSM_015","2016-05-10","2016-05-10","NEON.DOC.000481vG","Protocol vH",
"509b8294-c836-44be-8f4a-77aea3c56547","E807F0D7EE6F441B99DF6490916F686F","GRSM_013.mammalGrid.mam","D07","GRSM","GRSM_013","2016-05-10","2016-05-10","NEON.DOC.000481vG","Protocol vH",
"1c4b447b-7869-4e8b-a323-624a25a29c94","DEABE417D52E45A2839D0C16CFD186E8","GRSM_014.mammalGrid.mam","D07","GRSM","GRSM_014","2016-05-11","2016-05-11","NEON.DOC.000481vG","Protocol vH",
"2eee9018-88ef-47ff-885f-474acbd98a21","58CBA58FB3D044D0BBF3308DA516FF0C","GRSM_020.mammalGrid.mam","D07","GRSM","GRSM_020","2016-05-11","2016-05-11","NEON.DOC.000481vG","Protocol vH",
"1c4aa4d4-b30d-47c8-b255-ab9023542b10","77F393EB59514B159FAB60DC118C60E5","GRSM_003.mammalGrid.mam","D07","GRSM","GRSM_003","2016-05-11","2016-05-11","NEON.DOC.000481vG","Protocol vH",
"b1e5764f-5574-49a9-93b9-a4d23f163818","5D779C14A0DA4ECEBD3312AD5FBFBA46","GRSM_014.mammalGrid.mam","D07","GRSM","GRSM_014","2016-05-12","2016-05-12","NEON.DOC.000481vG","Protocol vH",
"7a0922c6-fbda-4446-acef-d08c07e3ea1f","A8CC08AAEE9940EFB1207A2E650B4224","GRSM_020.mammalGrid.mam","D07","GRSM","GRSM_020","2016-05-12","2016-05-12","NEON.DOC.000481vG","Protocol vH",
"d19b1019-b824-460b-8d01-984c8620b1d5","0A890829C8E3494E986FF364904EA534","GRSM_003.mammalGrid.mam","D07","GRSM","GRSM_003","2016-05-12","2016-05-12","NEON.DOC.000481vG","Protocol vH",
"6b237d5b-03f6-46cb-a27e-1d2efd1fcdb7","E1A1F5D15FB44F87972DA9F7E0180B56","GRSM_014.mammalGrid.mam","D07","GRSM","GRSM_014","2016-05-13","2016-05-13","NEON.DOC.000481vG","Protocol vH",
"fbf781cc-b0c8-48f0-8e0f-5960ec1091df","D4C4624A474F41F895885077F5724F7F","GRSM_003.mammalGrid.mam","D07","GRSM","GRSM_003","2016-05-13","2016-05-13","NEON.DOC.000481vG","Protocol vH",
