uid,nightuid,namedLocation,domainID,siteID,plotID,collectDate,endDate,samplingProtocolVersion,remarks,dataQF
"91bea4f6-40d0-4dbd-83b4-fcb64696749d","7976001D196C48C082AE59F96C6FAB52","HARV_023.mammalGrid.mam","D01","HARV","HARV_023","2014-04-28","2014-04-28",,"No captures",
"a71eac1d-d9dd-4e0c-a8ec-54fa89574931","E476542A4B6047F6ABF89769867D9585","HARV_006.mammalGrid.mam","D01","HARV","HARV_006","2014-04-28","2014-04-28",,"No captures",
"24848cf8-5ff9-46d8-b3ce-7be19edf7cda","8CBCC836964345C986373E0C1040DCE2","HARV_023.mammalGrid.mam","D01","HARV","HARV_023","2014-04-29","2014-04-29",,,
"835aea23-2e04-4ae3-8285-070ea1831fdf","312F7F9F09944071A4D0E6BDC7F919EA","HARV_006.mammalGrid.mam","D01","HARV","HARV_006","2014-04-29","2014-04-29",,"No captures",
"5572940a-6fe0-446a-98f7-7d610dedb869","78D7CCA8F98D4A298A15FC9140F6713A","HARV_023.mammalGrid.mam","D01","HARV","HARV_023","2014-04-30","2014-04-30",,,
"ed9525cd-f52a-4481-9497-c1b95aa379e8","BFB1B949EFC7436988A4E03E7086D47D","HARV_006.mammalGrid.mam","D01","HARV","HARV_006","2014-04-30","2014-04-30",,,
