uid,nightuid,namedLocation,domainID,siteID,plotID,collectDate,endDate,samplingProtocolVersion,remarks,dataQF
"301eb306-e226-4d65-87e7-ff6a60f50806","a66d6f58-2ada-4702-922a-6db1a570009b","UNDE_012.mammalGrid.mam","D05","UNDE","UNDE_012","2017-07-20","2017-07-20",,"Potential animal disturbance.",
"fe29bddc-0171-42b6-b1a7-0167372f6bd8","a236235c-79e1-4eac-8d39-216d6e26beff","UNDE_032.mammalGrid.mam","D05","UNDE","UNDE_032","2017-07-20","2017-07-20",,,
"e4e2db98-d9a1-4be9-9b25-993b9572d1cb","c130e657-310d-4656-9b84-15c455fa7948","UNDE_027.mammalGrid.mam","D05","UNDE","UNDE_027","2017-07-20","2017-07-20",,,
"8ad43de1-f761-4c08-8fa2-a233fdbdda7d","aaa5810e-e3b0-4122-aef5-f8960644028a","UNDE_027.mammalGrid.mam","D05","UNDE","UNDE_027","2017-07-21","2017-07-21",,,
"0020a778-9635-403e-9826-ffe5a6b6e47d","efb2814a-27ff-4b4e-8905-a0caccc499b1","UNDE_032.mammalGrid.mam","D05","UNDE","UNDE_032","2017-07-21","2017-07-21",,,
"442ebf58-8206-4bc7-b306-685475ba8129","56ce6a03-f808-4e31-a0af-e370d0abeb3b","UNDE_012.mammalGrid.mam","D05","UNDE","UNDE_012","2017-07-21","2017-07-21",,"Animal disturbance of 31 traps.",
"90870c87-894f-465a-a4a4-395bbccf22f4","de6efea7-e7ce-465d-996e-d0cf9364cffb","UNDE_032.mammalGrid.mam","D05","UNDE","UNDE_032","2017-07-22","2017-07-22",,,
"6758b555-fdc2-49e5-8067-4424d6343c16","e509933a-52cd-4628-bdc5-8d7a68de9e4a","UNDE_002.mammalGrid.mam","D05","UNDE","UNDE_002","2017-07-22","2017-07-22",,,
"2f8a5979-f2c0-485e-b2b0-158d1f2a5c74","63eddc3b-dc3a-4e89-97a0-aebe1970ff55","UNDE_027.mammalGrid.mam","D05","UNDE","UNDE_027","2017-07-22","2017-07-22",,,
"762144df-f267-4db1-9c0d-7bf00d9b7150","f6508336-a3be-467f-b2ba-3aa1f9c7eebd","UNDE_001.mammalGrid.mam","D05","UNDE","UNDE_001","2017-07-24","2017-07-24",,,
"cc55976b-d132-475a-9ff0-4e6e2ace7098","35c775e3-5580-4d43-8519-e42109bd6051","UNDE_008.mammalGrid.mam","D05","UNDE","UNDE_008","2017-07-24","2017-07-24",,,
"1ca15286-3733-4405-a058-231a8db85ab8","dbf527e2-5709-463f-a168-dcc34205168c","UNDE_003.mammalGrid.mam","D05","UNDE","UNDE_003","2017-07-24","2017-07-24",,,
