uid,nightuid,namedLocation,domainID,siteID,plotID,collectDate,endDate,samplingProtocolVersion,remarks,dataQF
"56fbd085-e3ee-402b-84ed-614862468fb8","4B76F75ED6134BCB93BED59D73C5162A","NIWO_007.mammalGrid.mam","D13","NIWO","NIWO_007","2015-10-13","2015-10-13",,"Used version 'vG",
"28ac7649-eaa3-4499-a259-d0977ae0f40b","499D014ECC1E4605AFC3C60B7DA303D3","NIWO_023.mammalGrid.mam","D13","NIWO","NIWO_023","2015-10-13","2015-10-13",,"Using protocol vg.",
"46fb15dc-b046-44bf-9ea3-41bbaf2bd69d","6B7068AFE1374DD48ED24596A0603258","NIWO_002.mammalGrid.mam","D13","NIWO","NIWO_002","2015-10-13","2015-10-13",,"Used version 'vG",
"8e150096-f142-4741-9132-5abdf89bfde8","81DC051B96EC458E88BE9CB473EBBF5E","NIWO_025.mammalGrid.mam","D13","NIWO","NIWO_025","2015-10-14","2015-10-14",,"Using protocol vg.",
"1c087ecd-1b21-4c79-b890-cec041fd9d64","909A675B5A174755872802087E9F94FB","NIWO_007.mammalGrid.mam","D13","NIWO","NIWO_007","2015-10-14","2015-10-14",,"Using protocol vg.",
"004dc23f-9768-4174-83e2-88626ecd875c","ACC310E697AE4ED4969595E0AEA1CD4A","NIWO_002.mammalGrid.mam","D13","NIWO","NIWO_002","2015-10-14","2015-10-14",,"Using protocol vg.",
"955790d6-0a9d-4d29-b4b9-feada5241a32","75E34B7075634C19851D01A4EB9E309A","NIWO_005.mammalGrid.mam","D13","NIWO","NIWO_005","2015-10-14","2015-10-14",,"Using protocol vg.",
"95ca6595-55f0-4585-9557-2d10743bd433","4BD5ECDF95F24046B7E465D8EFFF7E9D","NIWO_023.mammalGrid.mam","D13","NIWO","NIWO_023","2015-10-14","2015-10-14",,"Using protocol vg.",
"7317d4f3-0d98-4f2f-98cb-dd688d29690b","4640EEE1B673423EB3AC673A42F2845E","NIWO_023.mammalGrid.mam","D13","NIWO","NIWO_023","2015-10-15","2015-10-15",,"Using protocol vg.",
"2854aeac-79a0-41e7-a826-b999fbb5a8e7","79D2E5F214FF481EBF32351AEF59E228","NIWO_001.mammalGrid.mam","D13","NIWO","NIWO_001","2015-10-15","2015-10-15",,"Using protocol vg.",
"8bab89e7-0e95-44f4-bca8-8c1b41334024","081946BAE22B42F8A0D8F4B4A7A20594","NIWO_007.mammalGrid.mam","D13","NIWO","NIWO_007","2015-10-15","2015-10-15",,"Using protocol vg.",
"d7b8a5a5-e6db-4586-a397-2b8fcd00e79b","E450A161F2824A76BD74D04F3002D403","NIWO_002.mammalGrid.mam","D13","NIWO","NIWO_002","2015-10-15","2015-10-15",,"Using protocol vg.",
