uid,nightuid,namedLocation,domainID,siteID,plotID,collectDate,endDate,samplingProtocolVersion,remarks,dataQF
"a38326a2-acbd-46ce-9645-9759f1c1a41c","186f7efa-8220-4eb7-8809-1eaf6e9e3595","STEI_012.mammalGrid.mam","D05","STEI","STEI_012","2018-09-05","2018-09-05","NEON.DOC.000481vK",,
"391ef014-58b7-4fee-81e8-7eab1847e754","c7dcdfff-c1c2-4fe7-be30-2156fe9c82b9","STEI_002.mammalGrid.mam","D05","STEI","STEI_002","2018-09-05","2018-09-05","NEON.DOC.000481vK",,
"aba9d2a8-1099-426f-857b-c0acee5ecf68","6c8d4d8e-1c1b-449f-a6f7-55acd66f6b9d","STEI_005.mammalGrid.mam","D05","STEI","STEI_005","2018-09-05","2018-09-05","NEON.DOC.000481vK",,
"ca0e9c0f-0f1c-41d0-a1fa-c6839b3ae568","e4969aa8-8b1b-4a83-983f-e2ca638b9bd1","STEI_001.mammalGrid.mam","D05","STEI","STEI_001","2018-09-06","2018-09-06","NEON.DOC.000481vK",,
"00a4c6d1-1828-4705-bb08-c7dfd734ab1d","481caf87-49c7-4a65-9154-69feb23b5304","STEI_005.mammalGrid.mam","D05","STEI","STEI_005","2018-09-06","2018-09-06","NEON.DOC.000481vK",,
"623e426c-7ddc-4da6-afc2-2d19930e314a","e4b085b4-e404-46b5-9b8c-d51654a03c7d","STEI_002.mammalGrid.mam","D05","STEI","STEI_002","2018-09-06","2018-09-06","NEON.DOC.000481vK",,
"75fa8bb3-d546-47f6-8ee1-9ac0721f7954","b069c4f5-0eaf-4523-ad1f-8fd5ec5d7b91","STEI_022.mammalGrid.mam","D05","STEI","STEI_022","2018-09-07","2018-09-07","NEON.DOC.000481vK",,
"5024296c-0389-4cdc-aed6-1d268f5574c2","7f1bce83-4aa0-4192-8e88-9880e4932460","STEI_019.mammalGrid.mam","D05","STEI","STEI_019","2018-09-07","2018-09-07","NEON.DOC.000481vK",,
"1cb37434-e2ba-48fe-8a46-65a798fa3d81","d683a80d-e921-4b28-9ed3-16ab2f7d19d4","STEI_002.mammalGrid.mam","D05","STEI","STEI_002","2018-09-07","2018-09-07","NEON.DOC.000481vK",,
