uid,nightuid,namedLocation,domainID,siteID,plotID,trapCoordinate,plotType,nlcdClass,decimalLatitude,decimalLongitude,geodeticDatum,coordinateUncertainty,elevation,elevationUncertainty,trapStatus,trapType,collectDate,endDate,tagID,individualCode,taxonID,scientificName,taxonRank,identificationQualifier,identificationReferences,nativeStatusCode,sex,recapture,fate,replacedTag,lifeStage,testes,nipples,pregnancyStatus,vagina,hindfootLength,earLength,tailLength,totalLength,weight,larvalTicksAttached,nymphalTicksAttached,adultTicksAttached,bloodSampleID,bloodSampleBarcode,bloodSampleMethod,fecalSampleID,fecalSampleBarcode,fecalSampleCondition,earSampleID,earSampleBarcode,hairSampleID,hairSampleBarcode,hairSampleContents,voucherSampleID,voucherSampleBarcode,measuredBy,recordedBy,remarks,dataQF
"ceb35137-870f-4762-9f64-1a73ec7a052b","3ede8571-9fc7-40c7-a8f9-def14dbf1ca1","JORN_011.mammalGrid.mam","D14","JORN","JORN_011","F5","distributed","shrubScrub",32.606853,-106.795376,"WGS84",45.1,1324.9,0.1,"6 - trap set and empty","ShermanXLK","2018-08-14","2018-08-14",,,,,,,,,,,,,,,,,,,,,,,,,,,,,,,,,,,,,,,"kmatthiesen@field-ops.org","bsmith02@battelleecology.org",,
"5c5514c2-bb8b-4b18-a467-23d3c812dd49","3ede8571-9fc7-40c7-a8f9-def14dbf1ca1","JORN_011.mammalGrid.mam","D14","JORN","JORN_011","C1","distributed","shrubScrub",32.606853,-106.795376,"WGS84",45.1,1324.9,0.1,"6 - trap set and empty","ShermanXLK","2018-08-14","2018-08-14",,,,,,,,,,,,,,,,,,,,,,,,,,,,,,,,,,,,,,,"kmatthiesen@field-ops.org","bsmith02@battelleecology.org",,
"4fb21077-378e-439a-a06c-bcbb6f19eed5","3ede8571-9fc7-40c7-a8f9-def14dbf1ca1","JORN_011.mammalGrid.mam","D14","JORN","JORN_011","G5","distributed","shrubScrub",32.606853,-106.795376,"WGS84",45.1,1324.9,0.1,"6 - trap set and empty","ShermanXLK","2018-08-14","2018-08-14",,,,,,,,,,,,,,,,,,,,,,,,,,,,,,,,,,,,,,,"kmatthiesen@field-ops.org","bsmith02@battelleecology.org",,
"243d2d88-297c-43ea-a882-06087afdab16","3ede8571-9fc7-40c7-a8f9-def14dbf1ca1","JORN_011.mammalGrid.mam","D14","JORN","JORN_011","G6","distributed","shrubScrub",32.606853,-106.795376,"WGS84",45.1,1324.9,0.1,"6 - trap set and empty","ShermanXLK","2018-08-14","2018-08-14",,,,,,,,,,,,,,,,,,,,,,,,,,,,,,,,,,,,,,,"kmatthiesen@field-ops.org","bsmith02@battelleecology.org",,
"ec0dace8-8f2a-475a-a264-06e811e168fb","3ede8571-9fc7-40c7-a8f9-def14dbf1ca1","JORN_011.mammalGrid.mam","D14","JORN","JORN_011","I7","distributed","shrubScrub",32.606853,-106.795376,"WGS84",45.1,1324.9,0.1,"5 - capture","ShermanXLK","2018-08-14","2018-08-14","NEON.MAM.D14.L2814",,"DIOR","Dipodomys ordii","species",,,"N","M","Y","released",,"adult","scrotal",,,,36,,,,48,"N","N","N",,,,,,,,,,,,,,"kmatthiesen@field-ops.org","bsmith02@battelleecology.org",,
"c5511720-e706-4758-998d-d348c5a7e505","3ede8571-9fc7-40c7-a8f9-def14dbf1ca1","JORN_011.mammalGrid.mam","D14","JORN","JORN_011","I8","distributed","shrubScrub",32.606853,-106.795376,"WGS84",45.1,1324.9,0.1,"6 - trap set and empty","ShermanXLK","2018-08-14","2018-08-14",,,,,,,,,,,,,,,,,,,,,,,,,,,,,,,,,,,,,,,"kmatthiesen@field-ops.org","bsmith02@battelleecology.org",,
"74055bdd-425e-4f05-b1b8-5feb40ec04a4","3ede8571-9fc7-40c7-a8f9-def14dbf1ca1","JORN_011.mammalGrid.mam","D14","JORN","JORN_011","D2","distributed","shrubScrub",32.606853,-106.795376,"WGS84",45.1,1324.9,0.1,"6 - trap set and empty","ShermanXLK","2018-08-14","2018-08-14",,,,,,,,,,,,,,,,,,,,,,,,,,,,,,,,,,,,,,,"kmatthiesen@field-ops.org","bsmith02@battelleecology.org",,
"691ee9ca-9b59-4245-9290-6292b77007f0","3ede8571-9fc7-40c7-a8f9-def14dbf1ca1","JORN_011.mammalGrid.mam","D14","JORN","JORN_011","A7","distributed","shrubScrub",32.606853,-106.795376,"WGS84",45.1,1324.9,0.1,"6 - trap set and empty","ShermanXLK","2018-08-14","2018-08-14",,,,,,,,,,,,,,,,,,,,,,,,,,,,,,,,,,,,,,,"kmatthiesen@field-ops.org","bsmith02@battelleecology.org",,
"e5a4dfe8-d6f1-488c-8c47-ae0b12d41a7e","3ede8571-9fc7-40c7-a8f9-def14dbf1ca1","JORN_011.mammalGrid.mam","D14","JORN","JORN_011","D8","distributed","shrubScrub",32.606853,-106.795376,"WGS84",45.1,1324.9,0.1,"6 - trap set and empty","ShermanXLK","2018-08-14","2018-08-14",,,,,,,,,,,,,,,,,,,,,,,,,,,,,,,,,,,,,,,"kmatthiesen@field-ops.org","bsmith02@battelleecology.org",,
"cc3cccb1-e91d-47f3-8ee7-8e9174f58198","3ede8571-9fc7-40c7-a8f9-def14dbf1ca1","JORN_011.mammalGrid.mam","D14","JORN","JORN_011","D3","distributed","shrubScrub",32.606853,-106.795376,"WGS84",45.1,1324.9,0.1,"6 - trap set and empty","ShermanXLK","2018-08-14","2018-08-14",,,,,,,,,,,,,,,,,,,,,,,,,,,,,,,,,,,,,,,"kmatthiesen@field-ops.org","bsmith02@battelleecology.org",,
"cd70eee6-f294-4be9-865a-e477e1689776","3ede8571-9fc7-40c7-a8f9-def14dbf1ca1","JORN_011.mammalGrid.mam","D14","JORN","JORN_011","C2","distributed","shrubScrub",32.606853,-106.795376,"WGS84",45.1,1324.9,0.1,"6 - trap set and empty","ShermanXLK","2018-08-14","2018-08-14",,,,,,,,,,,,,,,,,,,,,,,,,,,,,,,,,,,,,,,"kmatthiesen@field-ops.org","bsmith02@battelleecology.org",,
"6c63391a-887d-4cdd-864b-0c14dde7e458","3ede8571-9fc7-40c7-a8f9-def14dbf1ca1","JORN_011.mammalGrid.mam","D14","JORN","JORN_011","I6","distributed","shrubScrub",32.606853,-106.795376,"WGS84",45.1,1324.9,0.1,"1 - trap not set","ShermanXLK","2018-08-14","2018-08-14",,,,,,,,,,,,,,,,,,,,,,,,,,,,,,,,,,,,,,,"kmatthiesen@field-ops.org","bsmith02@battelleecology.org",,
"98c5aa9d-7a2b-488f-b7b1-001ba39520e5","3ede8571-9fc7-40c7-a8f9-def14dbf1ca1","JORN_011.mammalGrid.mam","D14","JORN","JORN_011","F4","distributed","shrubScrub",32.606853,-106.795376,"WGS84",45.1,1324.9,0.1,"6 - trap set and empty","ShermanXLK","2018-08-14","2018-08-14",,,,,,,,,,,,,,,,,,,,,,,,,,,,,,,,,,,,,,,"kmatthiesen@field-ops.org","bsmith02@battelleecology.org",,
"ac06c8d9-e0bf-4c29-b02f-e1c208d2eeaa","3ede8571-9fc7-40c7-a8f9-def14dbf1ca1","JORN_011.mammalGrid.mam","D14","JORN","JORN_011","F7","distributed","shrubScrub",32.606853,-106.795376,"WGS84",45.1,1324.9,0.1,"6 - trap set and empty","ShermanXLK","2018-08-14","2018-08-14",,,,,,,,,,,,,,,,,,,,,,,,,,,,,,,,,,,,,,,"kmatthiesen@field-ops.org","bsmith02@battelleecology.org",,
"62db9afa-e9c6-48d6-8522-a72e57a9590a","3ede8571-9fc7-40c7-a8f9-def14dbf1ca1","JORN_011.mammalGrid.mam","D14","JORN","JORN_011","G10","distributed","shrubScrub",32.606853,-106.795376,"WGS84",45.1,1324.9,0.1,"6 - trap set and empty","ShermanXLK","2018-08-14","2018-08-14",,,,,,,,,,,,,,,,,,,,,,,,,,,,,,,,,,,,,,,"kmatthiesen@field-ops.org","bsmith02@battelleecology.org",,
"88591cbf-dbdc-4bdc-bf8b-55e53cc5b70d","3ede8571-9fc7-40c7-a8f9-def14dbf1ca1","JORN_011.mammalGrid.mam","D14","JORN","JORN_011","I5","distributed","shrubScrub",32.606853,-106.795376,"WGS84",45.1,1324.9,0.1,"6 - trap set and empty","ShermanXLK","2018-08-14","2018-08-14",,,,,,,,,,,,,,,,,,,,,,,,,,,,,,,,,,,,,,,"kmatthiesen@field-ops.org","bsmith02@battelleecology.org",,
"fcbf4ca2-0b12-4ea3-b505-6255ea515741","3ede8571-9fc7-40c7-a8f9-def14dbf1ca1","JORN_011.mammalGrid.mam","D14","JORN","JORN_011","D6","distributed","shrubScrub",32.606853,-106.795376,"WGS84",45.1,1324.9,0.1,"6 - trap set and empty","ShermanXLK","2018-08-14","2018-08-14",,,,,,,,,,,,,,,,,,,,,,,,,,,,,,,,,,,,,,,"kmatthiesen@field-ops.org","bsmith02@battelleecology.org",,
"3e03ef30-a6be-44b1-aa67-85a814f698b4","3ede8571-9fc7-40c7-a8f9-def14dbf1ca1","JORN_011.mammalGrid.mam","D14","JORN","JORN_011","J10","distributed","shrubScrub",32.606853,-106.795376,"WGS84",45.1,1324.9,0.1,"2 - trap disturbed/door closed but empty","ShermanXLK","2018-08-14","2018-08-14",,,,,,,,,,,,,,,,,,,,,,,,,,,,,,,,,,,,,,,"kmatthiesen@field-ops.org","bsmith02@battelleecology.org",,
"06e394fd-1a69-4ac8-8332-60a556cfe6c4","3ede8571-9fc7-40c7-a8f9-def14dbf1ca1","JORN_011.mammalGrid.mam","D14","JORN","JORN_011","E6","distributed","shrubScrub",32.606853,-106.795376,"WGS84",45.1,1324.9,0.1,"6 - trap set and empty","ShermanXLK","2018-08-14","2018-08-14",,,,,,,,,,,,,,,,,,,,,,,,,,,,,,,,,,,,,,,"kmatthiesen@field-ops.org","bsmith02@battelleecology.org",,
"f359cb60-c7ee-453f-805a-595195ec7628","3ede8571-9fc7-40c7-a8f9-def14dbf1ca1","JORN_011.mammalGrid.mam","D14","JORN","JORN_011","H1","distributed","shrubScrub",32.606853,-106.795376,"WGS84",45.1,1324.9,0.1,"5 - capture","ShermanXLK","2018-08-14","2018-08-14","NEON.MAM.D14.256491",,"CHER","Chaetodipus eremicus","species",,"D14 - NEON.DOC.003140","N","M","N","released",,"adult","scrotal",,,,21,,,,15,"N","N","N",,,,,,,,,,,,,,"kmatthiesen@field-ops.org","bsmith02@battelleecology.org",,
"ef7bf482-35b2-48ad-b32e-4c1d3a81ebf5","3ede8571-9fc7-40c7-a8f9-def14dbf1ca1","JORN_011.mammalGrid.mam","D14","JORN","JORN_011","B3","distributed","shrubScrub",32.606853,-106.795376,"WGS84",45.1,1324.9,0.1,"5 - capture","ShermanXLK","2018-08-14","2018-08-14","NEON.MAM.D14.491704",,"SPSP","Spermophilus spilosoma","species",,"D14 - NEON.DOC.003140","N","M","N","released",,"adult","scrotal",,,,34,,,,124,"N","N","N",,,,,,,,,,,,,,"kmatthiesen@field-ops.org","bsmith02@battelleecology.org",,
"8f495126-4f97-441e-ad9d-a8031a6b4012","3ede8571-9fc7-40c7-a8f9-def14dbf1ca1","JORN_011.mammalGrid.mam","D14","JORN","JORN_011","H8","distributed","shrubScrub",32.606853,-106.795376,"WGS84",45.1,1324.9,0.1,"6 - trap set and empty","ShermanXLK","2018-08-14","2018-08-14",,,,,,,,,,,,,,,,,,,,,,,,,,,,,,,,,,,,,,,"kmatthiesen@field-ops.org","bsmith02@battelleecology.org",,
"82888975-0fe4-487a-b513-d1da44900a70","3ede8571-9fc7-40c7-a8f9-def14dbf1ca1","JORN_011.mammalGrid.mam","D14","JORN","JORN_011","E4","distributed","shrubScrub",32.606853,-106.795376,"WGS84",45.1,1324.9,0.1,"6 - trap set and empty","ShermanXLK","2018-08-14","2018-08-14",,,,,,,,,,,,,,,,,,,,,,,,,,,,,,,,,,,,,,,"kmatthiesen@field-ops.org","bsmith02@battelleecology.org",,
"5857934e-80ec-4da1-a2b9-b8f1a4b6aba6","3ede8571-9fc7-40c7-a8f9-def14dbf1ca1","JORN_011.mammalGrid.mam","D14","JORN","JORN_011","G1","distributed","shrubScrub",32.606853,-106.795376,"WGS84",45.1,1324.9,0.1,"6 - trap set and empty","ShermanXLK","2018-08-14","2018-08-14",,,,,,,,,,,,,,,,,,,,,,,,,,,,,,,,,,,,,,,"kmatthiesen@field-ops.org","bsmith02@battelleecology.org",,
"3b87fd57-db61-4f01-aa74-d930af4585bb","3ede8571-9fc7-40c7-a8f9-def14dbf1ca1","JORN_011.mammalGrid.mam","D14","JORN","JORN_011","E7","distributed","shrubScrub",32.606853,-106.795376,"WGS84",45.1,1324.9,0.1,"6 - trap set and empty","ShermanXLK","2018-08-14","2018-08-14",,,,,,,,,,,,,,,,,,,,,,,,,,,,,,,,,,,,,,,"kmatthiesen@field-ops.org","bsmith02@battelleecology.org",,
"be46301e-a4cb-4270-a43e-2077bbfdd062","3ede8571-9fc7-40c7-a8f9-def14dbf1ca1","JORN_011.mammalGrid.mam","D14","JORN","JORN_011","A1","distributed","shrubScrub",32.606853,-106.795376,"WGS84",45.1,1324.9,0.1,"5 - capture","ShermanXLK","2018-08-14","2018-08-14","NEON.MAM.D14.R2516",,"DIME","Dipodomys merriami","species",,"D14 - NEON.DOC.003140","N","F","Y","released",,"adult",,"enlarged","not","swollen",37,,,,45,"N","N","N",,,,,,,,,,,,,,"kmatthiesen@field-ops.org","bsmith02@battelleecology.org","tumor like mass on belly",
"8b302a57-0212-4411-9b75-8c3caf6a6e16","3ede8571-9fc7-40c7-a8f9-def14dbf1ca1","JORN_011.mammalGrid.mam","D14","JORN","JORN_011","C8","distributed","shrubScrub",32.606853,-106.795376,"WGS84",45.1,1324.9,0.1,"6 - trap set and empty","ShermanXLK","2018-08-14","2018-08-14",,,,,,,,,,,,,,,,,,,,,,,,,,,,,,,,,,,,,,,"kmatthiesen@field-ops.org","bsmith02@battelleecology.org",,
"eec18ff4-9cb7-47ad-8c03-15f530c3835e","3ede8571-9fc7-40c7-a8f9-def14dbf1ca1","JORN_011.mammalGrid.mam","D14","JORN","JORN_011","H3","distributed","shrubScrub",32.606853,-106.795376,"WGS84",45.1,1324.9,0.1,"6 - trap set and empty","ShermanXLK","2018-08-14","2018-08-14",,,,,,,,,,,,,,,,,,,,,,,,,,,,,,,,,,,,,,,"kmatthiesen@field-ops.org","bsmith02@battelleecology.org",,
"c3584244-cedb-44c7-aa69-8376e912d943","3ede8571-9fc7-40c7-a8f9-def14dbf1ca1","JORN_011.mammalGrid.mam","D14","JORN","JORN_011","I2","distributed","shrubScrub",32.606853,-106.795376,"WGS84",45.1,1324.9,0.1,"6 - trap set and empty","ShermanXLK","2018-08-14","2018-08-14",,,,,,,,,,,,,,,,,,,,,,,,,,,,,,,,,,,,,,,"kmatthiesen@field-ops.org","bsmith02@battelleecology.org",,
"d68ac04f-093e-4f38-b2e2-685ebdb07f68","3ede8571-9fc7-40c7-a8f9-def14dbf1ca1","JORN_011.mammalGrid.mam","D14","JORN","JORN_011","G9","distributed","shrubScrub",32.606853,-106.795376,"WGS84",45.1,1324.9,0.1,"6 - trap set and empty","ShermanXLK","2018-08-14","2018-08-14",,,,,,,,,,,,,,,,,,,,,,,,,,,,,,,,,,,,,,,"kmatthiesen@field-ops.org","bsmith02@battelleecology.org",,
"26abe4b2-bcaf-429b-8569-7aaa901997e1","3ede8571-9fc7-40c7-a8f9-def14dbf1ca1","JORN_011.mammalGrid.mam","D14","JORN","JORN_011","D7","distributed","shrubScrub",32.606853,-106.795376,"WGS84",45.1,1324.9,0.1,"6 - trap set and empty","ShermanXLK","2018-08-14","2018-08-14",,,,,,,,,,,,,,,,,,,,,,,,,,,,,,,,,,,,,,,"kmatthiesen@field-ops.org","bsmith02@battelleecology.org",,
"be9d237c-fe22-4c9a-a229-e70992cb535e","3ede8571-9fc7-40c7-a8f9-def14dbf1ca1","JORN_011.mammalGrid.mam","D14","JORN","JORN_011","I9","distributed","shrubScrub",32.606853,-106.795376,"WGS84",45.1,1324.9,0.1,"6 - trap set and empty","ShermanXLK","2018-08-14","2018-08-14",,,,,,,,,,,,,,,,,,,,,,,,,,,,,,,,,,,,,,,"kmatthiesen@field-ops.org","bsmith02@battelleecology.org",,
"b221834f-9f2d-4b2e-89dc-7a26eacb0576","3ede8571-9fc7-40c7-a8f9-def14dbf1ca1","JORN_011.mammalGrid.mam","D14","JORN","JORN_011","J7","distributed","shrubScrub",32.606853,-106.795376,"WGS84",45.1,1324.9,0.1,"5 - capture","ShermanXLK","2018-08-14","2018-08-14","NEON.MAM.D14.L2801",,"DIME","Dipodomys merriami","species",,"D14 - NEON.DOC.003140","N","F","Y","released",,"adult",,"enlarged","not","neither",36,,,,45,"N","N","N",,,,,,,,,,,,,,"kmatthiesen@field-ops.org","bsmith02@battelleecology.org",,
"35f41ca7-2032-4f24-b97d-6467a4138a04","3ede8571-9fc7-40c7-a8f9-def14dbf1ca1","JORN_011.mammalGrid.mam","D14","JORN","JORN_011","C7","distributed","shrubScrub",32.606853,-106.795376,"WGS84",45.1,1324.9,0.1,"6 - trap set and empty","ShermanXLK","2018-08-14","2018-08-14",,,,,,,,,,,,,,,,,,,,,,,,,,,,,,,,,,,,,,,"kmatthiesen@field-ops.org","bsmith02@battelleecology.org",,
"de95eea0-ab84-4f37-be31-9e5255b30e5f","3ede8571-9fc7-40c7-a8f9-def14dbf1ca1","JORN_011.mammalGrid.mam","D14","JORN","JORN_011","F9","distributed","shrubScrub",32.606853,-106.795376,"WGS84",45.1,1324.9,0.1,"2 - trap disturbed/door closed but empty","ShermanXLK","2018-08-14","2018-08-14",,,,,,,,,,,,,,,,,,,,,,,,,,,,,,,,,,,,,,,"kmatthiesen@field-ops.org","bsmith02@battelleecology.org",,
"04475196-49d0-4ed6-993f-42d9b5821b7a","3ede8571-9fc7-40c7-a8f9-def14dbf1ca1","JORN_011.mammalGrid.mam","D14","JORN","JORN_011","H2","distributed","shrubScrub",32.606853,-106.795376,"WGS84",45.1,1324.9,0.1,"6 - trap set and empty","ShermanXLK","2018-08-14","2018-08-14",,,,,,,,,,,,,,,,,,,,,,,,,,,,,,,,,,,,,,,"kmatthiesen@field-ops.org","bsmith02@battelleecology.org",,
"7585c505-9a29-49f8-8c46-517977c547c6","3ede8571-9fc7-40c7-a8f9-def14dbf1ca1","JORN_011.mammalGrid.mam","D14","JORN","JORN_011","A8","distributed","shrubScrub",32.606853,-106.795376,"WGS84",45.1,1324.9,0.1,"6 - trap set and empty","ShermanXLK","2018-08-14","2018-08-14",,,,,,,,,,,,,,,,,,,,,,,,,,,,,,,,,,,,,,,"kmatthiesen@field-ops.org","bsmith02@battelleecology.org",,
"4a1d42c1-844f-4b7c-ad8b-4cc07054c6bd","3ede8571-9fc7-40c7-a8f9-def14dbf1ca1","JORN_011.mammalGrid.mam","D14","JORN","JORN_011","C9","distributed","shrubScrub",32.606853,-106.795376,"WGS84",45.1,1324.9,0.1,"6 - trap set and empty","ShermanXLK","2018-08-14","2018-08-14",,,,,,,,,,,,,,,,,,,,,,,,,,,,,,,,,,,,,,,"kmatthiesen@field-ops.org","bsmith02@battelleecology.org",,
"8164dcf0-bc1f-4cdb-a82b-be96368ffebc","3ede8571-9fc7-40c7-a8f9-def14dbf1ca1","JORN_011.mammalGrid.mam","D14","JORN","JORN_011","B8","distributed","shrubScrub",32.606853,-106.795376,"WGS84",45.1,1324.9,0.1,"6 - trap set and empty","ShermanXLK","2018-08-14","2018-08-14",,,,,,,,,,,,,,,,,,,,,,,,,,,,,,,,,,,,,,,"kmatthiesen@field-ops.org","bsmith02@battelleecology.org",,
"fa9d8bd1-3178-425b-95c6-64097c5c3683","3ede8571-9fc7-40c7-a8f9-def14dbf1ca1","JORN_011.mammalGrid.mam","D14","JORN","JORN_011","H4","distributed","shrubScrub",32.606853,-106.795376,"WGS84",45.1,1324.9,0.1,"6 - trap set and empty","ShermanXLK","2018-08-14","2018-08-14",,,,,,,,,,,,,,,,,,,,,,,,,,,,,,,,,,,,,,,"kmatthiesen@field-ops.org","bsmith02@battelleecology.org",,
"b52946b6-b7ae-4698-b6f0-7311e07a0699","3ede8571-9fc7-40c7-a8f9-def14dbf1ca1","JORN_011.mammalGrid.mam","D14","JORN","JORN_011","D4","distributed","shrubScrub",32.606853,-106.795376,"WGS84",45.1,1324.9,0.1,"5 - capture","ShermanXLK","2018-08-14","2018-08-14","NEON.MAM.D14.256509",,"CHER","Chaetodipus eremicus","species",,"D14 - NEON.DOC.003140","N","M","N","released",,"adult","scrotal",,,,23,,,,15,"N","N","N",,,,,,,,,,,,,,"kmatthiesen@field-ops.org","bsmith02@battelleecology.org",,
"114ea95a-2ea4-4fac-b6a2-85d29ec2b062","3ede8571-9fc7-40c7-a8f9-def14dbf1ca1","JORN_011.mammalGrid.mam","D14","JORN","JORN_011","E10","distributed","shrubScrub",32.606853,-106.795376,"WGS84",45.1,1324.9,0.1,"6 - trap set and empty","ShermanXLK","2018-08-14","2018-08-14",,,,,,,,,,,,,,,,,,,,,,,,,,,,,,,,,,,,,,,"kmatthiesen@field-ops.org","bsmith02@battelleecology.org",,
"e4e821fc-0f08-4e93-ac45-d63114b16660","3ede8571-9fc7-40c7-a8f9-def14dbf1ca1","JORN_011.mammalGrid.mam","D14","JORN","JORN_011","D5","distributed","shrubScrub",32.606853,-106.795376,"WGS84",45.1,1324.9,0.1,"6 - trap set and empty","ShermanXLK","2018-08-14","2018-08-14",,,,,,,,,,,,,,,,,,,,,,,,,,,,,,,,,,,,,,,"kmatthiesen@field-ops.org","bsmith02@battelleecology.org",,
"da6662f8-729f-43e0-a643-49cb82b630df","3ede8571-9fc7-40c7-a8f9-def14dbf1ca1","JORN_011.mammalGrid.mam","D14","JORN","JORN_011","G7","distributed","shrubScrub",32.606853,-106.795376,"WGS84",45.1,1324.9,0.1,"6 - trap set and empty","ShermanXLK","2018-08-14","2018-08-14",,,,,,,,,,,,,,,,,,,,,,,,,,,,,,,,,,,,,,,"kmatthiesen@field-ops.org","bsmith02@battelleecology.org",,
"ea59e523-d2e7-420f-8c5b-1933383ea76a","3ede8571-9fc7-40c7-a8f9-def14dbf1ca1","JORN_011.mammalGrid.mam","D14","JORN","JORN_011","J5","distributed","shrubScrub",32.606853,-106.795376,"WGS84",45.1,1324.9,0.1,"1 - trap not set","ShermanXLK","2018-08-14","2018-08-14",,,,,,,,,,,,,,,,,,,,,,,,,,,,,,,,,,,,,,,"kmatthiesen@field-ops.org","bsmith02@battelleecology.org",,
"dbf4130a-1f90-48f7-98ed-f50ff0368adf","3ede8571-9fc7-40c7-a8f9-def14dbf1ca1","JORN_011.mammalGrid.mam","D14","JORN","JORN_011","J8","distributed","shrubScrub",32.606853,-106.795376,"WGS84",45.1,1324.9,0.1,"6 - trap set and empty","ShermanXLK","2018-08-14","2018-08-14",,,,,,,,,,,,,,,,,,,,,,,,,,,,,,,,,,,,,,,"kmatthiesen@field-ops.org","bsmith02@battelleecology.org",,
"f8e4ecb7-cea3-4b3f-a5c4-c538fa4254df","3ede8571-9fc7-40c7-a8f9-def14dbf1ca1","JORN_011.mammalGrid.mam","D14","JORN","JORN_011","D10","distributed","shrubScrub",32.606853,-106.795376,"WGS84",45.1,1324.9,0.1,"6 - trap set and empty","ShermanXLK","2018-08-14","2018-08-14",,,,,,,,,,,,,,,,,,,,,,,,,,,,,,,,,,,,,,,"kmatthiesen@field-ops.org","bsmith02@battelleecology.org",,
"f7dc7ff4-0c7f-484b-9d24-a6623df22f35","3ede8571-9fc7-40c7-a8f9-def14dbf1ca1","JORN_011.mammalGrid.mam","D14","JORN","JORN_011","D1","distributed","shrubScrub",32.606853,-106.795376,"WGS84",45.1,1324.9,0.1,"6 - trap set and empty","ShermanXLK","2018-08-14","2018-08-14",,,,,,,,,,,,,,,,,,,,,,,,,,,,,,,,,,,,,,,"kmatthiesen@field-ops.org","bsmith02@battelleecology.org",,
"fbd6311c-0f75-47a9-80c5-7d9a00ac6d58","3ede8571-9fc7-40c7-a8f9-def14dbf1ca1","JORN_011.mammalGrid.mam","D14","JORN","JORN_011","I10","distributed","shrubScrub",32.606853,-106.795376,"WGS84",45.1,1324.9,0.1,"5 - capture","ShermanXLK","2018-08-14","2018-08-14","NEON.MAM.D14.R3141",,"DIME","Dipodomys merriami","species",,"D14 - NEON.DOC.003140","N","F","N","released",,"adult",,"nonenlarged","not","neither",37,,,,36,"N","N","N",,,,,,,,,,,,,,"kmatthiesen@field-ops.org","bsmith02@battelleecology.org",,
"ff1caf47-75b1-4d96-a5ed-562b211328d9","3ede8571-9fc7-40c7-a8f9-def14dbf1ca1","JORN_011.mammalGrid.mam","D14","JORN","JORN_011","B6","distributed","shrubScrub",32.606853,-106.795376,"WGS84",45.1,1324.9,0.1,"6 - trap set and empty","ShermanXLK","2018-08-14","2018-08-14",,,,,,,,,,,,,,,,,,,,,,,,,,,,,,,,,,,,,,,"kmatthiesen@field-ops.org","bsmith02@battelleecology.org",,
"7ecd0a2d-18ce-42f5-8557-f6aeff6fddc0","3ede8571-9fc7-40c7-a8f9-def14dbf1ca1","JORN_011.mammalGrid.mam","D14","JORN","JORN_011","H7","distributed","shrubScrub",32.606853,-106.795376,"WGS84",45.1,1324.9,0.1,"6 - trap set and empty","ShermanXLK","2018-08-14","2018-08-14",,,,,,,,,,,,,,,,,,,,,,,,,,,,,,,,,,,,,,,"kmatthiesen@field-ops.org","bsmith02@battelleecology.org",,
"d4959f07-cde9-4d63-ba98-6fba82be8810","3ede8571-9fc7-40c7-a8f9-def14dbf1ca1","JORN_011.mammalGrid.mam","D14","JORN","JORN_011","B5","distributed","shrubScrub",32.606853,-106.795376,"WGS84",45.1,1324.9,0.1,"5 - capture","ShermanXLK","2018-08-14","2018-08-14","NEON.MAM.D14.R3196",,"DIME","Dipodomys merriami","species",,"D14 - NEON.DOC.003140","N","M","U","released","L","adult","scrotal",,,,38,,,,42,"N","N","N",,,,,,,,,,,,,,"kmatthiesen@field-ops.org","bsmith02@battelleecology.org",,
"94782d97-8a0a-45f4-8865-fb3fa4e7e2fe","3ede8571-9fc7-40c7-a8f9-def14dbf1ca1","JORN_011.mammalGrid.mam","D14","JORN","JORN_011","H6","distributed","shrubScrub",32.606853,-106.795376,"WGS84",45.1,1324.9,0.1,"6 - trap set and empty","ShermanXLK","2018-08-14","2018-08-14",,,,,,,,,,,,,,,,,,,,,,,,,,,,,,,,,,,,,,,"kmatthiesen@field-ops.org","bsmith02@battelleecology.org",,
"ef613a2d-c569-4888-a18b-30f6a80f90ff","3ede8571-9fc7-40c7-a8f9-def14dbf1ca1","JORN_011.mammalGrid.mam","D14","JORN","JORN_011","J4","distributed","shrubScrub",32.606853,-106.795376,"WGS84",45.1,1324.9,0.1,"5 - capture","ShermanXLK","2018-08-14","2018-08-14","NEON.MAM.D14.L2838",,"DIME","Dipodomys merriami","species",,"D14 - NEON.DOC.003140","N","M","Y","released",,"adult","scrotal",,,,40,,,,49,"N","N","N",,,,,,,,,,,,,,"kmatthiesen@field-ops.org","bsmith02@battelleecology.org",,
"37c8853d-96ef-4bbf-b4c5-357f0b856fcc","3ede8571-9fc7-40c7-a8f9-def14dbf1ca1","JORN_011.mammalGrid.mam","D14","JORN","JORN_011","H10","distributed","shrubScrub",32.606853,-106.795376,"WGS84",45.1,1324.9,0.1,"1 - trap not set","ShermanXLK","2018-08-14","2018-08-14",,,,,,,,,,,,,,,,,,,,,,,,,,,,,,,,,,,,,,,"kmatthiesen@field-ops.org","bsmith02@battelleecology.org",,
"691b02e3-a8d7-466b-8964-ed56f0eb40aa","3ede8571-9fc7-40c7-a8f9-def14dbf1ca1","JORN_011.mammalGrid.mam","D14","JORN","JORN_011","F3","distributed","shrubScrub",32.606853,-106.795376,"WGS84",45.1,1324.9,0.1,"6 - trap set and empty","ShermanXLK","2018-08-14","2018-08-14",,,,,,,,,,,,,,,,,,,,,,,,,,,,,,,,,,,,,,,"kmatthiesen@field-ops.org","bsmith02@battelleecology.org",,
"0e0604d8-025d-4191-9a4a-4c4ab92ee047","3ede8571-9fc7-40c7-a8f9-def14dbf1ca1","JORN_011.mammalGrid.mam","D14","JORN","JORN_011","G8","distributed","shrubScrub",32.606853,-106.795376,"WGS84",45.1,1324.9,0.1,"6 - trap set and empty","ShermanXLK","2018-08-14","2018-08-14",,,,,,,,,,,,,,,,,,,,,,,,,,,,,,,,,,,,,,,"kmatthiesen@field-ops.org","bsmith02@battelleecology.org",,
"a1be460c-bd22-40ef-8fd7-323fa06d13c8","3ede8571-9fc7-40c7-a8f9-def14dbf1ca1","JORN_011.mammalGrid.mam","D14","JORN","JORN_011","E2","distributed","shrubScrub",32.606853,-106.795376,"WGS84",45.1,1324.9,0.1,"6 - trap set and empty","ShermanXLK","2018-08-14","2018-08-14",,,,,,,,,,,,,,,,,,,,,,,,,,,,,,,,,,,,,,,"kmatthiesen@field-ops.org","bsmith02@battelleecology.org",,
"4f2adca5-1139-4ea7-bd11-3bab8db1d60c","3ede8571-9fc7-40c7-a8f9-def14dbf1ca1","JORN_011.mammalGrid.mam","D14","JORN","JORN_011","I1","distributed","shrubScrub",32.606853,-106.795376,"WGS84",45.1,1324.9,0.1,"2 - trap disturbed/door closed but empty","ShermanXLK","2018-08-14","2018-08-14",,,,,,,,,,,,,,,,,,,,,,,,,,,,,,,,,,,,,,,"kmatthiesen@field-ops.org","bsmith02@battelleecology.org",,
"3621e708-6c26-479b-bb7d-f2fcc7cf8452","3ede8571-9fc7-40c7-a8f9-def14dbf1ca1","JORN_011.mammalGrid.mam","D14","JORN","JORN_011","F1","distributed","shrubScrub",32.606853,-106.795376,"WGS84",45.1,1324.9,0.1,"6 - trap set and empty","ShermanXLK","2018-08-14","2018-08-14",,,,,,,,,,,,,,,,,,,,,,,,,,,,,,,,,,,,,,,"kmatthiesen@field-ops.org","bsmith02@battelleecology.org",,
"6ef321df-9441-4ea3-b8ed-1692cb9d5b55","3ede8571-9fc7-40c7-a8f9-def14dbf1ca1","JORN_011.mammalGrid.mam","D14","JORN","JORN_011","H9","distributed","shrubScrub",32.606853,-106.795376,"WGS84",45.1,1324.9,0.1,"6 - trap set and empty","ShermanXLK","2018-08-14","2018-08-14",,,,,,,,,,,,,,,,,,,,,,,,,,,,,,,,,,,,,,,"kmatthiesen@field-ops.org","bsmith02@battelleecology.org",,
"dd315b45-00d5-444e-a87e-8a8de859feb6","3ede8571-9fc7-40c7-a8f9-def14dbf1ca1","JORN_011.mammalGrid.mam","D14","JORN","JORN_011","C5","distributed","shrubScrub",32.606853,-106.795376,"WGS84",45.1,1324.9,0.1,"6 - trap set and empty","ShermanXLK","2018-08-14","2018-08-14",,,,,,,,,,,,,,,,,,,,,,,,,,,,,,,,,,,,,,,"kmatthiesen@field-ops.org","bsmith02@battelleecology.org",,
"7f3aa4a9-43fe-40a3-abb1-627413525dc5","3ede8571-9fc7-40c7-a8f9-def14dbf1ca1","JORN_011.mammalGrid.mam","D14","JORN","JORN_011","A10","distributed","shrubScrub",32.606853,-106.795376,"WGS84",45.1,1324.9,0.1,"6 - trap set and empty","ShermanXLK","2018-08-14","2018-08-14",,,,,,,,,,,,,,,,,,,,,,,,,,,,,,,,,,,,,,,"kmatthiesen@field-ops.org","bsmith02@battelleecology.org",,
"f4850d0b-d53e-4895-ac57-d9865223ac82","3ede8571-9fc7-40c7-a8f9-def14dbf1ca1","JORN_011.mammalGrid.mam","D14","JORN","JORN_011","B9","distributed","shrubScrub",32.606853,-106.795376,"WGS84",45.1,1324.9,0.1,"6 - trap set and empty","ShermanXLK","2018-08-14","2018-08-14",,,,,,,,,,,,,,,,,,,,,,,,,,,,,,,,,,,,,,,"kmatthiesen@field-ops.org","bsmith02@battelleecology.org",,
"11887adc-e08d-4931-9d5f-9d1e959b2e9e","3ede8571-9fc7-40c7-a8f9-def14dbf1ca1","JORN_011.mammalGrid.mam","D14","JORN","JORN_011","A4","distributed","shrubScrub",32.606853,-106.795376,"WGS84",45.1,1324.9,0.1,"6 - trap set and empty","ShermanXLK","2018-08-14","2018-08-14",,,,,,,,,,,,,,,,,,,,,,,,,,,,,,,,,,,,,,,"kmatthiesen@field-ops.org","bsmith02@battelleecology.org",,
"dd557e03-9b3b-43ca-bae6-a7d3a134731f","3ede8571-9fc7-40c7-a8f9-def14dbf1ca1","JORN_011.mammalGrid.mam","D14","JORN","JORN_011","C10","distributed","shrubScrub",32.606853,-106.795376,"WGS84",45.1,1324.9,0.1,"6 - trap set and empty","ShermanXLK","2018-08-14","2018-08-14",,,,,,,,,,,,,,,,,,,,,,,,,,,,,,,,,,,,,,,"kmatthiesen@field-ops.org","bsmith02@battelleecology.org",,
"f87cd909-6bfa-4ee8-82fc-805107224d18","3ede8571-9fc7-40c7-a8f9-def14dbf1ca1","JORN_011.mammalGrid.mam","D14","JORN","JORN_011","F10","distributed","shrubScrub",32.606853,-106.795376,"WGS84",45.1,1324.9,0.1,"6 - trap set and empty","ShermanXLK","2018-08-14","2018-08-14",,,,,,,,,,,,,,,,,,,,,,,,,,,,,,,,,,,,,,,"kmatthiesen@field-ops.org","bsmith02@battelleecology.org",,
"eb004355-18d8-4ae1-b261-0c453134b434","3ede8571-9fc7-40c7-a8f9-def14dbf1ca1","JORN_011.mammalGrid.mam","D14","JORN","JORN_011","A6","distributed","shrubScrub",32.606853,-106.795376,"WGS84",45.1,1324.9,0.1,"1 - trap not set","ShermanXLK","2018-08-14","2018-08-14",,,,,,,,,,,,,,,,,,,,,,,,,,,,,,,,,,,,,,,"kmatthiesen@field-ops.org","bsmith02@battelleecology.org",,
"3aefee55-122f-4440-ad81-2ea64e3981f8","3ede8571-9fc7-40c7-a8f9-def14dbf1ca1","JORN_011.mammalGrid.mam","D14","JORN","JORN_011","J2","distributed","shrubScrub",32.606853,-106.795376,"WGS84",45.1,1324.9,0.1,"6 - trap set and empty","ShermanXLK","2018-08-14","2018-08-14",,,,,,,,,,,,,,,,,,,,,,,,,,,,,,,,,,,,,,,"kmatthiesen@field-ops.org","bsmith02@battelleecology.org",,
"17ac69b7-0e3b-4ec0-b54f-3ae97bf60e96","3ede8571-9fc7-40c7-a8f9-def14dbf1ca1","JORN_011.mammalGrid.mam","D14","JORN","JORN_011","E9","distributed","shrubScrub",32.606853,-106.795376,"WGS84",45.1,1324.9,0.1,"6 - trap set and empty","ShermanXLK","2018-08-14","2018-08-14",,,,,,,,,,,,,,,,,,,,,,,,,,,,,,,,,,,,,,,"kmatthiesen@field-ops.org","bsmith02@battelleecology.org",,
"68e03b23-1d2c-4700-9ce7-3d57d0d31550","3ede8571-9fc7-40c7-a8f9-def14dbf1ca1","JORN_011.mammalGrid.mam","D14","JORN","JORN_011","J1","distributed","shrubScrub",32.606853,-106.795376,"WGS84",45.1,1324.9,0.1,"6 - trap set and empty","ShermanXLK","2018-08-14","2018-08-14",,,,,,,,,,,,,,,,,,,,,,,,,,,,,,,,,,,,,,,"kmatthiesen@field-ops.org","bsmith02@battelleecology.org",,
"1cebf603-2d8f-4b02-84e4-63113fdc5c84","3ede8571-9fc7-40c7-a8f9-def14dbf1ca1","JORN_011.mammalGrid.mam","D14","JORN","JORN_011","C4","distributed","shrubScrub",32.606853,-106.795376,"WGS84",45.1,1324.9,0.1,"5 - capture","ShermanXLK","2018-08-14","2018-08-14","NEON.MAM.D14.R1601",,"DIME","Dipodomys merriami","species",,"D14 - NEON.DOC.003140","N","F","Y","released",,"adult",,"nonenlarged","not","neither",38,,,,48,"N","N","N",,,,,,,,,,,,,,"kmatthiesen@field-ops.org","bsmith02@battelleecology.org",,
"0aacc6ab-270c-4450-af02-8468227c7a59","3ede8571-9fc7-40c7-a8f9-def14dbf1ca1","JORN_011.mammalGrid.mam","D14","JORN","JORN_011","F6","distributed","shrubScrub",32.606853,-106.795376,"WGS84",45.1,1324.9,0.1,"5 - capture","ShermanXLK","2018-08-14","2018-08-14","NEON.MAM.D14.R3048",,"DIME","Dipodomys merriami","species",,"D14 - NEON.DOC.003140","N","M","N","released",,"adult","scrotal",,,,38,,,,40,"N","N","N",,,,,,,,,,,,,,"kmatthiesen@field-ops.org","bsmith02@battelleecology.org",,
"324aa99d-c541-438f-afe1-eeedefdda7bb","3ede8571-9fc7-40c7-a8f9-def14dbf1ca1","JORN_011.mammalGrid.mam","D14","JORN","JORN_011","J6","distributed","shrubScrub",32.606853,-106.795376,"WGS84",45.1,1324.9,0.1,"6 - trap set and empty","ShermanXLK","2018-08-14","2018-08-14",,,,,,,,,,,,,,,,,,,,,,,,,,,,,,,,,,,,,,,"kmatthiesen@field-ops.org","bsmith02@battelleecology.org",,
"4af76d39-ee01-435e-a19d-46f6ec3995b4","3ede8571-9fc7-40c7-a8f9-def14dbf1ca1","JORN_011.mammalGrid.mam","D14","JORN","JORN_011","J9","distributed","shrubScrub",32.606853,-106.795376,"WGS84",45.1,1324.9,0.1,"6 - trap set and empty","ShermanXLK","2018-08-14","2018-08-14",,,,,,,,,,,,,,,,,,,,,,,,,,,,,,,,,,,,,,,"kmatthiesen@field-ops.org","bsmith02@battelleecology.org",,
"7c326911-55d3-4e95-9fdd-9f3bcc05d9eb","3ede8571-9fc7-40c7-a8f9-def14dbf1ca1","JORN_011.mammalGrid.mam","D14","JORN","JORN_011","A2","distributed","shrubScrub",32.606853,-106.795376,"WGS84",45.1,1324.9,0.1,"6 - trap set and empty","ShermanXLK","2018-08-14","2018-08-14",,,,,,,,,,,,,,,,,,,,,,,,,,,,,,,,,,,,,,,"kmatthiesen@field-ops.org","bsmith02@battelleecology.org",,
"1571cfef-ff9f-4eaf-ab3b-0c3045f4abe6","3ede8571-9fc7-40c7-a8f9-def14dbf1ca1","JORN_011.mammalGrid.mam","D14","JORN","JORN_011","F2","distributed","shrubScrub",32.606853,-106.795376,"WGS84",45.1,1324.9,0.1,"6 - trap set and empty","ShermanXLK","2018-08-14","2018-08-14",,,,,,,,,,,,,,,,,,,,,,,,,,,,,,,,,,,,,,,"kmatthiesen@field-ops.org","bsmith02@battelleecology.org",,
"80c58322-3941-4916-8cc1-fc3cacb1c4dc","3ede8571-9fc7-40c7-a8f9-def14dbf1ca1","JORN_011.mammalGrid.mam","D14","JORN","JORN_011","C3","distributed","shrubScrub",32.606853,-106.795376,"WGS84",45.1,1324.9,0.1,"5 - capture","ShermanXLK","2018-08-14","2018-08-14","NEON.MAM.D14.L2809",,"DIME","Dipodomys merriami","species",,"D14 - NEON.DOC.003140","N","M","Y","released",,"adult","scrotal",,,,37,,,,45,"N","N","N",,,,,,,,,,,,,,"kmatthiesen@field-ops.org","bsmith02@battelleecology.org",,
"9d109055-26e6-40ce-a4dc-e5362b5a9571","3ede8571-9fc7-40c7-a8f9-def14dbf1ca1","JORN_011.mammalGrid.mam","D14","JORN","JORN_011","I4","distributed","shrubScrub",32.606853,-106.795376,"WGS84",45.1,1324.9,0.1,"6 - trap set and empty","ShermanXLK","2018-08-14","2018-08-14",,,,,,,,,,,,,,,,,,,,,,,,,,,,,,,,,,,,,,,"kmatthiesen@field-ops.org","bsmith02@battelleecology.org",,
"689a8d5b-f90b-47c9-933e-74490775b2e7","3ede8571-9fc7-40c7-a8f9-def14dbf1ca1","JORN_011.mammalGrid.mam","D14","JORN","JORN_011","B2","distributed","shrubScrub",32.606853,-106.795376,"WGS84",45.1,1324.9,0.1,"6 - trap set and empty","ShermanXLK","2018-08-14","2018-08-14",,,,,,,,,,,,,,,,,,,,,,,,,,,,,,,,,,,,,,,"kmatthiesen@field-ops.org","bsmith02@battelleecology.org",,
"1d167cbf-232a-4d6a-a265-e1d953db9a35","3ede8571-9fc7-40c7-a8f9-def14dbf1ca1","JORN_011.mammalGrid.mam","D14","JORN","JORN_011","A9","distributed","shrubScrub",32.606853,-106.795376,"WGS84",45.1,1324.9,0.1,"5 - capture","ShermanXLK","2018-08-14","2018-08-14","NEON.MAM.D14.256369",,"CHER","Chaetodipus eremicus","species",,"D14 - NEON.DOC.003140","N","F","U","released",,"adult",,"enlarged","not","swollen",20,,,,14,"N","N","N",,,,,,,,,,,,,,"kmatthiesen@field-ops.org","bsmith02@battelleecology.org",,
"d3465629-8d82-4fd1-af82-dbfc4bbeb41c","3ede8571-9fc7-40c7-a8f9-def14dbf1ca1","JORN_011.mammalGrid.mam","D14","JORN","JORN_011","I3","distributed","shrubScrub",32.606853,-106.795376,"WGS84",45.1,1324.9,0.1,"2 - trap disturbed/door closed but empty","ShermanXLK","2018-08-14","2018-08-14",,,,,,,,,,,,,,,,,,,,,,,,,,,,,,,,,,,,,,,"kmatthiesen@field-ops.org","bsmith02@battelleecology.org",,
"f05eb646-d3b5-4fa9-a9d3-d32e0e5dd971","3ede8571-9fc7-40c7-a8f9-def14dbf1ca1","JORN_011.mammalGrid.mam","D14","JORN","JORN_011","G3","distributed","shrubScrub",32.606853,-106.795376,"WGS84",45.1,1324.9,0.1,"6 - trap set and empty","ShermanXLK","2018-08-14","2018-08-14",,,,,,,,,,,,,,,,,,,,,,,,,,,,,,,,,,,,,,,"kmatthiesen@field-ops.org","bsmith02@battelleecology.org",,
"f7be4fbf-3ba3-42dc-b699-879e0a4413f8","3ede8571-9fc7-40c7-a8f9-def14dbf1ca1","JORN_011.mammalGrid.mam","D14","JORN","JORN_011","F8","distributed","shrubScrub",32.606853,-106.795376,"WGS84",45.1,1324.9,0.1,"6 - trap set and empty","ShermanXLK","2018-08-14","2018-08-14",,,,,,,,,,,,,,,,,,,,,,,,,,,,,,,,,,,,,,,"kmatthiesen@field-ops.org","bsmith02@battelleecology.org",,
"c5b06eac-c550-44c4-9e94-d6effad93f89","3ede8571-9fc7-40c7-a8f9-def14dbf1ca1","JORN_011.mammalGrid.mam","D14","JORN","JORN_011","E3","distributed","shrubScrub",32.606853,-106.795376,"WGS84",45.1,1324.9,0.1,"6 - trap set and empty","ShermanXLK","2018-08-14","2018-08-14",,,,,,,,,,,,,,,,,,,,,,,,,,,,,,,,,,,,,,,"kmatthiesen@field-ops.org","bsmith02@battelleecology.org",,
"4c2a2b9c-ea7e-459e-8a7f-e2982e280c9f","3ede8571-9fc7-40c7-a8f9-def14dbf1ca1","JORN_011.mammalGrid.mam","D14","JORN","JORN_011","G4","distributed","shrubScrub",32.606853,-106.795376,"WGS84",45.1,1324.9,0.1,"6 - trap set and empty","ShermanXLK","2018-08-14","2018-08-14",,,,,,,,,,,,,,,,,,,,,,,,,,,,,,,,,,,,,,,"kmatthiesen@field-ops.org","bsmith02@battelleecology.org",,
"377033d9-ebff-4d93-8a88-28d90b4549e1","3ede8571-9fc7-40c7-a8f9-def14dbf1ca1","JORN_011.mammalGrid.mam","D14","JORN","JORN_011","G2","distributed","shrubScrub",32.606853,-106.795376,"WGS84",45.1,1324.9,0.1,"6 - trap set and empty","ShermanXLK","2018-08-14","2018-08-14",,,,,,,,,,,,,,,,,,,,,,,,,,,,,,,,,,,,,,,"kmatthiesen@field-ops.org","bsmith02@battelleecology.org",,
"b2718fe0-b8aa-413f-a05b-eff0bb6ef1ca","3ede8571-9fc7-40c7-a8f9-def14dbf1ca1","JORN_011.mammalGrid.mam","D14","JORN","JORN_011","A5","distributed","shrubScrub",32.606853,-106.795376,"WGS84",45.1,1324.9,0.1,"5 - capture","ShermanXLK","2018-08-14","2018-08-14","NEON.MAM.D14.R3049",,"DIOR","Dipodomys ordii","species",,"D14 - NEON.DOC.003140","N","F","N","released",,"adult",,"nonenlarged","not","swollen",37,,,,48,"N","N","N",,,,,,,,,,,,,,"kmatthiesen@field-ops.org","bsmith02@battelleecology.org",,
"a043a6c3-c56f-43c8-b4d0-f81dae40f95c","3ede8571-9fc7-40c7-a8f9-def14dbf1ca1","JORN_011.mammalGrid.mam","D14","JORN","JORN_011","B7","distributed","shrubScrub",32.606853,-106.795376,"WGS84",45.1,1324.9,0.1,"6 - trap set and empty","ShermanXLK","2018-08-14","2018-08-14",,,,,,,,,,,,,,,,,,,,,,,,,,,,,,,,,,,,,,,"kmatthiesen@field-ops.org","bsmith02@battelleecology.org",,
"63e63d08-2c25-47c4-bbff-03fe323b565f","3ede8571-9fc7-40c7-a8f9-def14dbf1ca1","JORN_011.mammalGrid.mam","D14","JORN","JORN_011","B10","distributed","shrubScrub",32.606853,-106.795376,"WGS84",45.1,1324.9,0.1,"6 - trap set and empty","ShermanXLK","2018-08-14","2018-08-14",,,,,,,,,,,,,,,,,,,,,,,,,,,,,,,,,,,,,,,"kmatthiesen@field-ops.org","bsmith02@battelleecology.org",,
"780394be-2ba0-442f-856f-30e4c6d8c0ef","3ede8571-9fc7-40c7-a8f9-def14dbf1ca1","JORN_011.mammalGrid.mam","D14","JORN","JORN_011","D9","distributed","shrubScrub",32.606853,-106.795376,"WGS84",45.1,1324.9,0.1,"6 - trap set and empty","ShermanXLK","2018-08-14","2018-08-14",,,,,,,,,,,,,,,,,,,,,,,,,,,,,,,,,,,,,,,"kmatthiesen@field-ops.org","bsmith02@battelleecology.org",,
"56ad46f3-24f0-4236-9384-98535d89b3aa","3ede8571-9fc7-40c7-a8f9-def14dbf1ca1","JORN_011.mammalGrid.mam","D14","JORN","JORN_011","J3","distributed","shrubScrub",32.606853,-106.795376,"WGS84",45.1,1324.9,0.1,"6 - trap set and empty","ShermanXLK","2018-08-14","2018-08-14",,,,,,,,,,,,,,,,,,,,,,,,,,,,,,,,,,,,,,,"kmatthiesen@field-ops.org","bsmith02@battelleecology.org",,
"72b5045b-f3b4-4de6-b2a5-c0d2e791f738","3ede8571-9fc7-40c7-a8f9-def14dbf1ca1","JORN_011.mammalGrid.mam","D14","JORN","JORN_011","B1","distributed","shrubScrub",32.606853,-106.795376,"WGS84",45.1,1324.9,0.1,"5 - capture","ShermanXLK","2018-08-14","2018-08-14","NEON.MAM.D14.L2804",,"DIME","Dipodomys merriami","species",,"D14 - NEON.DOC.003140","N","M","Y","released",,"adult","scrotal",,,,37,,,,46,"N","N","N",,,,,,,,,,,,,,"kmatthiesen@field-ops.org","bsmith02@battelleecology.org",,
"6715ca0e-c1b5-4abc-8320-408b4886bbce","3ede8571-9fc7-40c7-a8f9-def14dbf1ca1","JORN_011.mammalGrid.mam","D14","JORN","JORN_011","H5","distributed","shrubScrub",32.606853,-106.795376,"WGS84",45.1,1324.9,0.1,"6 - trap set and empty","ShermanXLK","2018-08-14","2018-08-14",,,,,,,,,,,,,,,,,,,,,,,,,,,,,,,,,,,,,,,"kmatthiesen@field-ops.org","bsmith02@battelleecology.org",,
"1da9e6ad-4344-4e7f-8e6e-88cc8db91388","3ede8571-9fc7-40c7-a8f9-def14dbf1ca1","JORN_011.mammalGrid.mam","D14","JORN","JORN_011","E5","distributed","shrubScrub",32.606853,-106.795376,"WGS84",45.1,1324.9,0.1,"6 - trap set and empty","ShermanXLK","2018-08-14","2018-08-14",,,,,,,,,,,,,,,,,,,,,,,,,,,,,,,,,,,,,,,"kmatthiesen@field-ops.org","bsmith02@battelleecology.org",,
"8b52bcec-cdc6-43e8-b297-24ef56edf1c0","3ede8571-9fc7-40c7-a8f9-def14dbf1ca1","JORN_011.mammalGrid.mam","D14","JORN","JORN_011","A3","distributed","shrubScrub",32.606853,-106.795376,"WGS84",45.1,1324.9,0.1,"6 - trap set and empty","ShermanXLK","2018-08-14","2018-08-14",,,,,,,,,,,,,,,,,,,,,,,,,,,,,,,,,,,,,,,"kmatthiesen@field-ops.org","bsmith02@battelleecology.org",,
"8c40ddba-c3ea-4b0d-80ee-c1fec3f427d8","3ede8571-9fc7-40c7-a8f9-def14dbf1ca1","JORN_011.mammalGrid.mam","D14","JORN","JORN_011","C6","distributed","shrubScrub",32.606853,-106.795376,"WGS84",45.1,1324.9,0.1,"6 - trap set and empty","ShermanXLK","2018-08-14","2018-08-14",,,,,,,,,,,,,,,,,,,,,,,,,,,,,,,,,,,,,,,"kmatthiesen@field-ops.org","bsmith02@battelleecology.org",,
"8f49ef16-c13e-48fb-aa89-0f66138391dd","3ede8571-9fc7-40c7-a8f9-def14dbf1ca1","JORN_011.mammalGrid.mam","D14","JORN","JORN_011","E8","distributed","shrubScrub",32.606853,-106.795376,"WGS84",45.1,1324.9,0.1,"6 - trap set and empty","ShermanXLK","2018-08-14","2018-08-14",,,,,,,,,,,,,,,,,,,,,,,,,,,,,,,,,,,,,,,"kmatthiesen@field-ops.org","bsmith02@battelleecology.org",,
"c56df700-90ab-4929-b373-6df20478654a","3ede8571-9fc7-40c7-a8f9-def14dbf1ca1","JORN_011.mammalGrid.mam","D14","JORN","JORN_011","E1","distributed","shrubScrub",32.606853,-106.795376,"WGS84",45.1,1324.9,0.1,"5 - capture","ShermanXLK","2018-08-14","2018-08-14","NEON.MAM.D14.R3047",,"DIME","Dipodomys merriami","species",,"D14 - NEON.DOC.003140","N","F","N","released",,"adult",,"nonenlarged","not","neither",37,,,,39,"N","N","N",,,,,,,,,,,,,,"kmatthiesen@field-ops.org","bsmith02@battelleecology.org",,
"92ac4abd-956c-4431-b5c5-f7880e410786","3ede8571-9fc7-40c7-a8f9-def14dbf1ca1","JORN_011.mammalGrid.mam","D14","JORN","JORN_011","B4","distributed","shrubScrub",32.606853,-106.795376,"WGS84",45.1,1324.9,0.1,"6 - trap set and empty","ShermanXLK","2018-08-14","2018-08-14",,,,,,,,,,,,,,,,,,,,,,,,,,,,,,,,,,,,,,,"kmatthiesen@field-ops.org","bsmith02@battelleecology.org",,
"d722d8fb-d3ba-453c-af5e-b30a4bb96b95","9cd54951-aa7f-4b26-a12b-0b75c6b92d2c","JORN_031.mammalGrid.mam","D14","JORN","JORN_031","E6","distributed","shrubScrub",32.605410,-106.827426,"WGS84",45.3,1330.9,0.4,"6 - trap set and empty","ShermanXLK","2018-08-14","2018-08-14",,,,,,,,,,,,,,,,,,,,,,,,,,,,,,,,,,,,,,,"tscolman@battelleecology.org","hoswald@battelleecology.org",,
"9f4e67f5-d1ae-4cac-b195-29ecb4fea262","9cd54951-aa7f-4b26-a12b-0b75c6b92d2c","JORN_031.mammalGrid.mam","D14","JORN","JORN_031","F8","distributed","shrubScrub",32.605410,-106.827426,"WGS84",45.3,1330.9,0.4,"6 - trap set and empty","ShermanXLK","2018-08-14","2018-08-14",,,,,,,,,,,,,,,,,,,,,,,,,,,,,,,,,,,,,,,"tscolman@battelleecology.org","hoswald@battelleecology.org",,
"11570a01-f4fb-40bd-982f-02b67834d30c","9cd54951-aa7f-4b26-a12b-0b75c6b92d2c","JORN_031.mammalGrid.mam","D14","JORN","JORN_031","F9","distributed","shrubScrub",32.605410,-106.827426,"WGS84",45.3,1330.9,0.4,"6 - trap set and empty","ShermanXLK","2018-08-14","2018-08-14",,,,,,,,,,,,,,,,,,,,,,,,,,,,,,,,,,,,,,,"tscolman@battelleecology.org","hoswald@battelleecology.org",,
"1b662794-5a71-47a1-90d8-2bde62e1b3ac","9cd54951-aa7f-4b26-a12b-0b75c6b92d2c","JORN_031.mammalGrid.mam","D14","JORN","JORN_031","J1","distributed","shrubScrub",32.605410,-106.827426,"WGS84",45.3,1330.9,0.4,"2 - trap disturbed/door closed but empty","ShermanXLK","2018-08-14","2018-08-14",,,,,,,,,,,,,,,,,,,,,,,,,,,,,,,,,,,,,,,"tscolman@battelleecology.org","hoswald@battelleecology.org",,
"6f691710-2615-4a58-a75f-7a830029f262","9cd54951-aa7f-4b26-a12b-0b75c6b92d2c","JORN_031.mammalGrid.mam","D14","JORN","JORN_031","G4","distributed","shrubScrub",32.605410,-106.827426,"WGS84",45.3,1330.9,0.4,"5 - capture","ShermanXLK","2018-08-14","2018-08-14","NEON.MAM.D14.R2562",,"DIOR","Dipodomys ordii","species",,"D14 - NEON.DOC.003140","N","F","Y","released",,"adult",,"enlarged","not","swollen",35,,,,48,"N","N","N",,,,,,,,,,,,,,"tscolman@battelleecology.org","hoswald@battelleecology.org",,
"eae87c3d-3b56-4ac5-8e9b-6579ff6edb3f","9cd54951-aa7f-4b26-a12b-0b75c6b92d2c","JORN_031.mammalGrid.mam","D14","JORN","JORN_031","B8","distributed","shrubScrub",32.605410,-106.827426,"WGS84",45.3,1330.9,0.4,"5 - capture","ShermanXLK","2018-08-14","2018-08-14","NEON.MAM.D14.R3011",,"DIME","Dipodomys merriami","species",,"D14 - NEON.DOC.003140","N","M","Y","released",,"subadult","scrotal",,,,38,,,,33,"N","N","N",,,,,,,,,,,,,,"tscolman@battelleecology.org","hoswald@battelleecology.org",,
"7e53b56b-0a8f-4a08-b32e-ae8f6148470b","9cd54951-aa7f-4b26-a12b-0b75c6b92d2c","JORN_031.mammalGrid.mam","D14","JORN","JORN_031","I9","distributed","shrubScrub",32.605410,-106.827426,"WGS84",45.3,1330.9,0.4,"6 - trap set and empty","ShermanXLK","2018-08-14","2018-08-14",,,,,,,,,,,,,,,,,,,,,,,,,,,,,,,,,,,,,,,"tscolman@battelleecology.org","hoswald@battelleecology.org",,
"94f8c70c-ac98-43ca-9d02-fa1004536688","9cd54951-aa7f-4b26-a12b-0b75c6b92d2c","JORN_031.mammalGrid.mam","D14","JORN","JORN_031","F2","distributed","shrubScrub",32.605410,-106.827426,"WGS84",45.3,1330.9,0.4,"5 - capture","ShermanXLK","2018-08-14","2018-08-14","NEON.MAM.D14.L3114",,"NEAL","Neotoma albigula","species",,"D14 - NEON.DOC.003140","N","M","N","released",,"adult","nonscrotal",,,,32,,,,144,"Y","N","N",,,,,,,,,,,,,,"tscolman@battelleecology.org","hoswald@battelleecology.org",,
"53fa38d0-3788-445f-8486-699ce11bb588","9cd54951-aa7f-4b26-a12b-0b75c6b92d2c","JORN_031.mammalGrid.mam","D14","JORN","JORN_031","E3","distributed","shrubScrub",32.605410,-106.827426,"WGS84",45.3,1330.9,0.4,"6 - trap set and empty","ShermanXLK","2018-08-14","2018-08-14",,,,,,,,,,,,,,,,,,,,,,,,,,,,,,,,,,,,,,,"tscolman@battelleecology.org","hoswald@battelleecology.org",,
"bb6b60a4-54ca-429d-b0aa-bd96f7a3b4ef","9cd54951-aa7f-4b26-a12b-0b75c6b92d2c","JORN_031.mammalGrid.mam","D14","JORN","JORN_031","D1","distributed","shrubScrub",32.605410,-106.827426,"WGS84",45.3,1330.9,0.4,"6 - trap set and empty","ShermanXLK","2018-08-14","2018-08-14",,,,,,,,,,,,,,,,,,,,,,,,,,,,,,,,,,,,,,,"tscolman@battelleecology.org","hoswald@battelleecology.org",,
"af8eb75e-35ba-4b9e-8839-67f918882ea2","9cd54951-aa7f-4b26-a12b-0b75c6b92d2c","JORN_031.mammalGrid.mam","D14","JORN","JORN_031","F7","distributed","shrubScrub",32.605410,-106.827426,"WGS84",45.3,1330.9,0.4,"6 - trap set and empty","ShermanXLK","2018-08-14","2018-08-14",,,,,,,,,,,,,,,,,,,,,,,,,,,,,,,,,,,,,,,"tscolman@battelleecology.org","hoswald@battelleecology.org",,
"e530d5af-6388-484f-b99d-b85c70f438fa","9cd54951-aa7f-4b26-a12b-0b75c6b92d2c","JORN_031.mammalGrid.mam","D14","JORN","JORN_031","J7","distributed","shrubScrub",32.605410,-106.827426,"WGS84",45.3,1330.9,0.4,"5 - capture","ShermanXLK","2018-08-14","2018-08-14","NEON.MAM.D14.L3118",,"DIME","Dipodomys merriami","species",,"D14 - NEON.DOC.003140","N","M","N","released","R","adult","scrotal",,,,37,,,,46,"N","N","N",,,,,,,,,,,,,,"tscolman@battelleecology.org","hoswald@battelleecology.org",,
"ce9fe2c5-1adc-4806-8033-948810292875","9cd54951-aa7f-4b26-a12b-0b75c6b92d2c","JORN_031.mammalGrid.mam","D14","JORN","JORN_031","A9","distributed","shrubScrub",32.605410,-106.827426,"WGS84",45.3,1330.9,0.4,"6 - trap set and empty","ShermanXLK","2018-08-14","2018-08-14",,,,,,,,,,,,,,,,,,,,,,,,,,,,,,,,,,,,,,,"tscolman@battelleecology.org","hoswald@battelleecology.org",,
"1670105c-10f0-491a-868a-17818baa4541","9cd54951-aa7f-4b26-a12b-0b75c6b92d2c","JORN_031.mammalGrid.mam","D14","JORN","JORN_031","D10","distributed","shrubScrub",32.605410,-106.827426,"WGS84",45.3,1330.9,0.4,"6 - trap set and empty","ShermanXLK","2018-08-14","2018-08-14",,,,,,,,,,,,,,,,,,,,,,,,,,,,,,,,,,,,,,,"tscolman@battelleecology.org","hoswald@battelleecology.org",,
"c0ec45b2-b030-46be-adaf-20f273e4dabb","9cd54951-aa7f-4b26-a12b-0b75c6b92d2c","JORN_031.mammalGrid.mam","D14","JORN","JORN_031","H3","distributed","shrubScrub",32.605410,-106.827426,"WGS84",45.3,1330.9,0.4,"6 - trap set and empty","ShermanXLK","2018-08-14","2018-08-14",,,,,,,,,,,,,,,,,,,,,,,,,,,,,,,,,,,,,,,"tscolman@battelleecology.org","hoswald@battelleecology.org",,
"3b5d71f3-daa5-49de-8df1-fbaae16c8cb9","9cd54951-aa7f-4b26-a12b-0b75c6b92d2c","JORN_031.mammalGrid.mam","D14","JORN","JORN_031","J3","distributed","shrubScrub",32.605410,-106.827426,"WGS84",45.3,1330.9,0.4,"2 - trap disturbed/door closed but empty","ShermanXLK","2018-08-14","2018-08-14",,,,,,,,,,,,,,,,,,,,,,,,,,,,,,,,,,,,,,,"tscolman@battelleecology.org","hoswald@battelleecology.org",,
"d5ec9401-89ed-40c5-8667-e069d08a712e","9cd54951-aa7f-4b26-a12b-0b75c6b92d2c","JORN_031.mammalGrid.mam","D14","JORN","JORN_031","A10","distributed","shrubScrub",32.605410,-106.827426,"WGS84",45.3,1330.9,0.4,"6 - trap set and empty","ShermanXLK","2018-08-14","2018-08-14",,,,,,,,,,,,,,,,,,,,,,,,,,,,,,,,,,,,,,,"tscolman@battelleecology.org","hoswald@battelleecology.org",,
"05d3205a-4111-4adc-9d2c-fdebae903bf7","9cd54951-aa7f-4b26-a12b-0b75c6b92d2c","JORN_031.mammalGrid.mam","D14","JORN","JORN_031","C4","distributed","shrubScrub",32.605410,-106.827426,"WGS84",45.3,1330.9,0.4,"6 - trap set and empty","ShermanXLK","2018-08-14","2018-08-14",,,,,,,,,,,,,,,,,,,,,,,,,,,,,,,,,,,,,,,"tscolman@battelleecology.org","hoswald@battelleecology.org",,
"4621a0d7-2ff6-40bc-9c7e-74204cead702","9cd54951-aa7f-4b26-a12b-0b75c6b92d2c","JORN_031.mammalGrid.mam","D14","JORN","JORN_031","A1","distributed","shrubScrub",32.605410,-106.827426,"WGS84",45.3,1330.9,0.4,"6 - trap set and empty","ShermanXLK","2018-08-14","2018-08-14",,,,,,,,,,,,,,,,,,,,,,,,,,,,,,,,,,,,,,,"tscolman@battelleecology.org","hoswald@battelleecology.org",,
"497b0395-83f5-4f0a-95b6-fdac799006c1","9cd54951-aa7f-4b26-a12b-0b75c6b92d2c","JORN_031.mammalGrid.mam","D14","JORN","JORN_031","J6","distributed","shrubScrub",32.605410,-106.827426,"WGS84",45.3,1330.9,0.4,"5 - capture","ShermanXLK","2018-08-14","2018-08-14","NEON.MAM.D14.L3111",,"DIOR","Dipodomys ordii","species",,"D14 - NEON.DOC.003140","N","F","U","released","R","adult",,"nonenlarged","not","swollen",35,,,,46,"N","N","N",,,,,,,,,,,,,,"tscolman@battelleecology.org","hoswald@battelleecology.org",,
"b755457a-e5c4-468d-9cf2-22e2afeda89b","9cd54951-aa7f-4b26-a12b-0b75c6b92d2c","JORN_031.mammalGrid.mam","D14","JORN","JORN_031","A4","distributed","shrubScrub",32.605410,-106.827426,"WGS84",45.3,1330.9,0.4,"5 - capture","ShermanXLK","2018-08-14","2018-08-14","NEON.MAM.D14.256390",,"CHER","Chaetodipus eremicus","species",,"D14 - NEON.DOC.003140","N","M","N","released",,"adult","nonscrotal",,,,22,,,,12,"N","N","N",,,,,,,,,,,,,,"tscolman@battelleecology.org","hoswald@battelleecology.org",,
"8122198c-6add-42a3-ae8f-8548af9973a4","9cd54951-aa7f-4b26-a12b-0b75c6b92d2c","JORN_031.mammalGrid.mam","D14","JORN","JORN_031","I1","distributed","shrubScrub",32.605410,-106.827426,"WGS84",45.3,1330.9,0.4,"6 - trap set and empty","ShermanXLK","2018-08-14","2018-08-14",,,,,,,,,,,,,,,,,,,,,,,,,,,,,,,,,,,,,,,"tscolman@battelleecology.org","hoswald@battelleecology.org",,
"2535373b-b5be-4faa-8b93-7c4414b0b85e","9cd54951-aa7f-4b26-a12b-0b75c6b92d2c","JORN_031.mammalGrid.mam","D14","JORN","JORN_031","A8","distributed","shrubScrub",32.605410,-106.827426,"WGS84",45.3,1330.9,0.4,"6 - trap set and empty","ShermanXLK","2018-08-14","2018-08-14",,,,,,,,,,,,,,,,,,,,,,,,,,,,,,,,,,,,,,,"tscolman@battelleecology.org","hoswald@battelleecology.org",,
"bb431fdd-027e-4987-9545-0352d4485f68","9cd54951-aa7f-4b26-a12b-0b75c6b92d2c","JORN_031.mammalGrid.mam","D14","JORN","JORN_031","I4","distributed","shrubScrub",32.605410,-106.827426,"WGS84",45.3,1330.9,0.4,"5 - capture","ShermanXLK","2018-08-14","2018-08-14","NEON.MAM.D14.256411",,"CHER","Chaetodipus eremicus","species",,"D14 - NEON.DOC.003140","N","F","Y","released",,"adult",,"enlarged","not","neither",20,,,,15,"N","N","N",,,,,,,,,,,,,,"tscolman@battelleecology.org","hoswald@battelleecology.org",,
"22447a18-db4b-4e41-8e46-04a8b4dd5e4a","9cd54951-aa7f-4b26-a12b-0b75c6b92d2c","JORN_031.mammalGrid.mam","D14","JORN","JORN_031","G2","distributed","shrubScrub",32.605410,-106.827426,"WGS84",45.3,1330.9,0.4,"6 - trap set and empty","ShermanXLK","2018-08-14","2018-08-14",,,,,,,,,,,,,,,,,,,,,,,,,,,,,,,,,,,,,,,"tscolman@battelleecology.org","hoswald@battelleecology.org",,
"7fcb2399-b654-422e-830e-c845b9c6bec8","9cd54951-aa7f-4b26-a12b-0b75c6b92d2c","JORN_031.mammalGrid.mam","D14","JORN","JORN_031","D3","distributed","shrubScrub",32.605410,-106.827426,"WGS84",45.3,1330.9,0.4,"6 - trap set and empty","ShermanXLK","2018-08-14","2018-08-14",,,,,,,,,,,,,,,,,,,,,,,,,,,,,,,,,,,,,,,"tscolman@battelleecology.org","hoswald@battelleecology.org",,
"7f08c9b8-ca7a-4aa6-919b-9c134a92d802","9cd54951-aa7f-4b26-a12b-0b75c6b92d2c","JORN_031.mammalGrid.mam","D14","JORN","JORN_031","A2","distributed","shrubScrub",32.605410,-106.827426,"WGS84",45.3,1330.9,0.4,"5 - capture","ShermanXLK","2018-08-14","2018-08-14","NEON.MAM.D14.R2730",,"DIOR","Dipodomys ordii","species",,"D14 - NEON.DOC.003140","N","M","Y","released",,"adult","scrotal",,,,36,,,,42,"N","N","N",,,,,,,,,,,,,,"tscolman@battelleecology.org","hoswald@battelleecology.org",,
"23588d95-27b2-4a58-a586-ac14bc33df84","9cd54951-aa7f-4b26-a12b-0b75c6b92d2c","JORN_031.mammalGrid.mam","D14","JORN","JORN_031","A5","distributed","shrubScrub",32.605410,-106.827426,"WGS84",45.3,1330.9,0.4,"5 - capture","ShermanXLK","2018-08-14","2018-08-14","NEON.MAM.D14.L2734",,"DIOR","Dipodomys ordii","species",,"D14 - NEON.DOC.003140","N","F","Y","released",,"adult",,"nonenlarged","not","neither",37,,,,,"N","N","N",,,,,,,,,,,,,,"tscolman@battelleecology.org","hoswald@battelleecology.org",,
"aaca07e1-997e-438c-b53c-0c6ac0cfe7a2","9cd54951-aa7f-4b26-a12b-0b75c6b92d2c","JORN_031.mammalGrid.mam","D14","JORN","JORN_031","G9","distributed","shrubScrub",32.605410,-106.827426,"WGS84",45.3,1330.9,0.4,"6 - trap set and empty","ShermanXLK","2018-08-14","2018-08-14",,,,,,,,,,,,,,,,,,,,,,,,,,,,,,,,,,,,,,,"tscolman@battelleecology.org","hoswald@battelleecology.org",,
"ef7be25a-ff38-484b-b93b-c57855ecc0ab","9cd54951-aa7f-4b26-a12b-0b75c6b92d2c","JORN_031.mammalGrid.mam","D14","JORN","JORN_031","I8","distributed","shrubScrub",32.605410,-106.827426,"WGS84",45.3,1330.9,0.4,"6 - trap set and empty","ShermanXLK","2018-08-14","2018-08-14",,,,,,,,,,,,,,,,,,,,,,,,,,,,,,,,,,,,,,,"tscolman@battelleecology.org","hoswald@battelleecology.org",,
"7c656956-4f58-4d8a-8edc-b06df9afce12","9cd54951-aa7f-4b26-a12b-0b75c6b92d2c","JORN_031.mammalGrid.mam","D14","JORN","JORN_031","B3","distributed","shrubScrub",32.605410,-106.827426,"WGS84",45.3,1330.9,0.4,"6 - trap set and empty","ShermanXLK","2018-08-14","2018-08-14",,,,,,,,,,,,,,,,,,,,,,,,,,,,,,,,,,,,,,,"tscolman@battelleecology.org","hoswald@battelleecology.org",,
"43054f54-86f4-493f-a615-f3f0e23200cd","9cd54951-aa7f-4b26-a12b-0b75c6b92d2c","JORN_031.mammalGrid.mam","D14","JORN","JORN_031","B1","distributed","shrubScrub",32.605410,-106.827426,"WGS84",45.3,1330.9,0.4,"6 - trap set and empty","ShermanXLK","2018-08-14","2018-08-14",,,,,,,,,,,,,,,,,,,,,,,,,,,,,,,,,,,,,,,"tscolman@battelleecology.org","hoswald@battelleecology.org",,
"1a2153b2-47fb-4ba3-981b-33d27213e26f","9cd54951-aa7f-4b26-a12b-0b75c6b92d2c","JORN_031.mammalGrid.mam","D14","JORN","JORN_031","H9","distributed","shrubScrub",32.605410,-106.827426,"WGS84",45.3,1330.9,0.4,"6 - trap set and empty","ShermanXLK","2018-08-14","2018-08-14",,,,,,,,,,,,,,,,,,,,,,,,,,,,,,,,,,,,,,,"tscolman@battelleecology.org","hoswald@battelleecology.org",,
"df240f58-6b80-4cbc-a998-7b3237b1bc8e","9cd54951-aa7f-4b26-a12b-0b75c6b92d2c","JORN_031.mammalGrid.mam","D14","JORN","JORN_031","C1","distributed","shrubScrub",32.605410,-106.827426,"WGS84",45.3,1330.9,0.4,"6 - trap set and empty","ShermanXLK","2018-08-14","2018-08-14",,,,,,,,,,,,,,,,,,,,,,,,,,,,,,,,,,,,,,,"tscolman@battelleecology.org","hoswald@battelleecology.org",,
"67eb408c-a420-42d4-a854-0103c240b0c0","9cd54951-aa7f-4b26-a12b-0b75c6b92d2c","JORN_031.mammalGrid.mam","D14","JORN","JORN_031","C8","distributed","shrubScrub",32.605410,-106.827426,"WGS84",45.3,1330.9,0.4,"6 - trap set and empty","ShermanXLK","2018-08-14","2018-08-14",,,,,,,,,,,,,,,,,,,,,,,,,,,,,,,,,,,,,,,"tscolman@battelleecology.org","hoswald@battelleecology.org",,
"aa8f53b4-7001-4581-862d-6f84bf89bd0f","9cd54951-aa7f-4b26-a12b-0b75c6b92d2c","JORN_031.mammalGrid.mam","D14","JORN","JORN_031","G1","distributed","shrubScrub",32.605410,-106.827426,"WGS84",45.3,1330.9,0.4,"5 - capture","ShermanXLK","2018-08-14","2018-08-14","NEON.MAM.D14.796437",,"CHER","Chaetodipus eremicus","species",,"D14 - NEON.DOC.003140","N","F","Y","released",,"adult",,"enlarged","not","neither",21,,,,15,"N","N","N",,,,,,,,,,,,,,"tscolman@battelleecology.org","hoswald@battelleecology.org",,
"8ee73a55-bb2e-4460-82a2-ca4d342d5110","9cd54951-aa7f-4b26-a12b-0b75c6b92d2c","JORN_031.mammalGrid.mam","D14","JORN","JORN_031","I6","distributed","shrubScrub",32.605410,-106.827426,"WGS84",45.3,1330.9,0.4,"6 - trap set and empty","ShermanXLK","2018-08-14","2018-08-14",,,,,,,,,,,,,,,,,,,,,,,,,,,,,,,,,,,,,,,"tscolman@battelleecology.org","hoswald@battelleecology.org",,
"414fc011-0bf7-4e59-a41c-649d629583d3","9cd54951-aa7f-4b26-a12b-0b75c6b92d2c","JORN_031.mammalGrid.mam","D14","JORN","JORN_031","F10","distributed","shrubScrub",32.605410,-106.827426,"WGS84",45.3,1330.9,0.4,"5 - capture","ShermanXLK","2018-08-14","2018-08-14","NEON.MAM.D14.O031F1020180814",,"ONSP","Onychomys sp.","genus",,"D14 - NEON.DOC.003140","N","U","N","released",,"juvenile",,,,,,,,,,"U","U","U",,,,,,,,,,,,,,"tscolman@battelleecology.org","hoswald@battelleecology.org","Released immediately b/c in distress due to swarming of ants inside trap",
"e07f6208-11a9-4c4f-ab1e-51ba84a2131c","9cd54951-aa7f-4b26-a12b-0b75c6b92d2c","JORN_031.mammalGrid.mam","D14","JORN","JORN_031","F5","distributed","shrubScrub",32.605410,-106.827426,"WGS84",45.3,1330.9,0.4,"6 - trap set and empty","ShermanXLK","2018-08-14","2018-08-14",,,,,,,,,,,,,,,,,,,,,,,,,,,,,,,,,,,,,,,"tscolman@battelleecology.org","hoswald@battelleecology.org",,
"68df6e64-f1f7-4cec-8e39-67398c497230","9cd54951-aa7f-4b26-a12b-0b75c6b92d2c","JORN_031.mammalGrid.mam","D14","JORN","JORN_031","H2","distributed","shrubScrub",32.605410,-106.827426,"WGS84",45.3,1330.9,0.4,"6 - trap set and empty","ShermanXLK","2018-08-14","2018-08-14",,,,,,,,,,,,,,,,,,,,,,,,,,,,,,,,,,,,,,,"tscolman@battelleecology.org","hoswald@battelleecology.org",,
"13104a31-269d-4f61-b06c-c03bfdbe5e53","9cd54951-aa7f-4b26-a12b-0b75c6b92d2c","JORN_031.mammalGrid.mam","D14","JORN","JORN_031","G6","distributed","shrubScrub",32.605410,-106.827426,"WGS84",45.3,1330.9,0.4,"6 - trap set and empty","ShermanXLK","2018-08-14","2018-08-14",,,,,,,,,,,,,,,,,,,,,,,,,,,,,,,,,,,,,,,"tscolman@battelleecology.org","hoswald@battelleecology.org",,
"4a2b9cd6-18ac-4307-8962-99426f32dbf3","9cd54951-aa7f-4b26-a12b-0b75c6b92d2c","JORN_031.mammalGrid.mam","D14","JORN","JORN_031","C9","distributed","shrubScrub",32.605410,-106.827426,"WGS84",45.3,1330.9,0.4,"5 - capture","ShermanXLK","2018-08-14","2018-08-14","NEON.MAM.D14.256318",,"CHER","Chaetodipus eremicus","species",,"D14 - NEON.DOC.003140","N","M","Y","released",,"adult","nonscrotal",,,,21,,,,16,"N","N","N",,,,,,,,,,,,,,"tscolman@battelleecology.org","hoswald@battelleecology.org",,
"76332be7-d847-4f3a-a2ee-8df444144edd","9cd54951-aa7f-4b26-a12b-0b75c6b92d2c","JORN_031.mammalGrid.mam","D14","JORN","JORN_031","C10","distributed","shrubScrub",32.605410,-106.827426,"WGS84",45.3,1330.9,0.4,"5 - capture","ShermanXLK","2018-08-14","2018-08-14","NEON.MAM.D14.256507",,"CHER","Chaetodipus eremicus","species",,,"N","M","Y","released",,"adult","nonscrotal",,,,22,,,,15,"N","N","N",,,,,,,,,,,,,,"tscolman@battelleecology.org","hoswald@battelleecology.org",,
"f5f9fe44-9371-4eed-ac02-41382184b1fe","9cd54951-aa7f-4b26-a12b-0b75c6b92d2c","JORN_031.mammalGrid.mam","D14","JORN","JORN_031","D8","distributed","shrubScrub",32.605410,-106.827426,"WGS84",45.3,1330.9,0.4,"6 - trap set and empty","ShermanXLK","2018-08-14","2018-08-14",,,,,,,,,,,,,,,,,,,,,,,,,,,,,,,,,,,,,,,"tscolman@battelleecology.org","hoswald@battelleecology.org",,
"c9344dec-b19d-4262-a662-5e6e66d2dba9","9cd54951-aa7f-4b26-a12b-0b75c6b92d2c","JORN_031.mammalGrid.mam","D14","JORN","JORN_031","C7","distributed","shrubScrub",32.605410,-106.827426,"WGS84",45.3,1330.9,0.4,"6 - trap set and empty","ShermanXLK","2018-08-14","2018-08-14",,,,,,,,,,,,,,,,,,,,,,,,,,,,,,,,,,,,,,,"tscolman@battelleecology.org","hoswald@battelleecology.org",,
"5d3198d5-7813-4d82-b117-e207769486e4","9cd54951-aa7f-4b26-a12b-0b75c6b92d2c","JORN_031.mammalGrid.mam","D14","JORN","JORN_031","J2","distributed","shrubScrub",32.605410,-106.827426,"WGS84",45.3,1330.9,0.4,"2 - trap disturbed/door closed but empty","ShermanXLK","2018-08-14","2018-08-14",,,,,,,,,,,,,,,,,,,,,,,,,,,,,,,,,,,,,,,"tscolman@battelleecology.org","hoswald@battelleecology.org",,
"12b06e29-51d7-401d-b7eb-a81c55a18fc1","9cd54951-aa7f-4b26-a12b-0b75c6b92d2c","JORN_031.mammalGrid.mam","D14","JORN","JORN_031","E8","distributed","shrubScrub",32.605410,-106.827426,"WGS84",45.3,1330.9,0.4,"6 - trap set and empty","ShermanXLK","2018-08-14","2018-08-14",,,,,,,,,,,,,,,,,,,,,,,,,,,,,,,,,,,,,,,"tscolman@battelleecology.org","hoswald@battelleecology.org",,
"4d748b92-65e5-4657-9713-6771906ba2d1","9cd54951-aa7f-4b26-a12b-0b75c6b92d2c","JORN_031.mammalGrid.mam","D14","JORN","JORN_031","D5","distributed","shrubScrub",32.605410,-106.827426,"WGS84",45.3,1330.9,0.4,"6 - trap set and empty","ShermanXLK","2018-08-14","2018-08-14",,,,,,,,,,,,,,,,,,,,,,,,,,,,,,,,,,,,,,,"tscolman@battelleecology.org","hoswald@battelleecology.org",,
"ad3ee63b-7983-4e4f-bce8-e8ac113791a8","9cd54951-aa7f-4b26-a12b-0b75c6b92d2c","JORN_031.mammalGrid.mam","D14","JORN","JORN_031","D2","distributed","shrubScrub",32.605410,-106.827426,"WGS84",45.3,1330.9,0.4,"6 - trap set and empty","ShermanXLK","2018-08-14","2018-08-14",,,,,,,,,,,,,,,,,,,,,,,,,,,,,,,,,,,,,,,"tscolman@battelleecology.org","hoswald@battelleecology.org",,
"7c08addf-aba8-4a7d-b284-d464ca9ec745","9cd54951-aa7f-4b26-a12b-0b75c6b92d2c","JORN_031.mammalGrid.mam","D14","JORN","JORN_031","C2","distributed","shrubScrub",32.605410,-106.827426,"WGS84",45.3,1330.9,0.4,"6 - trap set and empty","ShermanXLK","2018-08-14","2018-08-14",,,,,,,,,,,,,,,,,,,,,,,,,,,,,,,,,,,,,,,"tscolman@battelleecology.org","hoswald@battelleecology.org",,
"84152ef3-ed21-42f0-81e3-376d3a6d1bfa","9cd54951-aa7f-4b26-a12b-0b75c6b92d2c","JORN_031.mammalGrid.mam","D14","JORN","JORN_031","F3","distributed","shrubScrub",32.605410,-106.827426,"WGS84",45.3,1330.9,0.4,"6 - trap set and empty","ShermanXLK","2018-08-14","2018-08-14",,,,,,,,,,,,,,,,,,,,,,,,,,,,,,,,,,,,,,,"tscolman@battelleecology.org","hoswald@battelleecology.org",,
"1c0dbd34-94b8-4eda-a3c6-7c807d706c37","9cd54951-aa7f-4b26-a12b-0b75c6b92d2c","JORN_031.mammalGrid.mam","D14","JORN","JORN_031","F1","distributed","shrubScrub",32.605410,-106.827426,"WGS84",45.3,1330.9,0.4,"6 - trap set and empty","ShermanXLK","2018-08-14","2018-08-14",,,,,,,,,,,,,,,,,,,,,,,,,,,,,,,,,,,,,,,"tscolman@battelleecology.org","hoswald@battelleecology.org",,
"05124c9e-fb3a-49ec-978e-28f89238dc6a","9cd54951-aa7f-4b26-a12b-0b75c6b92d2c","JORN_031.mammalGrid.mam","D14","JORN","JORN_031","F6","distributed","shrubScrub",32.605410,-106.827426,"WGS84",45.3,1330.9,0.4,"6 - trap set and empty","ShermanXLK","2018-08-14","2018-08-14",,,,,,,,,,,,,,,,,,,,,,,,,,,,,,,,,,,,,,,"tscolman@battelleecology.org","hoswald@battelleecology.org",,
"3dc0a20f-d4ac-4ad3-8a48-ff0c6b4c2eaf","9cd54951-aa7f-4b26-a12b-0b75c6b92d2c","JORN_031.mammalGrid.mam","D14","JORN","JORN_031","B7","distributed","shrubScrub",32.605410,-106.827426,"WGS84",45.3,1330.9,0.4,"5 - capture","ShermanXLK","2018-08-14","2018-08-14","NEON.MAM.D14.256511",,"CHER","Chaetodipus eremicus","species",,"D14 - NEON.DOC.003140","N","M","N","released",,"subadult","nonscrotal",,,,23,,,,14,"N","N","N",,,,,,,,,,,,,,"tscolman@battelleecology.org","hoswald@battelleecology.org",,
"2da2e22d-ba0c-4b54-832f-f42cce17b3e2","9cd54951-aa7f-4b26-a12b-0b75c6b92d2c","JORN_031.mammalGrid.mam","D14","JORN","JORN_031","A6","distributed","shrubScrub",32.605410,-106.827426,"WGS84",45.3,1330.9,0.4,"6 - trap set and empty","ShermanXLK","2018-08-14","2018-08-14",,,,,,,,,,,,,,,,,,,,,,,,,,,,,,,,,,,,,,,"tscolman@battelleecology.org","hoswald@battelleecology.org",,
"22e14670-55e6-4843-8df5-fcee239e35d4","9cd54951-aa7f-4b26-a12b-0b75c6b92d2c","JORN_031.mammalGrid.mam","D14","JORN","JORN_031","B6","distributed","shrubScrub",32.605410,-106.827426,"WGS84",45.3,1330.9,0.4,"6 - trap set and empty","ShermanXLK","2018-08-14","2018-08-14",,,,,,,,,,,,,,,,,,,,,,,,,,,,,,,,,,,,,,,"tscolman@battelleecology.org","hoswald@battelleecology.org",,
"b5fa2d14-1ac6-4735-a6b2-756d09fea133","9cd54951-aa7f-4b26-a12b-0b75c6b92d2c","JORN_031.mammalGrid.mam","D14","JORN","JORN_031","B10","distributed","shrubScrub",32.605410,-106.827426,"WGS84",45.3,1330.9,0.4,"5 - capture","ShermanXLK","2018-08-14","2018-08-14","NEON.MAM.D14.R2823",,"DIOR","Dipodomys ordii","species",,"D14 - NEON.DOC.003140","N","M","N","released",,"adult","scrotal",,,,36,,,,44,"N","N","N",,,,,,,,,,,,,,"tscolman@battelleecology.org","hoswald@battelleecology.org",,
"83624a3d-596f-45ce-9716-02ec5e60e9fb","9cd54951-aa7f-4b26-a12b-0b75c6b92d2c","JORN_031.mammalGrid.mam","D14","JORN","JORN_031","B4","distributed","shrubScrub",32.605410,-106.827426,"WGS84",45.3,1330.9,0.4,"6 - trap set and empty","ShermanXLK","2018-08-14","2018-08-14",,,,,,,,,,,,,,,,,,,,,,,,,,,,,,,,,,,,,,,"tscolman@battelleecology.org","hoswald@battelleecology.org",,
"79d2a2eb-fb66-4e0f-9c7f-f94a63eb2b7a","9cd54951-aa7f-4b26-a12b-0b75c6b92d2c","JORN_031.mammalGrid.mam","D14","JORN","JORN_031","A7","distributed","shrubScrub",32.605410,-106.827426,"WGS84",45.3,1330.9,0.4,"5 - capture","ShermanXLK","2018-08-14","2018-08-14","NEON.MAM.D14.491773",,"CHER","Chaetodipus eremicus","species",,,"N","M","N","released",,"adult","nonscrotal",,,,21,,,,14,"N","N","N",,,,,,,,,,,,,,"tscolman@battelleecology.org","hoswald@battelleecology.org",,
"4e36aa12-5674-42e1-a602-0001da4442ac","9cd54951-aa7f-4b26-a12b-0b75c6b92d2c","JORN_031.mammalGrid.mam","D14","JORN","JORN_031","C5","distributed","shrubScrub",32.605410,-106.827426,"WGS84",45.3,1330.9,0.4,"6 - trap set and empty","ShermanXLK","2018-08-14","2018-08-14",,,,,,,,,,,,,,,,,,,,,,,,,,,,,,,,,,,,,,,"tscolman@battelleecology.org","hoswald@battelleecology.org",,
"b8651dcd-2f3f-499a-98de-4ca8face797b","9cd54951-aa7f-4b26-a12b-0b75c6b92d2c","JORN_031.mammalGrid.mam","D14","JORN","JORN_031","C6","distributed","shrubScrub",32.605410,-106.827426,"WGS84",45.3,1330.9,0.4,"5 - capture","ShermanXLK","2018-08-14","2018-08-14","NEON.MAM.D14.R2709",,"DIOR","Dipodomys ordii","species",,,"N","M","Y","released",,"adult","scrotal",,,,36,,,,9,"N","N","N",,,,,,,,,,,,,,"tscolman@battelleecology.org","hoswald@battelleecology.org",,
"bab040b4-4787-4805-8699-a05f0507dfa4","9cd54951-aa7f-4b26-a12b-0b75c6b92d2c","JORN_031.mammalGrid.mam","D14","JORN","JORN_031","I2","distributed","shrubScrub",32.605410,-106.827426,"WGS84",45.3,1330.9,0.4,"6 - trap set and empty","ShermanXLK","2018-08-14","2018-08-14",,,,,,,,,,,,,,,,,,,,,,,,,,,,,,,,,,,,,,,"tscolman@battelleecology.org","hoswald@battelleecology.org",,
"2b8e40f8-633a-4cfd-a4d9-c6980d533803","9cd54951-aa7f-4b26-a12b-0b75c6b92d2c","JORN_031.mammalGrid.mam","D14","JORN","JORN_031","H6","distributed","shrubScrub",32.605410,-106.827426,"WGS84",45.3,1330.9,0.4,"1 - trap not set","ShermanXLK","2018-08-14","2018-08-14",,,,,,,,,,,,,,,,,,,,,,,,,,,,,,,,,,,,,,,"tscolman@battelleecology.org","hoswald@battelleecology.org","Not set due to ant activity",
"2d625dd4-abb0-433e-9aea-e272cf5da1f8","9cd54951-aa7f-4b26-a12b-0b75c6b92d2c","JORN_031.mammalGrid.mam","D14","JORN","JORN_031","E7","distributed","shrubScrub",32.605410,-106.827426,"WGS84",45.3,1330.9,0.4,"6 - trap set and empty","ShermanXLK","2018-08-14","2018-08-14",,,,,,,,,,,,,,,,,,,,,,,,,,,,,,,,,,,,,,,"tscolman@battelleecology.org","hoswald@battelleecology.org",,
"c19cbcee-5d36-4c4d-8c13-7b69dfd4f1a4","9cd54951-aa7f-4b26-a12b-0b75c6b92d2c","JORN_031.mammalGrid.mam","D14","JORN","JORN_031","C3","distributed","shrubScrub",32.605410,-106.827426,"WGS84",45.3,1330.9,0.4,"6 - trap set and empty","ShermanXLK","2018-08-14","2018-08-14",,,,,,,,,,,,,,,,,,,,,,,,,,,,,,,,,,,,,,,"tscolman@battelleecology.org","hoswald@battelleecology.org",,
"d35a153e-d354-48fa-8d0e-6c6077090d32","9cd54951-aa7f-4b26-a12b-0b75c6b92d2c","JORN_031.mammalGrid.mam","D14","JORN","JORN_031","E4","distributed","shrubScrub",32.605410,-106.827426,"WGS84",45.3,1330.9,0.4,"6 - trap set and empty","ShermanXLK","2018-08-14","2018-08-14",,,,,,,,,,,,,,,,,,,,,,,,,,,,,,,,,,,,,,,"tscolman@battelleecology.org","hoswald@battelleecology.org",,
"75f028c4-2a8a-489d-b944-ef1523c82976","9cd54951-aa7f-4b26-a12b-0b75c6b92d2c","JORN_031.mammalGrid.mam","D14","JORN","JORN_031","A3","distributed","shrubScrub",32.605410,-106.827426,"WGS84",45.3,1330.9,0.4,"5 - capture","ShermanXLK","2018-08-14","2018-08-14","NEON.MAM.D14.R3057",,"NEAL","Neotoma albigula","species",,"D14 - NEON.DOC.003140","N","M","N","released",,"adult","nonscrotal",,,,33,,,,188,"N","N","N",,,,,,,,,,,,,,"tscolman@battelleecology.org","hoswald@battelleecology.org","Tail tip chopped off",
"4b874bae-4a9f-499c-9666-d36325505fe7","9cd54951-aa7f-4b26-a12b-0b75c6b92d2c","JORN_031.mammalGrid.mam","D14","JORN","JORN_031","H4","distributed","shrubScrub",32.605410,-106.827426,"WGS84",45.3,1330.9,0.4,"6 - trap set and empty","ShermanXLK","2018-08-14","2018-08-14",,,,,,,,,,,,,,,,,,,,,,,,,,,,,,,,,,,,,,,"tscolman@battelleecology.org","hoswald@battelleecology.org",,
"9bc5d850-9017-4632-a048-f3746fdd3c70","9cd54951-aa7f-4b26-a12b-0b75c6b92d2c","JORN_031.mammalGrid.mam","D14","JORN","JORN_031","J9","distributed","shrubScrub",32.605410,-106.827426,"WGS84",45.3,1330.9,0.4,"5 - capture","ShermanXLK","2018-08-14","2018-08-14","NEON.MAM.D14.491755",,"CHER","Chaetodipus eremicus","species","cf. species","D14 - NEON.DOC.003140","N","M","N","released",,"juvenile","nonscrotal",,,,19,,,,10,"N","N","N",,,,,,,,,,,,,,"tscolman@battelleecology.org","hoswald@battelleecology.org",,
"62ee5643-304e-4d04-9e8f-cda899a19b18","9cd54951-aa7f-4b26-a12b-0b75c6b92d2c","JORN_031.mammalGrid.mam","D14","JORN","JORN_031","I7","distributed","shrubScrub",32.605410,-106.827426,"WGS84",45.3,1330.9,0.4,"6 - trap set and empty","ShermanXLK","2018-08-14","2018-08-14",,,,,,,,,,,,,,,,,,,,,,,,,,,,,,,,,,,,,,,"tscolman@battelleecology.org","hoswald@battelleecology.org",,
"1e0ce0b3-7b49-4479-94f9-2b48c11644df","9cd54951-aa7f-4b26-a12b-0b75c6b92d2c","JORN_031.mammalGrid.mam","D14","JORN","JORN_031","J8","distributed","shrubScrub",32.605410,-106.827426,"WGS84",45.3,1330.9,0.4,"2 - trap disturbed/door closed but empty","ShermanXLK","2018-08-14","2018-08-14",,,,,,,,,,,,,,,,,,,,,,,,,,,,,,,,,,,,,,,"tscolman@battelleecology.org","hoswald@battelleecology.org",,
"2fa4c836-5a78-4557-ba9b-ac21cb88b573","9cd54951-aa7f-4b26-a12b-0b75c6b92d2c","JORN_031.mammalGrid.mam","D14","JORN","JORN_031","G7","distributed","shrubScrub",32.605410,-106.827426,"WGS84",45.3,1330.9,0.4,"5 - capture","ShermanXLK","2018-08-14","2018-08-14","NEON.MAM.D14.R3081",,"DIOR","Dipodomys ordii","species",,,"N","M","Y","released",,"adult","scrotal",,,,37,,,,47,"N","N","N",,,,,,,,,,,,,,"tscolman@battelleecology.org","hoswald@battelleecology.org",,
"608f1ad5-84d1-4855-9539-f8bba1af37e4","9cd54951-aa7f-4b26-a12b-0b75c6b92d2c","JORN_031.mammalGrid.mam","D14","JORN","JORN_031","D7","distributed","shrubScrub",32.605410,-106.827426,"WGS84",45.3,1330.9,0.4,"5 - capture","ShermanXLK","2018-08-14","2018-08-14","NEON.MAM.D14.256479",,"CHER","Chaetodipus eremicus","species",,"D14 - NEON.DOC.003140","N","F","Y","released",,"adult",,"nonenlarged","not","neither",21,,,,14,"N","N","N",,,,,,,,,,,,,,"tscolman@battelleecology.org","hoswald@battelleecology.org",,
"72fcabd0-dcb9-49c3-8889-29430409ecd6","9cd54951-aa7f-4b26-a12b-0b75c6b92d2c","JORN_031.mammalGrid.mam","D14","JORN","JORN_031","E2","distributed","shrubScrub",32.605410,-106.827426,"WGS84",45.3,1330.9,0.4,"6 - trap set and empty","ShermanXLK","2018-08-14","2018-08-14",,,,,,,,,,,,,,,,,,,,,,,,,,,,,,,,,,,,,,,"tscolman@battelleecology.org","hoswald@battelleecology.org",,
"d10bdd29-dfbd-4e9d-8ad8-b623c3ed3382","9cd54951-aa7f-4b26-a12b-0b75c6b92d2c","JORN_031.mammalGrid.mam","D14","JORN","JORN_031","B2","distributed","shrubScrub",32.605410,-106.827426,"WGS84",45.3,1330.9,0.4,"6 - trap set and empty","ShermanXLK","2018-08-14","2018-08-14",,,,,,,,,,,,,,,,,,,,,,,,,,,,,,,,,,,,,,,"tscolman@battelleecology.org","hoswald@battelleecology.org",,
"ce319464-c69c-4d47-be3c-73dd69147f04","9cd54951-aa7f-4b26-a12b-0b75c6b92d2c","JORN_031.mammalGrid.mam","D14","JORN","JORN_031","B5","distributed","shrubScrub",32.605410,-106.827426,"WGS84",45.3,1330.9,0.4,"6 - trap set and empty","ShermanXLK","2018-08-14","2018-08-14",,,,,,,,,,,,,,,,,,,,,,,,,,,,,,,,,,,,,,,"tscolman@battelleecology.org","hoswald@battelleecology.org",,
"75768aad-065a-4142-9c0c-81c7ddcdb0b7","9cd54951-aa7f-4b26-a12b-0b75c6b92d2c","JORN_031.mammalGrid.mam","D14","JORN","JORN_031","D4","distributed","shrubScrub",32.605410,-106.827426,"WGS84",45.3,1330.9,0.4,"6 - trap set and empty","ShermanXLK","2018-08-14","2018-08-14",,,,,,,,,,,,,,,,,,,,,,,,,,,,,,,,,,,,,,,"tscolman@battelleecology.org","hoswald@battelleecology.org",,
"9c2f32d3-7ddf-48a7-9c55-e50d01c3d276","9cd54951-aa7f-4b26-a12b-0b75c6b92d2c","JORN_031.mammalGrid.mam","D14","JORN","JORN_031","H5","distributed","shrubScrub",32.605410,-106.827426,"WGS84",45.3,1330.9,0.4,"6 - trap set and empty","ShermanXLK","2018-08-14","2018-08-14",,,,,,,,,,,,,,,,,,,,,,,,,,,,,,,,,,,,,,,"tscolman@battelleecology.org","hoswald@battelleecology.org",,
"25fea6e4-90dc-4c8d-8840-c34277d45cd1","9cd54951-aa7f-4b26-a12b-0b75c6b92d2c","JORN_031.mammalGrid.mam","D14","JORN","JORN_031","H1","distributed","shrubScrub",32.605410,-106.827426,"WGS84",45.3,1330.9,0.4,"5 - capture","ShermanXLK","2018-08-14","2018-08-14","NEON.MAM.D14.L3115",,"DIME","Dipodomys merriami","species",,,"N","M","Y","released","R","adult","scrotal",,,,37,,,,48,"N","N","N",,,,,,,,,,,,,,"tscolman@battelleecology.org","hoswald@battelleecology.org",,
"fc46f902-3413-420c-b05a-d3fbf4ee2e4c","9cd54951-aa7f-4b26-a12b-0b75c6b92d2c","JORN_031.mammalGrid.mam","D14","JORN","JORN_031","E9","distributed","shrubScrub",32.605410,-106.827426,"WGS84",45.3,1330.9,0.4,"6 - trap set and empty","ShermanXLK","2018-08-14","2018-08-14",,,,,,,,,,,,,,,,,,,,,,,,,,,,,,,,,,,,,,,"tscolman@battelleecology.org","hoswald@battelleecology.org",,
"d421c740-e325-4dac-83cd-35ebc4835b32","9cd54951-aa7f-4b26-a12b-0b75c6b92d2c","JORN_031.mammalGrid.mam","D14","JORN","JORN_031","G10","distributed","shrubScrub",32.605410,-106.827426,"WGS84",45.3,1330.9,0.4,"5 - capture","ShermanXLK","2018-08-14","2018-08-14","NEON.MAM.D14.L2894",,"DIOR","Dipodomys ordii","species",,"D14 - NEON.DOC.003140","N","M","U","released","R","adult","nonscrotal",,,,34,,,,45,"Y","N","N",,,,,,,,,,,,,,"tscolman@battelleecology.org","hoswald@battelleecology.org","Old tag missing",
"54d115db-9fa4-40db-b875-9e180de71ece","9cd54951-aa7f-4b26-a12b-0b75c6b92d2c","JORN_031.mammalGrid.mam","D14","JORN","JORN_031","H10","distributed","shrubScrub",32.605410,-106.827426,"WGS84",45.3,1330.9,0.4,"6 - trap set and empty","ShermanXLK","2018-08-14","2018-08-14",,,,,,,,,,,,,,,,,,,,,,,,,,,,,,,,,,,,,,,"tscolman@battelleecology.org","hoswald@battelleecology.org",,
"6a32ac4f-0af9-4d97-8e67-db2af4c552d1","9cd54951-aa7f-4b26-a12b-0b75c6b92d2c","JORN_031.mammalGrid.mam","D14","JORN","JORN_031","J4","distributed","shrubScrub",32.605410,-106.827426,"WGS84",45.3,1330.9,0.4,"6 - trap set and empty","ShermanXLK","2018-08-14","2018-08-14",,,,,,,,,,,,,,,,,,,,,,,,,,,,,,,,,,,,,,,"tscolman@battelleecology.org","hoswald@battelleecology.org",,
"ec6f0aa9-60ca-40ab-bc69-78695a04ce70","9cd54951-aa7f-4b26-a12b-0b75c6b92d2c","JORN_031.mammalGrid.mam","D14","JORN","JORN_031","G5","distributed","shrubScrub",32.605410,-106.827426,"WGS84",45.3,1330.9,0.4,"6 - trap set and empty","ShermanXLK","2018-08-14","2018-08-14",,,,,,,,,,,,,,,,,,,,,,,,,,,,,,,,,,,,,,,"tscolman@battelleecology.org","hoswald@battelleecology.org",,
"8811e614-9259-467e-9f89-aa4255a6c245","9cd54951-aa7f-4b26-a12b-0b75c6b92d2c","JORN_031.mammalGrid.mam","D14","JORN","JORN_031","B9","distributed","shrubScrub",32.605410,-106.827426,"WGS84",45.3,1330.9,0.4,"6 - trap set and empty","ShermanXLK","2018-08-14","2018-08-14",,,,,,,,,,,,,,,,,,,,,,,,,,,,,,,,,,,,,,,"tscolman@battelleecology.org","hoswald@battelleecology.org",,
"03524fb9-e097-4ddb-b54d-6e9ce7d1204b","9cd54951-aa7f-4b26-a12b-0b75c6b92d2c","JORN_031.mammalGrid.mam","D14","JORN","JORN_031","E5","distributed","shrubScrub",32.605410,-106.827426,"WGS84",45.3,1330.9,0.4,"5 - capture","ShermanXLK","2018-08-14","2018-08-14","NEON.MAM.D14.L3024",,"DIME","Dipodomys merriami","species",,"D14 - NEON.DOC.003140","N","M","N","released",,"adult","nonscrotal",,,,36,,,,37,"N","N","N",,,,,,,,,,,,,,"tscolman@battelleecology.org","hoswald@battelleecology.org",,
"b4ca1771-2fcb-4fc5-a12f-1891786b5845","9cd54951-aa7f-4b26-a12b-0b75c6b92d2c","JORN_031.mammalGrid.mam","D14","JORN","JORN_031","F4","distributed","shrubScrub",32.605410,-106.827426,"WGS84",45.3,1330.9,0.4,"5 - capture","ShermanXLK","2018-08-14","2018-08-14","NEON.MAM.D14.256379",,"CHER","Chaetodipus eremicus","species",,"D14 - NEON.DOC.003140","N","M","N","released",,"adult","nonscrotal",,,,21,,,,13,"N","N","N",,,,,,,,,,,,,,"tscolman@battelleecology.org","hoswald@battelleecology.org",,
"68f1e97a-fa3f-47d5-94b0-aa1d96451710","9cd54951-aa7f-4b26-a12b-0b75c6b92d2c","JORN_031.mammalGrid.mam","D14","JORN","JORN_031","J10","distributed","shrubScrub",32.605410,-106.827426,"WGS84",45.3,1330.9,0.4,"5 - capture","ShermanXLK","2018-08-14","2018-08-14","NEON.MAM.D14.L3173",,"DIOR","Dipodomys ordii","species",,"D14 - NEON.DOC.003140","N","M","U","released","R","juvenile","scrotal",,,,37,,,,47,"N","N","N",,,,,,,,,,,,,,"tscolman@battelleecology.org","hoswald@battelleecology.org",,
"858a18c4-1162-43ed-a7d0-63e90c0d5e0b","9cd54951-aa7f-4b26-a12b-0b75c6b92d2c","JORN_031.mammalGrid.mam","D14","JORN","JORN_031","D9","distributed","shrubScrub",32.605410,-106.827426,"WGS84",45.3,1330.9,0.4,"6 - trap set and empty","ShermanXLK","2018-08-14","2018-08-14",,,,,,,,,,,,,,,,,,,,,,,,,,,,,,,,,,,,,,,"tscolman@battelleecology.org","hoswald@battelleecology.org",,
"2381f13f-5669-47bd-9cdc-0d42c0880889","9cd54951-aa7f-4b26-a12b-0b75c6b92d2c","JORN_031.mammalGrid.mam","D14","JORN","JORN_031","E1","distributed","shrubScrub",32.605410,-106.827426,"WGS84",45.3,1330.9,0.4,"6 - trap set and empty","ShermanXLK","2018-08-14","2018-08-14",,,,,,,,,,,,,,,,,,,,,,,,,,,,,,,,,,,,,,,"tscolman@battelleecology.org","hoswald@battelleecology.org",,
"769956b3-7694-406f-aa0c-6132cce68e6e","9cd54951-aa7f-4b26-a12b-0b75c6b92d2c","JORN_031.mammalGrid.mam","D14","JORN","JORN_031","H8","distributed","shrubScrub",32.605410,-106.827426,"WGS84",45.3,1330.9,0.4,"6 - trap set and empty","ShermanXLK","2018-08-14","2018-08-14",,,,,,,,,,,,,,,,,,,,,,,,,,,,,,,,,,,,,,,"tscolman@battelleecology.org","hoswald@battelleecology.org",,
"8fee3b06-3d0b-4dad-b098-94d59ef2db20","9cd54951-aa7f-4b26-a12b-0b75c6b92d2c","JORN_031.mammalGrid.mam","D14","JORN","JORN_031","I5","distributed","shrubScrub",32.605410,-106.827426,"WGS84",45.3,1330.9,0.4,"6 - trap set and empty","ShermanXLK","2018-08-14","2018-08-14",,,,,,,,,,,,,,,,,,,,,,,,,,,,,,,,,,,,,,,"tscolman@battelleecology.org","hoswald@battelleecology.org",,
"aa39aa80-c3b3-481d-97bf-8163b88f77b4","9cd54951-aa7f-4b26-a12b-0b75c6b92d2c","JORN_031.mammalGrid.mam","D14","JORN","JORN_031","D6","distributed","shrubScrub",32.605410,-106.827426,"WGS84",45.3,1330.9,0.4,"6 - trap set and empty","ShermanXLK","2018-08-14","2018-08-14",,,,,,,,,,,,,,,,,,,,,,,,,,,,,,,,,,,,,,,"tscolman@battelleecology.org","hoswald@battelleecology.org",,
"99e700ac-591c-429b-b0e1-b067be6b44ac","9cd54951-aa7f-4b26-a12b-0b75c6b92d2c","JORN_031.mammalGrid.mam","D14","JORN","JORN_031","I10","distributed","shrubScrub",32.605410,-106.827426,"WGS84",45.3,1330.9,0.4,"6 - trap set and empty","ShermanXLK","2018-08-14","2018-08-14",,,,,,,,,,,,,,,,,,,,,,,,,,,,,,,,,,,,,,,"tscolman@battelleecology.org","hoswald@battelleecology.org",,
"f611e25a-a787-424c-8689-5ab887089ae2","9cd54951-aa7f-4b26-a12b-0b75c6b92d2c","JORN_031.mammalGrid.mam","D14","JORN","JORN_031","E10","distributed","shrubScrub",32.605410,-106.827426,"WGS84",45.3,1330.9,0.4,"6 - trap set and empty","ShermanXLK","2018-08-14","2018-08-14",,,,,,,,,,,,,,,,,,,,,,,,,,,,,,,,,,,,,,,"tscolman@battelleecology.org","hoswald@battelleecology.org",,
"70af27d5-7126-4e7e-9299-3f33bcdd544b","9cd54951-aa7f-4b26-a12b-0b75c6b92d2c","JORN_031.mammalGrid.mam","D14","JORN","JORN_031","G8","distributed","shrubScrub",32.605410,-106.827426,"WGS84",45.3,1330.9,0.4,"6 - trap set and empty","ShermanXLK","2018-08-14","2018-08-14",,,,,,,,,,,,,,,,,,,,,,,,,,,,,,,,,,,,,,,"tscolman@battelleecology.org","hoswald@battelleecology.org",,
"fdb1462e-3440-46b3-81b4-8b74a8536a1c","9cd54951-aa7f-4b26-a12b-0b75c6b92d2c","JORN_031.mammalGrid.mam","D14","JORN","JORN_031","I3","distributed","shrubScrub",32.605410,-106.827426,"WGS84",45.3,1330.9,0.4,"6 - trap set and empty","ShermanXLK","2018-08-14","2018-08-14",,,,,,,,,,,,,,,,,,,,,,,,,,,,,,,,,,,,,,,"tscolman@battelleecology.org","hoswald@battelleecology.org",,
"f1356b87-9bf8-48af-9448-b2f9f8b69298","9cd54951-aa7f-4b26-a12b-0b75c6b92d2c","JORN_031.mammalGrid.mam","D14","JORN","JORN_031","H7","distributed","shrubScrub",32.605410,-106.827426,"WGS84",45.3,1330.9,0.4,"6 - trap set and empty","ShermanXLK","2018-08-14","2018-08-14",,,,,,,,,,,,,,,,,,,,,,,,,,,,,,,,,,,,,,,"tscolman@battelleecology.org","hoswald@battelleecology.org",,
"3e6141c3-d6c5-4236-b862-7e387bcc9bac","9cd54951-aa7f-4b26-a12b-0b75c6b92d2c","JORN_031.mammalGrid.mam","D14","JORN","JORN_031","J5","distributed","shrubScrub",32.605410,-106.827426,"WGS84",45.3,1330.9,0.4,"6 - trap set and empty","ShermanXLK","2018-08-14","2018-08-14",,,,,,,,,,,,,,,,,,,,,,,,,,,,,,,,,,,,,,,"tscolman@battelleecology.org","hoswald@battelleecology.org",,
"910f0ecd-2f81-4808-b8e1-3ca6386c01a5","9cd54951-aa7f-4b26-a12b-0b75c6b92d2c","JORN_031.mammalGrid.mam","D14","JORN","JORN_031","G3","distributed","shrubScrub",32.605410,-106.827426,"WGS84",45.3,1330.9,0.4,"6 - trap set and empty","ShermanXLK","2018-08-14","2018-08-14",,,,,,,,,,,,,,,,,,,,,,,,,,,,,,,,,,,,,,,"tscolman@battelleecology.org","hoswald@battelleecology.org",,
