uid,nightuid,namedLocation,domainID,siteID,plotID,collectDate,endDate,samplingProtocolVersion,remarks,dataQF
"119cd487-7819-463e-8326-52b9bbf15f98","DA1C6D372A3542F8AFDABFA43D3C5BBE","UNDE_027.mammalGrid.mam","D05","UNDE","UNDE_027","2016-09-01","2016-09-01","NEON.DOC.000481vH",,
"3a82db76-47bc-4f95-8bab-a1ecfeae3d00","2AE721E899AD44B98875D217255AACF8","UNDE_032.mammalGrid.mam","D05","UNDE","UNDE_032","2016-09-01","2016-09-01","NEON.DOC.000481vH","Limited processing was done due to time.",
"6da04131-cd49-4459-9ae0-102debae7548","8C6ED78922AD4766AEAD966EC1985292","UNDE_012.mammalGrid.mam","D05","UNDE","UNDE_012","2016-09-01","2016-09-01","NEON.DOC.000481vH","Limited processing due to time.",
"ab770097-7e2e-48c2-821f-4ad583f2433f","8F4887F878124CE280FD89E0D4CA7398","UNDE_027.mammalGrid.mam","D05","UNDE","UNDE_027","2016-09-02","2016-09-02","NEON.DOC.000481vH","Last day of bout was canceled due to cold temperatures and rain that night.",
"6f63d29e-eca7-4ae4-9239-4204094de2ac","9A36487EE2A44E1D8957F7FCD5275DA4","UNDE_032.mammalGrid.mam","D05","UNDE","UNDE_032","2016-09-02","2016-09-02","NEON.DOC.000481vH","Last day of bout was canceled due to cold temperatures and rain that night.",
"ad0511a8-53b7-468d-b1ae-898220d46d95","B0A8E74660B34AF99BAB66890B70D5AC","UNDE_012.mammalGrid.mam","D05","UNDE","UNDE_012","2016-09-02","2016-09-02","NEON.DOC.000481vH","Last day of bout was canceled due to cold temperatures (42 degrees F) and rain.",
