uid,nightuid,namedLocation,domainID,siteID,plotID,collectDate,endDate,samplingProtocolVersion,remarks,dataQF
"c0ebd422-ee7a-429e-88f2-06731d3a0c66","f6473081-9eaf-4ff2-8df3-b351701fd2dd","KONZ_005.mammalGrid.mam","D06","KONZ","KONZ_005","2018-06-04","2018-06-04","NEON.DOC.000481vK",,
"4a59e511-398f-4baa-a720-88a5d5fab2c2","d8446847-7757-45a0-9a6b-11810724907b","KONZ_003.mammalGrid.mam","D06","KONZ","KONZ_003","2018-06-04","2018-06-04","NEON.DOC.000481vK",,
"7d91e7fd-7514-42e7-bd91-7c0350581a8f","d72c54b2-8664-4461-be67-33f78a196484","KONZ_002.mammalGrid.mam","D06","KONZ","KONZ_002","2018-06-04","2018-06-04","NEON.DOC.000481vK",,
"ec4a265b-d436-4eb3-a025-bf70e4c10794","8738c20f-b671-4406-8ee8-309c71366a80","KONZ_001.mammalGrid.mam","D06","KONZ","KONZ_001","2018-06-06","2018-06-06","NEON.DOC.000481vK",,
"7e34b440-73ed-46c1-9a83-364331856331","d673465c-78f4-48d9-a2ec-840f685bb6df","KONZ_006.mammalGrid.mam","D06","KONZ","KONZ_006","2018-06-06","2018-06-06","NEON.DOC.000481vK",,
"2bf358c0-0dfc-41c2-9577-731223beaad7","50a0ffe3-d08a-4882-b97c-bbc61b047852","KONZ_027.mammalGrid.mam","D06","KONZ","KONZ_027","2018-06-06","2018-06-06","NEON.DOC.000481vK",,
"e0dfbe2f-b41a-4ee2-b397-ad2b04cca5e7","8fb3289a-f5ce-4fdc-b0ea-0d7d06b16c59","KONZ_006.mammalGrid.mam","D06","KONZ","KONZ_006","2018-06-07","2018-06-07","NEON.DOC.000481vK",,
"42a14818-52d3-4512-bb34-70ee4c72bc91","5aec394b-3fc5-4f9e-8876-4a4c3edc0f4d","KONZ_027.mammalGrid.mam","D06","KONZ","KONZ_027","2018-06-07","2018-06-07","NEON.DOC.000481vK",,
"47c13786-171e-4b97-8880-8a9570ed5516","d087f6fe-bfb9-410a-ab8a-426eaf74893d","KONZ_001.mammalGrid.mam","D06","KONZ","KONZ_001","2018-06-07","2018-06-07","NEON.DOC.000481vK",,
"9f148e7b-8470-46f0-9752-c941605e1a7d","d6f010a9-a058-45ac-8fc2-510a0aabeb56","KONZ_006.mammalGrid.mam","D06","KONZ","KONZ_006","2018-06-08","2018-06-08","NEON.DOC.000481vK",,
"1b338ddf-15c5-49b8-b2ea-229f1443c80e","6b40f64a-1cc7-4500-a778-733fd96480f8","KONZ_001.mammalGrid.mam","D06","KONZ","KONZ_001","2018-06-08","2018-06-08","NEON.DOC.000481vK",,
"1b32fdc3-552e-4166-803b-f84713e761a0","13607c86-b3bb-4e8c-a3bc-949438230ff9","KONZ_027.mammalGrid.mam","D06","KONZ","KONZ_027","2018-06-08","2018-06-08","NEON.DOC.000481vK",,
