uid,nightuid,namedLocation,domainID,siteID,plotID,collectDate,endDate,samplingProtocolVersion,remarks,dataQF
"1d844319-a951-4faf-b85d-d7d13415e5ee","7DF5DE57E9294D748F0EB36512D05D0B","MOAB_006.mammalGrid.mam","D13","MOAB","MOAB_006","2015-10-07","2015-10-07",,,
"0305b943-0c2c-40d0-b8c7-7bb20de985bc","F6D3DB15A3FE44B0826C0154DB70D184","MOAB_009.mammalGrid.mam","D13","MOAB","MOAB_009","2015-10-07","2015-10-07",,,
"5151de9e-038b-472c-9031-db8a36611ad1","22E9B2D3B3AD461880CDABC06B3001E1","MOAB_004.mammalGrid.mam","D13","MOAB","MOAB_004","2015-10-07","2015-10-07",,,
"4e3a6e44-eae7-4316-a556-d6ccb6f78c7b","5D64A9DBB97347D99C20FB4C279CB45A","MOAB_006.mammalGrid.mam","D13","MOAB","MOAB_006","2015-10-08","2015-10-08",,,
"bcf12100-54af-4031-9324-52b8da583174","F21E103814AE4BB8B25341B4E2773BA7","MOAB_009.mammalGrid.mam","D13","MOAB","MOAB_009","2015-10-08","2015-10-08",,,
"70c45893-fe56-4fef-8e0b-e1ce62e5bd9e","20F87E6CB0864357A0A211D9CEF34CD9","MOAB_002.mammalGrid.mam","D13","MOAB","MOAB_002","2015-10-08","2015-10-08",,,
"f95eaf13-ed07-451d-83f0-3f9719518834","0A1EAC477DAF4DCD8C2F13A4597FC5EE","MOAB_006.mammalGrid.mam","D13","MOAB","MOAB_006","2015-10-09","2015-10-09",,,
"5577d5c2-eae1-4355-b1d4-8b3900730696","71F4B005FB0E46C0B287408517116E8E","MOAB_009.mammalGrid.mam","D13","MOAB","MOAB_009","2015-10-09","2015-10-09",,,
