uid,nightuid,namedLocation,domainID,siteID,plotID,collectDate,endDate,samplingProtocolVersion,remarks,dataQF
"27dc25e5-810d-4820-b5b4-ce94b8e2be5f","d4a2c6cb-add1-4147-a678-ce3e724bfd40","KONZ_002.mammalGrid.mam","D06","KONZ","KONZ_002","2017-09-25","2017-09-25","NEON.DOC.000481vJ",,
"8362a9c2-c79c-46a4-ae79-ea9120f93312","136d8a30-d2eb-47f9-b107-5e49291e9f32","KONZ_005.mammalGrid.mam","D06","KONZ","KONZ_005","2017-09-25","2017-09-25","NEON.DOC.000481vJ",,
"c8ef9d54-86c5-4d14-a27e-efd265bf078e","b35ab0c3-1a6b-4681-a27d-57b2c0539fbd","KONZ_003.mammalGrid.mam","D06","KONZ","KONZ_003","2017-09-25","2017-09-25","NEON.DOC.000481vJ",,
"2f1516d2-6cb3-4adb-a1eb-6f57e3c5a314","86e61c68-d482-4180-8fd0-6dca8c4df251","KONZ_027.mammalGrid.mam","D06","KONZ","KONZ_027","2017-09-27","2017-09-27","NEON.DOC.000481vJ",,
"4f62f232-9f8f-4244-bf58-068ee6fcf739","47560802-4766-4767-84c6-35ba8ce0541b","KONZ_006.mammalGrid.mam","D06","KONZ","KONZ_006","2017-09-27","2017-09-27","NEON.DOC.000481vJ",,
"0e757cea-ad9f-414c-b10b-73a1f8c11050","64928e05-9322-4384-a9a5-a4b516a4f911","KONZ_001.mammalGrid.mam","D06","KONZ","KONZ_001","2017-09-27","2017-09-27","NEON.DOC.000481vJ",,
"6eb6f5dc-b914-4f1a-85d8-8ba93e10bcad","392f7c3b-c1b4-4eda-b0ee-08edecd8de98","KONZ_001.mammalGrid.mam","D06","KONZ","KONZ_001","2017-09-28","2017-09-28","NEON.DOC.000481vJ",,
"39550cf1-65b8-4680-bcc1-fe43eaa78f16","3c72d48b-dac1-452f-91e0-c592f6f7b8ca","KONZ_006.mammalGrid.mam","D06","KONZ","KONZ_006","2017-09-28","2017-09-28","NEON.DOC.000481vJ","Over 30 captures",
"4995936b-80b8-4621-8e1b-94f7da47d57b","d1d1ff64-da4a-4aa1-8580-57dfe0a2f631","KONZ_027.mammalGrid.mam","D06","KONZ","KONZ_027","2017-09-28","2017-09-28","NEON.DOC.000481vJ",,
"d4d33008-8272-4a41-a656-9fdae19bf8d1","c6d2f745-33e8-4605-b37c-17028ddff130","KONZ_001.mammalGrid.mam","D06","KONZ","KONZ_001","2017-09-29","2017-09-29","NEON.DOC.000481vJ",,
"21f2f5f1-d6e1-40dd-8ee4-061866f97292","0507e7f6-d322-4df0-aabc-2f03169654b0","KONZ_006.mammalGrid.mam","D06","KONZ","KONZ_006","2017-09-29","2017-09-29","NEON.DOC.000481vJ",,
