uid,nightuid,namedLocation,domainID,siteID,plotID,collectDate,endDate,samplingProtocolVersion,remarks,dataQF
"85ca53c8-33e7-4747-8922-459188771a3d","FFEDC3758BC04F2BA46BD66915AFCB00","STEI_002.mammalGrid.mam","D05","STEI","STEI_002","2016-07-26","2016-07-26","NEON.DOC.000481vH",,
"3f75aacc-9649-4ed3-9779-cb8e7708d25e","0800E49102084330A0AB1F15485291AC","STEI_005.mammalGrid.mam","D05","STEI","STEI_005","2016-07-26","2016-07-26","NEON.DOC.000481vH",,
"fa92e8b5-72a4-4ba7-9dfb-a8412e86c251","364BF19878914736B3415171F10315F7","STEI_012.mammalGrid.mam","D05","STEI","STEI_012","2016-07-26","2016-07-26","NEON.DOC.000481vH",,
"8a5f950b-7de6-43b1-aac7-74a28b6f9074","5B3F17A835B44ECD9B45BA9A7026EFAD","STEI_005.mammalGrid.mam","D05","STEI","STEI_005","2016-07-27","2016-07-27","NEON.DOC.000481vH","Performed limited data collection on all animals",
"80bac09a-6237-4d28-b0be-f10f76e1640d","F6035F37AAB845B884724C6BF98C6FE2","STEI_012.mammalGrid.mam","D05","STEI","STEI_012","2016-07-27","2016-07-27","NEON.DOC.000481vH",,
"f86c6b8a-e08f-49dc-81ad-308e37c18569","3CAE6D20AB654DE5AC033DEE52B92313","STEI_002.mammalGrid.mam","D05","STEI","STEI_002","2016-07-27","2016-07-27","NEON.DOC.000481vH",,
"7c0e9d93-8e30-4e63-a430-d38f3a5cbcde","01549436D5B0460DA1F15F99900B25EC","STEI_005.mammalGrid.mam","D05","STEI","STEI_005","2016-07-28","2016-07-28","NEON.DOC.000481vH",,
"8608f8ed-1aee-4043-96c5-b5d8327a7398","5C28A0202BF1482B9B887A4B60FF7CDB","STEI_002.mammalGrid.mam","D05","STEI","STEI_002","2016-07-28","2016-07-28","NEON.DOC.000481vH","Limited processing because of time",
"5441f5ea-e566-41d8-8a02-9b32c715aa13","A8BF67580FA3479E9D6F5FD977072BD4","STEI_012.mammalGrid.mam","D05","STEI","STEI_012","2016-07-28","2016-07-28","NEON.DOC.000481vH","Performed limited processing.",
"7a504137-7044-46d4-97e2-f736bdc1f51f","73F2ABA7A20E44139C3C89E6F1DE9119","STEI_019.mammalGrid.mam","D05","STEI","STEI_019","2016-07-29","2016-07-29","NEON.DOC.000481vH",,
"552396a5-2d32-4193-9164-3dc82d2c5830","259B04837A8842C79F60E3BF85F3A232","STEI_001.mammalGrid.mam","D05","STEI","STEI_001","2016-07-29","2016-07-29","NEON.DOC.000481vH",,
