uid,nightuid,namedLocation,domainID,siteID,plotID,collectDate,endDate,samplingProtocolVersion,remarks,dataQF
"96674a83-4bad-4f80-a4f7-ffa9d066581f","09f2e857-675c-46a1-a75a-7e1f03fb6a50","TREE_027.mammalGrid.mam","D05","TREE","TREE_027","2018-06-19","2018-06-19","NEON.DOC.000481vK",,
"87d8191d-124b-4ddc-8c1a-9fe14ce2ebe4","8892e748-5d5c-4033-a51a-d2855b212079","TREE_004.mammalGrid.mam","D05","TREE","TREE_004","2018-06-19","2018-06-19","NEON.DOC.000481vK",,
"849ffd0d-b6e7-47e4-a003-e0c74157d56c","0c70ee58-8c0b-4a9a-96a4-ccaa03932b74","TREE_002.mammalGrid.mam","D05","TREE","TREE_002","2018-06-19","2018-06-19","NEON.DOC.000481vK",,
"f351a353-17b5-42a4-aeb1-3271f33c3d1a","69d345d5-30a4-4a9f-9799-14e38fe55817","TREE_028.mammalGrid.mam","D05","TREE","TREE_028","2018-06-20","2018-06-20","NEON.DOC.000481vK",,
"4385f04c-31a1-48e2-969c-6c3150a107d3","bdf5f1e2-5abf-4d9e-aae5-35c866dd06c2","TREE_016.mammalGrid.mam","D05","TREE","TREE_016","2018-06-20","2018-06-20","NEON.DOC.000481vK",,
"b32c915d-72ce-476c-ac6c-4ffe04d78eaa","5ceec9a0-e326-46f6-9898-d4f0e08b4fd2","TREE_019.mammalGrid.mam","D05","TREE","TREE_019","2018-06-20","2018-06-20","NEON.DOC.000481vK",,
"a6239ff4-97cb-4fdc-944a-d09a9b9d15c1","99c62903-4e15-460e-a8e8-77eb2bbad4ca","TREE_016.mammalGrid.mam","D05","TREE","TREE_016","2018-06-21","2018-06-21","NEON.DOC.000481vK",,
"64c4f207-914b-4da7-b479-f30052a93f8c","d533f43a-c2a0-4c63-bba6-377b165659af","TREE_028.mammalGrid.mam","D05","TREE","TREE_028","2018-06-21","2018-06-21","NEON.DOC.000481vK",,
"d0b3f6fe-6edb-4171-90be-ad7f40139af6","a272ba23-4fcb-4da4-99ac-68860fb61a87","TREE_019.mammalGrid.mam","D05","TREE","TREE_019","2018-06-21","2018-06-21","NEON.DOC.000481vK",,
"e87fc53f-549a-49b0-8496-36bcdd8d0454","c82eaf31-d629-4cfd-8816-a1699c188231","TREE_019.mammalGrid.mam","D05","TREE","TREE_019","2018-06-22","2018-06-22","NEON.DOC.000481vK",,
"34dfd936-d30d-4bca-92d7-b675c2317611","c184898e-0b17-4863-9fe0-291e795e15c9","TREE_028.mammalGrid.mam","D05","TREE","TREE_028","2018-06-22","2018-06-22","NEON.DOC.000481vK",,
"439bd052-1db0-4664-9b7c-b098a38f4be9","8b370f17-83ad-4708-b2c7-320f5f88c207","TREE_016.mammalGrid.mam","D05","TREE","TREE_016","2018-06-22","2018-06-22","NEON.DOC.000481vK","Bear damaged or disturbed 85 traps",
