uid,nightuid,namedLocation,domainID,siteID,plotID,collectDate,endDate,samplingProtocolVersion,remarks,dataQF
"5bccf0e0-2a81-4dba-a1c4-8074261387cb","E98C3F3FCA254552A18328985A94266C","SERC_015.mammalGrid.mam","D02","SERC","SERC_015","2015-10-20","2015-10-20",,,
"83324b0c-d1fb-4a65-afc2-5f8340fb7681","12DFC64427914CD9B704265C60522723","SERC_008.mammalGrid.mam","D02","SERC","SERC_008","2015-10-20","2015-10-20",,,
"6884feee-f5f7-45f8-bf19-abe3e8c88507","336E01423015452BA029E0417F681C64","SERC_014.mammalGrid.mam","D02","SERC","SERC_014","2015-10-20","2015-10-20",,,
"23fea88f-12be-4b49-9b8a-5e52159f90bc","341FBA18C4FB40B28D87DBA069C963DD","SERC_007.mammalGrid.mam","D02","SERC","SERC_007","2015-10-20","2015-10-20",,,
"523911bb-5e16-4f6a-93c2-554b090b9885","1F459064230546A5B1EB45ECBDD61F56","SERC_011.mammalGrid.mam","D02","SERC","SERC_011","2015-10-21","2015-10-21",,"Construction on the road by the 10 line has started. Expected to last at least a year.",
"81ff9753-2868-4643-b787-1fd4bb3ca00a","603348EAEDB741BB81FA993F6CA6092B","SERC_014.mammalGrid.mam","D02","SERC","SERC_014","2015-10-21","2015-10-21",,,
"f4499e6c-daff-42e3-94a3-ee2f197c912f","00C6F39AE6D24F34B800679682F2F5B4","SERC_015.mammalGrid.mam","D02","SERC","SERC_015","2015-10-21","2015-10-21",,,
"8e94bd3d-2879-4af3-b66f-58cb711f398b","EAB6BAF1FDDF4A87938A6252558D2615","SERC_031.mammalGrid.mam","D02","SERC","SERC_031","2015-10-21","2015-10-21",,,
"ae011072-2425-45c6-8a79-b5301b5ea65e","D221207CA06E44EF9EC46557ABC1B908","SERC_032.mammalGrid.mam","D02","SERC","SERC_032","2015-10-22","2015-10-22",,,
"2939c1e8-d922-4e94-94eb-8a4fa42be13b","005B035D439B4D93BE49A47E51B809EB","SERC_016.mammalGrid.mam","D02","SERC","SERC_016","2015-10-22","2015-10-22",,,
"8f636acd-8a63-4249-8e16-141303c972e5","CA1307672D4F4277B4E8DA5F60A358A6","SERC_014.mammalGrid.mam","D02","SERC","SERC_014","2015-10-22","2015-10-22",,,
"30ad4b6d-6a7e-44df-afca-d86a48ade2c4","959D444DC5114F3B8928631E1F405CE2","SERC_015.mammalGrid.mam","D02","SERC","SERC_015","2015-10-22","2015-10-22",,,
