uid,nightuid,namedLocation,domainID,siteID,plotID,collectDate,endDate,samplingProtocolVersion,remarks,dataQF
"ae1edd7d-dd8c-4d12-97e7-787521cc871a","7eb18d08-4cec-45b8-9681-bf066fd7e70f","SERC_007.mammalGrid.mam","D02","SERC","SERC_007","2017-06-27","2017-06-27","NEON.DOC.000481vJ",,
"c56bdfb7-5f26-4c36-a409-3f553bf53f58","59724f94-4a3a-4032-919b-1d4f10dbc5d2","SERC_014.mammalGrid.mam","D02","SERC","SERC_014","2017-06-27","2017-06-27","NEON.DOC.000481vJ",,
"ed750912-b1e0-497c-92bb-f318d98c6985","8c975463-bfa0-4f5d-ba3e-ea9329c84bcf","SERC_011.mammalGrid.mam","D02","SERC","SERC_011","2017-06-27","2017-06-27","NEON.DOC.000481vJ",,
"a12255a0-fd02-4e00-a5d7-9089693c27c0","9ae63a04-d480-40b6-8658-354f0e9ad682","SERC_015.mammalGrid.mam","D02","SERC","SERC_015","2017-06-27","2017-06-27","NEON.DOC.000481vJ",,
"3bd542cb-f489-47dd-8e04-e25a12af5d25","64b4ba99-2c55-4307-b3fb-6f3cd4270dee","SERC_032.mammalGrid.mam","D02","SERC","SERC_032","2017-06-28","2017-06-28","NEON.DOC.000481vJ",,
"b822eb14-3a5e-43b3-ba0e-5d8bccbe79be","d6d631c8-6e08-4943-abf0-141da51b5bc8","SERC_016.mammalGrid.mam","D02","SERC","SERC_016","2017-06-28","2017-06-28","NEON.DOC.000481vJ",,
"cba89bac-32dc-43b7-b1a4-c93c4d3cd9f3","d7e1c258-e4f5-435d-8e27-7c4f6af5bfe3","SERC_015.mammalGrid.mam","D02","SERC","SERC_015","2017-06-28","2017-06-28","NEON.DOC.000481vJ",,
"4b9077db-c69c-4918-9e89-a66fe8ff163f","da7c2dc9-7a9d-4e45-affd-50d61ac89d3f","SERC_011.mammalGrid.mam","D02","SERC","SERC_011","2017-06-28","2017-06-28","NEON.DOC.000481vJ",,
"d205a2f4-0149-4211-b5a0-f6e49a65eda6","3f3dc4b7-696d-4fca-880c-65872e719268","SERC_008.mammalGrid.mam","D02","SERC","SERC_008","2017-06-29","2017-06-29","NEON.DOC.000481vJ",,
"a5143f28-6697-4b4e-9d2c-5398ff915ccc","b19b0216-864c-4d83-87fb-42127ada34d0","SERC_015.mammalGrid.mam","D02","SERC","SERC_015","2017-06-29","2017-06-29","NEON.DOC.000481vJ",,
"2e986ad4-5760-483f-aeec-f0c6394448d8","3cb17804-7286-4ecc-a48f-db8e330b3dff","SERC_011.mammalGrid.mam","D02","SERC","SERC_011","2017-06-29","2017-06-29","NEON.DOC.000481vJ","Feces not collected from individuals that we already collected species from earlier in the week",
"33247245-a456-4920-a986-b2ec7a9cd8ed","cf5eb00b-3627-4e45-8581-d42573e0b242","SERC_031.mammalGrid.mam","D02","SERC","SERC_031","2017-06-29","2017-06-29","NEON.DOC.000481vJ",,
