uid,nightuid,namedLocation,domainID,siteID,plotID,collectDate,endDate,samplingProtocolVersion,remarks,dataQF
"35a13768-dc1e-41d7-a1d6-1536ccc6ffd8","EB9FA7F6053E4662A1CD00C21A88B7AF","SCBI_004.mammalGrid.mam","D02","SCBI","SCBI_004","2014-09-17","2014-09-17",,,
"adfd581e-546f-45d5-ad11-309d381829d5","930A91152305452C9EFA00C25EE10BAB","SCBI_003.mammalGrid.mam","D02","SCBI","SCBI_003","2014-09-17","2014-09-17",,,
"bcf9fb4f-b73d-4547-bfd8-c701e29c4e4c","BD319DDCE41F46C6A9EB94CCB4F9D386","SCBI_002.mammalGrid.mam","D02","SCBI","SCBI_002","2014-09-17","2014-09-17",,,
"dbaee80b-6c36-4a61-bdfc-e6424acd0b6f","6DA941E712F04FB792C617843E44639C","SCBI_003.mammalGrid.mam","D02","SCBI","SCBI_003","2014-09-18","2014-09-18",,"High trap disturbance, likely due to resident black bear",
"b023b90a-8794-4067-b7fb-ea56d2c28467","CE58669324CD4053B2075EC168CE9528","SCBI_004.mammalGrid.mam","D02","SCBI","SCBI_004","2014-09-18","2014-09-18",,,
"bb548ea8-06b8-4ff5-97ab-36e97d5685a7","0DF20C05463E410A8DA48D5AE74107CD","SCBI_002.mammalGrid.mam","D02","SCBI","SCBI_002","2014-09-18","2014-09-18",,,
"e6dd1f83-4dc3-4a26-a2bc-cfb15589d8b6","EF8745DF8FB441D9A8E24F09B65C5858","SCBI_004.mammalGrid.mam","D02","SCBI","SCBI_004","2014-09-19","2014-09-19",,,
"fb18e608-bbe0-4d1a-9d3c-481528e36030","BC5CBE64B4E34097BD70A33AF5A03464","SCBI_003.mammalGrid.mam","D02","SCBI","SCBI_003","2014-09-19","2014-09-19",,"Many traps disturbed, 1 destroyed. Likely due to black bear",
"77510949-19ae-4ade-b834-8f13407efb0c","D870E3179C684A34AAC4E5D4B83FF808","SCBI_002.mammalGrid.mam","D02","SCBI","SCBI_002","2014-09-19","2014-09-19",,,
"108ec789-ce92-444f-af1e-1fc2bcffb077","C9EEFC15480A42EDBBF75D132D364E17","SCBI_008.mammalGrid.mam","D02","SCBI","SCBI_008","2014-09-22","2014-09-22",,,
"48280ec2-eeae-4581-9425-8d1a9f01a59f","F49207BBCD0E451199F97E383E9B7C5E","SCBI_035.mammalGrid.mam","D02","SCBI","SCBI_035","2014-09-22","2014-09-22",,,
"8652956d-5ca1-4877-b021-cd361599a1be","9D89F10B75764D42BFDD8A8FFC11B394","SCBI_008.mammalGrid.mam","D02","SCBI","SCBI_008","2014-09-23","2014-09-23",,,
"7e01a1f9-e11c-499d-93c2-181557e50f63","6F0DF1B2C8D9422DB26220827E84EBFC","SCBI_035.mammalGrid.mam","D02","SCBI","SCBI_035","2014-09-23","2014-09-23",,,
"46ce384b-6589-4ee5-b924-8d1ee4d88742","1C3CED100B9E4640BDDC847626C880CF","SCBI_035.mammalGrid.mam","D02","SCBI","SCBI_035","2014-09-24","2014-09-24",,,
"7fc79e01-078d-4c43-8418-cd563223813c","CF85940294724777B88AFF948C331AF5","SCBI_008.mammalGrid.mam","D02","SCBI","SCBI_008","2014-09-24","2014-09-24",,,
