uid,nightuid,namedLocation,domainID,siteID,plotID,collectDate,endDate,samplingProtocolVersion,remarks,dataQF
"167bd9ad-b3ae-4a45-95a2-22cf366af2d1","d9f4e095-6d9e-484a-9cff-f9a4dee104bd","TOOL_076.mammalGrid.mam","D18","TOOL","TOOL_076","2017-07-18","2017-07-18","NEON.DOC.000481vJ","No Captures No Disturbances",
"6f08e0f0-9ef6-4c1a-b6a4-f833285ed974","d2f0fc46-d2b2-4813-ae17-d7e3a2da2379","TOOL_073.mammalGrid.mam","D18","TOOL","TOOL_073","2017-07-18","2017-07-18","NEON.DOC.000481vJ",,
"5f95fe65-9c1b-4752-b35a-ba0f1fc9422e","ba92fe92-40df-4e57-92be-491176cca890","TOOL_078.mammalGrid.mam","D18","TOOL","TOOL_078","2017-07-18","2017-07-18","NEON.DOC.000481vJ",,
"8be4eff1-a6a9-4ba8-a8de-a4b84086301a","12963e20-8918-4cb0-8983-1e3fbf844a91","TOOL_076.mammalGrid.mam","D18","TOOL","TOOL_076","2017-07-19","2017-07-19","NEON.DOC.000481vJ","Heavy Rain Likely Disturbed Traps",
"8939e601-f49c-4de5-94bb-c4ee8ee37a33","742f82a3-2647-4b08-810e-e1ea8fb843a5","TOOL_077.mammalGrid.mam","D18","TOOL","TOOL_077","2017-07-19","2017-07-19","NEON.DOC.000481vJ","No Captures No Disturbances",
"4a30ec80-394a-41a5-a769-73cf3c99e81c","1affbe49-4054-446d-83e0-07800b4a0f57","TOOL_002.mammalGrid.mam","D18","TOOL","TOOL_002","2017-07-19","2017-07-19","NEON.DOC.000481vJ",,
"ee16074a-1a5d-452e-8e47-616da573a26f","5655a7cc-a0af-46aa-84cd-c58233fdc3d6","TOOL_078.mammalGrid.mam","D18","TOOL","TOOL_078","2017-07-19","2017-07-19","NEON.DOC.000481vH",,
"52460f1e-c828-47ec-9f67-e42642e87aa9","50f5f759-1d94-42ad-87c5-814b9d6cd937","TOOL_073.mammalGrid.mam","D18","TOOL","TOOL_073","2017-07-19","2017-07-19","NEON.DOC.000481vJ",,
"a21834c9-952c-47a1-9a21-3a69611014b7","d55da1b0-6282-43ee-8098-5d48e501e86c","TOOL_073.mammalGrid.mam","D18","TOOL","TOOL_073","2017-07-20","2017-07-20","NEON.DOC.000481vJ","Heavy Rain Likely Disturbed Traps",
"e3138d76-feb6-487d-bc84-0e0592f54354","b6601b7e-7973-4143-ba3d-b7f5ab7be5af","TOOL_076.mammalGrid.mam","D18","TOOL","TOOL_076","2017-07-20","2017-07-20","NEON.DOC.000481vJ",,
"927d252a-7189-4a4a-b8b3-c72efdb4113b","0b4ad155-73cb-4bcf-9379-4177e46818a8","TOOL_078.mammalGrid.mam","D18","TOOL","TOOL_078","2017-07-20","2017-07-20","NEON.DOC.000481vJ",,
"c8523a22-192b-4032-a697-1c1509b2aa0f","2a5d9720-5c38-45d8-bfbb-bcb31e680a35","TOOL_031.mammalGrid.mam","D18","TOOL","TOOL_031","2017-07-20","2017-07-20","NEON.DOC.000481vJ","No Captures No Disturbances",
"f08b8b1a-c6c0-44f5-85ca-0077cbff0255","d7004145-755a-46e4-99ed-a6956ba93ab9","TOOL_071.mammalGrid.mam","D18","TOOL","TOOL_071","2017-07-21","2017-07-21","NEON.DOC.000481vJ","No Captures No Disturbances",
