uid,nightuid,namedLocation,domainID,siteID,plotID,collectDate,endDate,samplingProtocolVersion,remarks,dataQF
"082623db-452b-4c47-b2c4-53a70aa244bd","b084a35f-2e22-4955-bd0f-7c65158d4843","ONAQ_020.mammalGrid.mam","D15","ONAQ","ONAQ_020","2018-07-13","2018-07-13","NEON.DOC.000481vK",,
"d7e5d31c-465b-46c4-91a4-3b42adfd647f","a39f838f-d4f3-4f80-9aa6-52313f487f82","ONAQ_003.mammalGrid.mam","D15","ONAQ","ONAQ_003","2018-07-13","2018-07-13","NEON.DOC.000481vK",,
"be105527-1538-43c2-bc81-c75fb6da767e","d1d258c1-037b-4072-8b30-52eaa6a2a392","ONAQ_005.mammalGrid.mam","D15","ONAQ","ONAQ_005","2018-07-13","2018-07-13","NEON.DOC.000481vK",,
"00215fe1-d943-49f0-a6ed-e2b57e18e997","22afcc54-6d7e-445b-82d5-a703aa4ee70c","ONAQ_005.mammalGrid.mam","D15","ONAQ","ONAQ_005","2018-07-14","2018-07-14","NEON.DOC.000481vK",,
"be083698-9bb7-4292-92af-f26967129cd9","f2e5a693-9b30-4b61-b914-647af15f1b29","ONAQ_020.mammalGrid.mam","D15","ONAQ","ONAQ_020","2018-07-14","2018-07-14","NEON.DOC.000481vK",,
"56eb3b08-16b5-4d5a-aa04-8547697d79f4","3dafdce8-aed5-46af-b524-fccb98679a8e","ONAQ_003.mammalGrid.mam","D15","ONAQ","ONAQ_003","2018-07-14","2018-07-14","NEON.DOC.000481vK",,
"249b3b11-1585-48de-9779-b6e4f2ff9ee0","dfccd49e-07a2-4f0a-be2c-ab344e1f8eb9","ONAQ_003.mammalGrid.mam","D15","ONAQ","ONAQ_003","2018-07-15","2018-07-15","NEON.DOC.000481vK",,
"c5d3b69c-4eb3-4e2c-beff-6d87c3cef910","ba8001d1-663c-4861-804c-e9cd2f9ab6f7","ONAQ_020.mammalGrid.mam","D15","ONAQ","ONAQ_020","2018-07-15","2018-07-15","NEON.DOC.000481vK",,
"9604396a-e9bf-4aed-a5a3-9e3f504ba6e7","d1ec4bcf-01a1-4c54-8251-6cc885ee376d","ONAQ_005.mammalGrid.mam","D15","ONAQ","ONAQ_005","2018-07-15","2018-07-15","NEON.DOC.000481vK",,
"efb6ab72-1b85-4ac3-8941-8904024868a4","66160ec3-280c-4ff0-90bf-64914df2eee3","ONAQ_023.mammalGrid.mam","D15","ONAQ","ONAQ_023","2018-07-16","2018-07-16","NEON.DOC.000481vK",,
"72b897f9-65cf-480c-a821-3f5633ec5c55","20481fd3-d16f-4e42-a10c-dab7b4564557","ONAQ_004.mammalGrid.mam","D15","ONAQ","ONAQ_004","2018-07-16","2018-07-16","NEON.DOC.000481vK",,
"b383402e-4040-4219-9879-4437477f97d4","ee761385-381d-4470-a101-af907b3c8c80","ONAQ_019.mammalGrid.mam","D15","ONAQ","ONAQ_019","2018-07-16","2018-07-16","NEON.DOC.000481vK",,
