uid,nightuid,namedLocation,domainID,siteID,plotID,collectDate,endDate,samplingProtocolVersion,remarks,dataQF
"92b710ac-e634-4a6e-8ea2-33de4a622837","8d523699-22ae-4c0b-a6e6-e0830801074e","SJER_033.mammalGrid.mam","D17","SJER","SJER_033","2017-05-23","2017-05-23","NEON.DOC.000481vG",,
"6daa6afd-98ef-45eb-bbc3-cf05c96e235e","1b140eaf-6baa-4070-8aed-ea554b11ab92","SJER_007.mammalGrid.mam","D17","SJER","SJER_007","2017-05-23","2017-05-23","NEON.DOC.000481vG",,
"b327f8c8-9ee7-4706-92a5-f3d56b6dc2f2","f8dd7d04-64bc-48e2-8961-e5e2fd5ffca8","SJER_006.mammalGrid.mam","D17","SJER","SJER_006","2017-05-23","2017-05-23","NEON.DOC.000481vG",,
"02b27efd-590e-49b5-a520-38a97c7daedc","9755d5ea-9574-4e28-af3f-5e311bad0592","SJER_033.mammalGrid.mam","D17","SJER","SJER_033","2017-05-24","2017-05-24","NEON.DOC.000481vG",,
"e299dade-ffe9-41c3-8dbd-0586346d1e79","78653851-967a-49a2-b8d7-1866c84780d7","SJER_032.mammalGrid.mam","D17","SJER","SJER_032","2017-05-24","2017-05-24","NEON.DOC.000481vH",,
"3b21ba98-69ac-414c-b19a-c8235ceae4e0","dd0023af-2ab8-49a2-a795-a090fd44dd9d","SJER_002.mammalGrid.mam","D17","SJER","SJER_002","2017-05-24","2017-05-24","NEON.DOC.000481vG",,
"28ee35d8-4630-48e5-ac46-f6d9103d53ba","46fa9c74-1df5-457b-ad90-2116b38eed4b","SJER_013.mammalGrid.mam","D17","SJER","SJER_013","2017-05-24","2017-05-24",,,
"ab469519-6d57-431b-a7af-1c16e5718513","32f339b8-4d9e-4674-bb09-f6304dfc5872","SJER_033.mammalGrid.mam","D17","SJER","SJER_033","2017-05-25","2017-05-25","NEON.DOC.000481vG",,
"6e49c6d1-5d58-42f8-92f4-6b14b9f33508","ad4aa65c-3bc3-4d5d-9dc7-a6886ff6e718","SJER_002.mammalGrid.mam","D17","SJER","SJER_002","2017-05-25","2017-05-25","NEON.DOC.000481vG",,
"a775ef95-4283-49c2-9b22-ef92c40b12b7","b706bafb-3bab-4a06-971c-e135324bf0ac","SJER_032.mammalGrid.mam","D17","SJER","SJER_032","2017-05-25","2017-05-25","NEON.DOC.000481vG",,
"92b3a25c-fb5c-4eb1-ad8e-c37843c7acf2","1f94ae7b-a796-4102-8275-432d789384b6","SJER_009.mammalGrid.mam","D17","SJER","SJER_009","2017-05-25","2017-05-25","NEON.DOC.000481vG",,
"527862c1-fdf4-4234-9d3c-ee57aa2822e9","19ce2b45-89cd-475c-a117-4dd862668ff3","SJER_002.mammalGrid.mam","D17","SJER","SJER_002","2017-05-26","2017-05-26",,"No captures",
"98527176-f349-403a-a3de-f6905671a922","eb0274f3-6b6c-4736-8636-199ce6023b3f","SJER_032.mammalGrid.mam","D17","SJER","SJER_032","2017-05-26","2017-05-26",,,
"7b868b47-3d9d-4d66-9e5b-1e5ec9bf3d35","96d011b0-9ffb-4a9f-ba52-530e59572df1","SJER_010.mammalGrid.mam","D17","SJER","SJER_010","2017-05-26","2017-05-26",,,
