uid,nightuid,namedLocation,domainID,siteID,plotID,collectDate,endDate,samplingProtocolVersion,remarks,dataQF
"931500ac-e518-4d6e-abba-fcac128bc845","BBF333C97C164260A4BE021CCF80082C","HARV_023.mammalGrid.mam","D01","HARV","HARV_023","2015-08-10","2015-08-10",,,
"65d385f3-bae4-4f15-bb22-3342bd3f44e9","ABF503DCFEB246CF90E93E2B9884D3F4","HARV_021.mammalGrid.mam","D01","HARV","HARV_021","2015-08-10","2015-08-10",,,
"0acee64d-e3db-441f-a18e-caf262166f1b","215B483A1D4D4D888720ECCD7B126DD4","HARV_008.mammalGrid.mam","D01","HARV","HARV_008","2015-08-10","2015-08-10",,,
"e35ac585-b1e6-4e0b-b4b7-35c74b571633","7A3C9084999D42C2B23A2B00263D14E0","HARV_021.mammalGrid.mam","D01","HARV","HARV_021","2015-08-11","2015-08-11",,,
"79135e5e-d69e-4e02-822c-b9f9726aef08","244933C82D8846C9B680ADD48E6E8A5C","HARV_023.mammalGrid.mam","D01","HARV","HARV_023","2015-08-11","2015-08-11",,,
"92f86d0a-d58e-4780-9cca-a9cd76cac4f8","7CE2D577307D4F3C846CED24E7923114","HARV_023.mammalGrid.mam","D01","HARV","HARV_023","2015-08-12","2015-08-12",,,
"278c5dd7-621b-45ac-8893-0d56e87ed9da","F9FAE0AF791A407C9422B09AC24E2645","HARV_021.mammalGrid.mam","D01","HARV","HARV_021","2015-08-12","2015-08-12",,,
"0eb1aa8c-e614-425c-9125-12e6ba93e056","9A5D12A819CB4545A348C3536F4C683E","HARV_014.mammalGrid.mam","D01","HARV","HARV_014","2015-08-13","2015-08-13",,,
"ad58a88b-11f7-4a54-8052-b52637607db6","99807DD968654F0995EEC98EB7E37E9B","HARV_006.mammalGrid.mam","D01","HARV","HARV_006","2015-08-13","2015-08-13",,,
"16ced4b1-bff0-42a6-a2d2-ae221c3dddd7","D394B43A8D954584AE63E87BFB6D1A87","HARV_032.mammalGrid.mam","D01","HARV","HARV_032","2015-08-13","2015-08-13",,,
"6d62af64-592e-4ebf-8acf-452f19b841b1","227B55087BAC40F383D52E930F669FBB","HARV_001.mammalGrid.mam","D01","HARV","HARV_001","2015-08-14","2015-08-14",,,
"30cffeae-b474-4a4f-874e-3a06242c1ab2","4818A3864E8E4A62A5539397E083906C","HARV_010.mammalGrid.mam","D01","HARV","HARV_010","2015-08-14","2015-08-14",,,
