uid,nightuid,namedLocation,domainID,siteID,plotID,collectDate,endDate,samplingProtocolVersion,remarks,dataQF
"34a229f4-6cd2-4b7f-8fd7-c0c3bb967322","ecd17886-94e6-4832-983b-93dd4fcab436","NIWO_025.mammalGrid.mam","D13","NIWO","NIWO_025","2017-09-19","2017-09-19","NEON.DOC.000481vJ",,
"6ba9d3d7-562b-4b6c-b545-a25ec7effdc5","1f94cd10-b1f6-4439-8582-70a108e24162","NIWO_002.mammalGrid.mam","D13","NIWO","NIWO_002","2017-09-19","2017-09-19","NEON.DOC.000481vJ",,
"fa17949d-dc19-4a57-b15c-2863beacb7f7","11b786e1-401f-4ad2-95a7-869e33b0330a","NIWO_007.mammalGrid.mam","D13","NIWO","NIWO_007","2017-09-19","2017-09-19","NEON.DOC.000481vJ",,
"f7220b4a-0cd4-4b8f-8da1-06b3987b3b60","127e6774-d8e4-4bc1-bf38-a04c28ddfe81","NIWO_001.mammalGrid.mam","D13","NIWO","NIWO_001","2017-09-19","2017-09-19","NEON.DOC.000481vJ",,
"ead4836c-1f86-4cf6-a505-b9a86803d63b","d69bb5b7-40b4-4ae6-a6a4-bdbe878171f4","NIWO_023.mammalGrid.mam","D13","NIWO","NIWO_023","2017-09-19","2017-09-19","NEON.DOC.000481vJ","Fulcrum data deleted in the field so only samples are available for captures.",
"fc12354c-7f0b-4fb7-83b6-acd297072edb","48a53f40-86f4-4a8a-ada4-390d52db63b0","NIWO_023.mammalGrid.mam","D13","NIWO","NIWO_023","2017-09-20","2017-09-20","NEON.DOC.000481vJ",,
"981a8396-bcbe-4927-9244-326983c020b3","9559e170-7288-4662-a864-424266c3e6e4","NIWO_005.mammalGrid.mam","D13","NIWO","NIWO_005","2017-09-20","2017-09-20","NEON.DOC.000481vJ",,
"ca4045fe-13b1-4659-8718-d91331153335","087ec3a0-00c5-4ad3-96f9-907bc7d43626","NIWO_007.mammalGrid.mam","D13","NIWO","NIWO_007","2017-09-20","2017-09-20","NEON.DOC.000481vJ",,
"1c98dc47-8050-4314-a121-fe36c5c822bd","1bfd2f76-3ff4-4fc2-a618-492d7e7d4faa","NIWO_002.mammalGrid.mam","D13","NIWO","NIWO_002","2017-09-20","2017-09-20","NEON.DOC.000481vJ",,
"b157ad89-f587-4520-85ac-585190b99f57","f7777fe6-5bc9-4dbe-af50-b784db47b172","NIWO_002.mammalGrid.mam","D13","NIWO","NIWO_002","2017-09-21","2017-09-21",,,
"a4556097-fb91-4aec-87e1-7a38e9b9d72d","78efe8b7-f297-48ab-a453-019a574d3f83","NIWO_007.mammalGrid.mam","D13","NIWO","NIWO_007","2017-09-21","2017-09-21",,,
"c1896a6e-65c2-49c9-a571-afe35e8fc4f7","0b84be19-d2df-4c30-bb6e-29fa64fbaf43","NIWO_023.mammalGrid.mam","D13","NIWO","NIWO_023","2017-09-21","2017-09-21",,,
