uid,nightuid,namedLocation,domainID,siteID,plotID,collectDate,endDate,samplingProtocolVersion,remarks,dataQF
"f544e879-0b84-4baf-8cb4-d985259cbe93","66b3827b-4dc4-452a-bbdd-356a393b8fbe","KONZ_006.mammalGrid.mam","D06","KONZ","KONZ_006","2017-06-01","2017-06-01","NEON.DOC.000481vJ",,
"5755f002-2f34-4739-91c1-de6db06d2e9e","a8a06383-8c34-4e9b-83ac-40d9d773e326","KONZ_027.mammalGrid.mam","D06","KONZ","KONZ_027","2017-06-01","2017-06-01","NEON.DOC.000481vJ",,
"52120171-3a59-4e89-915b-dad835b1d192","df5d6acd-66f5-4af2-8a83-636750816da3","KONZ_001.mammalGrid.mam","D06","KONZ","KONZ_001","2017-06-01","2017-06-01","NEON.DOC.000481vG",,
"7b75b293-de0e-4d0e-b39e-cd89d5abb393","d54f98ed-967e-4af6-aef3-421d64b85d92","KONZ_027.mammalGrid.mam","D06","KONZ","KONZ_027","2017-06-02","2017-06-02","NEON.DOC.000481vJ",,
"db8c811b-f248-44f5-9bb4-0d90586a4051","155d76e1-bf3c-4f53-a229-b6b241647403","KONZ_001.mammalGrid.mam","D06","KONZ","KONZ_001","2017-06-02","2017-06-02","NEON.DOC.000481vG",,
"8188d957-dee8-452d-91e3-70008d4ce3f6","806a5a25-14ce-410a-a2aa-f1d55d86c0b5","KONZ_006.mammalGrid.mam","D06","KONZ","KONZ_006","2017-06-02","2017-06-02","NEON.DOC.000481vJ",,
"dd147f70-be7f-4c18-bc5a-4109b86e9aa1","dd364630-36f6-42c3-868d-d3cd0f4bc8a0","KONZ_006.mammalGrid.mam","D06","KONZ","KONZ_006","2017-06-03","2017-06-03","NEON.DOC.000481vJ",,
"a42b48f6-5f59-4fc8-9d55-8ea59f5239ba","9d29a4db-6b69-414f-8913-adbea069f6b3","KONZ_027.mammalGrid.mam","D06","KONZ","KONZ_027","2017-06-03","2017-06-03","NEON.DOC.000481vJ",,
"70862db3-2843-40c6-9b7a-460380aa7c09","837db5c8-0187-4f8a-89ca-d032a46529e2","KONZ_001.mammalGrid.mam","D06","KONZ","KONZ_001","2017-06-03","2017-06-03","NEON.DOC.000481vG","Two different individuals were incorrectly given the same tag number. R2156.",
"52fa31ea-6859-4978-ba1d-9111623cc805","0bccf34b-749e-4e9f-8bb6-f4fbc1ee5b85","KONZ_002.mammalGrid.mam","D06","KONZ","KONZ_002","2017-06-26","2017-06-26","NEON.DOC.000481vG",,
"b51954d8-c524-4cb7-99e1-67bbe712f080","fad844d7-a35d-44eb-bb3e-eaff1d05b551","KONZ_005.mammalGrid.mam","D06","KONZ","KONZ_005","2017-06-26","2017-06-26","NEON.DOC.000481vG",,
"e1ea60b3-8a1a-4d76-b4b1-b7178daa8aee","4b9825c2-96c3-4728-aec6-aa6e0dd6718c","KONZ_003.mammalGrid.mam","D06","KONZ","KONZ_003","2017-06-26","2017-06-26","NEON.DOC.000481vG",,
"5666307a-c25a-4152-bde4-44686793d8ab","5f370d63-9355-480a-b915-f2fa37421128","KONZ_027.mammalGrid.mam","D06","KONZ","KONZ_027","2017-06-28","2017-06-28","NEON.DOC.000481vG",,
"b0df1485-9b97-4f84-b0b4-e1552f57daa6","d638b7f8-e81d-49b4-8ba5-31218ab6fcd8","KONZ_001.mammalGrid.mam","D06","KONZ","KONZ_001","2017-06-28","2017-06-28","NEON.DOC.000481vG",,
"809f263f-5d38-4a5b-b966-4bff31b7257f","12d3fe97-a21d-43f6-88ed-edb03556397b","KONZ_006.mammalGrid.mam","D06","KONZ","KONZ_006","2017-06-28","2017-06-28","NEON.DOC.000481vG",,
"74726e68-ba72-428c-b608-96c7c0bdf56e","cc95f053-2a7f-4bd4-a455-4f14d9451399","KONZ_027.mammalGrid.mam","D06","KONZ","KONZ_027","2017-06-29","2017-06-29","NEON.DOC.000481vH","Over 30 captures.",
"0fc07fff-24ae-4d9b-8de7-222acf216056","8162c11f-25fe-4795-98a9-3ec03f849eb3","KONZ_001.mammalGrid.mam","D06","KONZ","KONZ_001","2017-06-29","2017-06-29","NEON.DOC.000481vH",,
"ecd2e58c-1fa1-4ede-b04d-9465826f03b8","dcd95e62-28cc-45da-ba17-5042e3a0a041","KONZ_006.mammalGrid.mam","D06","KONZ","KONZ_006","2017-06-29","2017-06-29","NEON.DOC.000481vH","Over 30 captures. Modified according to protocol. Thunderstorms occurring.",
"710a0f18-e469-4d67-9a8b-bdddbae9ca06","7cb41a26-2ed0-4727-aa5d-78323ae32f6e","KONZ_006.mammalGrid.mam","D06","KONZ","KONZ_006","2017-06-30","2017-06-30","NEON.DOC.000481vG","Over 30 captures. Updated processing according to protocol.",
"662ce896-5d5f-4a4d-bc36-a1fad41e54e5","fcdadaef-67b7-46f8-800e-bd200e374202","KONZ_027.mammalGrid.mam","D06","KONZ","KONZ_027","2017-06-30","2017-06-30","NEON.DOC.000481vG","More than 30 captures. Processed according to protocol.",
"36fc05f2-236f-48f0-b92b-ce72aa8f69e4","384f6af8-1ed7-4978-b01d-6bc430ed0a6a","KONZ_001.mammalGrid.mam","D06","KONZ","KONZ_001","2017-06-30","2017-06-30","NEON.DOC.000481vG",,
