uid,nightuid,namedLocation,domainID,siteID,plotID,collectDate,endDate,samplingProtocolVersion,remarks,dataQF
"316571a8-392e-4019-a02a-3234eb48942f","f65797c1-ea65-4145-b462-cec1962de357","OSBS_004.mammalGrid.mam","D03","OSBS","OSBS_004","2018-07-03","2018-07-03","NEON.DOC.000481vK",,
"16f0f4fe-b4bb-4367-999f-84bb8bc12635","04682eaa-a44e-4909-b8c9-45a597e84574","OSBS_005.mammalGrid.mam","D03","OSBS","OSBS_005","2018-07-03","2018-07-03","NEON.DOC.000481vK",,
"c8379253-a1a8-4dbc-872e-847b08fa1234","b107352a-7362-4e02-b7cb-d8117979f391","OSBS_002.mammalGrid.mam","D03","OSBS","OSBS_002","2018-07-03","2018-07-03","NEON.DOC.000481vK",,
"1f96e0c7-3d4a-4783-a0a3-c155445504eb","2697cd35-4537-4dcb-9417-79daf38806ae","OSBS_003.mammalGrid.mam","D03","OSBS","OSBS_003","2018-07-03","2018-07-03","NEON.DOC.000481vK",,
"4f1b215d-f745-424f-9cb1-b3000086362f","e088f6b2-e29e-4216-a728-efde35b70e85","OSBS_003.mammalGrid.mam","D03","OSBS","OSBS_003","2018-07-04","2018-07-04","NEON.DOC.000481vK",,
"7a73a872-e421-4491-b4a2-4dd9983682e4","a2ca4dde-05c7-4ada-a209-19818f942f6a","OSBS_004.mammalGrid.mam","D03","OSBS","OSBS_004","2018-07-04","2018-07-04","NEON.DOC.000481vK",,
"1c5e746e-322d-4fe4-884f-7b236208b7b3","41915977-7eb0-46a7-8f34-7156ea82e527","OSBS_004.mammalGrid.mam","D03","OSBS","OSBS_004","2018-07-05","2018-07-05","NEON.DOC.000481vK",,
"b633a031-7bc4-41cf-95e6-713d5c20ab3a","8bb4f95e-cef4-450a-9667-e2acc618f8f7","OSBS_003.mammalGrid.mam","D03","OSBS","OSBS_003","2018-07-05","2018-07-05","NEON.DOC.000481vK",,
