uid,nightuid,namedLocation,domainID,siteID,plotID,collectDate,endDate,samplingProtocolVersion,remarks,dataQF
"ed6282de-00e3-42e2-944c-a168762dbf28","F6A93AD3DBA14EC8911DFC6AB04590D3","CLBJ_041.mammalGrid.mam","D11","CLBJ","CLBJ_041","2016-08-02","2016-08-02","NEON.DOC.000481vH",,
"4e21b08e-7d5e-4bfd-b653-e5285438a284","7612D03AAD32407492413C483E649B27","CLBJ_033.mammalGrid.mam","D11","CLBJ","CLBJ_033","2016-08-02","2016-08-02","NEON.DOC.000481vH",,
"d9249318-f3e1-4817-86c0-acc8a6cdba76","B1DDCFA90884456D818BC740B49C0EF8","CLBJ_042.mammalGrid.mam","D11","CLBJ","CLBJ_042","2016-08-02","2016-08-02","NEON.DOC.000481vH",,
"0c033516-97ab-46a3-b145-7e49b9c73649","072AF5126E7849B7B1C641CF1FE847AD","CLBJ_040.mammalGrid.mam","D11","CLBJ","CLBJ_040","2016-08-02","2016-08-02","NEON.DOC.000481vH",,
"66ab5cc7-ebd0-41a5-80b0-7e2ca252626c","87DBA8DA663146978ACE96A7C480DA92","CLBJ_041.mammalGrid.mam","D11","CLBJ","CLBJ_041","2016-08-03","2016-08-03","NEON.DOC.000481vH",,
"965519b5-95d9-4755-a640-0862001931b3","2668DF0A63774A31980C45C8F18FDE15","CLBJ_042.mammalGrid.mam","D11","CLBJ","CLBJ_042","2016-08-03","2016-08-03","NEON.DOC.000481vH",,
"8929bcbc-9e0d-4a47-a1ff-87546e8509d6","3F7672A41A5B4AFC8EBDE482CE6825D9","CLBJ_041.mammalGrid.mam","D11","CLBJ","CLBJ_041","2016-08-04","2016-08-04","NEON.DOC.000481vH",,
"0a9f084e-3db4-472c-946d-049064fd64d4","A9D367FC555A4BB4A1E649844EFE7DFC","CLBJ_042.mammalGrid.mam","D11","CLBJ","CLBJ_042","2016-08-04","2016-08-04","NEON.DOC.000481vH",,
"f4c2e5eb-6f93-4d74-b9a4-0361df4c1e6c","6A6B7572D8DB44098181B17F68D192EB","CLBJ_034.mammalGrid.mam","D11","CLBJ","CLBJ_034","2016-08-04","2016-08-04","NEON.DOC.000481vH",,
"2d78575d-c938-4c95-969b-befa32848156","47AE8A1F37EB45EB8954281759F84451","CLBJ_057.mammalGrid.mam","D11","CLBJ","CLBJ_057","2016-08-05","2016-08-05","NEON.DOC.000481vH",,
"137f35a3-88af-4460-9770-a4cdb16ace98","895070EDD92E47CD84BD555B08681833","CLBJ_039.mammalGrid.mam","D11","CLBJ","CLBJ_039","2016-08-05","2016-08-05","NEON.DOC.000481vH",,
"53764827-a976-4b05-96c1-cfd274858e47","7E882548FA714A57BC0D89183C900D46","CLBJ_037.mammalGrid.mam","D11","CLBJ","CLBJ_037","2016-08-05","2016-08-05","NEON.DOC.000481vH",,
