uid,nightuid,namedLocation,domainID,siteID,plotID,collectDate,endDate,samplingProtocolVersion,remarks,dataQF
"c32e02f1-8f6b-4c35-aeb0-9c2ee461b33a","1E4816AAB07C4512A03C500B78F0847F","SERC_014.mammalGrid.mam","D02","SERC","SERC_014","2016-07-06","2016-07-06","NEON.DOC.000481vH",,
"7061dd16-1db0-4d1f-a393-edad96464fbe","2554714889EF46648BF02A8EB7154D85","SERC_015.mammalGrid.mam","D02","SERC","SERC_015","2016-07-06","2016-07-06","NEON.DOC.000481vH",,
"288ab71b-fa2b-40c7-82bc-759a6f11992d","328C7439F5744F25959332DFF3A74A2C","SERC_007.mammalGrid.mam","D02","SERC","SERC_007","2016-07-06","2016-07-06","NEON.DOC.000481vH","temps between 70 and 90F; humid",
"8cbbc4fc-9ab2-4eb3-bdbd-d8cfccac54aa","F0C20DD780E14198A43F482565BF5AAB","SERC_008.mammalGrid.mam","D02","SERC","SERC_008","2016-07-06","2016-07-06","NEON.DOC.000481vH",,
"01a3d2d4-46f6-4f24-80c2-19442b7e0ef9","4BC6C60E5A43479A8A290D9B056679FB","SERC_011.mammalGrid.mam","D02","SERC","SERC_011","2016-07-07","2016-07-07","NEON.DOC.000481vH",,
"a828929d-9083-4a11-b687-50c5b99c9382","C2CD32BBDB994CAE8E1816D91BE2233C","SERC_014.mammalGrid.mam","D02","SERC","SERC_014","2016-07-07","2016-07-07","NEON.DOC.000481vH","Heavy disturbance and had to be closed for the next night",
"78748c26-f1f0-4ac3-a18f-53f46958b8d1","08CBADEA506D4F85BCAA7FFB50F5CD6B","SERC_015.mammalGrid.mam","D02","SERC","SERC_015","2016-07-07","2016-07-07","NEON.DOC.000481vH",,
"eecde9f5-146a-4ddb-ad70-212cd5d9a96e","1312CF139AB54008AAC0E4AF70CD26A1","SERC_032.mammalGrid.mam","D02","SERC","SERC_032","2016-07-07","2016-07-07","NEON.DOC.000481vH","temps in 70s thru 90s; humid",
"287e8f6d-d1a1-4fbf-8d7e-6fc5adb0961e","125023D24A654E6EB1649E414D99487B","SERC_011.mammalGrid.mam","D02","SERC","SERC_011","2016-07-08","2016-07-08","NEON.DOC.000481vH",,
"9fc21dad-f8c6-40c6-a89b-6e246f56ff85","37E5B81C04D24C53BCD093F20BCA7C03","SERC_016.mammalGrid.mam","D02","SERC","SERC_016","2016-07-08","2016-07-08","NEON.DOC.000481vH",,
"5e01b2f0-4098-42f4-8835-b769b466f94f","FA75891D71E247D39F14C1CE11C851A6","SERC_031.mammalGrid.mam","D02","SERC","SERC_031","2016-07-08","2016-07-08","NEON.DOC.000481vH",,
"a50d5e59-7a0f-4239-88fb-c1a8aad02e3c","7D08B89F4E0A4AB2B13C818B54C8F8E0","SERC_014.mammalGrid.mam","D02","SERC","SERC_014","2016-07-08","2016-07-08","NEON.DOC.000481vH","Plot not set due to high disturbance levels the night prior",
"b1f053ab-7a0c-43df-8557-f836e54f5043","08602F5C41F14986B378943E319F20E1","SERC_015.mammalGrid.mam","D02","SERC","SERC_015","2016-07-08","2016-07-08","NEON.DOC.000481vH",,
"64b57914-02df-4ef5-bb3a-ad2293bb7959","1F6F6781CF0840FC8E5D39C7DE70594F","SERC_011.mammalGrid.mam","D02","SERC","SERC_011","2016-07-09","2016-07-09","NEON.DOC.000481vH","Rained just prior to setting; hot and humid in 70s and 90s F",
