uid,nightuid,namedLocation,domainID,siteID,plotID,collectDate,endDate,samplingProtocolVersion,remarks,dataQF
"67da4031-0a8d-40d5-b4ef-5c214e06c179","3f2f7e83-4081-4478-9115-7255ff25a8bb","JORN_018.mammalGrid.mam","D14","JORN","JORN_018","2018-10-01","2018-10-01","NEON.DOC.000481vK",,
"b7c547f4-a3e7-4eec-b64d-21ea9746d662","0b6fc26f-9ea6-4630-bab4-5b108f4a06c4","JORN_001.mammalGrid.mam","D14","JORN","JORN_001","2018-10-01","2018-10-01","NEON.DOC.000481vK","Traps not set because of ants",
"6bbc8b96-f73b-4950-a58d-41a1e5cdf649","f8ed1ad2-6e22-4a41-a32a-7cec234b8da4","JORN_017.mammalGrid.mam","D14","JORN","JORN_017","2018-10-01","2018-10-01","NEON.DOC.000481vK",,
"a24e8b55-99cf-4507-b4b6-dd3de644f438","6877266b-e0a9-4749-81a2-734824d19aaa","JORN_007.mammalGrid.mam","D14","JORN","JORN_007","2018-10-02","2018-10-02","NEON.DOC.000481vK",,
"626f1136-ffd1-43a9-8f7f-75bf73ae1a11","713e2a70-fe72-4f68-a129-bd1fa37174f8","JORN_031.mammalGrid.mam","D14","JORN","JORN_031","2018-10-02","2018-10-02","NEON.DOC.000481vK",,
"4d948971-3e5f-482e-b63c-41e73bdaf229","c8f3d180-0b68-467e-abd1-cdbe6b11d2eb","JORN_011.mammalGrid.mam","D14","JORN","JORN_011","2018-10-02","2018-10-02","NEON.DOC.000481vK","Rained over night",
