uid,nightuid,namedLocation,domainID,siteID,plotID,collectDate,endDate,samplingProtocolVersion,remarks,dataQF
"49424995-ea8e-40aa-a55b-fbfdd9eb5705","6a77fa03-b441-4407-8c8f-d6b89a684983","BONA_033.mammalGrid.mam","D19","BONA","BONA_033","2018-07-10","2018-07-10","NEON.DOC.000481vK",,
"598b44fb-8016-45ea-ae9b-ac002e322136","0aca8329-3703-4769-9ef5-ce4678633bfc","BONA_014.mammalGrid.mam","D19","BONA","BONA_014","2018-07-10","2018-07-10","NEON.DOC.000481vK",,
"37440b03-d01d-4c6b-9080-4aa40c7db664","6a77fa03-b441-4407-8c8f-d6b89a684983","BONA_033.mammalGrid.mam","D19","BONA","BONA_033","2018-07-10","2018-07-10","NEON.DOC.000481vK",,
"b9bc484b-f09b-4a6b-9468-284a480c5f9f","b8f8e252-6377-4527-a194-be50fff8ebac","BONA_033.mammalGrid.mam","D19","BONA","BONA_033","2018-07-10","2018-07-10","NEON.DOC.000481vK",,
"df241fd3-77e5-4337-a9a1-7abad8e6d21b","cc14ef20-2a60-492f-a218-19cc434cd409","BONA_002.mammalGrid.mam","D19","BONA","BONA_002","2018-07-10","2018-07-10","NEON.DOC.000481vK",,
"948aacd4-df32-4f45-9f99-01c8b0994ec1","4cbc8bb7-7e53-4f7c-ae10-12f965a10803","BONA_023.mammalGrid.mam","D19","BONA","BONA_023","2018-07-10","2018-07-10","NEON.DOC.000481vK",,
"30069bc8-d485-4161-92fd-868c6d3b7c5f","79514f20-a4ba-4994-aa9b-e3aac78468be","BONA_094.mammalGrid.mam","D19","BONA","BONA_094","2018-07-11","2018-07-11","NEON.DOC.000481vK",,
"ab646cb4-b0bc-442d-b546-6e0983ed938e","1f7ca63a-ada6-4085-bff1-2eff0de1abdf","BONA_033.mammalGrid.mam","D19","BONA","BONA_033","2018-07-11","2018-07-11","NEON.DOC.000481vK",,
"5a470045-470d-49b3-954e-e476e183965d","faabc195-311e-4d7d-b18b-e4c770a2c274","BONA_002.mammalGrid.mam","D19","BONA","BONA_002","2018-07-11","2018-07-11","NEON.DOC.000481vK",,
"8c84c24e-0ad3-4f0c-a515-aae2a9c9c91a","0c31f300-b1f2-403f-ba7e-094536a7b97f","BONA_014.mammalGrid.mam","D19","BONA","BONA_014","2018-07-11","2018-07-11","NEON.DOC.000481vK",,
"8d3f2443-92f4-49fe-ad05-7521f0b7709d","89de1d39-9e59-46d8-ab01-f51de8e9519b","BONA_033.mammalGrid.mam","D19","BONA","BONA_033","2018-07-12","2018-07-12","NEON.DOC.000481vK",,
"98af756f-5e09-4b75-abb6-b5213eee3f41","2c105be3-68ac-4ef3-9a70-24a570121614","BONA_002.mammalGrid.mam","D19","BONA","BONA_002","2018-07-12","2018-07-12","NEON.DOC.000481vK",,
"7113dc02-3dc1-4344-932f-cb4605b4a106","05f51c46-2d0c-438d-a974-d6186265f5e1","BONA_020.mammalGrid.mam","D19","BONA","BONA_020","2018-07-12","2018-07-12","NEON.DOC.000481vK",,
"3441d65e-c99a-428f-8aab-969cd420f5b7","c434af4f-348e-4416-b2a3-7116c0f89a8b","BONA_004.mammalGrid.mam","D19","BONA","BONA_004","2018-07-12","2018-07-12","NEON.DOC.000481vK",,
