uid,nightuid,namedLocation,domainID,siteID,plotID,collectDate,endDate,samplingProtocolVersion,remarks,dataQF
"5e0d3e3f-5274-4a0b-85e9-52f2085b3a7e","091f0c47-abfb-493c-8c6d-f90523d18d54","DELA_001.mammalGrid.mam","D08","DELA","DELA_001","2018-06-06","2018-06-06","NEON.DOC.000481vK",,
"aaa7fc5c-0622-4697-a746-87feab8b4a3f","37647742-08e2-495f-a800-ce1f041f6b8f","DELA_007.mammalGrid.mam","D08","DELA","DELA_007","2018-06-06","2018-06-06","NEON.DOC.000481vK",,
"4082ff70-3580-41b8-a84c-8def999aa55b","d1f31925-370a-429a-857e-d40cea6d3d89","DELA_001.mammalGrid.mam","D08","DELA","DELA_001","2018-06-07","2018-06-07","NEON.DOC.000481vK",,
"d0c971ec-cd9f-4561-a546-d2fabfb98a82","1fb9bccd-66b8-4d5e-b661-cc7106787ecd","DELA_007.mammalGrid.mam","D08","DELA","DELA_007","2018-06-07","2018-06-07","NEON.DOC.000481vK",,
"f520da8c-23ca-4c62-aa4e-4daa0da1ebbe","8b49d6e2-cdfc-46d9-b092-367cabfb49c9","DELA_007.mammalGrid.mam","D08","DELA","DELA_007","2018-06-08","2018-06-08","NEON.DOC.000481vK",,
"d8d8c738-9d9c-4b70-bc00-73d5197fee48","563f6ec5-b58a-4b8f-974f-8516a78aa707","DELA_001.mammalGrid.mam","D08","DELA","DELA_001","2018-06-08","2018-06-08","NEON.DOC.000481vK",,
