uid,nightuid,namedLocation,domainID,siteID,plotID,collectDate,endDate,samplingProtocolVersion,remarks,dataQF
"99a72275-763d-4b20-ae68-7fbab76edf7b","32393556-7b82-4f71-9aa5-ef5dd00a6824","SERC_011.mammalGrid.mam","D02","SERC","SERC_011","2018-10-15","2018-10-15","NEON.DOC.000481vK",,
"3fe6863b-c694-4070-bb08-10447f9764f5","b71473ad-a9e3-4a9c-aee0-54729db46fc7","SERC_031.mammalGrid.mam","D02","SERC","SERC_031","2018-10-15","2018-10-15","NEON.DOC.000481vK","Wet",
"b8708af0-d298-4a1a-b0be-069ff8afa0b4","11898461-d65b-471e-af74-8dca0eb9c3c2","SERC_007.mammalGrid.mam","D02","SERC","SERC_007","2018-10-15","2018-10-15","NEON.DOC.000481vK","Rain during the night; field not planted this year",
"e89f4bc4-89c9-4264-8acf-c35880722683","c95c106c-3f74-426f-82b6-0b3f49dcdfc8","SERC_015.mammalGrid.mam","D02","SERC","SERC_015","2018-10-15","2018-10-15","NEON.DOC.000481vK",,
"e23c42d8-48a1-4578-bdf0-bd1cf8b3efc4","1f7a0b2c-b4be-4a87-8f2c-6e77a8ffe608","SERC_011.mammalGrid.mam","D02","SERC","SERC_011","2018-10-16","2018-10-16","NEON.DOC.000481vK",,
"1ec9d16a-1840-469f-b504-9677135fbb15","6d599bae-d094-4104-b61b-292528409842","SERC_014.mammalGrid.mam","D02","SERC","SERC_014","2018-10-16","2018-10-16","NEON.DOC.000481vK",,
"768d01ae-a5e0-4a96-978d-a7e6af8ca924","97ec5414-d47a-4303-ad56-63336b5d82e4","SERC_015.mammalGrid.mam","D02","SERC","SERC_015","2018-10-16","2018-10-16","NEON.DOC.000481vK",,
"7cf1bc2f-1413-44d4-b424-b56371f3979a","3f76999d-e2d3-4008-a60b-6710caa30242","SERC_031.mammalGrid.mam","D02","SERC","SERC_031","2018-10-16","2018-10-16","NEON.DOC.000481vK","Many disturbed knocked over traps",
"e8f2cdcb-fedf-4e00-bca3-a46bab65e11e","88c77929-09e9-4be0-8f7b-bd81b0baecd0","SERC_016.mammalGrid.mam","D02","SERC","SERC_016","2018-10-17","2018-10-17","NEON.DOC.000481vK",,
"5517ab9e-83f6-49ca-aa8d-c5d227c2754f","a6aee915-38b2-44b5-ad64-fb7c8e5afdf3","SERC_011.mammalGrid.mam","D02","SERC","SERC_011","2018-10-17","2018-10-17","NEON.DOC.000481vK",,
"368da79b-6ea6-48aa-a6ac-9ea126100b9b","85547088-edfb-4a30-a6fe-8fbd4641904a","SERC_015.mammalGrid.mam","D02","SERC","SERC_015","2018-10-17","2018-10-17","NEON.DOC.000481vK",,
"479d98a4-8315-409f-a2bd-257f3a544919","b24198c7-522e-4b6b-b188-ca1ae36c5fb5","SERC_031.mammalGrid.mam","D02","SERC","SERC_031","2018-10-17","2018-10-17","NEON.DOC.000481vK",,
"701eb848-4d28-4192-affe-a6131389fe9b","32c1f6ec-cde4-4754-bdbb-8aa94764f7a6","SERC_008.mammalGrid.mam","D02","SERC","SERC_008","2018-10-18","2018-10-18","NEON.DOC.000481vK","field not planted this year",
"4d5caf99-bc28-4031-b0d0-382f1743e3df","72a5ed9f-8b24-4b4d-9ca4-2eb7d57c2760","SERC_032.mammalGrid.mam","D02","SERC","SERC_032","2018-10-18","2018-10-18","NEON.DOC.000481vK",,
