uid,nightuid,namedLocation,domainID,siteID,plotID,collectDate,endDate,samplingProtocolVersion,remarks,dataQF
"5a6fbe86-e348-4ab6-8b0d-04d9f81dc569","329b4ae4-b31d-4091-b871-5fdfc98543e9","SOAP_003.mammalGrid.mam","D17","SOAP","SOAP_003","2018-07-17","2018-07-17","NEON.DOC.000481vK",,
"c32429d3-eecd-42cf-a572-5b0d2fba793c","b07586ac-464c-4e11-b268-924bcf28f74c","SOAP_002.mammalGrid.mam","D17","SOAP","SOAP_002","2018-07-17","2018-07-17","NEON.DOC.000481vK",,
"cfd814e7-9af7-472d-8f6d-8641c360f04e","81020cd1-2b03-4728-8434-821f94f9ae06","SOAP_006.mammalGrid.mam","D17","SOAP","SOAP_006","2018-07-17","2018-07-17","NEON.DOC.000481vK",,
"ed1df190-77be-4b27-8715-30a38c3862b4","102e13b1-cc55-4c39-afd7-c7e5211bc758","SOAP_006.mammalGrid.mam","D17","SOAP","SOAP_006","2018-07-18","2018-07-18","NEON.DOC.000481vK",,
"070f8e0f-4a28-46a8-b6ae-96b28df530a7","df80a4ac-01f8-4481-b8ca-afe8d14daf44","SOAP_012.mammalGrid.mam","D17","SOAP","SOAP_012","2018-07-18","2018-07-18","NEON.DOC.000481vK",,
"25c1cbaa-e01a-4739-a65c-831b2d38ebb2","17b42268-d3f5-4f6d-8bf1-45a327603e52","SOAP_003.mammalGrid.mam","D17","SOAP","SOAP_003","2018-07-18","2018-07-18","NEON.DOC.000481vK",,
"be461440-c271-4a81-a256-1113d27d1ff3","bc22994c-7299-4de5-b0ad-144e2997db6f","SOAP_002.mammalGrid.mam","D17","SOAP","SOAP_002","2018-07-18","2018-07-18","NEON.DOC.000481vK",,
"11d59eed-6fc0-45ba-ab2d-7183349877cf","b9ad59ec-3812-4306-8837-410e1c059811","SOAP_027.mammalGrid.mam","D17","SOAP","SOAP_027","2018-07-19","2018-07-19","NEON.DOC.000481vK","PLACEHOLDER for plot 027. No captures.",
"e8f63dc0-28a2-42d7-90f0-4874b0c9b855","79277a0a-da60-4fed-b0e6-4e8026fb3f1f","SOAP_002.mammalGrid.mam","D17","SOAP","SOAP_002","2018-07-19","2018-07-19","NEON.DOC.000481vK",,
"41bea47f-988b-4ff4-87dc-4c3b47703e67","16ac985b-37d7-4889-97f4-3c8f114bc24e","SOAP_003.mammalGrid.mam","D17","SOAP","SOAP_003","2018-07-19","2018-07-19","NEON.DOC.000481vK","additional data measured by Emily Artz recorded by Matt August",
"c24d6332-460b-40b2-b683-de42ab10060e","8216ced4-e7c1-4cdb-bf85-ffefa9d6ad7c","SOAP_006.mammalGrid.mam","D17","SOAP","SOAP_006","2018-07-19","2018-07-19","NEON.DOC.000481vK",,
