uid,nightuid,namedLocation,domainID,siteID,plotID,collectDate,endDate,samplingProtocolVersion,remarks,dataQF
"3721a300-8369-472b-ab0e-45c7578889ae","216d6ab8-dd1e-4284-a59b-611a614177d5","SCBI_008.mammalGrid.mam","D02","SCBI","SCBI_008","2018-10-02","2018-10-02","NEON.DOC.000481vK",,
"643c141f-7c05-4c96-9bce-a9736542c17f","75a96b7a-cd92-458d-b400-98e18714be13","SCBI_002.mammalGrid.mam","D02","SCBI","SCBI_002","2018-10-02","2018-10-02","NEON.DOC.000481vK",,
"afe5b76a-ebdb-4846-9016-d3c12ec8fbd9","56364e08-6054-410d-9095-f3630930a1b8","SCBI_035.mammalGrid.mam","D02","SCBI","SCBI_035","2018-10-02","2018-10-02","NEON.DOC.000481vK",,
"e3a31190-1442-4833-90b0-9a6b19e9444d","6e537f08-8237-43a6-9b99-76d21574114b","SCBI_002.mammalGrid.mam","D02","SCBI","SCBI_002","2018-10-03","2018-10-03","NEON.DOC.000481vK",,
"d171c28f-5586-4b1c-a9e0-52181e31f606","bcfe43ca-5224-43ce-8e30-3b5131849236","SCBI_008.mammalGrid.mam","D02","SCBI","SCBI_008","2018-10-03","2018-10-03","NEON.DOC.000481vK",,
"459259ab-e68b-45d0-bd79-e00bd5f56885","f575028c-f1d1-43c9-a09c-c2db898d767d","SCBI_008.mammalGrid.mam","D02","SCBI","SCBI_008","2018-10-04","2018-10-04","NEON.DOC.000481vK",,
"fd4f8620-419e-4673-805e-d33188e11bf5","35eda564-79c3-42cc-82ff-6aa66b619259","SCBI_004.mammalGrid.mam","D02","SCBI","SCBI_004","2018-10-04","2018-10-04","NEON.DOC.000481vK","Many disturbed traps with batting out or knocked over",
"7bf1144f-63cb-409d-a349-6f4df4dcbc17","c5bd62c5-4f43-47c8-8997-dc3ac18f6695","SCBI_002.mammalGrid.mam","D02","SCBI","SCBI_002","2018-10-04","2018-10-04","NEON.DOC.000481vK",,
"11be09d2-cfa7-468b-b36f-1c60c57179f4","494b12c9-b855-47c4-a90d-3cd87cc6ac68","SCBI_003.mammalGrid.mam","D02","SCBI","SCBI_003","2018-10-05","2018-10-05","NEON.DOC.000481vK",,
