uid,nightuid,namedLocation,domainID,siteID,plotID,collectDate,endDate,samplingProtocolVersion,remarks,dataQF
"817bf93a-23b7-4341-bcf0-56452e5ff5f7","6CA05EAFA11C4DFF9DDC93D3AA1120E1","CPER_011.mammalGrid.mam","D10","CPER","CPER_011","2014-09-24","2014-09-24",,,
"47dcb359-13f8-45b6-bde4-f90ce7731014","6AF35E578E374B26B59872B0F3A43977","CPER_005.mammalGrid.mam","D10","CPER","CPER_005","2014-09-24","2014-09-24",,,
"d5c4d72f-9b0b-4dca-9023-222535b9edfb","85D4F7FE76E24C70BB6B5AD7C5044DC4","CPER_015.mammalGrid.mam","D10","CPER","CPER_015","2014-09-24","2014-09-24",,,
"b560961b-4f45-4a1f-ad67-a6a79e337d3a","ED1A73EB743341A8B58CB75495E9D1FC","CPER_005.mammalGrid.mam","D10","CPER","CPER_005","2014-09-25","2014-09-25",,,
"904bad55-4472-442b-ada0-9c921b53d208","2826A3E7B5CD4FAC94DDDC0B53641F9E","CPER_011.mammalGrid.mam","D10","CPER","CPER_011","2014-09-25","2014-09-25",,,
"70660b0e-7a22-45cf-9c10-42471f9f0da2","29811243C76845D8AD83932B1DD4E684","CPER_015.mammalGrid.mam","D10","CPER","CPER_015","2014-09-25","2014-09-25",,,
"1e3e09bb-2ad1-4a50-9aac-f9ebfc837e81","DC2A27A9792A499EA97E9B8EFD156AED","CPER_011.mammalGrid.mam","D10","CPER","CPER_011","2014-09-26","2014-09-26",,,
"e14561cb-9bca-499f-9387-fbe83220ec2d","BDD7A79DAB61467FBDD0620ABFEFD9BF","CPER_005.mammalGrid.mam","D10","CPER","CPER_005","2014-09-26","2014-09-26",,,
"122e995d-d4dd-4b4f-ae1c-c49757b5a3db","895B5AFAD32F41B1927A2E684D2A1085","CPER_015.mammalGrid.mam","D10","CPER","CPER_015","2014-09-26","2014-09-26",,,
