uid,nightuid,namedLocation,domainID,siteID,plotID,collectDate,endDate,samplingProtocolVersion,remarks,dataQF
"b64a9a33-d9b3-49f3-932c-340915e6f4b4","DBFED63D1C0E4D338BC04F060BD190C9","OSBS_004.mammalGrid.mam","D03","OSBS","OSBS_004","2015-05-12","2015-05-12",,,
"30e5f530-cf50-4973-8ce1-81513ebd0a0a","EA69F0C12AD14B178E106FBDC1DC85DB","OSBS_003.mammalGrid.mam","D03","OSBS","OSBS_003","2015-05-12","2015-05-12",,,
"8f944db0-e540-4bbf-975a-91e4dc6dc4b9","7EDB8A7A1F1B4D7FBFDC515D4657AD55","OSBS_023.mammalGrid.mam","D03","OSBS","OSBS_023","2015-05-12","2015-05-12",,,
"8563a063-c5fa-40e1-89c6-6442ced402e0","A272D1FE603A4F39BBC689F410C0CD97","OSBS_005.mammalGrid.mam","D03","OSBS","OSBS_005","2015-05-12","2015-05-12",,,
"09904648-eaf1-41b6-b0a9-0d5e39e131d0","9B74F5ACF5CC41959F57E7275391051D","OSBS_003.mammalGrid.mam","D03","OSBS","OSBS_003","2015-05-13","2015-05-13",,,
"838ddebf-59ea-4640-8988-030962b5d403","F957469EEC414044A9FEA5AAB37EAF28","OSBS_004.mammalGrid.mam","D03","OSBS","OSBS_004","2015-05-13","2015-05-13",,,
"f9c7f84f-5bb7-4c1c-81f8-e74c9b2a84b4","8224B4861423438F8B6907411BA4F2FE","OSBS_012.mammalGrid.mam","D03","OSBS","OSBS_012","2015-05-13","2015-05-13",,,
"f1d48437-aec8-4db1-97c9-eefd76028958","4B8ED8CA60C5411BA3CE08563C0B601A","OSBS_023.mammalGrid.mam","D03","OSBS","OSBS_023","2015-05-13","2015-05-13",,,
"c8b45659-fd5c-49cb-83a1-a95e17b6a57e","B8893FFC5DA548559C9A44E0C244BE53","OSBS_004.mammalGrid.mam","D03","OSBS","OSBS_004","2015-05-14","2015-05-14",,"11 traps not reset the night before. All noted as '1-Trap not set",
"92ed153a-042d-423b-9968-693503b70b34","CECD0E7D845A40E7BAD2FED972A1AF7F","OSBS_003.mammalGrid.mam","D03","OSBS","OSBS_003","2015-05-14","2015-05-14",,,
"05f02cb5-ddce-4fe5-a906-0c83439c2a02","06B470C8EF7340F6A610C86190975618","OSBS_023.mammalGrid.mam","D03","OSBS","OSBS_023","2015-05-14","2015-05-14",,,
"c19c7d8c-b0df-4230-ad63-49b51b3a1fde","61459758ECD34FE5A976C3360985B03D","OSBS_002.mammalGrid.mam","D03","OSBS","OSBS_002","2015-05-14","2015-05-14",,,
"de7ee481-b68d-41a8-9de8-089e045cab7f","389F16C4205B48AA99D02D3795EAE7AF","OSBS_003.mammalGrid.mam","D03","OSBS","OSBS_003","2015-05-19","2015-05-19",,,
