uid,nightuid,namedLocation,domainID,siteID,plotID,collectDate,endDate,samplingProtocolVersion,remarks,dataQF
"70125626-87b2-4fbe-a505-bbe9df54318a","1ffd3328-2cdd-4c2a-a435-9fc8a25c9b2b","OSBS_005.mammalGrid.mam","D03","OSBS","OSBS_005","2018-06-05","2018-06-05","NEON.DOC.000481vK",,
"05f6fc0f-dee5-4185-ac7f-09d3bc02ac6b","2cbdc7d1-c7d4-4a5f-baec-e008dde05d28","OSBS_003.mammalGrid.mam","D03","OSBS","OSBS_003","2018-06-05","2018-06-05","NEON.DOC.000481vK",,
"ec6ea9dc-0868-489b-96ec-35fd7d0c5a6f","7385c558-13f5-4247-a6b9-6f198a2ae81c","OSBS_004.mammalGrid.mam","D03","OSBS","OSBS_004","2018-06-05","2018-06-05","NEON.DOC.000481vK",,
"f8ef2af0-dfc7-41ba-b7cd-7e8656a46b25","fb48d966-d60c-416b-855f-985fddb6d8c2","OSBS_003.mammalGrid.mam","D03","OSBS","OSBS_003","2018-06-06","2018-06-06","NEON.DOC.000481vK",,
"5e35cf4e-8b92-4866-8aee-63b71f3cc78f","308a6625-3968-408a-a9b7-48f88756b97a","OSBS_002.mammalGrid.mam","D03","OSBS","OSBS_002","2018-06-06","2018-06-06","NEON.DOC.000481vK",,
"af9862da-cb5b-4e03-ae46-1fa3818662ae","951112f7-ea5d-4acc-a8e6-849e7581e329","OSBS_004.mammalGrid.mam","D03","OSBS","OSBS_004","2018-06-06","2018-06-06","NEON.DOC.000481vK",,
"6b7c2b28-6f72-42c0-beb2-08d38244c41c","2a60f596-0c8a-4e8c-aaf3-c634dc5d4ee0","OSBS_004.mammalGrid.mam","D03","OSBS","OSBS_004","2018-06-07","2018-06-07","NEON.DOC.000481vK",,
"3bf4401b-2fc6-457b-b568-981a2372cea5","00306241-852f-4ebf-a70b-808b3febaf45","OSBS_003.mammalGrid.mam","D03","OSBS","OSBS_003","2018-06-07","2018-06-07","NEON.DOC.000481vK",,
