uid,nightuid,namedLocation,domainID,siteID,plotID,collectDate,endDate,samplingProtocolVersion,remarks,dataQF
"c759a20b-cca6-484e-8343-d53645971280","daefb880-51e3-480b-814c-45a6f812306f","SJER_032.mammalGrid.mam","D17","SJER","SJER_032","2017-04-26","2017-04-26","NEON.DOC.000481vG",,
"ab6a59c1-110b-48a2-97c9-9d81d39aac4d","ddd43f1a-4828-4cc6-af0c-d5a768f3b9bd","SJER_007.mammalGrid.mam","D17","SJER","SJER_007","2017-04-26","2017-04-26","NEON.DOC.000481vH",,
"ae68f953-1717-48b9-8d5c-58350517acf7","0f3f9349-2e3c-4956-84ff-8d5a53917cf8","SJER_006.mammalGrid.mam","D17","SJER","SJER_006","2017-04-26","2017-04-26","NEON.DOC.000481vG",,
"f597f39a-527a-466f-ab74-e81a0e385972","41aaa388-8296-418c-bc60-1ec8870d9cce","SJER_002.mammalGrid.mam","D17","SJER","SJER_002","2017-04-27","2017-04-27","NEON.DOC.000481vG",,
"5833de6c-c477-49d6-9ed0-800f793de32e","23cb1850-f330-4baf-9bd8-dff55c731e12","SJER_013.mammalGrid.mam","D17","SJER","SJER_013","2017-04-27","2017-04-27","NEON.DOC.000481vH",,
"84f59732-1666-40bb-8fab-6482886005c0","a7eeb499-80a3-487e-b9de-cc6e66786866","SJER_033.mammalGrid.mam","D17","SJER","SJER_033","2017-04-27","2017-04-27","NEON.DOC.000481vH",,
"99ff4f60-5d2c-4c16-9de4-eddee17b0907","fe7b7f5a-5f45-4a76-9709-0b4e07d05208","SJER_032.mammalGrid.mam","D17","SJER","SJER_032","2017-04-27","2017-04-27","NEON.DOC.000481vG",,
"4618ae71-9e9f-424f-be1a-4f5393cf9d8e","22a6315d-50d4-4a34-bdc9-cc88693e8653","SJER_033.mammalGrid.mam","D17","SJER","SJER_033","2017-04-28","2017-04-28","NEON.DOC.000481vG",,
"66c36580-8b98-4aef-8021-fa5215ca7550","2fb2edb3-283b-4665-a8c9-6621ec4a9625","SJER_032.mammalGrid.mam","D17","SJER","SJER_032","2017-04-28","2017-04-28","NEON.DOC.000481vG",,
"d8329d4e-153e-4802-9b9d-d8195913520c","b614fd74-4c00-43ff-a655-5f38fc2c671b","SJER_002.mammalGrid.mam","D17","SJER","SJER_002","2017-04-28","2017-04-28","NEON.DOC.000481vG",,
"ccae3e7e-a79d-45d2-9cc3-4fdf03ee247e","ecb19897-8971-480b-ba4b-0bc203eaa339","SJER_009.mammalGrid.mam","D17","SJER","SJER_009","2017-04-29","2017-04-29","NEON.DOC.000481vG",,
"daaf7366-9c08-4c08-b773-4646f2df11b6","b25bef3b-00b5-4d95-beed-755faa8102cc","SJER_010.mammalGrid.mam","D17","SJER","SJER_010","2017-04-29","2017-04-29",,,
"e7e7d0fd-ed41-491c-b511-c7ae6374e9c9","9035ebcb-07b9-4380-a7fa-65bf9d2038b9","SJER_002.mammalGrid.mam","D17","SJER","SJER_002","2017-04-29","2017-04-29","NEON.DOC.000481vG",,
