uid,nightuid,namedLocation,domainID,siteID,plotID,collectDate,endDate,samplingProtocolVersion,remarks,dataQF
"f88ef1ae-6cf0-4305-a910-74346910a72d","b31b9eae-c2ed-463a-b030-51a5f9905702","DELA_002.mammalGrid.mam","D08","DELA","DELA_002","2018-07-10","2018-07-10","NEON.DOC.000481vK",,
"2080b4fc-7f44-477b-b005-30e1369544d6","fa023150-71a4-4b54-9fa7-9e0f5768e786","DELA_001.mammalGrid.mam","D08","DELA","DELA_001","2018-07-10","2018-07-10","NEON.DOC.000481vK",,
"57250144-7723-4fbd-9c84-2af2df275d03","6119924a-cf1f-4c10-924f-d2e6ba294df9","DELA_007.mammalGrid.mam","D08","DELA","DELA_007","2018-07-10","2018-07-10","NEON.DOC.000481vK",,
"caf1c12a-28a7-48a4-b619-ddb3f523fa90","6119924a-cf1f-4c10-924f-d2e6ba294df9","DELA_007.mammalGrid.mam","D08","DELA","DELA_007","2018-07-11","2018-07-11","NEON.DOC.000481vK",,
"a6cb550a-7bee-4673-ab59-6a001e63462f","162e8674-5e28-4752-ab5d-e0726762d5f5","DELA_001.mammalGrid.mam","D08","DELA","DELA_001","2018-07-11","2018-07-11","NEON.DOC.000481vK",,
"9d4ce1da-846c-48fc-a715-c85b428be78a","83bef79d-145c-4dd7-a85c-23cceb68bc31","DELA_002.mammalGrid.mam","D08","DELA","DELA_002","2018-07-11","2018-07-11","NEON.DOC.000481vK",,
"f96fab92-47bb-4763-821e-235cf543901b","83ab5858-8ac8-46b3-a7f8-1d57aa8aad26","DELA_002.mammalGrid.mam","D08","DELA","DELA_002","2018-07-12","2018-07-12","NEON.DOC.000481vK",,
"bc3e0960-10e8-4b74-a9f6-1a3fb8780073","fe39471a-6846-4de7-9c1f-4954f9e1631f","DELA_007.mammalGrid.mam","D08","DELA","DELA_007","2018-07-12","2018-07-12","NEON.DOC.000481vK",,
"4079439b-8cda-4d2f-9cec-e94c775c6e16","e6429432-7f49-4fe6-bbe2-ccf6bf702e2a","DELA_001.mammalGrid.mam","D08","DELA","DELA_001","2018-07-12","2018-07-12","NEON.DOC.000481vK",,
