uid,nightuid,namedLocation,domainID,siteID,plotID,collectDate,endDate,samplingProtocolVersion,remarks,dataQF
"8b970599-8ab3-42cf-9468-1d79e427bb93","fe4c2e41-dfee-4f83-af29-717726f33ecd","DCFS_004.mammalGrid.mam","D09","DCFS","DCFS_004","2017-06-20","2017-06-20",,,
"18a95604-60b8-47f3-86fb-b2317e906659","11ccedc0-b0ff-40b7-8f65-363498cf572c","DCFS_003.mammalGrid.mam","D09","DCFS","DCFS_003","2017-06-20","2017-06-20",,,
"5af2c5a8-12fd-4604-8904-2ab420a5cb62","992bfb3c-7464-4057-9b40-bc14b6ed07de","DCFS_009.mammalGrid.mam","D09","DCFS","DCFS_009","2017-06-20","2017-06-20",,,
"26a5ef5e-c5fa-49df-8480-fb847a138ade","4d036b21-fae1-4683-b12d-43deab70bdee","DCFS_006.mammalGrid.mam","D09","DCFS","DCFS_006","2017-06-21","2017-06-21",,,
"de6b7c46-0ac0-471e-ac6f-619a13d7c3ef","29058782-25cd-42ea-9c3c-7acbd642d19a","DCFS_014.mammalGrid.mam","D09","DCFS","DCFS_014","2017-06-21","2017-06-21",,,
"cb35b64f-d205-4a66-b4a2-49a6cdf79d81","07a27f03-8314-4c4b-a2c9-2a8f43a9b2c3","DCFS_003.mammalGrid.mam","D09","DCFS","DCFS_003","2017-06-21","2017-06-21",,,
"fb31f1cd-c7b4-47b9-8b35-b1374e14e6d6","b3473a57-4395-46cc-b81f-a6eff3d351da","DCFS_006.mammalGrid.mam","D09","DCFS","DCFS_006","2017-06-22","2017-06-22","NEON.DOC.000481vJ",,
"9e646dd7-cccc-4770-b8bd-ac0cd0a7d3b9","9f0537e9-37ae-4bf5-8d74-b75a929b5c8c","DCFS_014.mammalGrid.mam","D09","DCFS","DCFS_014","2017-06-22","2017-06-22","NEON.DOC.000481vJ",,
"ad58072e-7077-4ee7-bc93-e582ccf8cdc0","041be79e-40eb-4f5d-815c-21658b4fc35b","DCFS_003.mammalGrid.mam","D09","DCFS","DCFS_003","2017-06-22","2017-06-22","NEON.DOC.000481vJ",,
"8ebb7ba2-995e-4462-83c0-25498280d188","de942e5a-f8dd-4a63-886a-0cf91df8fb6c","DCFS_020.mammalGrid.mam","D09","DCFS","DCFS_020","2017-06-23","2017-06-23","NEON.DOC.000481vJ",,
"da5ad99b-1995-43a0-bddd-cb0cbfc3df3a","006ee33c-9a05-4635-8954-0fdc38580eea","DCFS_014.mammalGrid.mam","D09","DCFS","DCFS_014","2017-06-23","2017-06-23","NEON.DOC.000481vJ",,
"8a8d7d82-1cc3-4bc0-877a-22dc3c7b9128","afe4b175-3d7f-4fe4-91f0-08aa2f07188d","DCFS_006.mammalGrid.mam","D09","DCFS","DCFS_006","2017-06-23","2017-06-23","NEON.DOC.000481vJ",,
