uid,nightuid,namedLocation,domainID,siteID,plotID,collectDate,endDate,samplingProtocolVersion,remarks,dataQF
"f483e5c0-7521-44ef-9cf0-dd4ef5103f1f","b4dc85b7-f19f-4eac-bbb6-e1e3916c4958","DELA_007.mammalGrid.mam","D08","DELA","DELA_007","2018-08-07","2018-08-07","NEON.DOC.000481vK",,
"80dea8d6-46f5-4bd3-9f44-4683696101db","d788aa27-6dd3-4176-98ab-358bdabc6e1a","DELA_002.mammalGrid.mam","D08","DELA","DELA_002","2018-08-07","2018-08-07","NEON.DOC.000481vK",,
"fb02fa3a-001a-4a94-a718-b9c2969da65e","e5cb3c3b-96f5-47ac-9248-71968864f8c5","DELA_001.mammalGrid.mam","D08","DELA","DELA_001","2018-08-07","2018-08-07","NEON.DOC.000481vK",,
"57bac4d3-9a1d-445a-912c-d70b569db1d2","9f962cf5-2ef9-4d3a-b9ed-760a10f9f563","DELA_007.mammalGrid.mam","D08","DELA","DELA_007","2018-08-08","2018-08-08","NEON.DOC.000481vK",,
"5e61cd3a-5f8a-4f45-a889-9707e47d6ae5","859c038a-0fb8-4f01-b0db-13e930d9104b","DELA_002.mammalGrid.mam","D08","DELA","DELA_002","2018-08-08","2018-08-08","NEON.DOC.000481vK",,
"57ac3007-1a85-46df-809c-15b72d3b63db","f461fc14-7369-4c52-8e54-6d5c52694fab","DELA_001.mammalGrid.mam","D08","DELA","DELA_001","2018-08-08","2018-08-08","NEON.DOC.000481vK",,
"ae9a1a4f-a546-4317-804f-acb552735cd1","6fc6a35b-588d-4b6f-bf4f-8b1a1ab361f8","DELA_001.mammalGrid.mam","D08","DELA","DELA_001","2018-08-09","2018-08-09","NEON.DOC.000481vK",,
"83106061-6202-4783-af91-c0b767d5f9a7","64bc046a-a0cc-47bb-8539-0132b2d10821","DELA_007.mammalGrid.mam","D08","DELA","DELA_007","2018-08-09","2018-08-09","NEON.DOC.000481vK",,
"2695a343-377c-4afc-ac95-c0a71b8ea413","3766285a-e51c-44b6-a7a0-10ca88297895","DELA_002.mammalGrid.mam","D08","DELA","DELA_002","2018-08-09","2018-08-09","NEON.DOC.000481vK",,
