uid,nightuid,namedLocation,domainID,siteID,plotID,collectDate,endDate,samplingProtocolVersion,remarks,dataQF
"a0016de1-3cc5-4e34-9680-06bb6ba93873","4BA62606EA824110945689A388F0D806","ONAQ_003.mammalGrid.mam","D15","ONAQ","ONAQ_003","2016-05-11","2016-05-11","NEON.DOC.000481vG",,
"84f78168-fa3d-43e7-bc09-0bee7a7827df","C8E8BAD754234BE7B0D8C54165D6823C","ONAQ_020.mammalGrid.mam","D15","ONAQ","ONAQ_020","2016-05-11","2016-05-11","NEON.DOC.000481vG",,
"143afaea-9203-4c87-966d-38e0d1e3f798","7A7237E63EA3412A8D302E153181D192","ONAQ_005.mammalGrid.mam","D15","ONAQ","ONAQ_005","2016-05-11","2016-05-11","NEON.DOC.000481vG","No Ear, Hair, and Whisker samples collected due to high capture rates",
"48247c01-018e-4d4d-9da2-51717ceba7a8","F79B4906074A4654A2DD1D9A275766EB","ONAQ_005.mammalGrid.mam","D15","ONAQ","ONAQ_005","2016-05-12","2016-05-12","NEON.DOC.000481vG",,
"444c3c30-2cf0-4ad3-ba13-eb300c9afb73","9601DC90622346988A687F8DB6D3B9C9","ONAQ_003.mammalGrid.mam","D15","ONAQ","ONAQ_003","2016-05-12","2016-05-12","NEON.DOC.000481vG","No samples beside feces taken. High capture rate, forgot tick data for traps: I07, A06, B08.",
"5f290a94-79c0-43b8-ac20-c612b9080bb0","E8CE9B2B4BEE46D49C56A4417EBF20B2","ONAQ_020.mammalGrid.mam","D15","ONAQ","ONAQ_020","2016-05-12","2016-05-12","NEON.DOC.000481vG","Hair, whisker and ear samples omitted due to high capture rates",
"3dc5eaa6-739b-4530-a3cd-02d441bdfcca","5EF23B37F5894C9DBED8758D5C11D3B5","ONAQ_003.mammalGrid.mam","D15","ONAQ","ONAQ_003","2016-05-13","2016-05-13","NEON.DOC.000481vG",,
"62693b8e-ca41-4e32-a529-9622549cc650","DCA34836E9A04F4E9E3E7FB12D29D93F","ONAQ_020.mammalGrid.mam","D15","ONAQ","ONAQ_020","2016-05-13","2016-05-13","NEON.DOC.000481vG","No tissue or hair samples taken due to high capture rates",
"972df085-8c28-428b-b561-b534623f6fb6","D6810146AA5A445FA901ED571707297A","ONAQ_005.mammalGrid.mam","D15","ONAQ","ONAQ_005","2016-05-13","2016-05-13","NEON.DOC.000481vG","No samples taken due to high capture rates",
"c3b2c3a0-62df-4163-bde5-3547748d50a3","F4117264CEA64F31BCE085FB5019B027","ONAQ_023.mammalGrid.mam","D15","ONAQ","ONAQ_023","2016-05-14","2016-05-14","NEON.DOC.000481vG",,
"7783f5d2-b6a3-463a-b67d-09d160772564","EA05F9679B9448E6BD6271E0EA3188C1","ONAQ_004.mammalGrid.mam","D15","ONAQ","ONAQ_004","2016-05-14","2016-05-14","NEON.DOC.000481vG",,
