uid,nightuid,namedLocation,domainID,siteID,plotID,collectDate,endDate,samplingProtocolVersion,remarks,dataQF
"221cc5b2-6ce4-4a1b-9714-e7044138bf1e","271ED8FCDD904C3D8DAF85ACE05AD50B","UNDE_008.mammalGrid.mam","D05","UNDE","UNDE_008","2016-08-01","2016-08-01","NEON.DOC.000481vH",,
"59e4274d-3490-4784-a9d8-8f63750166e0","0222FF9F2DC84EE295B6F8B04867EA0D","UNDE_003.mammalGrid.mam","D05","UNDE","UNDE_003","2016-08-01","2016-08-01","NEON.DOC.000481vH",,
"fc71b16a-4c9a-4d72-a1db-5f558a2b888a","FFC04874426743CFA9C1800133A889E9","UNDE_002.mammalGrid.mam","D05","UNDE","UNDE_002","2016-08-02","2016-08-02","NEON.DOC.000481vH",,
"d495e59e-b1f0-43ac-8596-8ec827c1aeb1","1FCFAA8E909549A2A570C24C77C4EF84","UNDE_001.mammalGrid.mam","D05","UNDE","UNDE_001","2016-08-02","2016-08-02","NEON.DOC.000481vH",,
"a66261cc-e39d-40a1-ba47-ad6dd943d3a1","759320EC643D4C9A988F14A643BFAF84","UNDE_027.mammalGrid.mam","D05","UNDE","UNDE_027","2016-08-03","2016-08-03","NEON.DOC.000481vH",,
"93f4568d-1fe3-4981-866f-1e9f92f8c9db","334D3E0AAD48457BA2E5F9695175C11F","UNDE_012.mammalGrid.mam","D05","UNDE","UNDE_012","2016-08-03","2016-08-03","NEON.DOC.000481vH",,
"637fd511-6aa9-4fea-ac33-c966529240bf","F7527047135D4412863D2E6649526000","UNDE_032.mammalGrid.mam","D05","UNDE","UNDE_032","2016-08-03","2016-08-03","NEON.DOC.000481vH","limited processing due to time constraint",
"9e05d066-f828-419f-a6e0-ea38d512a52d","F7ABE9E5E9354E5A89EDA77917B2FE28","UNDE_012.mammalGrid.mam","D05","UNDE","UNDE_012","2016-08-04","2016-08-04","NEON.DOC.000481vH",,
"bbb80f7b-27f4-454b-8ec8-c0c954455293","32E4CEEBFF854511B312F6C8B7FA7E23","UNDE_032.mammalGrid.mam","D05","UNDE","UNDE_032","2016-08-04","2016-08-04","NEON.DOC.000481vH","After first few captures limited processing was employed due to high captures. When 20 captures were remaining animals were only identified and tagged due to approaching storms",
"26b6282e-9008-4dd7-b8a5-48efaeee0bed","68C0B5E8EC46420C8B8C92B83FBBE0A7","UNDE_027.mammalGrid.mam","D05","UNDE","UNDE_027","2016-08-04","2016-08-04","NEON.DOC.000481vH",,
"72bd065b-e3ee-4e64-8d1a-0a47f6005221","0EC92F0B3B1F4E52BB0E166479C6010B","UNDE_012.mammalGrid.mam","D05","UNDE","UNDE_012","2016-08-05","2016-08-05","NEON.DOC.000481vH","Limited processing due to high captures and time",
"4f84f83b-fe1d-4d0d-a14e-79efbdbb4cf1","2863A027406A4EFEBB5A3D8DF8A4A250","UNDE_032.mammalGrid.mam","D05","UNDE","UNDE_032","2016-08-05","2016-08-05","NEON.DOC.000481vH","Limited Processing",
"92d50aee-5a70-4f20-a897-52b3a0fa70fb","8090CEAACF744DA5BFBB304D939F069E","UNDE_027.mammalGrid.mam","D05","UNDE","UNDE_027","2016-08-05","2016-08-05","NEON.DOC.000481vH","Used limited processing due to time constraints",
"b7ad7ba2-5606-481e-80ef-dd791ae7ef70","C3C55594F70B4AAF82A504E73E6743A1","UNDE_003.mammalGrid.mam","D05","UNDE","UNDE_003","2016-08-29","2016-08-29","NEON.DOC.000481vH",,
"7f26c270-0804-49d9-8b9a-0c525e7ac622","2E5E1A4BEF5C4DCEAD4DD4041866D442","UNDE_008.mammalGrid.mam","D05","UNDE","UNDE_008","2016-08-29","2016-08-29","NEON.DOC.000481vH",,
"f70ee2ba-690b-45e7-8334-63536247f69f","3EFF7B55BC594C8FA45C480BDB1CE84E","UNDE_001.mammalGrid.mam","D05","UNDE","UNDE_001","2016-08-30","2016-08-30","NEON.DOC.000481vH",,
"f8a9b194-b93c-45dd-8b68-0f8d7720ad92","FD9ABE319805450C9087A650F4411E66","UNDE_002.mammalGrid.mam","D05","UNDE","UNDE_002","2016-08-30","2016-08-30","NEON.DOC.000481vH",,
"5bc67286-c2f9-49f5-bafe-2b39db44a7ec","36EFD54082BA45D9954933AA58438968","UNDE_032.mammalGrid.mam","D05","UNDE","UNDE_032","2016-08-31","2016-08-31","NEON.DOC.000481vH","Limited processing was done due to time.",
"180b3007-dcb9-4ce4-87ee-c9642470e76c","606770EB107E4AE3B17E11483EE374FC","UNDE_012.mammalGrid.mam","D05","UNDE","UNDE_012","2016-08-31","2016-08-31","NEON.DOC.000481vH",,
