uid,nightuid,namedLocation,domainID,siteID,plotID,collectDate,endDate,samplingProtocolVersion,remarks,dataQF
"7b2184f6-4f86-44f8-8c36-f6936717ccf4","7f0f3bae-e24b-4d9f-8630-78d49a135cdd","BARR_037.mammalGrid.mam","D18","BARR","BARR_037","2017-08-14","2017-08-14","NEON.DOC.000481vJ",,
"90eb3d37-8bd3-462e-bc36-f18b06b48932","31ddd95b-bfe2-45b9-ba1b-58dba53aadd1","BARR_030.mammalGrid.mam","D18","BARR","BARR_030","2017-08-14","2017-08-14","NEON.DOC.000481vJ",,
"b2a7997a-ee82-4026-b1a6-d4606002f5be","f314c613-09cc-49ce-84d2-636ed5b5b61e","BARR_044.mammalGrid.mam","D18","BARR","BARR_044","2017-08-14","2017-08-14","NEON.DOC.000481vJ",,
"8b24d2ea-6cc7-4ef9-910a-050261fbdace","800274dd-c691-43de-8eb7-ad9fa772603f","BARR_036.mammalGrid.mam","D18","BARR","BARR_036","2017-08-14","2017-08-14","NEON.DOC.000481vJ",,
"db0b405e-00dd-4aaf-b9e7-9284bdd908a3","5581e439-e618-452b-8837-e3c624917927","BARR_083.mammalGrid.mam","D18","BARR","BARR_083","2017-08-14","2017-08-14","NEON.DOC.000481vJ",,
"b7e06419-5e27-44e3-9ac7-5ef18f6dc14b","f456a056-4bd5-4ebe-9ef2-2707cfe76fb5","BARR_084.mammalGrid.mam","D18","BARR","BARR_084","2017-08-16","2017-08-16","NEON.DOC.000481vJ",,
"e7ade0da-952d-4d59-ba8a-8624c96ffdb4","c30b3b1d-380d-4cfe-a7eb-7c742038e13c","BARR_036.mammalGrid.mam","D18","BARR","BARR_036","2017-08-16","2017-08-16","NEON.DOC.000481vJ",,
"8c324b3f-5863-4f9e-8a28-c86c24a366f9","b1020385-aa95-4c01-afce-c2176b2549c4","BARR_030.mammalGrid.mam","D18","BARR","BARR_030","2017-08-16","2017-08-16","NEON.DOC.000481vJ",,
"e2bdd52c-e465-4f83-8ec7-9a51542062f5","d04f7b75-3abc-4c09-9c92-a28795ff0f04","BARR_083.mammalGrid.mam","D18","BARR","BARR_083","2017-08-16","2017-08-16","NEON.DOC.000481vJ",,
"30766fa3-847f-47dc-86b4-451d4b8c9dd2","d64e0d4e-8461-4278-b3c9-fc41c33009ea","BARR_083.mammalGrid.mam","D18","BARR","BARR_083","2017-08-18","2017-08-18","NEON.DOC.000481vJ",,
"6d4e2b8e-974e-4c2b-be88-679ed7eea889","33fd74e5-c472-4fe2-8644-99d718f89571","BARR_036.mammalGrid.mam","D18","BARR","BARR_036","2017-08-18","2017-08-18","NEON.DOC.000481vJ",,
"969714a7-4308-4bd6-9243-a3a27272e23f","e52e6b36-ca74-4a4b-8b0e-95d2362fc0b1","BARR_030.mammalGrid.mam","D18","BARR","BARR_030","2017-08-18","2017-08-18","NEON.DOC.000481vJ",,
