uid,nightuid,namedLocation,domainID,siteID,plotID,collectDate,endDate,samplingProtocolVersion,remarks,dataQF
"20df257e-2fc6-4b60-89ed-9876859f43d9","4d75b5f6-1928-407e-9747-3d51414c8241","SCBI_035.mammalGrid.mam","D02","SCBI","SCBI_035","2017-05-16","2017-05-16","NEON.DOC.000481vJ","Low in the high 40s",
"46da27e1-103d-4c17-b7d1-89b5fef72e0e","a501877f-2cba-4f94-95bc-b2e498d01f3a","SCBI_008.mammalGrid.mam","D02","SCBI","SCBI_008","2017-05-16","2017-05-16","NEON.DOC.000481vJ",,
"ab8d29f0-266d-4367-923b-12b6cbbe1680","e555475d-c323-45ef-8153-0c597a437658","SCBI_002.mammalGrid.mam","D02","SCBI","SCBI_002","2017-05-16","2017-05-16","NEON.DOC.000481vJ","Closed grid after this night due to disturbance",
"868ffd66-d75c-419f-be32-9e33fd4335c8","6d55efe6-4668-45d0-8e6a-ab14cde0344f","SCBI_008.mammalGrid.mam","D02","SCBI","SCBI_008","2017-05-17","2017-05-17","NEON.DOC.000481vJ",,
"d674663e-ad26-4f73-8ff4-967b3699dc28","dc68adab-7107-4eda-b42c-d674267e44ad","SCBI_039.mammalGrid.mam","D02","SCBI","SCBI_039","2017-05-17","2017-05-17","NEON.DOC.000481vJ","Low in the low 60s",
"1ecc9d94-ec60-4999-97f0-f1d9c64fb219","d7e19106-53b1-49f8-a53a-2db01395717c","SCBI_035.mammalGrid.mam","D02","SCBI","SCBI_035","2017-05-17","2017-05-17","NEON.DOC.000481vJ",,
"158ea197-10bd-4889-ae28-09d6b26541af","ccfa95a5-fd54-4d32-840b-39d86a463c45","SCBI_035.mammalGrid.mam","D02","SCBI","SCBI_035","2017-05-18","2017-05-18","NEON.DOC.000481vJ","Low in the high 60s",
"5e254233-e8e9-4ae7-9d31-521f1ab91c7f","9fe8e54f-f797-4331-9bb7-5fc692d5967a","SCBI_004.mammalGrid.mam","D02","SCBI","SCBI_004","2017-05-18","2017-05-18","NEON.DOC.000481vJ",,
"6f0aed12-0879-4cc8-9ea4-a26964d4372d","373406f7-19c4-4f79-b2f3-5dae3aa6357c","SCBI_008.mammalGrid.mam","D02","SCBI","SCBI_008","2017-05-18","2017-05-18","NEON.DOC.000481vJ",,
"a7f8ca6c-dc23-45e7-827d-7421d6c1f153","d5811262-bbb0-47dd-ba94-b0a6810896f6","SCBI_003.mammalGrid.mam","D02","SCBI","SCBI_003","2017-05-19","2017-05-19","NEON.DOC.000481vJ","Low in upper 60s",
