uid,nightuid,namedLocation,domainID,siteID,plotID,collectDate,endDate,samplingProtocolVersion,remarks,dataQF
"e5da02a4-345e-4ee2-b235-9c78c31bc6d5","03D260B637BB43F19E0D53D87552216E","OAES_001.mammalGrid.mam","D11","OAES","OAES_001","2016-09-02","2016-09-02","NEON.DOC.000481vH",,
"a47e8169-e986-4645-aa81-53da2d9d1b33","DB25A544D292457A9C0B7404F5BDF60D","OAES_010.mammalGrid.mam","D11","OAES","OAES_010","2016-09-02","2016-09-02","NEON.DOC.000481vH",,
"acd3b78d-f9fd-4235-8e9b-6d75a0ade9fe","1A9937A059014DA882963348D9CC298E","OAES_002.mammalGrid.mam","D11","OAES","OAES_002","2016-09-02","2016-09-02","NEON.DOC.000481vH","002 (P): 59 cap.- FEHW was not collected",
"2c3f7839-6bb4-41e8-a38a-6c2b3e8e3453","F3004003604C4E55B00EFFC9DBB8E63D","OAES_029.mammalGrid.mam","D11","OAES","OAES_029","2016-09-27","2016-09-27","NEON.DOC.000481vH",,
"93c15d5e-e1ad-41bc-b308-11a5164dad3e","DEA3EB42EA0443F19A049AB02A9B4CEA","OAES_004.mammalGrid.mam","D11","OAES","OAES_004","2016-09-27","2016-09-27","NEON.DOC.000481vH",,
"0564c880-1d70-403f-b65f-80c26b9a163d","308D51B4F00C4D49B923926A27F06702","OAES_003.mammalGrid.mam","D11","OAES","OAES_003","2016-09-27","2016-09-27","NEON.DOC.000481vH","Did not collect Fecal, Ear, Hair, or Whiskers due to high capture rates.",
"9c298bd6-eb86-4dc6-b86c-8b1dd44c8763","B5304B1C295A4B66ABFC6C333BE4638D","OAES_002.mammalGrid.mam","D11","OAES","OAES_002","2016-09-28","2016-09-28","NEON.DOC.000481vH","Did not collect F,E,H,W because of high capture rate",
"0b34ff66-35e6-4730-bfcf-8947a2dc6794","A9A65AD9DDFD403D8CF95376561B2022","OAES_001.mammalGrid.mam","D11","OAES","OAES_001","2016-09-28","2016-09-28","NEON.DOC.000481vH","Did not collect F,E,H,W samples or take HFL & WGT due to high capture rate.",
"0e569885-5a40-4bd1-88b1-afd964052f4a","CE951ED023E84851AEBDB29E81BC42A8","OAES_010.mammalGrid.mam","D11","OAES","OAES_010","2016-09-28","2016-09-28","NEON.DOC.000481vH","Entire plot captures released due to sports umbrella flew away in wind. Traps in the sun and at high risk and hyperthermic, released to prevent death.",
"5b42103c-e2ef-4200-99e7-8a0423b9f7e1","EBE4EBADFB104B96885206845A8F3072","OAES_010.mammalGrid.mam","D11","OAES","OAES_010","2016-09-29","2016-09-29","NEON.DOC.000481vH",,
"38fa56a1-8cfe-410c-a46d-ffbe4c7511e5","27A14449291842C1BA156579AF0DA829","OAES_001.mammalGrid.mam","D11","OAES","OAES_001","2016-09-29","2016-09-29","NEON.DOC.000481vH","Did not take F,E,H,W or HFL&WGT due to high capture rates",
"30804794-36b3-4cd5-a9e9-fd63ada8a8ce","37A49DB4ACD94625ADB414E7F2EF198D","OAES_002.mammalGrid.mam","D11","OAES","OAES_002","2016-09-29","2016-09-29","NEON.DOC.000481vH","Did not collect, F, E, H, W, hind foot length, and weight due to high capture rates",
"dfb246f2-3a94-4db0-b3ac-fce8c9a24cf3","693A177D246D4D7FA1C92EAD3B47977B","OAES_001.mammalGrid.mam","D11","OAES","OAES_001","2016-09-30","2016-09-30","NEON.DOC.000481vH","Did not take F,E,H,W or HFL&WGT due to high capture rates",
"6aa50d4b-f4f3-4568-bdad-b74bb57f4697","50B4E7E8C53143E8BAF20140E2415706","OAES_002.mammalGrid.mam","D11","OAES","OAES_002","2016-09-30","2016-09-30","NEON.DOC.000481vH","Did not collect F,E,H,W,HFL,WGT due to high capture rate",
"a35abc97-2800-4a22-85ff-eca23473f427","B09EE2B76211469AAEDBA01E25B1D364","OAES_010.mammalGrid.mam","D11","OAES","OAES_010","2016-09-30","2016-09-30","NEON.DOC.000481vH",,
