uid,nightuid,namedLocation,domainID,siteID,plotID,collectDate,endDate,samplingProtocolVersion,remarks,dataQF
"42a56457-c28c-419a-beec-c86f16d0ed9b","24713092-e2f9-4a5e-923e-035b620bb9ac","SJER_033.mammalGrid.mam","D17","SJER","SJER_033","2018-01-16","2018-01-16",,,
"e3c6c4d9-705e-4a29-911f-ff608e7b3827","fe5470c5-d3e7-46d4-8f61-163df95edd54","SJER_032.mammalGrid.mam","D17","SJER","SJER_032","2018-01-16","2018-01-16",,,
"3abd4d4e-eaf3-4844-bbd6-9b92a90bfb1e","81ff2cd0-86c3-43a2-9ec0-8f02787fe9e6","SJER_013.mammalGrid.mam","D17","SJER","SJER_013","2018-01-16","2018-01-16",,,
"c8a62fe8-c8ef-4e6e-917b-6580a43d6dd3","5f96ef25-393b-491b-8626-c1e3677388f0","SJER_033.mammalGrid.mam","D17","SJER","SJER_033","2018-01-17","2018-01-17",,,
"af8ce63a-35ab-41ca-8c30-46daa9da86ba","b138e30f-855b-4cf3-8a04-a8fd0b2cadc4","SJER_007.mammalGrid.mam","D17","SJER","SJER_007","2018-01-17","2018-01-17",,,
"2ca25ae1-71cd-43bd-b0a8-b97b81ae58db","ef696399-ae1d-41ce-9cde-d4f012e6a768","SJER_006.mammalGrid.mam","D17","SJER","SJER_006","2018-01-17","2018-01-17",,,
"4e8611d9-eb83-4752-8ddd-abb75b5f336f","2a98b92f-79d7-487e-b1d7-52710705d4c6","SJER_032.mammalGrid.mam","D17","SJER","SJER_032","2018-01-17","2018-01-17",,,
"e0eb9e14-cee5-4d0e-825b-ffe58b98de2b","47ff0212-10c4-43d2-bdfd-fdc6a26aa8a3","SJER_033.mammalGrid.mam","D17","SJER","SJER_033","2018-01-18","2018-01-18",,,
"ff9c8e86-3de9-4e0b-b179-6771cf9d4739","adc461e8-5ae4-4f9d-8d05-e67f870a96c3","SJER_006.mammalGrid.mam","D17","SJER","SJER_006","2018-01-18","2018-01-18",,,
"170aad40-c84b-4154-99d1-d90dfde88d64","6a22401d-5b97-4cf6-ac34-21b452d437a8","SJER_032.mammalGrid.mam","D17","SJER","SJER_032","2018-01-18","2018-01-18",,,
"8a33e419-c57f-4ed9-b6b3-34b40ea66c66","123329fa-3b21-4022-8647-2e986df4f635","SJER_002.mammalGrid.mam","D17","SJER","SJER_002","2018-01-18","2018-01-18",,"N o captures",
"b0f30ae1-cea3-4b28-aa8e-6432fe78bf4a","94741418-b26f-430e-8c2d-3fa9a211d7ef","SJER_006.mammalGrid.mam","D17","SJER","SJER_006","2018-01-19","2018-01-19",,"Additional data measured by Sam Ruano recorded by Andrea Kantola",
"4143aa00-2bdb-4eff-8f4a-9dc7a0c713c1","2220def2-85a1-427a-b6e8-2f376b84e642","SJER_010.mammalGrid.mam","D17","SJER","SJER_010","2018-01-19","2018-01-19",,,
"287a06bc-0890-46de-acbe-f90c1553eab1","fc1c4195-e091-46a7-8c4d-6321cca789fc","SJER_009.mammalGrid.mam","D17","SJER","SJER_009","2018-01-19","2018-01-19",,,
