uid,nightuid,namedLocation,domainID,siteID,plotID,collectDate,endDate,samplingProtocolVersion,remarks,dataQF
"83bc138f-e29f-43fc-b802-9e9793e445a8","01697a06-c464-4e6e-b921-c89a1d3a8c71","DELA_007.mammalGrid.mam","D08","DELA","DELA_007","2017-09-19","2017-09-19","NEON.DOC.000481vJ",,
"d2b09af3-0417-4303-9ba2-acf663c2bd57","c4ddfcb5-a24c-43bb-8fcb-17fc256798a8","DELA_002.mammalGrid.mam","D08","DELA","DELA_002","2017-09-19","2017-09-19","NEON.DOC.000481vJ",,
"f45c4d15-a35d-4441-9a5b-72fa3a2d2353","1624d7a0-7a74-49da-826b-57c6bfd0eab3","DELA_001.mammalGrid.mam","D08","DELA","DELA_001","2017-09-19","2017-09-19","NEON.DOC.000481vJ",,
"0973256c-9169-475b-8eda-b7f43a8fb2c9","3e69e44f-e459-402f-b13d-17f7773de56d","DELA_007.mammalGrid.mam","D08","DELA","DELA_007","2017-09-20","2017-09-20","NEON.DOC.000481vG",,
"ec5c55f9-32c5-4289-8c1d-0fc2888d6b32","0cb15be6-8ab4-4d59-9158-3f2cab77b9ee","DELA_001.mammalGrid.mam","D08","DELA","DELA_001","2017-09-20","2017-09-20","NEON.DOC.000481vG",,
"c97eaf7f-1127-4a4d-8ac0-5b0c5464d01c","1fea03c5-b4b6-481f-a3ef-51ded67c5306","DELA_002.mammalGrid.mam","D08","DELA","DELA_002","2017-09-20","2017-09-20","NEON.DOC.000481vG",,
"49d21b66-5a32-4595-bd23-3b219d5dc65d","bacce191-04f1-4b3d-a656-fd25204e61ca","DELA_007.mammalGrid.mam","D08","DELA","DELA_007","2017-09-21","2017-09-21","NEON.DOC.000481vJ",,
"9ea81ba3-74b7-49bb-9869-c0ae24ed3a7a","5d99a5f2-0195-44d4-bed7-f0089c3e1a6c","DELA_002.mammalGrid.mam","D08","DELA","DELA_002","2017-09-21","2017-09-21","NEON.DOC.000481vJ",,
"dff1b1e5-0a77-4b32-89d9-bd8dd4b12764","c3db46a9-10cf-411d-bab2-cfdace15e2c9","DELA_001.mammalGrid.mam","D08","DELA","DELA_001","2017-09-21","2017-09-21","NEON.DOC.000481vJ",,
