uid,nightuid,namedLocation,domainID,siteID,plotID,collectDate,endDate,samplingProtocolVersion,remarks,dataQF
"267527d5-9925-41ff-84ba-d5242fe29110","83992c82-99cd-49af-b62e-89e792bce4a2","BLAN_009.mammalGrid.mam","D02","BLAN","BLAN_009","2019-04-03","2019-04-03","NEON.DOC.000481vK",,
"14ff0a0d-8cb5-42cd-b25d-61d5760f695b","0cec2869-320d-413e-a195-65a3056ce1eb","BLAN_003.mammalGrid.mam","D02","BLAN","BLAN_003","2019-04-03","2019-04-03","NEON.DOC.000481vK",,
"d6fc5df1-f71a-4296-add6-9705fe44aff5","89fff77e-85a5-4393-9446-fd6fc7fc3807","BLAN_001.mammalGrid.mam","D02","BLAN","BLAN_001","2019-04-03","2019-04-03","NEON.DOC.000481vK",,
"6f044bb3-ca06-4ca8-96ab-13c841e18bcd","b31cabd5-e475-4414-b50f-d92744759cd9","BLAN_001.mammalGrid.mam","D02","BLAN","BLAN_001","2019-04-04","2019-04-04","NEON.DOC.000481vL",,
"f6ec9444-7fae-44db-86f8-8c2a94b2411d","c39ea855-0653-44d8-bc5a-52481bce7a06","BLAN_003.mammalGrid.mam","D02","BLAN","BLAN_003","2019-04-04","2019-04-04","NEON.DOC.000481vL",,
"0d9fd7e4-d4a6-416a-8013-8e334428220c","f92cf40b-1b25-4867-a423-5722ffce2af7","BLAN_006.mammalGrid.mam","D02","BLAN","BLAN_006","2019-04-04","2019-04-04","NEON.DOC.000481vL",,
"8e595bb9-ad5f-47cd-8ad7-55fb9e528dd3","871b924a-1add-41d3-bb65-bab0f5a46af2","BLAN_009.mammalGrid.mam","D02","BLAN","BLAN_009","2019-04-04","2019-04-04","NEON.DOC.000481vL",,
"f05c6794-8d8b-4228-9b50-3d6be7d27bb0","266ce67c-80e5-42ec-90c3-fa98760dc2a1","BLAN_009.mammalGrid.mam","D02","BLAN","BLAN_009","2019-04-05","2019-04-05","NEON.DOC.000481vL",,
"184bb086-e450-49e5-be2f-fba0f3c3f13c","e1341781-ba2f-4e01-ad7e-1aae7afca4e4","BLAN_003.mammalGrid.mam","D02","BLAN","BLAN_003","2019-04-05","2019-04-05","NEON.DOC.000481vL",,
"5fe1b713-1e31-4e49-8b60-1255db8c3845","59971e70-43ae-4220-9129-3a6b13e66168","BLAN_001.mammalGrid.mam","D02","BLAN","BLAN_001","2019-04-05","2019-04-05","NEON.DOC.000481vL",,
