uid,nightuid,namedLocation,domainID,siteID,plotID,collectDate,endDate,samplingProtocolVersion,remarks,dataQF
"75093583-1fc1-4a28-84e8-1a2984406d09","3B7E933C701F44278C9D7283DE9CEC1E","ORNL_039.mammalGrid.mam","D07","ORNL","ORNL_039","2016-05-03","2016-05-03","NEON.DOC.000481vG","Currently exercising sampling protocol version NEON.DOC.000481vH",
"0d3fc5cc-5c70-4f5f-9172-adbc4aefb7f5","3AA055DAACBD4A879A9608DF167966FF","ORNL_007.mammalGrid.mam","D07","ORNL","ORNL_007","2016-05-03","2016-05-03","NEON.DOC.000481vG","We are using mammal protocol revision NEON.DOC.00481vH",
"2aa39c82-4fa3-4fc7-97d8-67a375548058","3C1DF139AA0D4388AA1669D2C7DBB556","ORNL_027.mammalGrid.mam","D07","ORNL","ORNL_027","2016-05-03","2016-05-03","NEON.DOC.000481vG","Currently using Sampling Protocol Version NEON.DOC.000481vH",
"974bba35-c60c-4714-84dc-c59be13ddcf4","7247F91F2BC8406D9CB91AC1F75D74BE","ORNL_002.mammalGrid.mam","D07","ORNL","ORNL_002","2016-05-04","2016-05-04","NEON.DOC.000481vG","Protocol vH",
"8a93e44b-5244-4719-98c3-bfd224d1729e","5B58619CEE694024A16736512B587837","ORNL_003.mammalGrid.mam","D07","ORNL","ORNL_003","2016-05-04","2016-05-04","NEON.DOC.000481vG","Currently using sampling protocol NEON.DOC.000481vG",
"9d1fae78-781c-4daa-a83f-2cd7cc75a8d5","E3F0AD6AD45F4F3A98DE3BEC923F6EFB","ORNL_001.mammalGrid.mam","D07","ORNL","ORNL_001","2016-05-04","2016-05-04","NEON.DOC.000481vG","Currently using sampling protocol version NEON.DOC.000481vH",
"e87ba43b-882c-4bcb-b488-fe3ed1b1b354","F9C9084CE94847F2854951A7D86DC828","ORNL_002.mammalGrid.mam","D07","ORNL","ORNL_002","2016-05-05","2016-05-05","NEON.DOC.000481vG","Protocol vH",
"d0f07a0e-af74-4faf-a00f-80a052a2a48c","697E4246E3AC4E4BB7B555ADD26FB969","ORNL_003.mammalGrid.mam","D07","ORNL","ORNL_003","2016-05-05","2016-05-05","NEON.DOC.000481vG","Currently using sampling protocol NEON.DOC.000481vH",
"489786b2-9e47-4478-8973-38ba54a5a868","18162C19E4924A5191242AC4EBF28560","ORNL_001.mammalGrid.mam","D07","ORNL","ORNL_001","2016-05-05","2016-05-05","NEON.DOC.000481vG","Currently using sampling protocol version NEON.DOC.000481vH",
"e53d3303-0c35-4403-870b-ba44477a9956","DED8FD9F72504ADE9616B0AD4571B76C","ORNL_003.mammalGrid.mam","D07","ORNL","ORNL_003","2016-05-06","2016-05-06","NEON.DOC.000481vG","Currently using Sampling Protocol Version: NEON.DOC.000481vG",
"ad0c13d2-abd4-42b5-8b8e-5df8c1bc6f49","743F198778C44A59A948CF1457FD12F1","ORNL_002.mammalGrid.mam","D07","ORNL","ORNL_002","2016-05-06","2016-05-06","NEON.DOC.000481vG","Protocol vH",
"448c7076-360d-47da-8241-76da1430929f","C3457C61914C46D9AEA47EC865934DB5","ORNL_001.mammalGrid.mam","D07","ORNL","ORNL_001","2016-05-06","2016-05-06","NEON.DOC.000481vG","Currently using sampling protocol version NEON.DOC.000481vH",
"942596ec-5a9d-4352-9c64-eccd96f079c0","B19AED64E69D424EBA55C4A01FFD5304","ORNL_003.mammalGrid.mam","D07","ORNL","ORNL_003","2016-05-06","2016-05-06","NEON.DOC.000481vG","Currently using sampling protocol version NEON.DOC.000481vH",
"0f53c040-44f6-48ba-ab2b-3e7df294f1f2","34A4F21FC1BD472E93928C8A094AF0E3","ORNL_001.mammalGrid.mam","D07","ORNL","ORNL_001","2016-05-06","2016-05-06","NEON.DOC.000481vG","Currently using Sampling Protocol Version: NEON.DOC.00481vG",
