uid,nightuid,namedLocation,domainID,siteID,plotID,collectDate,endDate,samplingProtocolVersion,remarks,dataQF
"5aae3783-f6bd-405c-a5a8-5acfa764ce12","286aa74d-d8ed-468a-9547-369503746d49","CPER_005.mammalGrid.mam","D10","CPER","CPER_005","2017-07-18","2017-07-18","NEON.DOC.000481vJ",,
"771b3c8b-bc7b-4ddd-ae8d-ef578777604f","1cf5bdc1-e1dc-41ea-bb7d-3d2828b1a8fb","CPER_009.mammalGrid.mam","D10","CPER","CPER_009","2017-07-18","2017-07-18","NEON.DOC.000481vJ",,
"0fce055d-f00f-4575-a9e2-9a04c07d0c5c","fc41cd02-f75b-4c03-a563-88f3900b4668","CPER_015.mammalGrid.mam","D10","CPER","CPER_015","2017-07-18","2017-07-18","NEON.DOC.000481vJ",,
"8c186890-b4e2-46ce-8452-f64c2c3ba319","10b3c197-a85a-4554-925b-5d4efd9904dc","CPER_006.mammalGrid.mam","D10","CPER","CPER_006","2017-07-18","2017-07-18","NEON.DOC.000481vJ",,
"7cf0b0d6-ae88-4fc5-8a94-78f7038d1b03","b0046196-44e3-41eb-bd29-bd8fa587a2dd","CPER_011.mammalGrid.mam","D10","CPER","CPER_011","2017-07-18","2017-07-18","NEON.DOC.000481vJ",,
"11690742-69cf-4dc4-bf2f-7cd7490f854b","773ab584-78bf-4e09-92e5-2087eb0e28c8","CPER_002.mammalGrid.mam","D10","CPER","CPER_002","2017-07-19","2017-07-19","NEON.DOC.000481vJ",,
"e472c26a-c1e2-4f43-9aed-ccf0c8274eec","0ef6b819-94dd-494b-89c6-0536c5c350b4","CPER_005.mammalGrid.mam","D10","CPER","CPER_005","2017-07-19","2017-07-19","NEON.DOC.000481vJ",,
"82286866-5b61-4e62-8ae1-7d7a91982eed","8edf6dfb-dcd5-41f3-8f2c-45d476e3890c","CPER_008.mammalGrid.mam","D10","CPER","CPER_008","2017-07-19","2017-07-19","NEON.DOC.000481vJ",,
"922dcacf-8f9f-4d86-8798-7b72269b9bc1","0133cf1f-6a74-4f4e-be25-5654f73ae601","CPER_015.mammalGrid.mam","D10","CPER","CPER_015","2017-07-19","2017-07-19","NEON.DOC.000481vJ",,
"29d68f34-5cd9-4201-b69c-95863095e9f2","0c594525-df7e-43f2-97f8-0ea62ae544ec","CPER_011.mammalGrid.mam","D10","CPER","CPER_011","2017-07-19","2017-07-19","NEON.DOC.000481vJ",,
"7bd6b50e-2efd-46d7-a389-802048c87790","11e12ab3-22e1-432c-9bf2-02614765589e","CPER_011.mammalGrid.mam","D10","CPER","CPER_011","2017-07-20","2017-07-20","NEON.DOC.000481vJ",,
"815d0637-73ba-4319-a28e-13da35666516","f3b7e162-c9b6-4f2c-b050-9f7ccfafb6d9","CPER_005.mammalGrid.mam","D10","CPER","CPER_005","2017-07-20","2017-07-20","NEON.DOC.000481vJ",,
"c1499265-9b88-4786-b89c-dfb11376d818","b5e2c43b-3f2d-46aa-8395-5d78a36706f8","CPER_004.mammalGrid.mam","D10","CPER","CPER_004","2017-07-20","2017-07-20","NEON.DOC.000481vJ",,
"1553f75a-a95f-4423-8290-14fee91a6d0d","29934c17-7b22-426e-a663-325f6e3473a6","CPER_015.mammalGrid.mam","D10","CPER","CPER_015","2017-07-20","2017-07-20","NEON.DOC.000481vJ",,
