uid,nightuid,namedLocation,domainID,siteID,plotID,collectDate,endDate,samplingProtocolVersion,remarks,dataQF
"385c1a10-29d6-4f64-93d2-764a4eaa39f3","6e828721-c731-425a-81ff-41ca3c8b18a3","SCBI_008.mammalGrid.mam","D02","SCBI","SCBI_008","2018-06-05","2018-06-05","NEON.DOC.000481vK",,
"5bd2709d-d4f3-449d-9c17-61b4dfdc5f80","6508d1ab-770b-46f4-ba53-d14cc1342feb","SCBI_035.mammalGrid.mam","D02","SCBI","SCBI_035","2018-06-05","2018-06-05","NEON.DOC.000481vK",,
"e777e872-b75e-49a2-9623-1e0306934582","9454871f-094c-4902-af48-07bbfa26bdf6","SCBI_002.mammalGrid.mam","D02","SCBI","SCBI_002","2018-06-05","2018-06-05","NEON.DOC.000481vK","Lots of Disturbed and damaged traps- bear; plot closed",
"fdbaf03e-be2c-4c8e-926b-501434342dc1","cc788356-ae97-4e2f-8a16-93a4ee93aacc","SCBI_035.mammalGrid.mam","D02","SCBI","SCBI_035","2018-06-06","2018-06-06","NEON.DOC.000481vK",,
"a0c59f8c-73fe-4861-b210-5e995f524c68","e06d5b6a-5f58-46ce-a17f-69f98e77690d","SCBI_008.mammalGrid.mam","D02","SCBI","SCBI_008","2018-06-06","2018-06-06","NEON.DOC.000481vK","Plot closed due to high disturbance",
"d4735f7e-a8c8-46ce-ac46-8d612a940427","e3f3b018-9276-47c8-b3ea-8e39f78c64a9","SCBI_035.mammalGrid.mam","D02","SCBI","SCBI_035","2018-06-07","2018-06-07","NEON.DOC.000481vK","Grass 1 to 1.5m high",
"3cdd23f4-0689-4b08-9217-4946ac804fbf","4a0bc913-cc43-4daa-a05b-c9a467bc4d61","SCBI_004.mammalGrid.mam","D02","SCBI","SCBI_004","2018-06-07","2018-06-07","NEON.DOC.000481vK",,
"a333bd49-b604-4152-9c21-9e4278c54547","4f729a85-9d9a-4b94-9aa8-606cf6ceb719","SCBI_003.mammalGrid.mam","D02","SCBI","SCBI_003","2018-06-08","2018-06-08","NEON.DOC.000481vK",,
