uid,nightuid,namedLocation,domainID,siteID,plotID,collectDate,endDate,samplingProtocolVersion,remarks,dataQF
"480dbbe8-7815-4c33-97be-df0daeaf2102","03761792-ccd9-4d74-a218-61cb337304a7","ABBY_010.mammalGrid.mam","D16","ABBY","ABBY_010","2017-08-12","2017-08-12",,"100 set",
"2ab21a9f-9070-47fc-b71b-7eb8ea9ee2d3","e2bde7df-8719-4b62-a04e-fc525e9a65fc","ABBY_007.mammalGrid.mam","D16","ABBY","ABBY_007","2017-08-12","2017-08-12",,"100% complete",
"54e35f94-1678-4bf4-9fd3-ed6e51b71f1c","bd0ec9f3-c84f-42ca-9934-d86b6f537e2b","ABBY_003.mammalGrid.mam","D16","ABBY","ABBY_003","2017-08-12","2017-08-12","NEON.DOC.000481vH","100% set",
"d3d24fee-8414-4022-b1ad-9aea393d174e","71110322-7aca-4fb5-98a8-61bf3e0de6b3","ABBY_011.mammalGrid.mam","D16","ABBY","ABBY_011","2017-08-13","2017-08-13","NEON.DOC.000481vH","99 traps set; g8 not set",
"a956d1f7-1862-4b0e-8534-4b8ee795a172","395d2743-ba13-460d-b17c-353488e4341e","ABBY_023.mammalGrid.mam","D16","ABBY","ABBY_023","2017-08-13","2017-08-13","NEON.DOC.000481vH","100 traps set",
"dbb073a6-85c9-446d-8342-fe7b47b0333d","818d7d48-2da5-4b12-86c3-3361f1e9857d","ABBY_010.mammalGrid.mam","D16","ABBY","ABBY_010","2017-08-13","2017-08-13","NEON.DOC.000481vH","100 traps set",
"0579dbb4-5f56-4b8b-9438-1d5e12c2de82","00257905-f67c-4215-8d66-b8331a3f6f5e","ABBY_010.mammalGrid.mam","D16","ABBY","ABBY_010","2017-08-14","2017-08-14","NEON.DOC.000481vJ","100 traps set; 48 resets",
"16d9e799-3fef-4f96-9609-995b7fd7cd3c","4d9e78de-b039-4e80-9d03-afeb0a024d62","ABBY_004.mammalGrid.mam","D16","ABBY","ABBY_004","2017-08-15","2017-08-15","NEON.DOC.000481vJ","100 traps set",
"c00180ae-8923-4eea-a4c7-8310eb6be472","7d99ee16-77fe-4fa5-b225-4f3b487dcdc0","ABBY_002.mammalGrid.mam","D16","ABBY","ABBY_002","2017-08-15","2017-08-15",,"99 traps set; C6 skipped",
"89d8b2a2-1eb1-479f-80c3-83656790831d","ed408740-19bd-4a59-8d4f-7f51c06b7c04","ABBY_002.mammalGrid.mam","D16","ABBY","ABBY_002","2017-08-16","2017-08-16","NEON.DOC.000481vG","100 traps set",
"5ca60463-35e2-4605-bc30-a7e62d42d4dd","259765da-34e3-4da2-8928-5e7a080eea50","ABBY_014.mammalGrid.mam","D16","ABBY","ABBY_014","2017-08-16","2017-08-16","NEON.DOC.000481vG","100 traps set",
"2af05092-86ec-40fc-af31-01333df61cca","c7a9e79b-1e71-49ac-bcbc-de4deb94f7e6","ABBY_002.mammalGrid.mam","D16","ABBY","ABBY_002","2017-08-17","2017-08-17","NEON.DOC.000481vH","100 traps set",
