uid,nightuid,namedLocation,domainID,siteID,plotID,collectDate,endDate,samplingProtocolVersion,remarks,dataQF
"13cb8a63-c4c5-49f8-ac3e-ccf9178bccd6","AAE47CB287C14F40BB86AF0FCCE9B8B2","DELA_007.mammalGrid.mam","D08","DELA","DELA_007","2016-07-01","2016-07-01","NEON.DOC.000481vH",,
"aa596f9f-09a4-4cc6-935c-0d7757fdf356","521BD0E841A54130ABA6E85704BD904F","DELA_002.mammalGrid.mam","D08","DELA","DELA_002","2016-07-01","2016-07-01","NEON.DOC.000481vH",,
"193b42c9-0e19-4777-b232-926f091c5a45","E79C37B451F64316AAB1E168861B7592","DELA_001.mammalGrid.mam","D08","DELA","DELA_001","2016-07-01","2016-07-01","NEON.DOC.000481vH",,
"abee6624-b3f8-4b5f-bf65-df8950ce8054","4C568FCB7CE24A309229A84857B2C169","DELA_001.mammalGrid.mam","D08","DELA","DELA_001","2016-07-27","2016-07-27","NEON.DOC.000481vH",,
"6a617846-099f-419c-93ad-9480410c3672","1365E2F2B97A4728BF8470CE322E750D","DELA_007.mammalGrid.mam","D08","DELA","DELA_007","2016-07-27","2016-07-27","NEON.DOC.000481vH",,
"f8f827f0-0e28-4cdc-bbe3-b5167f0c2e39","E0709CAD42D3426191C5265D40CB871C","DELA_002.mammalGrid.mam","D08","DELA","DELA_002","2016-07-27","2016-07-27","NEON.DOC.000481vH",,
"93f7a01c-46b0-46ca-a9db-c91e0d17daa7","18293FBC1BD24048AA4CCC0E1CAF4B65","DELA_002.mammalGrid.mam","D08","DELA","DELA_002","2016-07-28","2016-07-28","NEON.DOC.000481vH",,
"c450273b-8b73-4b18-8b1e-9b8676f3d8d8","9D1315D047CB4386AAE91C503236B55A","DELA_001.mammalGrid.mam","D08","DELA","DELA_001","2016-07-28","2016-07-28","NEON.DOC.000481vH",,
"e928be5f-b1d7-471a-84b0-e5b030127e85","EFE3E3B421704BD388B1A4B9FFBC19CC","DELA_007.mammalGrid.mam","D08","DELA","DELA_007","2016-07-28","2016-07-28","NEON.DOC.000481vH","There were some traps not set due to flooding.",
"57fd0d03-59ce-4b0d-88b5-3e090ec26244","C25EDE78D2464C61AFD1CE15E54EB738","DELA_007.mammalGrid.mam","D08","DELA","DELA_007","2016-07-29","2016-07-29","NEON.DOC.000481vH",,
"514269b7-5374-49bf-a048-7f16d394fc2c","568201B9F3E643B5ABD23E1B56F5FCCF","DELA_002.mammalGrid.mam","D08","DELA","DELA_002","2016-07-29","2016-07-29","NEON.DOC.000481vH",,
"f452b6e6-d4e3-418c-8fb3-447ea3c8b3d8","5DC5A9F760AE4B9AACFA49353E582AAA","DELA_001.mammalGrid.mam","D08","DELA","DELA_001","2016-07-29","2016-07-29","NEON.DOC.000481vH",,
