uid,nightuid,namedLocation,domainID,siteID,plotID,collectDate,endDate,samplingProtocolVersion,remarks,dataQF
"377ccb4b-8a30-44d9-86d4-46083f98c62a","63d81940-eda8-497d-a654-58338850c6d7","SERC_014.mammalGrid.mam","D02","SERC","SERC_014","2017-07-25","2017-07-25","NEON.DOC.000481vJ","Plot disturbed and not reset",
"052f2188-8363-4075-858d-9c02ce286b7c","b216c283-7988-4760-b895-51cb1b636e43","SERC_007.mammalGrid.mam","D02","SERC","SERC_007","2017-07-25","2017-07-25","NEON.DOC.000481vJ",,
"04d1dc13-2852-4864-9ebc-4915a8604eef","5a78d25f-45ca-4957-8f5e-d40d4ed91484","SERC_011.mammalGrid.mam","D02","SERC","SERC_011","2017-07-25","2017-07-25","NEON.DOC.000481vJ",,
"df615732-39c2-4774-81dc-ddd00934658a","0a3a5f9d-b527-4c72-90f8-05ff8a470177","SERC_015.mammalGrid.mam","D02","SERC","SERC_015","2017-07-25","2017-07-25","NEON.DOC.000481vJ",,
"8e444406-ed72-4dbd-a280-15740941a27a","3c000ead-2c5d-4403-b128-bd0813f2a487","SERC_008.mammalGrid.mam","D02","SERC","SERC_008","2017-07-26","2017-07-26","NEON.DOC.000481vJ","Soybeans 1 to 2 ft tall; weather warm and dry",
"501058a5-73d5-4c12-990c-f8b20c81e923","33d2e833-b293-40d7-8a66-c3c81893bc92","SERC_016.mammalGrid.mam","D02","SERC","SERC_016","2017-07-26","2017-07-26","NEON.DOC.000481vJ",,
"4a8784ca-b947-4c7c-8eef-6881098211fb","8875c3e4-160d-4f30-aa8f-5251b0cedf19","SERC_015.mammalGrid.mam","D02","SERC","SERC_015","2017-07-26","2017-07-26","NEON.DOC.000481vJ",,
"e79b3135-5fa4-489c-800f-801974df8b5c","d0228abb-fc64-4736-902b-2a5fbd263e01","SERC_011.mammalGrid.mam","D02","SERC","SERC_011","2017-07-26","2017-07-26","NEON.DOC.000481vJ",,
"996b57d6-7be8-47ee-843c-022bae71b679","e89c0b7e-052a-406a-8e4b-b323dcd3d6ca","SERC_032.mammalGrid.mam","D02","SERC","SERC_032","2017-07-27","2017-07-27","NEON.DOC.000481vJ",,
"d4863386-fa02-4b9a-926d-245fb54f4954","e7e49401-b0e8-4557-9555-142964ea9c7c","SERC_015.mammalGrid.mam","D02","SERC","SERC_015","2017-07-27","2017-07-27","NEON.DOC.000481vJ",,
"6f83469e-f335-4076-934f-dacb1840007f","c9ec1cb4-97d6-4370-85e6-81cbaf6db004","SERC_011.mammalGrid.mam","D02","SERC","SERC_011","2017-07-27","2017-07-27","NEON.DOC.000481vJ",,
"f4327acc-ff16-4cff-9e82-ee92b8fd7d60","60a5476c-cdb9-41d3-92a5-d9e9ec47ba89","SERC_031.mammalGrid.mam","D02","SERC","SERC_031","2017-07-27","2017-07-27","NEON.DOC.000481vJ",,
