uid,nightuid,namedLocation,domainID,siteID,plotID,collectDate,endDate,samplingProtocolVersion,remarks,dataQF
"85dac81a-593d-48c5-bec8-c3cc2079b008","A7EEBA21A9D54B868125184C76068D98","SRER_007.mammalGrid.mam","D14","SRER","SRER_007","2016-09-21","2016-09-21","NEON.DOC.000481vH",,
"ebf84a44-d573-4802-ba63-82bfe42b6e54","F4823F6A151E46CD964825B950F7D527","SRER_012.mammalGrid.mam","D14","SRER","SRER_012","2016-09-21","2016-09-21","NEON.DOC.000481vD",,
"f8145595-5520-4d3a-b3cb-da2dcd3cb4fe","2C112439826C44BBB24860BAB3F55D2E","SRER_012.mammalGrid.mam","D14","SRER","SRER_012","2016-09-22","2016-09-22","NEON.DOC.000481vH",,
"a411e9e7-797c-4234-b618-8d3db68570ca","C8DC818FCB884ED492CB1A53CCCABB33","SRER_007.mammalGrid.mam","D14","SRER","SRER_007","2016-09-22","2016-09-22","NEON.DOC.000481vH",,
"7244bf4d-a656-4e79-b3e6-c499683e32a3","FC83571837F44961BA8F5FC866801E14","SRER_008.mammalGrid.mam","D14","SRER","SRER_008","2016-09-22","2016-09-22","NEON.DOC.000481vH",,
"61b53b34-ceac-4e3f-9654-9f326fb7808d","5176662C6838405B9C3C6AAF0F97AB3D","SRER_012.mammalGrid.mam","D14","SRER","SRER_012","2016-09-23","2016-09-23","NEON.DOC.000481vH",,
"e5c9c9a5-4c3c-4b43-95ed-bf27bde894b6","1692DDD2CCBA40F8BD16D935632A583D","SRER_009.mammalGrid.mam","D14","SRER","SRER_009","2016-09-23","2016-09-23","NEON.DOC.000481vH",,
"d2424c1e-5497-49ff-98ff-01c636d01f8f","E34DE98742344D1691537EF57F85A67C","SRER_007.mammalGrid.mam","D14","SRER","SRER_007","2016-09-23","2016-09-23","NEON.DOC.000481vH",,
"261e54ab-df68-4e8b-b640-fe9b26f8ccd9","FB210C0B94024CADB350A020F8ABFDFB","SRER_005.mammalGrid.mam","D14","SRER","SRER_005","2016-09-24","2016-09-24","NEON.DOC.000481vH",,
"2db33e57-293d-44df-a88f-72ff8567ee94","559D07128DF240A9BB15957D7EC9C08D","SRER_002.mammalGrid.mam","D14","SRER","SRER_002","2016-09-24","2016-09-24","NEON.DOC.000481vH",,
"a0a853fe-c4ef-40a1-bce7-c9eb130ef03a","C5F77BD115764EF1887902FF03094D08","SRER_014.mammalGrid.mam","D14","SRER","SRER_014","2016-09-25","2016-09-25","NEON.DOC.000481vH",,
"129b694e-6b73-4b54-a3ce-e00d1228395b","DDB8652D37B543BE8471397AA2C5C432","SRER_005.mammalGrid.mam","D14","SRER","SRER_005","2016-09-25","2016-09-25","NEON.DOC.000481vH",,
"afa37362-b7db-4728-a002-6e9877cb10e1","C3ADB1E562334FCE9A77BF48BE0D82B2","SRER_005.mammalGrid.mam","D14","SRER","SRER_005","2016-09-26","2016-09-26","NEON.DOC.000481vH",,
"3e44db36-22c2-40cb-9b3f-3f92c324b26c","2E99290894474B858C6207D2A5108BEF","SRER_023.mammalGrid.mam","D14","SRER","SRER_023","2016-09-26","2016-09-26","NEON.DOC.000481vH",,
