uid,nightuid,namedLocation,domainID,siteID,plotID,collectDate,endDate,samplingProtocolVersion,remarks,dataQF
"473a8d90-6252-4b91-a01e-9c82bcce653c","a3e1dab1-2830-49f9-81d7-ccd2647beb49","WOOD_002.mammalGrid.mam","D09","WOOD","WOOD_002","2018-08-14","2018-08-14","NEON.DOC.000481vK",,
"89d1b556-ec20-4adf-bfc7-1dd1b9af1c89","8adfd3b8-21a8-4fd9-8d32-fe92019c948a","WOOD_010.mammalGrid.mam","D09","WOOD","WOOD_010","2018-08-14","2018-08-14","NEON.DOC.000481vK",,
"bbe12198-0bc6-4401-9078-6fb346d91ff1","7cad915f-6f61-4688-b118-514d1cdf9b49","WOOD_009.mammalGrid.mam","D09","WOOD","WOOD_009","2018-08-14","2018-08-14","NEON.DOC.000481vK",,
"5f8b6103-8a1a-426b-891b-3242bef19c05","f9f6421c-5b76-4b8a-bcc0-6dc1c40119c8","WOOD_007.mammalGrid.mam","D09","WOOD","WOOD_007","2018-08-14","2018-08-14","NEON.DOC.000481vK",,
"d165756b-05a0-450c-9e64-56f36926ca6a","0ab6aed2-73f5-4899-b2a5-4d744cb150d5","WOOD_002.mammalGrid.mam","D09","WOOD","WOOD_002","2018-08-15","2018-08-15","NEON.DOC.000481vK",,
"6962b860-5931-46c7-96ce-7439cc983329","ba2e2602-c9d4-4643-8004-6c4110a2d170","WOOD_007.mammalGrid.mam","D09","WOOD","WOOD_007","2018-08-15","2018-08-15","NEON.DOC.000481vK",,
"cb622e5a-c5ea-4572-98f9-f73d5c6955e4","b073c530-142d-400b-af93-a0e07672600f","WOOD_009.mammalGrid.mam","D09","WOOD","WOOD_009","2018-08-15","2018-08-15","NEON.DOC.000481vK",,
"12a58624-d32c-4d4d-8a2a-a39ddb5f5a9b","2c25e368-39d9-4f9f-986b-4bccb635bcb3","WOOD_008.mammalGrid.mam","D09","WOOD","WOOD_008","2018-08-15","2018-08-15","NEON.DOC.000481vK",,
"8a93fc2c-f75d-4b24-b26b-9b052c8ee016","f4fde640-85c5-4422-b7a0-1a5f0b60b628","WOOD_002.mammalGrid.mam","D09","WOOD","WOOD_002","2018-08-16","2018-08-16","NEON.DOC.000481vK",,
"fcf26a81-a196-4721-8a38-89c697d4f1b0","ddd0e815-7b9d-402a-b076-ea491b0b2603","WOOD_003.mammalGrid.mam","D09","WOOD","WOOD_003","2018-08-16","2018-08-16","NEON.DOC.000481vK",,
"2a52a53e-e43f-42ad-8e35-93bc7eefc6e8","f79144fb-ae83-49dc-bb32-ef3ffdeb7846","WOOD_009.mammalGrid.mam","D09","WOOD","WOOD_009","2018-08-16","2018-08-16","NEON.DOC.000481vK",,
"e3393c4a-b89a-4697-a0a4-2c96df5d2841","29c79c3e-ac08-4675-8501-4af6487706c8","WOOD_007.mammalGrid.mam","D09","WOOD","WOOD_007","2018-08-16","2018-08-16","NEON.DOC.000481vK",,
