uid,nightuid,namedLocation,domainID,siteID,plotID,collectDate,endDate,samplingProtocolVersion,remarks,dataQF
"0418fafa-fc0e-429b-8610-af46ba5dcd51","7039ef25-dcad-4e4f-9a3d-40796da0a26b","HARV_023.mammalGrid.mam","D01","HARV","HARV_023","2018-08-07","2018-08-07","NEON.DOC.000481vK",,
"b95e76dd-c834-489f-9bef-75e6028584d2","f1780b06-2c92-4467-87e9-3bea700ea7c6","HARV_008.mammalGrid.mam","D01","HARV","HARV_008","2018-08-07","2018-08-07","NEON.DOC.000481vK",,
"50e75b64-4be0-42a4-8e10-0a6751443aa7","4a15253a-4500-4c34-a0a2-3822a1bba1b8","HARV_021.mammalGrid.mam","D01","HARV","HARV_021","2018-08-07","2018-08-07","NEON.DOC.000481vK",,
"b1fe6460-971e-4dde-8fe9-1a7ae4eef94f","23a5fd22-a4f5-4a60-bdba-87649f7d862b","HARV_023.mammalGrid.mam","D01","HARV","HARV_023","2018-08-08","2018-08-08","NEON.DOC.000481vK",,
"72e27010-47c6-401b-a9ff-bf8aca1d81a8","9580c855-6aba-402c-902f-f7216c44e047","HARV_008.mammalGrid.mam","D01","HARV","HARV_008","2018-08-08","2018-08-08","NEON.DOC.000481vK",,
"bb9a939c-ec59-4527-9ae1-69dcbe1f6dea","6fbe7af4-8ea9-447d-ad3c-1fa742cf6c6d","HARV_008.mammalGrid.mam","D01","HARV","HARV_008","2018-08-09","2018-08-09","NEON.DOC.000481vK",,
"601607c5-d84c-4915-aad0-c186d35ea3a2","6e5cd0b2-5ee0-4b56-9636-750996bb6b09","HARV_021.mammalGrid.mam","D01","HARV","HARV_021","2018-08-09","2018-08-09","NEON.DOC.000481vK",,
"7034a7e4-be00-48b8-9c2a-f5e50c668890","3bde96f6-dcb4-40ce-a0bf-5b0c071b8039","HARV_023.mammalGrid.mam","D01","HARV","HARV_023","2018-08-09","2018-08-09","NEON.DOC.000481vK",,
"74d325a6-cfba-4c93-903f-e6373361a57d","5f3c0a48-d25d-4f9a-aec4-51afd8ce87b1","HARV_006.mammalGrid.mam","D01","HARV","HARV_006","2018-08-10","2018-08-10","NEON.DOC.000481vK",,
"abf1b1d1-2c77-4433-9037-6ee196f9ff4b","9916c998-acc7-4739-918e-8735bdaddc2f","HARV_021.mammalGrid.mam","D01","HARV","HARV_021","2018-08-10","2018-08-10","NEON.DOC.000481vK",,
"31dfa07f-d973-48a6-b204-cb91aaf44df3","fe9d9e09-f5cd-4d8f-aeda-132173892756","HARV_001.mammalGrid.mam","D01","HARV","HARV_001","2018-08-10","2018-08-10","NEON.DOC.000481vK",,
"3ec0d451-5a3b-4c06-97ab-0881c6643073","25bb4518-0856-4fb6-b159-10cdab4ee9c6","HARV_010.mammalGrid.mam","D01","HARV","HARV_010","2018-08-10","2018-08-10","NEON.DOC.000481vK",,
