uid,nightuid,namedLocation,domainID,siteID,plotID,collectDate,endDate,samplingProtocolVersion,remarks,dataQF
"1a191fea-ed4e-45a1-9580-f396bf43dd0a","5866869c-cbec-4c28-b75c-fc84077c87a1","DSNY_004.mammalGrid.mam","D03","DSNY","DSNY_004","2017-10-10","2017-10-10",,,
"4942052e-5272-44d1-97a5-3a5897142742","6035c16c-253b-4546-9bec-1308e1700a71","DSNY_016.mammalGrid.mam","D03","DSNY","DSNY_016","2017-10-10","2017-10-10",,,
"69764d20-4b6c-4ffc-afec-bafbfd187974","61572c15-45c9-4b06-89a0-eed096565dae","DSNY_005.mammalGrid.mam","D03","DSNY","DSNY_005","2017-10-10","2017-10-10",,,
"56fd39e8-12d0-48a8-9c8e-ec31d01ef4f4","2cbdfdd3-46cc-4024-ab20-0aceda635177","DSNY_001.mammalGrid.mam","D03","DSNY","DSNY_001","2017-10-10","2017-10-10",,,
"7bb2c264-5f3b-4c30-b6ce-3b7afa613bb8","972ad484-416a-4c95-af94-c608ea714dcf","DSNY_001.mammalGrid.mam","D03","DSNY","DSNY_001","2017-10-11","2017-10-11","NEON.DOC.000481vJ",,
"5078eda0-afc1-4856-9fce-9d1e19335914","d8ce745b-3abe-4cba-8a2f-b732bca3e3ac","DSNY_004.mammalGrid.mam","D03","DSNY","DSNY_004","2017-10-11","2017-10-11","NEON.DOC.000481vJ",,
"eca2139f-5de6-4928-a719-40c57b32f415","357547d6-ef1c-49c9-921c-762e23979c43","DSNY_005.mammalGrid.mam","D03","DSNY","DSNY_005","2017-10-11","2017-10-11","NEON.DOC.000481vJ",,
"cc675bb8-1ddb-4c73-8a3b-dccdbc61800d","f440612a-f9cb-4bdc-a6b3-a28da00b75e0","DSNY_085.mammalGrid.mam","D03","DSNY","DSNY_085","2017-10-11","2017-10-11","NEON.DOC.000481vJ",,
"2b9d6e63-b557-4465-8be5-686d66740ef7","516ce10e-b045-4ad0-a01f-cb6b75b025ee","DSNY_001.mammalGrid.mam","D03","DSNY","DSNY_001","2017-10-12","2017-10-12","NEON.DOC.000481vG",,
"dcf79ed0-63c8-4d27-83fc-726e4870f542","5b5891f5-79e1-4559-890c-a4fc2dcc14c6","DSNY_004.mammalGrid.mam","D03","DSNY","DSNY_004","2017-10-12","2017-10-12","NEON.DOC.000481vG",,
"aa070193-59c4-484f-a6c2-cc7cdb58b96a","39cdcd59-5248-4388-a4b2-2d3e64f67f36","DSNY_006.mammalGrid.mam","D03","DSNY","DSNY_006","2017-10-12","2017-10-12","NEON.DOC.000481vG",,
"dd8d7e33-606b-4bc5-9e82-5e5dd1726372","c9bcb455-bd5f-4d8d-a6ff-a82c4564efa8","DSNY_005.mammalGrid.mam","D03","DSNY","DSNY_005","2017-10-12","2017-10-12","NEON.DOC.000481vG",,
