uid,nightuid,namedLocation,domainID,siteID,plotID,collectDate,endDate,samplingProtocolVersion,remarks,dataQF
"81fb53e8-98c9-46f2-8f7e-b168cea88e63","55448575-3037-448f-a498-64acece5b823","UNDE_012.mammalGrid.mam","D05","UNDE","UNDE_012","2017-08-22","2017-08-22","NEON.DOC.000481vG",,
"521a9ac9-01d4-42ae-8a4e-0d9074b48a26","553b030e-28f8-4be7-a097-474feafa2f6b","UNDE_027.mammalGrid.mam","D05","UNDE","UNDE_027","2017-08-22","2017-08-22","NEON.DOC.000481vJ",,
"1b8b6374-d93e-409c-b9f0-a73a5f8ebd6d","230c7b57-dcca-47d3-8ee1-70027ca26c01","UNDE_032.mammalGrid.mam","D05","UNDE","UNDE_032","2017-08-22","2017-08-22","NEON.DOC.000481vJ",,
"d4e7bad1-c970-49b9-8ef3-b4dfd9256448","9ad8be98-df6c-4765-831d-653398d989a0","UNDE_012.mammalGrid.mam","D05","UNDE","UNDE_012","2017-08-23","2017-08-23",,,
"e82d6875-4ab6-48f3-b844-ecaea51ba086","f8657b08-bc56-412b-ac8b-95df51d6b268","UNDE_032.mammalGrid.mam","D05","UNDE","UNDE_032","2017-08-23","2017-08-23","NEON.DOC.000481vJ",,
"1bbb2a48-4780-4a91-a6b0-5599326f62a8","f2cd15b3-adbb-4f13-b5d5-87d84ca1c624","UNDE_027.mammalGrid.mam","D05","UNDE","UNDE_027","2017-08-23","2017-08-23","NEON.DOC.000481vJ",,
"e82cf152-5507-4ea7-b129-7dfbd145e70c","138ebf3c-0dc6-4556-aa5a-1715a2bb2f52","UNDE_032.mammalGrid.mam","D05","UNDE","UNDE_032","2017-08-24","2017-08-24","NEON.DOC.000481vJ",,
"4aab4fb1-1537-4b40-9ded-0261d07bbb40","84e346ce-a4e1-4686-8229-37ed9f1d0915","UNDE_012.mammalGrid.mam","D05","UNDE","UNDE_012","2017-08-24","2017-08-24","NEON.DOC.000481vJ",,
"3d83480a-fed9-40d4-8aa1-cbdd6f78b217","bda281f8-bea6-4660-a3fd-12c50fe21779","UNDE_027.mammalGrid.mam","D05","UNDE","UNDE_027","2017-08-24","2017-08-24",,,
"7f017ee3-22cf-4448-bf2c-cffb271f5e83","db27f9c1-0801-4e6c-a191-b3dd40d0376a","UNDE_008.mammalGrid.mam","D05","UNDE","UNDE_008","2017-08-25","2017-08-25","NEON.DOC.000481vJ",,
"16afd99f-db77-4d64-8238-b68e070bd8b4","e138f816-fab4-4f34-b1d8-57f387b30726","UNDE_001.mammalGrid.mam","D05","UNDE","UNDE_001","2017-08-25","2017-08-25","NEON.DOC.000481vJ",,
"b74d8524-da96-41aa-96a4-9096b695df45","ffddedc6-2013-4051-9c15-96d248a63ea0","UNDE_003.mammalGrid.mam","D05","UNDE","UNDE_003","2017-08-25","2017-08-25","NEON.DOC.000481vJ",,
"611c76cc-02d0-4dcd-aaa4-2877a26f9cc7","0d3a11cd-4589-4e49-aeec-451184d316a9","UNDE_002.mammalGrid.mam","D05","UNDE","UNDE_002","2017-08-25","2017-08-25","NEON.DOC.000481vJ",,
