uid,nightuid,namedLocation,domainID,siteID,plotID,collectDate,endDate,samplingProtocolVersion,remarks,dataQF
"2ba8fdab-7eb6-4128-b378-cb7529ba2dba","FA5BBF107A06446493C222B7B3F11297","JERC_006.mammalGrid.mam","D03","JERC","JERC_006","2015-09-09","2015-09-09",,,
"37c377a3-4909-4f22-b9b6-a5c041d6b8e7","AF54817238C448A89258B73472471A90","JERC_019.mammalGrid.mam","D03","JERC","JERC_019","2015-09-09","2015-09-09",,,
"5e648c26-e5e3-4493-9d20-5aee463e285c","3B97A21545594AE491B8369495C22CDF","JERC_005.mammalGrid.mam","D03","JERC","JERC_005","2015-09-09","2015-09-09",,,
"384ed82a-28d0-4fd0-a8d7-12a72574dfc7","9F5BBEFBFA8C47AC910CA707D88C3618","JERC_009.mammalGrid.mam","D03","JERC","JERC_009","2015-09-09","2015-09-09",,,
"0ec5c3b8-ecac-4135-bb30-1e17327442b1","CC4C212739F24D28BAFEC7E4166320E9","JERC_009.mammalGrid.mam","D03","JERC","JERC_009","2015-09-10","2015-09-10",,,
"25cbae59-1ea8-46e1-84a9-bfb486222373","1EE2D7A282AB4B3E9F68BB3A6C628540","JERC_005.mammalGrid.mam","D03","JERC","JERC_005","2015-09-10","2015-09-10",,,
"df3ad18c-de4e-4a4e-9bb5-dafacdebd9ee","134E1E4F036D45C2A091F3E336E8D5D6","JERC_009.mammalGrid.mam","D03","JERC","JERC_009","2015-09-11","2015-09-11",,,
"60aae437-990c-4eb9-9f29-8e450e46dce7","0B72AD37917043CC8D6E73C77F77A12C","JERC_005.mammalGrid.mam","D03","JERC","JERC_005","2015-09-11","2015-09-11",,,
