uid,nightuid,namedLocation,domainID,siteID,plotID,collectDate,endDate,samplingProtocolVersion,remarks,dataQF
"b41c39bc-3e21-4b77-b6c3-4b28478e40d6","194152db-db05-433c-b3fa-0f3a982d38b4","WOOD_010.mammalGrid.mam","D09","WOOD","WOOD_010","2017-08-22","2017-08-22","NEON.DOC.000481vJ",,
"5939cdf5-9b3b-4888-a0a9-c67343b7fede","976f531d-9616-40b0-9377-61af7b56a773","WOOD_008.mammalGrid.mam","D09","WOOD","WOOD_008","2017-08-22","2017-08-22","NEON.DOC.000481vJ",,
"53264012-68b0-48de-8cc7-b314da6ba3c5","8c30abea-2439-45a2-a959-cd7699019e4a","WOOD_009.mammalGrid.mam","D09","WOOD","WOOD_009","2017-08-22","2017-08-22","NEON.DOC.000481vJ",,
"de382524-83c5-44da-8ba2-b8b8d091914d","6d7d4f5e-68cb-4c6c-bac3-bcc068ed4590","WOOD_002.mammalGrid.mam","D09","WOOD","WOOD_002","2017-08-23","2017-08-23",,,
"707a4acb-a936-44b5-a7dd-997c20ff7bb9","0eae9931-da5c-44e0-b256-77cd70f7a548","WOOD_009.mammalGrid.mam","D09","WOOD","WOOD_009","2017-08-23","2017-08-23",,,
"49a1637f-56f7-4102-a1b5-f8f33ecc8cf6","35887b59-bd4c-46bb-92d5-f56c8d97d989","WOOD_002.mammalGrid.mam","D09","WOOD","WOOD_002","2017-08-24","2017-08-24",,,
"90403d49-d610-469d-a369-2f2b24b106d8","dfa30590-98a2-40a0-b244-4f3c4fd83d6f","WOOD_009.mammalGrid.mam","D09","WOOD","WOOD_009","2017-08-24","2017-08-24",,,
"7b1335df-a675-42c3-8474-142e9f2df5f3","9c82c12d-e1ad-4a9b-89ec-e218bad362a5","WOOD_002.mammalGrid.mam","D09","WOOD","WOOD_002","2017-08-25","2017-08-25",,,
"15f6ddac-74a7-4a81-85a6-525010233897","5adac53c-feca-49e4-9c0e-8e5e7c070a2a","WOOD_003.mammalGrid.mam","D09","WOOD","WOOD_003","2017-08-25","2017-08-25",,,
