uid,nightuid,namedLocation,domainID,siteID,plotID,collectDate,endDate,samplingProtocolVersion,remarks,dataQF
"6128b801-8e80-48aa-a39a-91dffaa78981","6bbf1f94-e1de-4fe0-bc61-fb5be4e078a3","JORN_018.mammalGrid.mam","D14","JORN","JORN_018","2018-09-29","2018-09-29","NEON.DOC.000481vK",,
"0a8ccc43-dd8e-4345-853d-0ff83ed70b15","32633d14-6e9c-43e7-b06c-fb8b84038879","JORN_017.mammalGrid.mam","D14","JORN","JORN_017","2018-09-29","2018-09-29","NEON.DOC.000481vK",,
"92fa1f37-f06d-4695-90f3-ffd3eabf0401","a5634eb2-ede4-41c5-9af5-3a847580d198","JORN_001.mammalGrid.mam","D14","JORN","JORN_001","2018-09-29","2018-09-29","NEON.DOC.000481vK",,
"2b10d6e2-0386-455b-af74-7029dcd738df","407cee25-1ec1-45b3-8136-ac45b51eae29","JORN_001.mammalGrid.mam","D14","JORN","JORN_001","2018-09-30","2018-09-30","NEON.DOC.000481vK",,
"54bcb38c-e873-4b69-ada7-c3e6f25d6fa1","5ddf946b-fe83-4c7c-968f-a6e0878e50e6","JORN_007.mammalGrid.mam","D14","JORN","JORN_007","2018-09-30","2018-09-30","NEON.DOC.000481vK","Record mistakenly created. Was supposed to be for JORN_018",
"32374e34-8bed-4cb0-bec7-adf51352d8cc","a914fede-4f82-49fe-93e5-63adf490ec97","JORN_018.mammalGrid.mam","D14","JORN","JORN_018","2018-09-30","2018-09-30","NEON.DOC.000481vK",,
"7699c071-d983-43e4-81c1-6c52575cdd8f","79bac498-bf17-4470-9f22-1ced40731349","JORN_017.mammalGrid.mam","D14","JORN","JORN_017","2018-09-30","2018-09-30","NEON.DOC.000481vK",,
