uid,nightuid,namedLocation,domainID,siteID,plotID,collectDate,endDate,samplingProtocolVersion,remarks,dataQF
"bb75c965-606d-489e-8aae-7eccb4b1ba73","FAD0397C620D455CB8FB9DFEBD60EF51","SCBI_035.mammalGrid.mam","D02","SCBI","SCBI_035","2015-08-04","2015-08-04",,,
"cf00d656-af11-4f81-be17-c51865e287d6","4DDA42FA45F2486B80ACD360AA9CA72D","SCBI_008.mammalGrid.mam","D02","SCBI","SCBI_008","2015-08-04","2015-08-04",,,
"06df4a09-58d7-46ea-99f1-e5b93091cb7e","C924152807CB47289CFFC0FC54570A40","SCBI_002.mammalGrid.mam","D02","SCBI","SCBI_002","2015-08-04","2015-08-04",,,
"e83bbac1-ed33-4eba-a92b-afad987b78ff","F44815596F8A456CB3968C57AD837FBD","SCBI_035.mammalGrid.mam","D02","SCBI","SCBI_035","2015-08-05","2015-08-05",,"rained overnight",
"feb0b2d5-bda7-471b-b6fe-ca97006a8e4c","A4DC48FBD2F94B459E895ED29CE5C091","SCBI_008.mammalGrid.mam","D02","SCBI","SCBI_008","2015-08-05","2015-08-05",,"rained overnight",
"dcb1e450-7f72-4a12-9b19-860edb60c788","ADDA1300E6D9443EA60E09CFF4FEEE43","SCBI_002.mammalGrid.mam","D02","SCBI","SCBI_002","2015-08-05","2015-08-05",,"very high disturbance; pulled traps one night early",
"fac5e0cf-95b9-4351-9dc2-88cabaf8792c","CE31937EB2E24F27ABBB9C0E4F138CE7","SCBI_008.mammalGrid.mam","D02","SCBI","SCBI_008","2015-08-06","2015-08-06",,,
"f7cdfe76-605f-4192-9858-b0032c3475a9","336CAA57F52C49A1B0BE87F5071C55E6","SCBI_004.mammalGrid.mam","D02","SCBI","SCBI_004","2015-08-06","2015-08-06",,,
"4b0af3e8-c831-4fc6-9138-e5e298cc3cdb","A000DF8A8B584541932D409399B3D8C5","SCBI_002.mammalGrid.mam","D02","SCBI","SCBI_002","2015-08-06","2015-08-06",,"this grid was not set this night as high predator damage occurred during first 2 nights",
"5a796af9-7741-4b78-9125-980b9c64ec08","9911BE6F472E48A1AFDB86BE6D99F125","SCBI_035.mammalGrid.mam","D02","SCBI","SCBI_035","2015-08-06","2015-08-06",,,
"dee140e4-1ccb-4af3-b2a3-cb454a32b4ab","5D63CCE7351C490CBBA2EE694983715F","SCBI_039.mammalGrid.mam","D02","SCBI","SCBI_039","2015-08-07","2015-08-07",,"many traps not set due to impenetrable thorns",
"f7014059-67af-4188-a5a7-0408ee32c1b5","5EEBF7027F024B7A8DA737EC1213E11F","SCBI_003.mammalGrid.mam","D02","SCBI","SCBI_003","2015-08-07","2015-08-07",,"Overnight in the 60s and rainy",
