uid,nightuid,namedLocation,domainID,siteID,plotID,collectDate,endDate,samplingProtocolVersion,remarks,dataQF
"14487963-c0ae-417b-8755-3b42013f263e","3e9f64fb-f351-42bc-b550-2de385aa3730","BLAN_001.mammalGrid.mam","D02","BLAN","BLAN_001","2017-03-28","2017-03-28","NEON.DOC.000481vJ",,
"922b554d-6f55-4809-9af9-978b570f40a9","8ade2cd1-a0cd-45e9-9448-db088fe6de71","BLAN_009.mammalGrid.mam","D02","BLAN","BLAN_009","2017-03-28","2017-03-28","NEON.DOC.000481vJ",,
"4b3858fc-e693-40cf-8be8-91691de89b7c","7a40526d-243a-4264-a8cf-7e621084dfc8","BLAN_003.mammalGrid.mam","D02","BLAN","BLAN_003","2017-03-28","2017-03-28","NEON.DOC.000481vJ",,
"32414dcd-89f2-42e5-ad15-24063a831c1c","159a4254-4325-49e7-bf8b-7d641074411e","BLAN_001.mammalGrid.mam","D02","BLAN","BLAN_001","2017-03-29","2017-03-29","NEON.DOC.000481vJ","Lows in the 50s",
"e51b74da-82e3-4048-8d45-af0a334508cc","c65b4b71-9fd6-4d04-8425-71cb5b909253","BLAN_003.mammalGrid.mam","D02","BLAN","BLAN_003","2017-03-29","2017-03-29","NEON.DOC.000481vJ",,
"9927cbb5-7ca4-4c7c-b4a7-48e6c7edcf95","521756e4-e443-4760-b6b4-0e026dc401b0","BLAN_009.mammalGrid.mam","D02","BLAN","BLAN_009","2017-03-29","2017-03-29","NEON.DOC.000481vJ",,
"5f5479eb-350a-4d30-aa9e-0dc09559246c","b3275f9f-1f74-4921-8240-f42c3bd842c8","BLAN_009.mammalGrid.mam","D02","BLAN","BLAN_009","2017-03-30","2017-03-30","NEON.DOC.000481vJ",,
"f9b67101-da1d-4c29-a207-c72442a7015f","9e49811d-47c5-4356-a5d2-4cd8eef781e6","BLAN_002.mammalGrid.mam","D02","BLAN","BLAN_002","2017-03-30","2017-03-30","NEON.DOC.000481vJ",,
"e3fcce32-3825-4c93-8ef4-1acde2926545","d9e5b668-bd7a-49c4-a79c-d260c9fda5cc","BLAN_001.mammalGrid.mam","D02","BLAN","BLAN_001","2017-03-30","2017-03-30","NEON.DOC.000481vJ",,
"0eefb4b3-1007-4430-be4d-1205d04d18a9","479ae814-9d86-40b6-b8a0-411345b5ee66","BLAN_003.mammalGrid.mam","D02","BLAN","BLAN_003","2017-03-30","2017-03-30","NEON.DOC.000481vJ",,
