uid,nightuid,namedLocation,domainID,siteID,plotID,collectDate,endDate,samplingProtocolVersion,remarks,dataQF
"c6f66bb2-101e-4da4-a6cd-c1ed99ff15c6","50D55C90F51E4A2FAFD1DFAA4BF0FEDE","TALL_010.mammalGrid.mam","D08","TALL","TALL_010","2014-06-01","2014-06-01",,,
"c777a0c9-e09f-452d-9b0d-d8a532c88ef7","D505BC188984461BAC4B7EFF25F9AED3","TALL_024.mammalGrid.mam","D08","TALL","TALL_024","2014-06-01","2014-06-01",,,
"4aea8572-bb11-4b41-a2b2-80bd1c62e455","D9F85602688F491395EC9154399CB534","TALL_031.mammalGrid.mam","D08","TALL","TALL_031","2014-06-01","2014-06-01",,,
"a7bdc26f-78f5-4ced-ab2c-7ff2d3f654e7","A8A5688DE42A4A1894D9C544E986123E","TALL_012.mammalGrid.mam","D08","TALL","TALL_012","2014-06-01","2014-06-01",,,
"54aa8f1f-b1fc-4d8f-9eae-4fd5a24c4140","7327CB5FFF3F4434A55B7352C33370AA","TALL_012.mammalGrid.mam","D08","TALL","TALL_012","2014-06-02","2014-06-02",,,
"2fd6f3b9-3f01-4fbc-a876-4b1b49bca477","F85E96208EB34EE0A0360DB7E719C22F","TALL_031.mammalGrid.mam","D08","TALL","TALL_031","2014-06-02","2014-06-02",,,
"813054be-2389-425e-a679-5ab9032c0852","F4DCDA26023846FC86B4640F02D95FBF","TALL_010.mammalGrid.mam","D08","TALL","TALL_010","2014-06-02","2014-06-02",,,
"a390eb0a-59a8-4112-a57b-5f82a482d48d","09AA405110CE4D93A3DE761DA505C152","TALL_024.mammalGrid.mam","D08","TALL","TALL_024","2014-06-02","2014-06-02",,,
"113f64dc-ec28-435e-a952-136466b179f9","AE467AA56B0C414DBD37CFB491B6A487","TALL_031.mammalGrid.mam","D08","TALL","TALL_031","2014-06-24","2014-06-24",,,
"23f8639b-ce1d-4735-9965-ae256f7c3ccb","340B410557354267B4318E448B1888AF","TALL_015.mammalGrid.mam","D08","TALL","TALL_015","2014-06-24","2014-06-24",,,
"81fe3d4c-440f-4088-a458-329aa31dd143","44E7D15AE0D54E0CAAB6592A744E8A4B","TALL_024.mammalGrid.mam","D08","TALL","TALL_024","2014-06-24","2014-06-24",,,
"169d0b51-a327-431d-953f-775c4517967c","C221F6EB7CDE42958EEF8285A6227C3F","TALL_024.mammalGrid.mam","D08","TALL","TALL_024","2014-06-24","2014-06-24",,,
"95e9b537-6fc7-4573-bb9f-4119317575c4","CA58C24DC3654039A13F11FBB55FB4FF","TALL_012.mammalGrid.mam","D08","TALL","TALL_012","2014-06-24","2014-06-24",,,
"b8b71ee4-34db-40df-b5f2-3dc78c85c589","2779933C977249F7AABFE635441159A6","TALL_024.mammalGrid.mam","D08","TALL","TALL_024","2014-06-25","2014-06-25",,,
"a49d778a-8e83-4395-bf41-75cb5f7b55cf","F79E68BEA6494A2AA19EBB67C911C120","TALL_015.mammalGrid.mam","D08","TALL","TALL_015","2014-06-25","2014-06-25",,,
"ce06648a-5834-42dd-853a-bacbdd562ac5","7B8CA0BB55F74B8480AC23281580506E","TALL_031.mammalGrid.mam","D08","TALL","TALL_031","2014-06-25","2014-06-25",,,
"6f91fb42-b319-4a43-96b0-553dfbfcc80e","9008D7A8B37241649863988BAD5FA71A","TALL_031.mammalGrid.mam","D08","TALL","TALL_031","2014-06-25","2014-06-25",,,
"9c05e926-a09e-421e-98af-1f06048d650d","214847AE0AF746DFABE2743E10D82B3D","TALL_012.mammalGrid.mam","D08","TALL","TALL_012","2014-06-25","2014-06-25",,,
"9e31c348-7392-437e-b7c6-4e792744e2a2","6DCC87E69CF44BD1BAA7ABBC1C63E8C5","TALL_015.mammalGrid.mam","D08","TALL","TALL_015","2014-06-26","2014-06-26",,,
"28d42168-f21f-4b66-88ea-5b830cde7030","5FC89EE802A243C381F9C828C80FB402","TALL_031.mammalGrid.mam","D08","TALL","TALL_031","2014-06-26","2014-06-26",,,
"99d4ad7f-6ae5-427a-8510-3c17b1065e80","D4F801C0A9B24B8B853F91A54A0A7DF5","TALL_024.mammalGrid.mam","D08","TALL","TALL_024","2014-06-26","2014-06-26",,,
"622ccaeb-fc56-4c92-894c-b6164189d84c","49FC37E806334C5BA7B783750EC66B66","TALL_024.mammalGrid.mam","D08","TALL","TALL_024","2014-06-26","2014-06-26",,,
