uid,nightuid,namedLocation,domainID,siteID,plotID,collectDate,endDate,samplingProtocolVersion,remarks,dataQF
"4032da24-7051-47dd-9d1c-df551bbc2a2f","C866C326AC9845CBA7494038EE758EEC","BART_062.mammalGrid.mam","D01","BART","BART_062","2015-10-14","2015-10-14",,,
"818c8bdd-8791-4532-9b13-327d67bb30dc","1EAF8CEAE4FC4B6697A01749C21D7A8A","BART_012.mammalGrid.mam","D01","BART","BART_012","2015-10-14","2015-10-14",,,
"944fb158-1b53-4a52-a327-0834b72f8c18","64DA97724A1A423994C33C15627C553E","BART_015.mammalGrid.mam","D01","BART","BART_015","2015-10-14","2015-10-14",,,
"833eb667-3b7b-488b-a648-2aafb686c2d6","ADED5A0803734A55B9245EC79F63C035","BART_012.mammalGrid.mam","D01","BART","BART_012","2015-10-15","2015-10-15",,,
"13d8ac45-9c30-4e54-8bac-647cbb28a476","BCC86099B75E47979FFBA96486340D86","BART_015.mammalGrid.mam","D01","BART","BART_015","2015-10-15","2015-10-15",,,
"9f033c54-e332-46ab-9019-45bb2de9ae66","252F694B91B84C19BD4115F34D3DF852","BART_062.mammalGrid.mam","D01","BART","BART_062","2015-10-15","2015-10-15",,,
"017c3766-e432-48fc-8e86-7d4b1a18a61a","3F680B7EC5574ADBA53F23E510FF68CE","BART_012.mammalGrid.mam","D01","BART","BART_012","2015-10-18","2015-10-18",,,
"87eff8f9-3138-44dd-b413-f3f5a7fb4bd6","417C7A5A68D6408C97B4E34BEEEF204E","BART_062.mammalGrid.mam","D01","BART","BART_062","2015-10-18","2015-10-18",,,
"f063bffb-5ea9-4676-bfd6-f55d2aae0ac9","7FA6237E9B6049679B4D71E2D005548E","BART_015.mammalGrid.mam","D01","BART","BART_015","2015-10-18","2015-10-18",,,
"cae4f279-ab22-46b5-818b-27f087c9e743","E27AB1C893C64F5C962FFF887CC7A3FF","BART_007.mammalGrid.mam","D01","BART","BART_007","2015-10-19","2015-10-19",,,
"04febc4e-40df-4574-96f7-f40f2b7944b0","C67405DB3ABB4101B964C53264EDFCA6","BART_084.mammalGrid.mam","D01","BART","BART_084","2015-10-19","2015-10-19",,,
"8f5628af-ee87-40ea-9ad5-20e1b633faea","C126A7405E9B4EF59D44219EACB5045C","BART_001.mammalGrid.mam","D01","BART","BART_001","2015-10-19","2015-10-19",,,
