uid,nightuid,namedLocation,domainID,siteID,plotID,collectDate,endDate,samplingProtocolVersion,remarks,dataQF
"4795f57a-3887-4acb-bd9d-b19e31edea62","e34d9f8a-9460-4057-9100-e9295b7ef541","YELL_001.mammalGrid.mam","D12","YELL","YELL_001","2018-07-06","2018-07-06","NEON.DOC.000481vK",,
"7c35ee20-1811-4bfa-b6c0-51aae32e9591","5484a7f9-f65a-4ab5-8313-a63fd69d2733","YELL_023.mammalGrid.mam","D12","YELL","YELL_023","2018-07-06","2018-07-06","NEON.DOC.000481vK",,
"86ed1008-ecf2-4c4a-a098-63e0cc08e150","5a16ab4b-b648-4418-82e0-7ae1d5bae201","YELL_001.mammalGrid.mam","D12","YELL","YELL_001","2018-07-07","2018-07-07","NEON.DOC.000481vK",,
"9c793da7-bf16-4881-9564-85631566e9a3","e80951bc-42d3-4617-8c5f-67e8ece02202","YELL_031.mammalGrid.mam","D12","YELL","YELL_031","2018-07-07","2018-07-07","NEON.DOC.000481vK",,
"9d2ef692-f8d1-49cb-a95d-b323088eda74","5af2ad44-4bf1-434a-bc66-a5f407f18298","YELL_023.mammalGrid.mam","D12","YELL","YELL_023","2018-07-07","2018-07-07","NEON.DOC.000481vK",,
"e9518666-990f-4c3e-88db-b36277ba8cea","6f3a61d9-221d-4d51-a3fa-a620d901b7a2","YELL_031.mammalGrid.mam","D12","YELL","YELL_031","2018-07-08","2018-07-08","NEON.DOC.000481vK",,
"e15822d6-47ac-4577-b936-85eadc21a986","56f74f5b-18a2-42c6-acbc-1fd7b6a11854","YELL_023.mammalGrid.mam","D12","YELL","YELL_023","2018-07-08","2018-07-08","NEON.DOC.000481vK",,
"1826dcdb-3177-42a8-aa74-e3115dfc52d1","381731db-3a0e-445f-a0c7-69cb9514cbed","YELL_001.mammalGrid.mam","D12","YELL","YELL_001","2018-07-08","2018-07-08","NEON.DOC.000481vK",,
"96008c7a-ac3e-42a9-9f90-4879dd8d8ff9","ec6f60b3-b109-4c2e-8c1e-fa096e8a8c30","YELL_011.mammalGrid.mam","D12","YELL","YELL_011","2018-07-09","2018-07-09","NEON.DOC.000481vK",,
"25967b44-366b-41bb-bd57-05e6f9869cfa","c5e66e4b-7986-44d5-b843-00771f84d7e1","YELL_032.mammalGrid.mam","D12","YELL","YELL_032","2018-07-09","2018-07-09","NEON.DOC.000481vK",,
"a52e794a-dd49-44eb-b094-d56197a5163f","25c57c2c-351b-440f-8410-62dd76e4e0ca","YELL_020.mammalGrid.mam","D12","YELL","YELL_020","2018-07-09","2018-07-09","NEON.DOC.000481vK",,
"19df5f5b-5283-44f4-8c76-61b413cbf66d","1bfc86cc-3ea8-4e24-b1e1-be6f74ba4fd1","YELL_031.mammalGrid.mam","D12","YELL","YELL_031","2018-07-09","2018-07-09","NEON.DOC.000481vK",,
