uid,nightuid,namedLocation,domainID,siteID,plotID,collectDate,endDate,samplingProtocolVersion,remarks,dataQF
"0b630ea9-bfd6-470e-bf1a-eca15b9f5890","49025c96-6090-4c50-b532-b3beaf8834a0","BART_062.mammalGrid.mam","D01","BART","BART_062","2018-06-12","2018-06-12","NEON.DOC.000481vK",,
"3ded2f3f-d061-4a07-aebd-ccb11c7b26a6","cf216048-0e8f-44cc-9878-d7c38cfa4c51","BART_015.mammalGrid.mam","D01","BART","BART_015","2018-06-12","2018-06-12","NEON.DOC.000481vK",,
"7246411e-a436-473e-8a96-b7627aef9bc7","3b7b456c-d3c7-4071-a124-5c431cf14e4b","BART_012.mammalGrid.mam","D01","BART","BART_012","2018-06-12","2018-06-12","NEON.DOC.000481vK",,
"c7fa4c87-21bb-4361-b04a-f2557fffcec8","6d5c1ca8-706a-47a9-8515-a8e342c29703","BART_015.mammalGrid.mam","D01","BART","BART_015","2018-06-13","2018-06-13","NEON.DOC.000481vK",,
"b7d59eed-4dfe-47e8-9ca7-4a3c4dd877e9","b5994bfd-3fd1-45c0-9451-0b0d9bb04d6e","BART_062.mammalGrid.mam","D01","BART","BART_062","2018-06-13","2018-06-13","NEON.DOC.000481vK",,
"a514386f-768f-4fb4-b5ca-48cf482f41fa","f3a35c76-9f2e-44ea-87c6-2c7b0289fa0e","BART_012.mammalGrid.mam","D01","BART","BART_012","2018-06-13","2018-06-13","NEON.DOC.000481vK",,
"d0b6724a-6d5f-48e9-91d1-7b53323421a6","6ad22817-3bb9-451e-8204-8e5bb330b517","BART_062.mammalGrid.mam","D01","BART","BART_062","2018-06-14","2018-06-14","NEON.DOC.000481vK",,
"a0c6e4c0-0637-471d-a23e-5a8d51a9d4c3","4b88b10a-2434-45d5-8750-17ed740b7647","BART_012.mammalGrid.mam","D01","BART","BART_012","2018-06-14","2018-06-14","NEON.DOC.000481vK",,
"4593ffe7-8d32-499d-8545-5814f90ac7ea","3bdea79a-5e6a-4ec2-ada0-53ae6137b43e","BART_015.mammalGrid.mam","D01","BART","BART_015","2018-06-14","2018-06-14","NEON.DOC.000481vK",,
"91e1d406-a3a2-49a1-be49-3fff9d43d116","02a44d2b-ac4c-4844-8bd4-c3190939c464","BART_001.mammalGrid.mam","D01","BART","BART_001","2018-06-15","2018-06-15","NEON.DOC.000481vK",,
"9d275847-a0d7-4ddf-93a0-c7e99b76176d","77ecafe5-657a-4b8f-8897-17d248fdb74e","BART_007.mammalGrid.mam","D01","BART","BART_007","2018-06-15","2018-06-15","NEON.DOC.000481vK",,
"f431eb5e-a2c4-441d-a8bc-815a1036ce33","25e658c8-a3d6-4bfc-88b4-ff86cb5764a1","BART_084.mammalGrid.mam","D01","BART","BART_084","2018-06-15","2018-06-15","NEON.DOC.000481vK",,
