uid,nightuid,namedLocation,domainID,siteID,plotID,collectDate,endDate,samplingProtocolVersion,remarks,dataQF
"af2a0ca6-37e6-4e64-acba-ef383691043e","A889843F2389444EAEB262BB63E9E29D","BLAN_009.mammalGrid.mam","D02","BLAN","BLAN_009","2016-08-02","2016-08-02","NEON.DOC.000481vH","High disturbance; grid closed after this night",
"916f7bb2-c945-4168-801c-f04a718f2b65","97AC1C4C2BE34B39A4B3A1F4364630AE","BLAN_001.mammalGrid.mam","D02","BLAN","BLAN_001","2016-08-02","2016-08-02","NEON.DOC.000481vH","Plot heavily disturbed and had to be closed",
"4c9ad18d-937f-4068-8d45-ecc8a69e4689","EE6E50C1F9B6494FB75233005F9FE5D1","BLAN_003.mammalGrid.mam","D02","BLAN","BLAN_003","2016-08-02","2016-08-02","NEON.DOC.000481vH","Mowed within the week prior but was not baled",
"be64f51a-6562-4194-a689-74ecc9ddec7d","1398D8BB65A1417EAA9D485160409D44","BLAN_002.mammalGrid.mam","D02","BLAN","BLAN_002","2016-08-03","2016-08-03","NEON.DOC.000481vH",,
"0009b2af-c44a-40fd-820a-b5d77e892e1f","FAC18084E0E34C9A85D3B770851AE7B1","BLAN_003.mammalGrid.mam","D02","BLAN","BLAN_003","2016-08-03","2016-08-03","NEON.DOC.000481vH","Mowed within the week prior but not baled yet",
"307b7b02-b829-48f2-b0a5-4322cad0aaa5","D77F135DD0E14514BD1C1ECF8A91C8D4","BLAN_001.mammalGrid.mam","D02","BLAN","BLAN_001","2016-08-03","2016-08-03","NEON.DOC.000481vH","Plot not set due to heavy disturbance prior night",
"30bc8b3f-a524-4769-8dc2-f17187dc3481","662994F55A5447FEA80904930AFBD7C8","BLAN_009.mammalGrid.mam","D02","BLAN","BLAN_009","2016-08-03","2016-08-03","NEON.DOC.000481vH","not set due to high trap disturbance",
"62f2deee-30fd-4e7c-bbd2-30c370ddd10c","46ED8B79D24B4DD58D3B618E35F44BBE","BLAN_009.mammalGrid.mam","D02","BLAN","BLAN_009","2016-08-04","2016-08-04","NEON.DOC.000481vH","not set due to high trap disturbance",
"06e7d8c4-b41a-495b-bc52-672a032eaa8c","4156E3D13C984D5E9BBBCBB6938D0ED5","BLAN_003.mammalGrid.mam","D02","BLAN","BLAN_003","2016-08-04","2016-08-04","NEON.DOC.000481vH","Mowed within previous week but not yet baled. Fresh carnivore scat found along C line.",
"b1ef8877-55c2-4d13-8c2c-a57a8049b00b","1EBABDDCCDB84F0F911ACC1C9235E807","BLAN_001.mammalGrid.mam","D02","BLAN","BLAN_001","2016-08-04","2016-08-04","NEON.DOC.000481vH","Plot not set due to heavy disturbance on first trapping night",
"0f357ff0-284e-41cc-ba69-c126adec81f9","FE2B750A0FC8419B899B9FAC6306ED19","BLAN_009.mammalGrid.mam","D02","BLAN","BLAN_009","2016-08-30","2016-08-30","NEON.DOC.000481vH",,
"221779ee-d06d-4382-a525-43b951aea76a","89778663C119425D9E0A71573F1FB989","BLAN_003.mammalGrid.mam","D02","BLAN","BLAN_003","2016-08-30","2016-08-30","NEON.DOC.000481vH","Grass at knee height",
"f022689b-c0c8-4508-9627-d5745169de31","E8379BFB16DE408892DDFDF8BCD2E90F","BLAN_001.mammalGrid.mam","D02","BLAN","BLAN_001","2016-08-30","2016-08-30","NEON.DOC.000481vH",,
"55fd76a2-ea6c-427b-affd-26889be35157","6F4FF5FE16CF4C39B298195D6F9BA029","BLAN_009.mammalGrid.mam","D02","BLAN","BLAN_009","2016-08-31","2016-08-31","NEON.DOC.000481vH",,
"93f13863-3bba-45c6-96c5-ba5798528400","97751E2FF7EB44E99E1C6F5947022292","BLAN_001.mammalGrid.mam","D02","BLAN","BLAN_001","2016-08-31","2016-08-31","NEON.DOC.000481vH",,
"871f2e38-6cbb-486b-b2bc-aec290123ac5","37F8C0C77D6047298590E1F1CC079645","BLAN_003.mammalGrid.mam","D02","BLAN","BLAN_003","2016-08-31","2016-08-31","NEON.DOC.000481vH",,
"0ca51ae9-c1d7-480a-9f11-307c3a325903","7F78B2D888DE43A3999F4DE281A4B1F4","BLAN_002.mammalGrid.mam","D02","BLAN","BLAN_002","2016-08-31","2016-08-31","NEON.DOC.000481vH",,
