uid,nightuid,namedLocation,domainID,siteID,plotID,collectDate,endDate,samplingProtocolVersion,remarks,dataQF
"3782976b-5c0e-4ed1-bc58-77cbd6265f44","20d40a21-eac7-4590-8189-d08340672a11","SJER_033.mammalGrid.mam","D17","SJER","SJER_033","2019-03-04","2019-03-04","NEON.DOC.000481vK",,
"3733bd27-8da5-4536-80b6-0fffc89d3fd8","723d6b33-509d-46b2-90d5-275c67f7102b","SJER_006.mammalGrid.mam","D17","SJER","SJER_006","2019-03-04","2019-03-04","NEON.DOC.000481vK",,
"c610a17a-cc16-434c-bbd6-cd883c87f4e6","b2e937ce-48a8-4b55-b64f-aad06ad69f8e","SJER_032.mammalGrid.mam","D17","SJER","SJER_032","2019-03-04","2019-03-04","NEON.DOC.000481vK",,
"f3be7ef1-edb0-4925-a7a9-a7b9997f48e5","604dae49-1f67-423d-bc74-c6586901493b","SJER_006.mammalGrid.mam","D17","SJER","SJER_006","2019-03-05","2019-03-05","NEON.DOC.000481vK",,
"9a29725a-03bf-454d-aa65-62d823c7450c","bfbd8252-ed16-4953-800e-3b96bb571a59","SJER_032.mammalGrid.mam","D17","SJER","SJER_032","2019-03-05","2019-03-05","NEON.DOC.000481vK",,
"8174ffa4-756b-450a-b38c-826a5d66d421","1786fd07-e2fb-4634-bb63-9fcdb11f038d","SJER_007.mammalGrid.mam","D17","SJER","SJER_007","2019-03-05","2019-03-05","NEON.DOC.000481vK",,
"800faf12-f93d-4dab-ad9d-f8f7c8ce5cb4","a4f5c262-ae3d-4cb2-9771-38e5764431ab","SJER_010.mammalGrid.mam","D17","SJER","SJER_010","2019-03-05","2019-03-05","NEON.DOC.000481vK","Heavy cow disturbance",
"2feb8c28-d7b4-4439-9936-a364468c3273","6b1a646e-3369-47b4-af39-f6df6720ec8f","SJER_006.mammalGrid.mam","D17","SJER","SJER_006","2019-03-06","2019-03-06","NEON.DOC.000481vK",,
"798b2109-ec86-47af-84c4-b41f35a9ee12","95b82633-0b96-4c31-b2fd-d4dbb592f5ee","SJER_002.mammalGrid.mam","D17","SJER","SJER_002","2019-03-06","2019-03-06","NEON.DOC.000481vK",,
"db92c66b-244c-4563-8fa5-04e46e6c5657","a4eb7b1a-712e-447c-b172-7453db35ad21","SJER_032.mammalGrid.mam","D17","SJER","SJER_032","2019-03-06","2019-03-06","NEON.DOC.000481vK",,
"98461a4b-c8fa-4453-852f-122646104355","cfca1b6f-d162-4911-a740-8e6ac9c286fc","SJER_033.mammalGrid.mam","D17","SJER","SJER_033","2019-03-06","2019-03-06","NEON.DOC.000481vK",,
"57484067-462b-4004-b16a-6c3e1bb2719c","e4332463-9fdb-49a4-ba79-6806e223fcf2","SJER_033.mammalGrid.mam","D17","SJER","SJER_033","2019-03-07","2019-03-07","NEON.DOC.000481vK",,
"cde35b10-adee-4e0e-8a46-8ac7eefe1fa2","9eea16b9-2b5e-4312-89d8-3491ed48797b","SJER_012.mammalGrid.mam","D17","SJER","SJER_012","2019-03-07","2019-03-07","NEON.DOC.000481vK",,
"f4e3b2a4-466d-4815-8e97-6fcd5b351cce","a5cbe1c4-f9a1-4635-a6cc-ea854f8eeb31","SJER_009.mammalGrid.mam","D17","SJER","SJER_009","2019-03-07","2019-03-07","NEON.DOC.000481vK",,
