uid,nightuid,namedLocation,domainID,siteID,plotID,collectDate,endDate,samplingProtocolVersion,remarks,dataQF
"5df3b62e-a8f9-4711-a038-127579df4c7d","f639bd40-b770-47e7-ab02-4d3ff327e142","UKFS_007.mammalGrid.mam","D06","UKFS","UKFS_007","2018-07-16","2018-07-16","NEON.DOC.000481vK",,
"3dcbc1bd-6a3a-4497-979c-c0bcd948d222","c9f42336-b47c-403b-aa2c-c521c24e42b2","UKFS_003.mammalGrid.mam","D06","UKFS","UKFS_003","2018-07-16","2018-07-16","NEON.DOC.000481vK",,
"b7700ef6-81a3-4b6c-85e7-314fba1117de","5a7c76fa-54cf-4789-adfd-6d1189d695c6","UKFS_018.mammalGrid.mam","D06","UKFS","UKFS_018","2018-07-16","2018-07-16","NEON.DOC.000481vK",,
"8f3c3315-d6e1-4487-90d2-10836b24d12b","9c2b05c8-14bb-4afd-ac6d-394525d2903d","UKFS_004.mammalGrid.mam","D06","UKFS","UKFS_004","2018-07-18","2018-07-18","NEON.DOC.000481vK",,
"6c605ea0-72f9-482c-9536-6c4696928a53","6aba713d-28a7-4b50-9cca-43aaa6124688","UKFS_010.mammalGrid.mam","D06","UKFS","UKFS_010","2018-07-18","2018-07-18","NEON.DOC.000481vK",,
"bdfa9a4a-62f6-4683-8352-a66fe72b6d75","e3833a12-6d44-4fc7-a953-d681fa38f9b9","UKFS_009.mammalGrid.mam","D06","UKFS","UKFS_009","2018-07-18","2018-07-18","NEON.DOC.000481vK",,
"506c0b7f-85fe-4fd8-9fe8-b45f290ba065","b95ce73e-061f-4c3e-afc2-7625ddb4b917","UKFS_010.mammalGrid.mam","D06","UKFS","UKFS_010","2018-07-19","2018-07-19","NEON.DOC.000481vK",,
"17b0eea5-49bf-4c9f-9aad-f613bf6969c7","29f05317-75c0-4ee3-b4b4-f9a5aec039cb","UKFS_004.mammalGrid.mam","D06","UKFS","UKFS_004","2018-07-19","2018-07-19","NEON.DOC.000481vK",,
"b65bf795-1b41-480a-a683-307952e55748","00eed679-0ff2-496a-96d3-ab67082f2928","UKFS_009.mammalGrid.mam","D06","UKFS","UKFS_009","2018-07-19","2018-07-19","NEON.DOC.000481vK",,
"a534d741-31c5-4328-9953-529ce64d2b71","27ee8d7f-9905-4c7c-b94b-8b5476dbaeba","UKFS_009.mammalGrid.mam","D06","UKFS","UKFS_009","2018-07-20","2018-07-20","NEON.DOC.000481vK",,
"8ca3cd15-cf96-49e6-807b-25a10e8cf4d7","3f481f7e-e41e-4b7a-ab41-523e8d89f54e","UKFS_004.mammalGrid.mam","D06","UKFS","UKFS_004","2018-07-20","2018-07-20","NEON.DOC.000481vK",,
"13936467-a216-4ea1-ac83-59c5612db683","6300d7d3-a429-40e9-98c2-3562dc31ea88","UKFS_010.mammalGrid.mam","D06","UKFS","UKFS_010","2018-07-20","2018-07-20","NEON.DOC.000481vK",,
