uid,nightuid,namedLocation,domainID,siteID,plotID,collectDate,endDate,samplingProtocolVersion,remarks,dataQF
"484ea239-f1d3-47fb-a6d3-cca397ec5418","4ce4cd24-b96e-4044-8fa0-4de6d5ed3923","HEAL_033.mammalGrid.mam","D19","HEAL","HEAL_033","2017-08-22","2017-08-22","NEON.DOC.000481vJ",,
"aca4b18a-e91c-4af8-b0e2-a32d5303f3f7","7d3145b0-ea1a-44ee-a7cb-b966c273f002","HEAL_010.mammalGrid.mam","D19","HEAL","HEAL_010","2017-08-22","2017-08-22","NEON.DOC.000481vJ",,
"bd948a13-be85-467e-a34b-f0cc1e758699","6e6e9542-bd50-4d60-9baa-570fb87b949c","HEAL_002.mammalGrid.mam","D19","HEAL","HEAL_002","2017-08-22","2017-08-22","NEON.DOC.000481vJ",,
"fd5dccca-9c24-46dc-b38a-7e1a3b1f1452","20aebd3d-4c96-4e30-be43-c7a47ee10e86","HEAL_031.mammalGrid.mam","D19","HEAL","HEAL_031","2017-08-22","2017-08-22","NEON.DOC.000481vJ",,
"9def11d4-26cf-472b-9220-328d3a3414c8","a479696b-d656-4bf2-b051-358e22d0a8e6","HEAL_032.mammalGrid.mam","D19","HEAL","HEAL_032","2017-08-22","2017-08-22","NEON.DOC.000481vJ",,
"17c90c61-0edf-46d5-b665-fa01679bdfbd","3e8247cc-ce2c-40d5-a2b9-fffce2e6c6fd","HEAL_034.mammalGrid.mam","D19","HEAL","HEAL_034","2017-08-23","2017-08-23","NEON.DOC.000481vJ",,
"83f4ca62-66ad-438f-9e62-cb164bbbe904","12798c8f-695e-4b0e-a324-8d5d23350586","HEAL_031.mammalGrid.mam","D19","HEAL","HEAL_031","2017-08-23","2017-08-23","NEON.DOC.000481vJ",,
"19bc391f-d999-40c5-be73-a10cc8c1c7cd","4a1c0340-e6f6-45a6-b414-2a2dd3cadb3e","HEAL_032.mammalGrid.mam","D19","HEAL","HEAL_032","2017-08-23","2017-08-23","NEON.DOC.000481vJ",,
"3f516030-fa66-45dd-a63c-0e9c211a58b1","261ba43f-1f75-4a9a-9695-dfc0b34a66e2","HEAL_014.mammalGrid.mam","D19","HEAL","HEAL_014","2017-08-23","2017-08-23","NEON.DOC.000481vJ",,
"2739f55a-450b-47af-86f5-8f3dc3486e80","24c38e0a-c31e-40e7-a048-27a0adc63d61","HEAL_016.mammalGrid.mam","D19","HEAL","HEAL_016","2017-08-24","2017-08-24","NEON.DOC.000481vJ",,
"cf9196f2-589e-477b-8133-a598c5f599d5","bbfa3402-1cbc-4cd7-9b5b-e89e4e328605","HEAL_031.mammalGrid.mam","D19","HEAL","HEAL_031","2017-08-24","2017-08-24","NEON.DOC.000481vJ",,
"30eb422c-2f8f-44d0-9bbe-58657e4ae58f","7fe69de7-4489-4e59-93ad-da676c21d431","HEAL_032.mammalGrid.mam","D19","HEAL","HEAL_032","2017-08-24","2017-08-24","NEON.DOC.000481vJ",,
