uid,nightuid,namedLocation,domainID,siteID,plotID,collectDate,endDate,samplingProtocolVersion,remarks,dataQF
"7e819ab0-182c-4432-a505-b10f57ca5982","afd8976e-2d9e-4c26-b026-feb6f6192e99","DEJU_005.mammalGrid.mam","D19","DEJU","DEJU_005","2018-05-22","2018-05-22","NEON.DOC.000481vK",,
"392fb7e4-e295-4323-bff3-5501651ca14f","3d339dd9-0f0a-4158-be62-5f8ba70a6c5a","DEJU_003.mammalGrid.mam","D19","DEJU","DEJU_003","2018-05-22","2018-05-22","NEON.DOC.000481vK",,
"8366622d-b5b5-46af-b04f-2c9da0a62b5e","a4adff8b-9a2e-40fd-a3e5-82ca978c6cd1","DEJU_001.mammalGrid.mam","D19","DEJU","DEJU_001","2018-05-22","2018-05-22","NEON.DOC.000481vK",,
"d83549e9-24a6-459f-b104-101147f31003","3cbc9a23-4276-4596-bc43-e54ce173c40d","DEJU_017.mammalGrid.mam","D19","DEJU","DEJU_017","2018-05-22","2018-05-22","NEON.DOC.000481vK",,
"66716658-f93d-41f5-baff-369918851532","51e45b02-7542-4e76-9b37-467d75d444fd","DEJU_003.mammalGrid.mam","D19","DEJU","DEJU_003","2018-05-23","2018-05-23","NEON.DOC.000481vK",,
"d6b07c31-c33a-444d-bdea-211d9a0c313c","0b55e71e-1f48-441d-8f89-c9ccdc8bab87","DEJU_017.mammalGrid.mam","D19","DEJU","DEJU_017","2018-05-23","2018-05-23","NEON.DOC.000481vK",,
"55f37b3d-d54f-4a5c-b45e-ab7fb0a0576d","a111e826-e6e5-478f-aceb-557883025390","DEJU_014.mammalGrid.mam","D19","DEJU","DEJU_014","2018-05-23","2018-05-23","NEON.DOC.000481vK",,
"8077efcb-5b8d-4d5c-bc64-aae63a7e8e9e","4b182107-6d30-41b2-8276-bb4617d8ac2f","DEJU_005.mammalGrid.mam","D19","DEJU","DEJU_005","2018-05-23","2018-05-23","NEON.DOC.000481vK",,
"29c59bef-71a8-4d9c-b3fa-54c58f657fc6","087277c3-619b-4342-ba92-5a8b262d135f","DEJU_001.mammalGrid.mam","D19","DEJU","DEJU_001","2018-05-23","2018-05-23","NEON.DOC.000481vK",,
"6d1f267b-a55c-405c-a3c5-ceb420a88217","cad6e761-5196-434a-88e4-a7c2f535b309","DEJU_006.mammalGrid.mam","D19","DEJU","DEJU_006","2018-05-23","2018-05-23","NEON.DOC.000481vK",,
