uid,nightuid,namedLocation,domainID,siteID,plotID,collectDate,endDate,samplingProtocolVersion,remarks,dataQF
"f0191cc9-7111-465d-8569-36f330c38fc7","fbc759f3-d59d-4b03-a334-913b446eadee","OAES_002.mammalGrid.mam","D11","OAES","OAES_002","2018-10-02","2018-10-02","NEON.DOC.000481vK",,
"1180fe0c-b3a4-4253-84b2-2e8a112e5225","2a2299d8-f0f5-4680-9688-42aa618f2572","OAES_001.mammalGrid.mam","D11","OAES","OAES_001","2018-10-02","2018-10-02","NEON.DOC.000481vK",,
"cc3b1bba-e40d-4c24-be69-79c7cc7fa1d5","64f2b3c1-05ce-46d2-9686-2885d09761c9","OAES_007.mammalGrid.mam","D11","OAES","OAES_007","2018-10-02","2018-10-02","NEON.DOC.000481vK",,
"d77fef00-2cc4-4c91-82ad-a70e8456842b","cdefcf74-89c0-4fa9-9222-7f49b515dd28","OAES_029.mammalGrid.mam","D11","OAES","OAES_029","2018-10-02","2018-10-02","NEON.DOC.000481vK",,
"913e9aa8-8c0a-4a89-a286-017e4e70ad8c","6c4e42ea-3dd4-48b8-b1f0-484fd0d8c91c","OAES_007.mammalGrid.mam","D11","OAES","OAES_007","2018-10-03","2018-10-03","NEON.DOC.000481vK",,
"afaf70bf-51c3-4462-b766-daf076817224","576a32c8-5c1b-4e3a-8092-7cea5eebd81b","OAES_003.mammalGrid.mam","D11","OAES","OAES_003","2018-10-03","2018-10-03","NEON.DOC.000481vK",,
"fdfb87fe-1d9e-44e0-ac3e-8d4d15907de9","2fae1f21-92d6-4d02-b636-78cdb02922f7","OAES_001.mammalGrid.mam","D11","OAES","OAES_001","2018-10-03","2018-10-03","NEON.DOC.000481vK",,
"5da22077-a054-4d5f-ae3a-d49f132fdb64","bcf57380-3723-4be3-b40b-f2dbd8511d9a","OAES_002.mammalGrid.mam","D11","OAES","OAES_002","2018-10-03","2018-10-03","NEON.DOC.000481vK",,
"1403e900-4592-4e40-8f59-091306a8803e","0323c9cd-0d28-47a2-b8c0-5ac661641e4d","OAES_004.mammalGrid.mam","D11","OAES","OAES_004","2018-10-04","2018-10-04","NEON.DOC.000481vK",,
"de4c27dd-98bf-4a97-ae31-bf6405195d5c","2e4be9c2-9f27-4f06-b53b-76cddebd9e5b","OAES_002.mammalGrid.mam","D11","OAES","OAES_002","2018-10-04","2018-10-04","NEON.DOC.000481vK",,
"7e8e91ed-78ec-4b44-b3dd-9a7dc897dcc1","609d95e9-2234-492a-8581-a529e2fa337b","OAES_007.mammalGrid.mam","D11","OAES","OAES_007","2018-10-04","2018-10-04","NEON.DOC.000481vK",,
"f118c9e9-6888-40fc-b025-6ef7125048fd","fbd0e8ee-ea26-48d6-851b-5a1cee614f4f","OAES_001.mammalGrid.mam","D11","OAES","OAES_001","2018-10-04","2018-10-04","NEON.DOC.000481vK",,
