uid,nightuid,namedLocation,domainID,siteID,plotID,collectDate,endDate,samplingProtocolVersion,remarks,dataQF
"6867cbff-3661-480e-ae19-c4800458935b","50444379-d301-44aa-8af5-625b56dd2a2a","HARV_008.mammalGrid.mam","D01","HARV","HARV_008","2017-07-18","2017-07-18","NEON.DOC.000481vG",,
"f7bcf60d-c59d-4c79-b690-1ff54c74f413","2cf03961-830c-450b-b586-469bb0ec8aca","HARV_023.mammalGrid.mam","D01","HARV","HARV_023","2017-07-18","2017-07-18","NEON.DOC.000481vJ",,
"36c70a7c-895a-43fb-b9f9-4eea6751549d","2e4bb803-804b-4e51-9725-b0c2e49c0b34","HARV_021.mammalGrid.mam","D01","HARV","HARV_021","2017-07-18","2017-07-18","NEON.DOC.000481vG",,
"02954b2e-4841-415c-9258-8c98285be4df","a13e7edb-0bad-4855-b417-90338c56356e","HARV_021.mammalGrid.mam","D01","HARV","HARV_021","2017-07-19","2017-07-19","NEON.DOC.000481vJ",,
"088aab6f-3bcd-41f8-aa94-801f1119102b","27a83130-1834-4aba-a42c-8603f7e8fbf9","HARV_008.mammalGrid.mam","D01","HARV","HARV_008","2017-07-19","2017-07-19","NEON.DOC.000481vJ",,
"bde3864a-e25e-49ca-a939-ef4d0bd333fe","3ac1cdb7-0756-44f6-bebd-38cd5532ed8e","HARV_021.mammalGrid.mam","D01","HARV","HARV_021","2017-07-20","2017-07-20","NEON.DOC.000481vG",,
"ea5da48c-f786-4f82-88e2-7d097fe6f5a3","c54e5f21-24cd-4401-95e6-372d8c9ad9f8","HARV_008.mammalGrid.mam","D01","HARV","HARV_008","2017-07-20","2017-07-20","NEON.DOC.000481vG",,
"74a4b407-e110-4c24-ba8f-0c458055fee5","0eac135c-318c-4fe5-947f-0b0cc2e0dbb8","HARV_023.mammalGrid.mam","D01","HARV","HARV_023","2017-07-20","2017-07-20","NEON.DOC.000481vG",,
"55b3a0f5-ef0f-4159-8a88-57b0fdaf5e2d","ec9b995a-04aa-4b42-88b8-1bf82726fabd","HARV_010.mammalGrid.mam","D01","HARV","HARV_010","2017-07-21","2017-07-21","NEON.DOC.000481vG",,
"bb1d6de1-05c5-4acd-b2fe-34c77be19938","7652f722-88cd-466b-9bc3-4ba48a9d6cda","HARV_001.mammalGrid.mam","D01","HARV","HARV_001","2017-07-21","2017-07-21","NEON.DOC.000481vG",,
"b70c4b4c-f167-4451-84d7-d9198f9673c9","2e1d9ab3-d238-4671-92cc-5e0b4a4222d0","HARV_006.mammalGrid.mam","D01","HARV","HARV_006","2017-07-21","2017-07-21","NEON.DOC.000481vG",,
"e22e0257-3b8a-468b-9ca6-b7a5490a844f","a25d9652-3b5d-40cd-a163-af44840cd47d","HARV_023.mammalGrid.mam","D01","HARV","HARV_023","2017-07-21","2017-07-21","NEON.DOC.000481vG",,
