uid,nightuid,namedLocation,domainID,siteID,plotID,collectDate,endDate,samplingProtocolVersion,remarks,dataQF
"7389540c-5905-4689-b039-a7980ec4a71c","E39C9A009BF04BF78E784967E9E3D4B8","DSNY_036.mammalGrid.mam","D03","DSNY","DSNY_036","2016-04-12","2016-04-12","NEON.DOC.000481vG",,
"319d5296-559c-4ea6-bac3-c43d4695b1ed","8E4E28B566C74F8EBF82759F7ADACBFE","DSNY_004.mammalGrid.mam","D03","DSNY","DSNY_004","2016-04-12","2016-04-12","NEON.DOC.000481vG",,
"29e0efd8-46f9-47ab-afcb-a3a5da94e827","11DBC557AD594CB09BCB9151735810F1","DSNY_001.mammalGrid.mam","D03","DSNY","DSNY_001","2016-04-12","2016-04-12","NEON.DOC.000481vG",,
"9ac32fbb-bd60-4527-89bb-ddbe064cca3f","49591FA251114B928E67D4F7595A8A82","DSNY_036.mammalGrid.mam","D03","DSNY","DSNY_036","2016-04-12","2016-04-12","NEON.DOC.000481vG",,
"aed92abc-c707-4c86-92d9-58ad65c7f0e7","27441F0DCEC643CCA1C56055BCD47037","DSNY_005.mammalGrid.mam","D03","DSNY","DSNY_005","2016-04-12","2016-04-12","NEON.DOC.000481vG",,
"3d4d5d8e-36b4-4e09-9c9c-46fd0be5a1f1","18A25A9A722240EBB4D811945E355086","DSNY_016.mammalGrid.mam","D03","DSNY","DSNY_016","2016-04-13","2016-04-13","NEON.DOC.000481vG",,
"694ea6c0-4c44-401b-9b55-ff7f28cca020","C53BD78B52144F6BBCBB5B0807D471A2","DSNY_004.mammalGrid.mam","D03","DSNY","DSNY_004","2016-04-13","2016-04-13","NEON.DOC.000481vG",,
"901f9b3f-5b8f-452b-94ea-73050f17051a","403CFA52F3804537ACD915475517143E","DSNY_005.mammalGrid.mam","D03","DSNY","DSNY_005","2016-04-13","2016-04-13","NEON.DOC.000481vG",,
"ed5d496d-a6d6-4faf-b4bf-90a9880fc092","DBB03E1C6FF442329563829C100F9A55","DSNY_001.mammalGrid.mam","D03","DSNY","DSNY_001","2016-04-13","2016-04-13","NEON.DOC.000481vG",,
"95dc83d7-a447-4eb2-9cc0-69568a2181bf","C879AA6EB98347A186F47E6FA5CC0899","DSNY_004.mammalGrid.mam","D03","DSNY","DSNY_004","2016-04-14","2016-04-14","NEON.DOC.000481vG",,
"43810bd0-c69b-4b3e-b5c1-3e2573ec60fa","30E2884162DE4205AFE8B3D14073B69A","DSNY_004.mammalGrid.mam","D03","DSNY","DSNY_004","2016-04-14","2016-04-14","NEON.DOC.000481vG",,
"6f7aa15e-1435-40c0-9d97-30cc100439e5","B5A0B6CE42904264A194FA79E0E117D4","DSNY_005.mammalGrid.mam","D03","DSNY","DSNY_005","2016-04-14","2016-04-14","NEON.DOC.000481vG",,
"c6243015-bd9c-4db2-8343-8469311e28a6","632FA894F0904279A130E727C6F0F125","DSNY_001.mammalGrid.mam","D03","DSNY","DSNY_001","2016-04-14","2016-04-14","NEON.DOC.000481vG",,
