uid,nightuid,namedLocation,domainID,siteID,plotID,collectDate,endDate,samplingProtocolVersion,remarks,dataQF
"4c8de27a-1e31-45d0-b50c-13608b91516e","9895e236-0873-4daa-8b55-cd74fe61fe4f","KONA_004.mammalGrid.mam","D06","KONA","KONA_004","2018-08-13","2018-08-13","NEON.DOC.000481vK",,
"b76f407f-51d7-459c-9f8a-df978d9cda0a","3de8d0de-696f-4769-b4e8-397fd70de15a","KONA_003.mammalGrid.mam","D06","KONA","KONA_003","2018-08-13","2018-08-13","NEON.DOC.000481vK",,
"7732170b-a7a3-4948-83f9-e7afad867696","8c19b404-c21c-4841-a0c8-f81aebbfb1cd","KONA_006.mammalGrid.mam","D06","KONA","KONA_006","2018-08-13","2018-08-13","NEON.DOC.000481vK",,
"cf29f597-a329-4dab-8501-cda508a55fe5","7db41296-5aa9-4113-b7a1-6206ea921b6f","KONA_013.mammalGrid.mam","D06","KONA","KONA_013","2018-08-15","2018-08-15","NEON.DOC.000481vK",,
"7a528c9b-c7c8-4421-a5a5-2c153eed35e8","370ee33a-0efe-4473-8a3e-96e4dfa58341","KONA_016.mammalGrid.mam","D06","KONA","KONA_016","2018-08-15","2018-08-15","NEON.DOC.000481vK",,
"cfd15ecf-4e91-40be-9c59-83e53ecc14db","370ee33a-0efe-4473-8a3e-96e4dfa58341","KONA_016.mammalGrid.mam","D06","KONA","KONA_016","2018-08-15","2018-08-15","NEON.DOC.000481vK",,
"c4bf1967-8ae6-4dd1-80e5-35ee65516a1b","7db41296-5aa9-4113-b7a1-6206ea921b6f","KONA_013.mammalGrid.mam","D06","KONA","KONA_013","2018-08-15","2018-08-15","NEON.DOC.000481vK",,
"404cf88e-9ac4-443c-bf78-9c50e047e298","6aa4e279-702c-41cc-92df-809ed3cfe8e3","KONA_001.mammalGrid.mam","D06","KONA","KONA_001","2018-08-15","2018-08-15","NEON.DOC.000481vK",,
"385fd38a-e32c-477e-a1c6-d576dd89eacb","6aa4e279-702c-41cc-92df-809ed3cfe8e3","KONA_001.mammalGrid.mam","D06","KONA","KONA_001","2018-08-16","2018-08-16","NEON.DOC.000481vK",,
"dbe4d821-6916-4a6e-987f-b118ccb76b65","d3a3a31e-4510-4ec1-aa71-404e786f49c8","KONA_013.mammalGrid.mam","D06","KONA","KONA_013","2018-08-16","2018-08-16","NEON.DOC.000481vK",,
"741198d4-c095-401a-96c8-cc8783ba5ddc","3b0904ed-4e92-413b-b5bc-b599c3f2736c","KONA_016.mammalGrid.mam","D06","KONA","KONA_016","2018-08-16","2018-08-16","NEON.DOC.000481vK",,
"f967f033-be41-41ea-878a-24ee50f4a8e0","3775eafb-742b-425f-a9e6-357d73af846b","KONA_001.mammalGrid.mam","D06","KONA","KONA_001","2018-08-17","2018-08-17","NEON.DOC.000481vK",,
"2736dec5-d082-455f-8f6d-8789d77f53ce","e139256b-bdb1-47f2-b848-c63226b14eda","KONA_013.mammalGrid.mam","D06","KONA","KONA_013","2018-08-17","2018-08-17","NEON.DOC.000481vK",,
"a4fdcd81-4c79-458b-91ce-d5a01891a6f3","61005a6c-9378-45c6-af17-31b665972609","KONA_016.mammalGrid.mam","D06","KONA","KONA_016","2018-08-17","2018-08-17","NEON.DOC.000481vK",,
"c2f03d04-136c-4a5a-815a-c9463634ae9b","3bcb1453-61da-4616-ad5c-65d6bb463825","KONA_001.mammalGrid.mam","D06","KONA","KONA_001","2018-08-21","2018-08-21","NEON.DOC.000481vK",,
