uid,nightuid,namedLocation,domainID,siteID,plotID,collectDate,endDate,samplingProtocolVersion,remarks,dataQF
"f77d6165-a34e-43cb-a76a-0feeb248c624","9f6bc576-5d36-4164-b95c-b0413c313c17","TOOL_076.mammalGrid.mam","D18","TOOL","TOOL_076","2018-07-23","2018-07-23","NEON.DOC.000481vK",,
"864049a9-2729-4ddc-ac3d-c8b31a9346a4","09cd64c7-e8f4-4dbf-9b6a-2ae515bb5f3a","TOOL_073.mammalGrid.mam","D18","TOOL","TOOL_073","2018-07-23","2018-07-23","NEON.DOC.000481vK",,
"1a9121a4-ed1f-4da8-98de-51727d9dde2f","51fa68d2-9427-4477-a512-5425f948515a","TOOL_078.mammalGrid.mam","D18","TOOL","TOOL_078","2018-07-23","2018-07-23","NEON.DOC.000481vK",,
"e045c3f6-89ec-4cec-9805-38c272757144","321c7e55-d546-4b4e-943b-903624ccdd82","TOOL_078.mammalGrid.mam","D18","TOOL","TOOL_078","2018-07-24","2018-07-24","NEON.DOC.000481vK","Heavy disturbance likely Arctic Ground Squirrels",
"aa7e071a-1e18-40ba-a9e6-2e27cc35ff5f","13b3df81-65af-4de4-bc4e-05c1b9936f2e","TOOL_076.mammalGrid.mam","D18","TOOL","TOOL_076","2018-07-24","2018-07-24","NEON.DOC.000481vK",,
"fe9820d9-4548-4431-bc94-e23fa21646b5","2fc8f33d-6152-4985-a4de-99304458ef91","TOOL_077.mammalGrid.mam","D18","TOOL","TOOL_077","2018-07-24","2018-07-24","NEON.DOC.000481vK","Traps likely disturbed by ground squirrels",
"bba5ffbb-ca89-4727-af1b-6353e0809582","bc6bce4b-2566-4f52-8847-0ba4da87ff4b","TOOL_073.mammalGrid.mam","D18","TOOL","TOOL_073","2018-07-24","2018-07-24","NEON.DOC.000481vK","Heavy disturbance likely Arctic Ground Squirrels",
"42d904de-0b02-4c3f-bc98-56232b1ac1cf","332439f8-f069-4a96-91c9-9f12d18aea33","TOOL_002.mammalGrid.mam","D18","TOOL","TOOL_002","2018-07-24","2018-07-24","NEON.DOC.000481vK",,
"df010827-4143-47ee-aa2a-deb968ae948c","8ce14b24-b252-46b7-8980-9624cc20a78d","TOOL_007.mammalGrid.mam","D18","TOOL","TOOL_007","2018-07-24","2018-07-24","NEON.DOC.000481vK","Disturbances likely from Arctic Ground Squirrels",
"42970e15-a329-4ab3-90eb-0a5f5af4a212","de7dfbc2-8ab9-49a6-b668-687e5d1f2110","TOOL_078.mammalGrid.mam","D18","TOOL","TOOL_078","2018-07-25","2018-07-25","NEON.DOC.000481vK","Heavy disturbance likely due to Arctic Ground Squirrels",
"cda12df7-ea65-4927-a99d-79a3b15cd51f","6e1135a0-7652-43f8-9cc0-3fe34eb0b0e4","TOOL_031.mammalGrid.mam","D18","TOOL","TOOL_031","2018-07-25","2018-07-25","NEON.DOC.000481vK",,
"49e3f835-2e99-4d3b-aa41-244464dd875d","b739883e-0141-48a1-bd70-4ce6d29c0b18","TOOL_073.mammalGrid.mam","D18","TOOL","TOOL_073","2018-07-25","2018-07-25","NEON.DOC.000481vK",,
"228ef2e1-90f3-4121-a47d-6b27e4cbb201","a86c4958-f093-4cb2-9ad1-bf2d0daed74f","TOOL_076.mammalGrid.mam","D18","TOOL","TOOL_076","2018-07-25","2018-07-25","NEON.DOC.000481vK",,
"1e8707d3-dadf-4f26-9e6d-64d2dfbf12ed","ed495106-3786-4776-a895-9f0335c21b24","TOOL_071.mammalGrid.mam","D18","TOOL","TOOL_071","2018-07-25","2018-07-25","NEON.DOC.000481vK",,
