uid,nightuid,namedLocation,domainID,siteID,plotID,collectDate,endDate,samplingProtocolVersion,remarks,dataQF
"5be6180d-4dec-42c3-b64d-3b3afe2e24a9","e17a06ed-fd05-4b13-8d7e-c54c86ac4b6f","ORNL_002.mammalGrid.mam","D07","ORNL","ORNL_002","2019-04-03","2019-04-03","NEON.DOC.000481vK",,
"d1e692f8-728f-4f37-938e-c6f077c3c724","9939eb51-5d86-48e7-9cb4-7005c6328802","ORNL_003.mammalGrid.mam","D07","ORNL","ORNL_003","2019-04-03","2019-04-03","NEON.DOC.000481vK",,
"65fa719a-fcc2-4e95-83e7-b825a580ce8d","7bcf2ae9-5166-4789-b7c0-9510db4f50c2","ORNL_001.mammalGrid.mam","D07","ORNL","ORNL_001","2019-04-03","2019-04-03","NEON.DOC.000481vK",,
"d820beb5-d871-4829-9496-2a79f6fd3122","9a8f3ce7-783a-42ab-b466-5d55f8b7b332","ORNL_039.mammalGrid.mam","D07","ORNL","ORNL_039","2019-04-03","2019-04-03","NEON.DOC.000481vK",,
"82597dd7-4cd2-4474-8b8f-c7603f40fdb6","31f3d851-52c9-4c72-94ee-25fa7c898df6","ORNL_027.mammalGrid.mam","D07","ORNL","ORNL_027","2019-04-04","2019-04-04","NEON.DOC.000481vL",,
"ae19fab3-d5d4-44e3-a2da-09999637b28e","c6e003d6-b84e-4659-abc2-64877a1fa316","ORNL_002.mammalGrid.mam","D07","ORNL","ORNL_002","2019-04-04","2019-04-04","NEON.DOC.000481vL",,
"6cb668b5-02f1-4f04-bbaf-079fb493bd7f","2b3b348f-57bb-41d6-a657-45a0bd991d36","ORNL_001.mammalGrid.mam","D07","ORNL","ORNL_001","2019-04-04","2019-04-04","NEON.DOC.000481vL",,
"362b2aa5-6353-43c2-96f5-c35e31770d09","c7aaf923-b506-4b4c-a006-b2fbc8f19abf","ORNL_003.mammalGrid.mam","D07","ORNL","ORNL_003","2019-04-04","2019-04-04","NEON.DOC.000481vL",,
"50037046-dc41-49b1-93ec-b5f3ec8d04b1","281d3c14-6b1d-4d6b-9678-812cd5dc55d1","ORNL_003.mammalGrid.mam","D07","ORNL","ORNL_003","2019-04-05","2019-04-05","NEON.DOC.000481vL",,
"2c97f0ee-1b07-4b52-a819-8efa7a40f396","de6cc8fb-d328-4056-83e3-4553d0ac2e0e","ORNL_002.mammalGrid.mam","D07","ORNL","ORNL_002","2019-04-05","2019-04-05","NEON.DOC.000481vL",,
"edee8b26-8d77-4f96-b1a2-6006610bbf0a","8a5ee37b-82bd-4c02-8943-b379c5e1b00b","ORNL_001.mammalGrid.mam","D07","ORNL","ORNL_001","2019-04-05","2019-04-05","NEON.DOC.000481vL",,
"ee8881fa-05a8-451b-9335-e1b45de6cfff","06baab94-6c40-4ffd-883c-748093a018ab","ORNL_007.mammalGrid.mam","D07","ORNL","ORNL_007","2019-04-05","2019-04-05","NEON.DOC.000481vL",,
