uid,nightuid,namedLocation,domainID,siteID,plotID,collectDate,endDate,samplingProtocolVersion,remarks,dataQF
"767c5e05-d825-411f-9807-0038ca6c97a0","9288CB58A3B9494A84212D7B3276F0B1","OAES_029.mammalGrid.mam","D11","OAES","OAES_029","2016-08-30","2016-08-30","NEON.DOC.000481vH","OAES_029 (A&D): 38 cap- FEHW was not collected",
"cc561326-d3ec-4341-a13e-7f3aa4669196","437B0BFBE2424ED284B32AA5E8D7BE67","OAES_003.mammalGrid.mam","D11","OAES","OAES_003","2016-08-30","2016-08-30","NEON.DOC.000481vH",,
"3b2d485e-a2a9-4e8a-9c24-67e00a11d5ca","B54596CB6B22438BA5A959316AB1378A","OAES_004.mammalGrid.mam","D11","OAES","OAES_004","2016-08-30","2016-08-30","NEON.DOC.000481vH",,
"e62621d7-a6c2-410a-a411-39878b07d2cd","B8C786C5EE8A425CB07AE38A153487E1","OAES_002.mammalGrid.mam","D11","OAES","OAES_002","2016-08-31","2016-08-31","NEON.DOC.000481vH","002 (P): 38 cap-FEHW was not collected",
"c9c56e53-9047-4f53-b36f-8d2af8277e25","F3720054F66B4549B190D54DBEAA58C9","OAES_010.mammalGrid.mam","D11","OAES","OAES_010","2016-08-31","2016-08-31","NEON.DOC.000481vH",,
"7f584d2d-d077-442b-b59b-5ffc30fd85dd","8124A8BB047E4C419206E23B3A6BDA34","OAES_001.mammalGrid.mam","D11","OAES","OAES_001","2016-08-31","2016-08-31","NEON.DOC.000481vH",,
