uid,nightuid,namedLocation,domainID,siteID,plotID,collectDate,endDate,samplingProtocolVersion,remarks,dataQF
"5a4968bf-c5dd-49a9-b420-43607738de7a","2A831F38378E441CA6C0DB1AA31090FC","CLBJ_033.mammalGrid.mam","D11","CLBJ","CLBJ_033","2016-09-07","2016-09-07","NEON.DOC.000481vH",,
"9b49d36e-274e-4155-9d40-d53f9ca60aca","BE6FA6234E8B425BBAE725609032096F","CLBJ_057.mammalGrid.mam","D11","CLBJ","CLBJ_057","2016-09-07","2016-09-07","NEON.DOC.000481vH",,
"439b7141-5c59-42a5-a9d0-5d5c594d01f1","FC1DAFDE2EA34BF28907FCC17C58A89B","CLBJ_041.mammalGrid.mam","D11","CLBJ","CLBJ_041","2016-09-07","2016-09-07","NEON.DOC.000481vH",,
"3c0504b4-127d-483a-8662-26b21027995b","611ADAECB38A4D1095A46466C1AC09A6","CLBJ_040.mammalGrid.mam","D11","CLBJ","CLBJ_040","2016-09-07","2016-09-07","NEON.DOC.000481vH",,
"bb799aa1-8ebe-498f-ab06-42234f363925","1E54CFD341BC4923AAE5232ECE0F3453","CLBJ_042.mammalGrid.mam","D11","CLBJ","CLBJ_042","2016-09-08","2016-09-08","NEON.DOC.000481vH",,
"214ef698-2b12-404a-b0a6-66d3a8d9fc74","E4DE9FB9041D43F9B614ADEDDA9BEEC1","CLBJ_041.mammalGrid.mam","D11","CLBJ","CLBJ_041","2016-09-08","2016-09-08","NEON.DOC.000481vH",,
"375f0c94-c19f-48d3-83a0-b858a7dbbabe","6CEC82AE028F489CAC1A7AAB1344D96B","CLBJ_033.mammalGrid.mam","D11","CLBJ","CLBJ_033","2016-09-08","2016-09-08","NEON.DOC.000481vH",,
"e1305319-d719-4554-893b-e0fb9e39db80","A06D10F865B14180A8AA507C0BEAE6B9","CLBJ_033.mammalGrid.mam","D11","CLBJ","CLBJ_033","2016-09-09","2016-09-09","NEON.DOC.000481vH",,
"8f308b38-4704-485b-9009-6b4df17bd853","7388EC1BED16472B8AE54931AC2FFF8F","CLBJ_041.mammalGrid.mam","D11","CLBJ","CLBJ_041","2016-09-09","2016-09-09","NEON.DOC.000481vH",,
"892ed533-17ff-4155-a7a8-30bc47927236","8101072643EF41CFA289047B19044F5E","CLBJ_042.mammalGrid.mam","D11","CLBJ","CLBJ_042","2016-09-09","2016-09-09","NEON.DOC.000481vH",,
