uid,nightuid,namedLocation,domainID,siteID,plotID,collectDate,endDate,samplingProtocolVersion,remarks,dataQF
"c287751a-68f2-47ee-931f-c522e12a96e0","59FF40852A0448BE82F7E89FA02DD549","CPER_015.mammalGrid.mam","D10","CPER","CPER_015","2016-10-25","2016-10-25","NEON.DOC.000481vH",,
"12568546-ab86-479c-b3e8-dd8c0f8e1f79","847848E7B3444582A0D553EB93ED3B2B","CPER_004.mammalGrid.mam","D10","CPER","CPER_004","2016-10-25","2016-10-25","NEON.DOC.000481vH",,
"73daeabe-f196-4813-875c-59993e320e84","9FBC62E1F8DE4D6587F2BD773F9B46E4","CPER_011.mammalGrid.mam","D10","CPER","CPER_011","2016-10-25","2016-10-25","NEON.DOC.000481vH",,
"b2d83700-6e58-427c-9431-81e557a80ceb","77DEB3A33A6C49A59C0628062888FA3E","CPER_011.mammalGrid.mam","D10","CPER","CPER_011","2016-10-26","2016-10-26","NEON.DOC.000481vH",,
"724ee0e1-c185-4426-9248-c76d8e19574b","D2296F8F055E4084BF55719F9AD57A6C","CPER_009.mammalGrid.mam","D10","CPER","CPER_009","2016-10-26","2016-10-26","NEON.DOC.000481vH",,
"45f2b57d-fb7f-4260-a9cb-0cbebf4e4dd2","A5753C409037463EBECB47219AB384EA","CPER_005.mammalGrid.mam","D10","CPER","CPER_005","2016-10-26","2016-10-26","NEON.DOC.000481vH",,
"8f6ef08b-3b7c-48f6-b7f8-ac7ea9a55579","DAE4F07DA9FF4F7E935AD8A28E9E6988","CPER_015.mammalGrid.mam","D10","CPER","CPER_015","2016-10-26","2016-10-26","NEON.DOC.000481vH",,
"29a89e1c-78d5-46cc-ac73-02831764eaef","07FB48C1D7674B29B1247F011482B7A0","CPER_006.mammalGrid.mam","D10","CPER","CPER_006","2016-10-26","2016-10-26","NEON.DOC.000481vH",,
"ccdde5b8-4699-4611-9cbf-43271a942a7f","3B7AF2986FE1464AB30D21B935D752AF","CPER_011.mammalGrid.mam","D10","CPER","CPER_011","2016-10-27","2016-10-27","NEON.DOC.000481vH",,
"d5243f3f-e210-4cff-a69a-09264613d090","ADB02FA69CC54FB092FE83F4006FBB89","CPER_008.mammalGrid.mam","D10","CPER","CPER_008","2016-10-27","2016-10-27","NEON.DOC.000481vH",,
"46cef7ba-9ccd-45fa-9834-ab38c27c771d","D3FCA034512C41C0AE6C6A153029C467","CPER_005.mammalGrid.mam","D10","CPER","CPER_005","2016-10-27","2016-10-27","NEON.DOC.000481vH",,
"aab1817b-490f-4f7b-aa17-afc1ce643029","7047054F81084B898A269CA7A9177958","CPER_015.mammalGrid.mam","D10","CPER","CPER_015","2016-10-27","2016-10-27","NEON.DOC.000481vH",,
"b5372a6d-a45a-4a81-89ce-9da821b14405","11948AAB572845DAA52FB1222C306607","CPER_002.mammalGrid.mam","D10","CPER","CPER_002","2016-10-27","2016-10-27","NEON.DOC.000481vH",,
