uid,nightuid,namedLocation,domainID,siteID,plotID,collectDate,endDate,samplingProtocolVersion,remarks,dataQF
"eda2772a-a6a2-4484-a1ff-a4cb53457553","826433E5B81C45AB98F0A501C3744DC3","BART_012.mammalGrid.mam","D01","BART","BART_012","2014-10-20","2014-10-20",,,
"01f7d27d-a02c-4be6-b0b5-a13dd1c49bc9","442BB3A8D9E14F84922AF3DC13B9B2A6","BART_062.mammalGrid.mam","D01","BART","BART_062","2014-10-20","2014-10-20",,,
"9cd1a48a-d393-437d-87a9-fe9c5716f14b","3F040F93FEC540EAA303E8F1CD4557A8","BART_001.mammalGrid.mam","D01","BART","BART_001","2014-10-20","2014-10-20",,,
"60c1904b-76e3-4e2f-93bd-e3c38d3c405e","2AC1C0B047984891B7B115140B25B2B9","BART_001.mammalGrid.mam","D01","BART","BART_001","2014-10-21","2014-10-21",,,
"e5dbb8cf-6ac1-4a04-af1b-18bff77ccb50","546E3755A1884E25B9831A674FAC267A","BART_012.mammalGrid.mam","D01","BART","BART_012","2014-10-21","2014-10-21",,,
"91ba4b9f-6896-4007-9c35-d99654167aee","B332DD2ED8494AD2ABCCCC6CC454240E","BART_062.mammalGrid.mam","D01","BART","BART_062","2014-10-22","2014-10-22",,,
"16a0b889-2c51-4558-86cd-172f3707bc97","54584C0E49E348E8981ADB5753EAAD3E","BART_001.mammalGrid.mam","D01","BART","BART_001","2014-10-22","2014-10-22",,,
"0ea597af-8a86-454a-9ab2-9aa201c427e2","22F89A6A5FDD45258883BE03BB2FA800","BART_012.mammalGrid.mam","D01","BART","BART_012","2014-10-22","2014-10-22",,"Note on back of datasheet says 'R1816 and following animals were limited processing due to time & weather' but no record for an animal with that tag # from this grid/bout. There also does not seem to be evidence of limited processing on 10/22",
"6ae775d6-ff3c-4e74-ae1b-ac2ef81dc0de","BB602AB9498C4ADBB68E379B21C4DB62","BART_015.mammalGrid.mam","D01","BART","BART_015","2014-10-23","2014-10-23",,,
"feb143b9-a78c-4f47-970f-e4bc3cb83a56","18641AA8A38F4DFC84066908B259E123","BART_007.mammalGrid.mam","D01","BART","BART_007","2014-10-23","2014-10-23",,,
"2b1656f5-197d-4999-806c-f36daf2ccab8","B40E711B8ACF445A89C85D1854F52250","BART_007.mammalGrid.mam","D01","BART","BART_007","2014-10-24","2014-10-24",,"Traps not set due to deaths on 20141023",
"2d74df1d-42b2-4721-80f2-75c97fb92b5b","79C7D9C68C27466BBB7816E0FC2E71DA","BART_015.mammalGrid.mam","D01","BART","BART_015","2014-10-24","2014-10-24",,"Grid not set due to impassable creek crossing",
"4567378f-37c5-4817-89b3-c3f1a7f28fde","372FDC3C466641548A18056F66399996","BART_015.mammalGrid.mam","D01","BART","BART_015","2014-10-25","2014-10-25",,"Limited processing on all animals recaptured during this bout. Full processing on all new captures.",
"ea1872f6-124d-4833-bf3b-d65a45571777","887223ACF0B44450AD78061ED800A719","BART_007.mammalGrid.mam","D01","BART","BART_007","2014-10-25","2014-10-25",,"Traps not set due to deaths on 20141023",
