uid,nightuid,namedLocation,domainID,siteID,plotID,collectDate,endDate,samplingProtocolVersion,remarks,dataQF
"24734176-337b-474c-a066-e05cda34fbea","4f2bccc4-da97-4f30-8a52-8a973e5a8722","GRSM_071.mammalGrid.mam","D07","GRSM","GRSM_071","2018-10-09","2018-10-09","NEON.DOC.000481vK",,
"2bbfd509-d108-43f1-b4be-f65473776099","9220fb12-4ef5-4d1f-a2dc-72f7ed00022e","GRSM_020.mammalGrid.mam","D07","GRSM","GRSM_020","2018-10-09","2018-10-09","NEON.DOC.000481vK",,
"2e5c67a5-f9e0-4c14-a474-b47b1e9abec4","ec1bb61f-f274-4eb2-84b1-989fbd7dbfd9","GRSM_014.mammalGrid.mam","D07","GRSM","GRSM_014","2018-10-09","2018-10-09","NEON.DOC.000481vK",,
"a214ad0c-f27c-4ea5-9a2c-c0ca821094a0","5e5faf15-c2eb-4312-a7ad-e2662565b5d1","GRSM_033.mammalGrid.mam","D07","GRSM","GRSM_033","2018-10-09","2018-10-09","NEON.DOC.000481vK",,
"8b48a621-353b-45bd-bbd2-51d8cc74f031","7b917218-273b-430f-bb58-0a6d9bcfb0fe","GRSM_071.mammalGrid.mam","D07","GRSM","GRSM_071","2018-10-10","2018-10-10","NEON.DOC.000481vK",,
"7a3d9453-d190-4cc5-8e38-081f9d261f99","ee749605-cc89-4d94-8557-b2bb8dc8f699","GRSM_020.mammalGrid.mam","D07","GRSM","GRSM_020","2018-10-10","2018-10-10","NEON.DOC.000481vK",,
"8718be03-be18-4c46-8e2a-e8a26d317c32","217d19fe-89c7-48e1-8b0c-43fb2d295079","GRSM_070.mammalGrid.mam","D07","GRSM","GRSM_070","2018-10-10","2018-10-10","NEON.DOC.000481vK",,
"eaa08ec9-ec87-43d9-99dc-d3a969cd09df","c9623376-961e-4cf3-a8c8-ca534c9abead","GRSM_014.mammalGrid.mam","D07","GRSM","GRSM_014","2018-10-10","2018-10-10","NEON.DOC.000481vK",,
"03862f90-9dfc-40e4-82f2-e6e0b92e90e8","ada7026e-76e5-43fd-873b-3b91dc083e55","GRSM_071.mammalGrid.mam","D07","GRSM","GRSM_071","2018-10-10","2018-10-10","NEON.DOC.000481vK",,
"46bbe185-e1bc-4627-ab0f-90220b9e2a3f","ba0c8960-e8fa-425c-98e7-d1d765f06e42","GRSM_020.mammalGrid.mam","D07","GRSM","GRSM_020","2018-10-10","2018-10-10","NEON.DOC.000481vK",,
"34184cd0-07e1-46b9-a1c6-7ba595cac58e","05bfc1af-6852-435c-9557-b82eee3d37b1","GRSM_014.mammalGrid.mam","D07","GRSM","GRSM_014","2018-10-11","2018-10-11","NEON.DOC.000481vK",,
"93c17eff-083d-439e-a3d1-1df95aff8e5c","ba310eee-f060-46b0-a3ff-29b6f6bffa59","GRSM_071.mammalGrid.mam","D07","GRSM","GRSM_071","2018-10-11","2018-10-11","NEON.DOC.000481vK",,
"f34bea19-f3b8-432a-bc6e-cf7ee7b04e4e","2275f40a-2dde-4d03-9aaa-739de4a53baa","GRSM_015.mammalGrid.mam","D07","GRSM","GRSM_015","2018-10-11","2018-10-11","NEON.DOC.000481vK",,
"787411b7-18b8-4265-9ece-d664bb0e61b2","5df0638d-3174-4087-ad70-3e178d422b17","GRSM_020.mammalGrid.mam","D07","GRSM","GRSM_020","2018-10-11","2018-10-11","NEON.DOC.000481vK",,
