uid,nightuid,namedLocation,domainID,siteID,plotID,collectDate,endDate,samplingProtocolVersion,remarks,dataQF
"edabe32f-abac-4c77-a522-13b46f13458a","f6bfd933-d429-41a4-a1ef-054ceee51501","CLBJ_041.mammalGrid.mam","D11","CLBJ","CLBJ_041","2017-03-28","2017-03-28",,,
"5a2b5c1c-ea29-4274-bd8e-ab9f41add3d3","29c4a852-6fb7-45cd-a597-d56285183527","CLBJ_057.mammalGrid.mam","D11","CLBJ","CLBJ_057","2017-03-28","2017-03-28",,,
"5aa678b5-91c3-442a-b819-c6ed1e46a4e7","323ade2f-8f98-4285-ac41-a86a7a26196a","CLBJ_040.mammalGrid.mam","D11","CLBJ","CLBJ_040","2017-03-28","2017-03-28",,,
"93391a26-3d2e-4fc2-b623-d25e5649b9b3","08ad28f8-78b8-44d1-80b1-4af03491764d","CLBJ_033.mammalGrid.mam","D11","CLBJ","CLBJ_033","2017-03-28","2017-03-28",,,
"f5940166-ccf9-48f4-863b-b5c43ea246c0","f3104dce-c249-4113-a72a-747292d059f2","CLBJ_041.mammalGrid.mam","D11","CLBJ","CLBJ_041","2017-03-30","2017-03-30",,,
"50303f88-6ce5-4859-98c6-0a90d7699423","58945a42-18cb-4900-a2de-f6ee1b9892cd","CLBJ_033.mammalGrid.mam","D11","CLBJ","CLBJ_033","2017-03-30","2017-03-30",,,
"3be876bd-a7fd-470c-bf8f-fe9f65118d7e","ff1aa58b-1fb7-4c2c-bede-9f672c54ab1a","CLBJ_042.mammalGrid.mam","D11","CLBJ","CLBJ_042","2017-03-30","2017-03-30","NEON.DOC.000481vJ",,
"49f8f292-3198-4353-bf05-c0ec4c82e412","c07a0eae-0d72-4737-9224-52e97e109eae","CLBJ_039.mammalGrid.mam","D11","CLBJ","CLBJ_039","2017-03-31","2017-03-31",,,
"0680ccde-4457-4350-8145-1ba8eefcd748","ce994741-7cfb-4a64-8eb0-3e65dbbfd5b4","CLBJ_037.mammalGrid.mam","D11","CLBJ","CLBJ_037","2017-03-31","2017-03-31",,,
"45f4d43b-7eb1-45ab-b503-f8b1f5ee2a35","caa37e69-1788-4be0-bc86-36a2fa56aad8","CLBJ_034.mammalGrid.mam","D11","CLBJ","CLBJ_034","2017-03-31","2017-03-31","NEON.DOC.000481vJ",,
"9f0cf9c3-39db-4170-b8e8-4759e0f07374","77370ea3-527a-4f92-b4c2-2e60dd51b266","CLBJ_042.mammalGrid.mam","D11","CLBJ","CLBJ_042","2017-03-31","2017-03-31",,,
