uid,nightuid,namedLocation,domainID,siteID,plotID,collectDate,endDate,samplingProtocolVersion,remarks,dataQF
"35b2be40-3e14-471d-a24a-2a30941b26a7","3df5d207-9a0d-4c64-8fa2-5870ad029b49","OAES_029.mammalGrid.mam","D11","OAES","OAES_029","2017-05-16","2017-05-16","NEON.DOC.000481vJ",,
"988fa176-b26f-4e05-b2c6-bbfd81919e6d","34a1b934-49fb-4cee-a3e5-cb6886bfdfce","OAES_003.mammalGrid.mam","D11","OAES","OAES_003","2017-05-16","2017-05-16","NEON.DOC.000481vJ",,
"674cfa07-a7b1-41a6-85c1-9bbe97c16ac9","cc9a98f2-45fa-46f8-9b81-d2fbe3fb7da8","OAES_004.mammalGrid.mam","D11","OAES","OAES_004","2017-05-16","2017-05-16","NEON.DOC.000481vJ",,
"eb0ffa17-6a1f-484a-a7bd-4ec256416331","6d068496-6525-441c-a6ee-e2373944f619","OAES_001.mammalGrid.mam","D11","OAES","OAES_001","2017-05-17","2017-05-17","NEON.DOC.000481vJ",,
"9abc671b-b513-4ed3-b184-f45f016f1695","e8c32a1a-5aab-4a34-8c9e-0d537a65bce0","OAES_007.mammalGrid.mam","D11","OAES","OAES_007","2017-05-17","2017-05-17","NEON.DOC.000481vJ",,
"948d60a9-0af2-4c3b-9e0d-d157af2c2426","d4bae1b6-6299-49cf-beba-29397c37ec74","OAES_002.mammalGrid.mam","D11","OAES","OAES_002","2017-05-17","2017-05-17",,,
"7fa3c7ed-6cd2-441b-bcc5-6178cca1fcfa","d3001a5f-6cce-4c66-85e1-b82bbd78c0c7","OAES_002.mammalGrid.mam","D11","OAES","OAES_002","2017-05-18","2017-05-18",,,
"9f90c4f6-2cc9-41fe-a38d-34bd5bac814c","58683e6d-f1c2-46da-83d4-0c14b315d83a","OAES_001.mammalGrid.mam","D11","OAES","OAES_001","2017-05-18","2017-05-18","NEON.DOC.000481vJ",,
"9410baec-0e5a-4cab-92c7-41de1726d28f","a837d9c1-65b2-484c-b7ea-fe230870957f","OAES_007.mammalGrid.mam","D11","OAES","OAES_007","2017-05-18","2017-05-18","NEON.DOC.000481vJ",,
