uid,nightuid,namedLocation,domainID,siteID,plotID,collectDate,endDate,samplingProtocolVersion,remarks,dataQF
"5287b689-4597-44ee-a4e1-3ca444f70845","fd40bc67-b2dc-4f1a-93aa-a591dadb6c25","ORNL_001.mammalGrid.mam","D07","ORNL","ORNL_001","2018-04-10","2018-04-10","NEON.DOC.000481vK",,
"d062d671-6683-4192-94bc-1b3fb41e6a37","84dbbe42-0b2c-47ce-94d7-8a2c2c3a2f61","ORNL_002.mammalGrid.mam","D07","ORNL","ORNL_002","2018-04-10","2018-04-10","NEON.DOC.000481vK",,
"94a301bb-9bde-45c4-902d-45f21c2a80d1","340b3009-d2ca-470e-adf8-a9cd12f3ba90","ORNL_003.mammalGrid.mam","D07","ORNL","ORNL_003","2018-04-10","2018-04-10","NEON.DOC.000481vK",,
"35de8206-7974-4778-a514-5cb24c8dc6f9","afbe1fea-dccc-4f90-8699-ac7c4c880fbe","ORNL_001.mammalGrid.mam","D07","ORNL","ORNL_001","2018-04-11","2018-04-11","NEON.DOC.000481vK",,
"48cec2f5-2237-4868-a121-a0e0963e521a","243a4023-32ca-4a5f-9c60-6e1bbf72eaef","ORNL_002.mammalGrid.mam","D07","ORNL","ORNL_002","2018-04-11","2018-04-11","NEON.DOC.000481vK",,
"684ba189-b7ff-4e8a-a5dd-283ebaeee613","182ae59a-bb35-4972-9a96-35af1d78738e","ORNL_003.mammalGrid.mam","D07","ORNL","ORNL_003","2018-04-11","2018-04-11","NEON.DOC.000481vK",,
"8dc05c84-b213-43b5-868e-234d759fa048","8966c19c-c4ef-4d7b-a58b-9c67770937c0","ORNL_007.mammalGrid.mam","D07","ORNL","ORNL_007","2018-04-11","2018-04-11","NEON.DOC.000481vK",,
"f72bac48-3be2-40f6-a214-b72e4f40c954","9bb980af-ee5b-4e56-91b3-5a6a084d3099","ORNL_039.mammalGrid.mam","D07","ORNL","ORNL_039","2018-04-12","2018-04-12","NEON.DOC.000481vK",,
"2e812794-bd53-4b5a-a7f6-9cbbcb9e4b8d","f73b6231-3548-484c-ad3b-6d895c68a7fc","ORNL_001.mammalGrid.mam","D07","ORNL","ORNL_001","2018-04-12","2018-04-12","NEON.DOC.000481vK",,
"3d354278-f96c-4237-bca8-ebfbc2023e1d","81956a63-2ccf-42a8-88fe-5e0d8bf2cab7","ORNL_002.mammalGrid.mam","D07","ORNL","ORNL_002","2018-04-12","2018-04-12","NEON.DOC.000481vK",,
"f174b32d-1726-445d-9933-28a1222dde49","fa77d3f3-54ab-4f30-a62d-8204259b8b0f","ORNL_003.mammalGrid.mam","D07","ORNL","ORNL_003","2018-04-12","2018-04-12","NEON.DOC.000481vK",,
"64ca6942-058d-46a4-8833-ad176adc90e1","be8f55a8-022e-4aba-9603-54df0ff1d52d","ORNL_027.mammalGrid.mam","D07","ORNL","ORNL_027","2018-04-12","2018-04-12","NEON.DOC.000481vK",,
