uid,nightuid,namedLocation,domainID,siteID,plotID,collectDate,endDate,samplingProtocolVersion,remarks,dataQF
"0504833b-e80b-42ba-8dcd-58db84d4f43c","6f367f74-7fc8-482a-bb07-41663ff2ec58","WOOD_009.mammalGrid.mam","D09","WOOD","WOOD_009","2017-05-23","2017-05-23",,,
"638e0e7e-bddc-4fb5-932b-ac35bdc853c6","02b7d434-089a-4562-ba9e-c2843a5adb77","WOOD_008.mammalGrid.mam","D09","WOOD","WOOD_008","2017-05-23","2017-05-23",,,
"56f6e07e-07bd-4bc1-97db-f813f11c333c","8af98511-7a36-4c8b-a390-ebc1da4a6930","WOOD_010.mammalGrid.mam","D09","WOOD","WOOD_010","2017-05-23","2017-05-23",,,
"e603f9f0-be04-43fa-af4d-ae3cdbcf0a8e","61651bb0-d087-418e-b847-c9047580100d","WOOD_002.mammalGrid.mam","D09","WOOD","WOOD_002","2017-05-24","2017-05-24",,,
"c4424c32-53a2-4bd9-8e32-04d3fa1a0add","bf1acde1-561b-4515-bae0-189eb2c27c4b","WOOD_007.mammalGrid.mam","D09","WOOD","WOOD_007","2017-05-24","2017-05-24",,"Recorded by mgentzkow",
"d987d73a-f4c0-451d-8fd2-c20dedf24df4","a7db55cd-1429-4ee9-b156-db5ce7185e04","WOOD_009.mammalGrid.mam","D09","WOOD","WOOD_009","2017-05-24","2017-05-24",,,
"2b2454a8-82eb-461d-9d14-92e917ea849c","2c23d6b9-4a18-46cb-93d5-9441f0981d48","WOOD_009.mammalGrid.mam","D09","WOOD","WOOD_009","2017-05-25","2017-05-25",,,
"5126379a-41d3-4624-ad23-8f624df50363","96091fa1-cc93-4b09-bbcf-0105e3449676","WOOD_007.mammalGrid.mam","D09","WOOD","WOOD_007","2017-05-25","2017-05-25",,,
"d48673a4-770c-40d6-a8e6-381b5f0b8981","e78909ee-efff-4cbf-b2a2-b2f3f163951b","WOOD_003.mammalGrid.mam","D09","WOOD","WOOD_003","2017-05-25","2017-05-25",,,
"8c4c06e1-630c-4f8e-a064-8be2b733c02c","b6049edf-1d05-457c-adc0-5e816122a564","WOOD_002.mammalGrid.mam","D09","WOOD","WOOD_002","2017-05-25","2017-05-25",,,
"549ad7db-a442-40da-800d-2263eda038ae","543046cb-6385-4163-8aa7-a06094d7c475","WOOD_007.mammalGrid.mam","D09","WOOD","WOOD_007","2017-05-26","2017-05-26",,,
"556c5847-b8ac-4f6e-80b0-a2fd1305c76f","da90b0ea-e57c-430e-9f61-185860968d87","WOOD_002.mammalGrid.mam","D09","WOOD","WOOD_002","2017-05-26","2017-05-26",,,
