uid,nightuid,namedLocation,domainID,siteID,plotID,collectDate,endDate,samplingProtocolVersion,remarks,dataQF
"e04680ed-847a-479a-9fda-bf639687f60e","2AD1C309D92345EFBC981EEB98CB3F76","UKFS_003.mammalGrid.mam","D06","UKFS","UKFS_003","2016-06-27","2016-06-27","NEON.DOC.000481vG",,
"a6a9a00d-1c3b-417a-becb-bb9eaa65947e","4231C15F6B99495D882A509804FAE9CB","UKFS_007.mammalGrid.mam","D06","UKFS","UKFS_007","2016-06-27","2016-06-27","NEON.DOC.000481vG",,
"ca3ab997-cdbe-406a-b35d-c88da79c05b1","91937FC691A446DA8B8545D28897F1BD","UKFS_018.mammalGrid.mam","D06","UKFS","UKFS_018","2016-06-27","2016-06-27","NEON.DOC.000481vG",,
"e9e72391-f8f7-4156-a500-0ed571b1adcf","87225EF5FDAE40EC9C69B2FE9E14B8EC","UKFS_009.mammalGrid.mam","D06","UKFS","UKFS_009","2016-06-29","2016-06-29","NEON.DOC.000481vG",,
"5e7c3e7f-1f24-4aaa-a4ef-275b1aba8e74","786CD13B8F5F4BE7B28EB6F234799C0D","UKFS_010.mammalGrid.mam","D06","UKFS","UKFS_010","2016-06-29","2016-06-29","NEON.DOC.000481vH",,
"145b73f2-ffad-4c66-9c3a-a2a4e64050ed","1CAED13B3D1145B6A32D0474935BDE9C","UKFS_004.mammalGrid.mam","D06","UKFS","UKFS_004","2016-06-29","2016-06-29","NEON.DOC.000481vG",,
"551336a5-301e-45e2-b4e6-b8bfb5653bde","87BC70CAF4DE46788A9C2F5C8C66ADFB","UKFS_009.mammalGrid.mam","D06","UKFS","UKFS_009","2016-06-30","2016-06-30","NEON.DOC.000481vH",,
"7096f28f-3b5f-40cb-ace4-7326c478e44d","E8FD0C2234FF462F9F49615335990008","UKFS_010.mammalGrid.mam","D06","UKFS","UKFS_010","2016-06-30","2016-06-30","NEON.DOC.000481vH",,
"6b522500-b206-44df-ac55-4711765865b7","FCEE8E7E8ED0436FBD83D39E945255E8","UKFS_004.mammalGrid.mam","D06","UKFS","UKFS_004","2016-06-30","2016-06-30","NEON.DOC.000481vH",,
