uid,nightuid,namedLocation,domainID,siteID,plotID,collectDate,endDate,samplingProtocolVersion,remarks,dataQF
"c6380a2c-33f0-4d11-97ac-4d597a32087d","343C007416F14EA9BB056AB9A9E8EC94","GUAN_025.mammalGrid.mam","D04","GUAN","GUAN_025","2016-06-28","2016-06-28","NEON.DOC.000481vH","no capture in this plot",
"d96033d3-1270-43e0-ba4f-6bb9b3449b00","55162E6FD01D4E2E892B1B872D313CEA","GUAN_003.mammalGrid.mam","D04","GUAN","GUAN_003","2016-06-28","2016-06-28","NEON.DOC.000481vH",,
"b642f155-06a6-4509-af67-de22c7822079","B2DB277011B848E3BDE8F1AF73A6C4A7","GUAN_007.mammalGrid.mam","D04","GUAN","GUAN_007","2016-06-28","2016-06-28","NEON.DOC.000481vH",,
"93e06484-3952-415f-80a4-75a7be33ee45","15D573F458904598A29E024470077C3E","GUAN_003.mammalGrid.mam","D04","GUAN","GUAN_003","2016-06-29","2016-06-29","NEON.DOC.000481vH",,
"7d2474cc-0664-4892-84cd-54c82c136279","E129DA5025C748B9A8B4CC7628CFEBCD","GUAN_025.mammalGrid.mam","D04","GUAN","GUAN_025","2016-06-29","2016-06-29","NEON.DOC.000481vH",,
"43bfee62-a80a-4aa7-90b9-4006ae1be187","508C8B4271A14712BB874D0E63415201","GUAN_007.mammalGrid.mam","D04","GUAN","GUAN_007","2016-06-29","2016-06-29","NEON.DOC.000481vH",,
"cc54b9fc-7ce0-40c1-a579-19ba03e7ee48","98567AE745314FF3A53455954744CB87","GUAN_025.mammalGrid.mam","D04","GUAN","GUAN_025","2016-06-30","2016-06-30","NEON.DOC.000481vH",,
"45a90549-efe8-4c6b-8182-60e644fe1d9e","4781A6B36DBF43198ADB464D18854B93","GUAN_007.mammalGrid.mam","D04","GUAN","GUAN_007","2016-06-30","2016-06-30","NEON.DOC.000481vH",,
"ddba591f-82cf-47ed-8c8c-b9f2f488e945","DB3C3849C6774EFC99B22D217D9C6EAC","GUAN_003.mammalGrid.mam","D04","GUAN","GUAN_003","2016-06-30","2016-06-30","NEON.DOC.000481vH",,
