uid,nightuid,namedLocation,domainID,siteID,plotID,collectDate,endDate,samplingProtocolVersion,remarks,dataQF
"abc54bc8-9917-4890-99cb-8d9acf0c59eb","ab04ae88-eb93-4275-9695-dfd530d59216","DCFS_004.mammalGrid.mam","D09","DCFS","DCFS_004","2017-08-15","2017-08-15","NEON.DOC.000481vJ",,
"24c48a89-072c-41c9-a542-2953cc32ff72","58cfd349-7780-4bb0-aac3-de28142c72d4","DCFS_003.mammalGrid.mam","D09","DCFS","DCFS_003","2017-08-15","2017-08-15","NEON.DOC.000481vJ",,
"065c035b-7345-4e88-aeaf-e5e70082b259","59a7bcab-0f64-4452-ae64-70d3cc8d67af","DCFS_009.mammalGrid.mam","D09","DCFS","DCFS_009","2017-08-15","2017-08-15","NEON.DOC.000481vJ",,
"9fa79468-f13e-4034-a95b-e95ead714a12","19d71e95-2dba-4e34-8992-6d76124f5a7d","DCFS_003.mammalGrid.mam","D09","DCFS","DCFS_003","2017-08-16","2017-08-16","NEON.DOC.000481vH",,
"9d5a7fbe-6629-4a4f-9066-aaedf17608a7","0f82b4d4-af4c-44bc-a4ac-3882647fe857","DCFS_006.mammalGrid.mam","D09","DCFS","DCFS_006","2017-08-16","2017-08-16","NEON.DOC.000481vH",,
"4b01dba0-a4e6-4b27-8421-51348f3edd72","ac3c8a28-9e63-4824-b701-78f6b548da7c","DCFS_014.mammalGrid.mam","D09","DCFS","DCFS_014","2017-08-16","2017-08-16","NEON.DOC.000481vH",,
"889e0af9-51c1-46a4-9a07-4e8772352cb9","57309740-1eba-4cbd-bbd6-d809f93a6af3","DCFS_003.mammalGrid.mam","D09","DCFS","DCFS_003","2017-08-17","2017-08-17","NEON.DOC.000481vJ",,
"8e45675f-b9c4-422b-a9e6-8d5c7cd954ad","21ac7456-7abd-430c-907b-99e3098807e2","DCFS_006.mammalGrid.mam","D09","DCFS","DCFS_006","2017-08-17","2017-08-17","NEON.DOC.000481vJ",,
"cf3d9a1b-0e10-4b93-af73-fc3bf2c8e7f2","8dc01e43-2ff6-499a-be22-ac5e9c174282","DCFS_014.mammalGrid.mam","D09","DCFS","DCFS_014","2017-08-17","2017-08-17","NEON.DOC.000481vJ",,
"f92a7797-eef8-4895-896e-fff117a0ca3b","e6647d12-f87f-4a7f-a49f-73e0ec1bc356","DCFS_006.mammalGrid.mam","D09","DCFS","DCFS_006","2017-08-18","2017-08-18","NEON.DOC.000481vJ",,
"39de4848-c382-480d-9c84-4a128f0bb28a","3fe8750a-305b-43d8-9b5a-83c758b5d7f6","DCFS_020.mammalGrid.mam","D09","DCFS","DCFS_020","2017-08-18","2017-08-18","NEON.DOC.000481vJ",,
"2928f32d-8451-484b-90f3-b55e4a5cb03a","7f7edea4-32f9-4969-b0d8-bf815aa5445d","DCFS_014.mammalGrid.mam","D09","DCFS","DCFS_014","2017-08-18","2017-08-18","NEON.DOC.000481vJ",,
