uid,nightuid,namedLocation,domainID,siteID,plotID,collectDate,endDate,samplingProtocolVersion,remarks,dataQF
"07c4cffc-1c2b-4694-9156-310b9908e0d9","CAD7AD2C92B24EE789026CC39FB6ADA2","ORNL_001.mammalGrid.mam","D07","ORNL","ORNL_001","2015-04-14","2015-04-14",,"Actual sampling protocol used: NEON.DOC.000481vF",
"86ffad46-688c-48e2-9ddd-f3b888567d46","A717EA7FC2B44874A53202EFA483A47C","ORNL_039.mammalGrid.mam","D07","ORNL","ORNL_039","2015-04-14","2015-04-14",,"Actual sampling protocol used: NEON.DOC.000481vF",
"21fb89b2-eb61-4fb7-ae62-c417a66c9f3c","FA5AFC8C3E0B4BAD83EF4BA78F5A1F8C","ORNL_007.mammalGrid.mam","D07","ORNL","ORNL_007","2015-04-14","2015-04-14",,"Actual sampling protocol used: NEON.DOC.000481vF",
"04f85ab4-f9ad-43e9-a0be-ff232496e1ee","FD66B4F6F4D441B3AD6EF5680E76A58B","ORNL_002.mammalGrid.mam","D07","ORNL","ORNL_002","2015-04-15","2015-04-15",,"Actual sampling protocol used: NEON.DOC.000481vF",
"4f436f5d-af40-4990-9a62-b02df6a6400b","412E74233B9C4573AE71B68C4878EF86","ORNL_003.mammalGrid.mam","D07","ORNL","ORNL_003","2015-04-15","2015-04-15",,"Actual sampling protocol used: NEON.DOC.000481vF",
"6b3e3472-0235-4e03-9511-8d8bcebd3901","89A2E2A598A24B3AA97B7ADC2444BC56","ORNL_027.mammalGrid.mam","D07","ORNL","ORNL_027","2015-04-15","2015-04-15",,"Actual sampling protocol used: NEON.DOC.000481vF",
"cf521f18-09db-4fff-90dc-e79aaa5f71c6","DA31E15077DC45F79570A84820F9A949","ORNL_002.mammalGrid.mam","D07","ORNL","ORNL_002","2015-04-16","2015-04-16",,"used sampling protocol NEON.DOC.000481vF",
"bf1f9633-f446-401a-a075-93f38efa076e","04D4B0B57D564B1FB6CD6434663D4E78","ORNL_003.mammalGrid.mam","D07","ORNL","ORNL_003","2015-04-16","2015-04-16",,"used sampling protocol NEON.DOC.000481vF",
"9f4fd8de-b8be-4e2c-b347-e6236b529a26","90E536F74C404E428A5C67FB5D30B0D7","ORNL_027.mammalGrid.mam","D07","ORNL","ORNL_027","2015-04-16","2015-04-16",,"used sampling protocol NEON.DOC.000481vF",
"2e38bf2d-d377-4891-86f0-c00a8d6a2678","3D09A05C697342B19143B04551551820","ORNL_002.mammalGrid.mam","D07","ORNL","ORNL_002","2015-04-17","2015-04-17",,"used sampling protocol NEON.DOC.000481vF",
"8db543ac-7f41-4b91-b1c8-f194c7482094","8F246F34EB3C454FBC3979757B461223","ORNL_003.mammalGrid.mam","D07","ORNL","ORNL_003","2015-04-17","2015-04-17",,"used sampling protocol NEON.DOC.000481vF",
"b3f2f4fc-a9f6-4f3e-bd78-2dbc26e94059","98D55E118BC443D287186A91519E30B5","ORNL_027.mammalGrid.mam","D07","ORNL","ORNL_027","2015-04-17","2015-04-17",,"used sampling protocol NEON.DOC.000481vF",
