uid,nightuid,namedLocation,domainID,siteID,plotID,collectDate,endDate,samplingProtocolVersion,remarks,dataQF
"138233ef-ca3a-4cd9-b78e-f75cec3e5bdc","29dd0de6-4f23-427d-be35-1ac9f95fa01e","GRSM_020.mammalGrid.mam","D07","GRSM","GRSM_020","2017-10-24","2017-10-24","NEON.DOC.000481vJ",,
"5d51ccb5-0bc4-4580-9178-1c5c095e0523","32de4b7f-56f7-4b97-9fe1-be691f51444e","GRSM_013.mammalGrid.mam","D07","GRSM","GRSM_013","2017-10-24","2017-10-24","NEON.DOC.000481vJ",,
"d531fc2d-cbfd-45fb-bc2b-e662a7c06401","03122e18-906e-415d-9ebc-ee0d7c325604","GRSM_014.mammalGrid.mam","D07","GRSM","GRSM_014","2017-10-24","2017-10-24","NEON.DOC.000481vJ",,
"0181f0dc-3709-400f-9090-169cd0593a24","e48564f2-e135-4610-baae-b6d91a69a180","GRSM_069.mammalGrid.mam","D07","GRSM","GRSM_069","2017-10-24","2017-10-24","NEON.DOC.000481vJ",,
