uid,nightuid,namedLocation,domainID,siteID,plotID,collectDate,endDate,samplingProtocolVersion,remarks,dataQF
"df77cd9f-f9de-41ea-8118-535c34c9f4ba","378623b7-f1fc-403b-9bdc-9371f5c16937","CLBJ_040.mammalGrid.mam","D11","CLBJ","CLBJ_040","2018-04-17","2018-04-17","NEON.DOC.000481vK",,
"7efaa9bf-4895-4c23-a380-92e0931ecb61","dc643136-a367-4f49-b3ee-2e0e2f118c23","CLBJ_041.mammalGrid.mam","D11","CLBJ","CLBJ_041","2018-04-17","2018-04-17","NEON.DOC.000481vK",,
"30985bf5-68b3-495f-858a-42fe1c0646dd","a82aaea7-5d53-4997-b551-29dc4bea629d","CLBJ_033.mammalGrid.mam","D11","CLBJ","CLBJ_033","2018-04-17","2018-04-17","NEON.DOC.000481vK",,
"e9bb0b47-808a-43df-b9b6-d356c8337059","3a3ae0f2-9498-485f-8b20-947a918cd3d0","CLBJ_033.mammalGrid.mam","D11","CLBJ","CLBJ_033","2018-04-18","2018-04-18","NEON.DOC.000481vK",,
"a6e7ef8c-6569-44ae-8233-964e59d9a508","e430e000-758c-4bce-b2cd-4fddc9845d33","CLBJ_042.mammalGrid.mam","D11","CLBJ","CLBJ_042","2018-04-18","2018-04-18","NEON.DOC.000481vK",,
"9a51e5c0-ff0e-42cc-83be-907739018f24","4f456ae8-b2a9-4d6a-b0e9-44b16e6dba99","CLBJ_041.mammalGrid.mam","D11","CLBJ","CLBJ_041","2018-04-18","2018-04-18","NEON.DOC.000481vK",,
"1739ad62-9e4f-4b63-8750-6f341e21823c","3e06fdb6-cb2e-4be0-9585-3fda31e12791","CLBJ_057.mammalGrid.mam","D11","CLBJ","CLBJ_057","2018-04-18","2018-04-18","NEON.DOC.000481vK",,
"19a7ae57-9bdd-4601-853d-3a203ee87f6d","183a1a27-6e62-49fc-b4e0-adc08a05dcba","CLBJ_041.mammalGrid.mam","D11","CLBJ","CLBJ_041","2018-04-19","2018-04-19","NEON.DOC.000481vK",,
"201855bd-3a86-4f71-b892-207479198e2f","cbe94efd-3c44-4e1e-8c30-283b69383eff","CLBJ_039.mammalGrid.mam","D11","CLBJ","CLBJ_039","2018-04-19","2018-04-19","NEON.DOC.000481vK",,
"2490b237-4368-4ebb-a1c5-ee24a15ff101","9badeb19-b703-46d3-99a4-dab09e36aacf","CLBJ_033.mammalGrid.mam","D11","CLBJ","CLBJ_033","2018-04-19","2018-04-19","NEON.DOC.000481vK","Cows in plot",
"ddff764f-578b-427e-ae85-38b38c7ac1c2","93567a76-284a-458f-94bc-2b60e2343320","CLBJ_042.mammalGrid.mam","D11","CLBJ","CLBJ_042","2018-04-19","2018-04-19","NEON.DOC.000481vK",,
"2f33b22e-74e2-4161-bfe1-ec70e3a613d4","d114fe40-2dd7-4b62-a8f1-3989c81fc545","CLBJ_034.mammalGrid.mam","D11","CLBJ","CLBJ_034","2018-04-20","2018-04-20","NEON.DOC.000481vK",,
"9f74a77c-66e2-42a3-a1fc-fa7637bf7d91","46cefa76-d8b1-41b6-8785-50c167dc4154","CLBJ_042.mammalGrid.mam","D11","CLBJ","CLBJ_042","2018-04-20","2018-04-20","NEON.DOC.000481vK",,
"72b14e06-5267-4672-9d20-f0466a8d47ba","a4446e5f-fb35-4dc5-91fc-599df85ab2a5","CLBJ_037.mammalGrid.mam","D11","CLBJ","CLBJ_037","2018-04-20","2018-04-20","NEON.DOC.000481vK",,
