uid,nightuid,namedLocation,domainID,siteID,plotID,collectDate,endDate,samplingProtocolVersion,remarks,dataQF
"3a3452ed-983c-4820-a11a-64fc1cbaf8fc","61A80237A0AE41A6BA52F00A4352319E","OAES_029.mammalGrid.mam","D11","OAES","OAES_029","2015-07-14","2015-07-14",,,
"09517374-25a8-46ff-a72d-35c60871a904","F4C33C4C5F114C4CBCDAF24E08CE8D7C","OAES_003.mammalGrid.mam","D11","OAES","OAES_003","2015-07-14","2015-07-14",,,
"134cb6bd-bd90-420e-8705-267a023f1092","73A0BBD0B82D4107AB03025D2E063822","OAES_004.mammalGrid.mam","D11","OAES","OAES_004","2015-07-14","2015-07-14",,,
"78b350df-5465-4550-b93a-27a7b428ecfb","C38DDACDB6834D259088C67FB4AAB1FD","OAES_010.mammalGrid.mam","D11","OAES","OAES_010","2015-07-15","2015-07-15",,,
"a93f1136-20a5-44bd-a8b8-1252b05cb57a","F9FFB523F9664E71A17B87279B6D0FAA","OAES_001.mammalGrid.mam","D11","OAES","OAES_001","2015-07-15","2015-07-15",,,
"103b9bc9-29e1-449b-b478-04401e1cc0b7","296012FAA57347E2B8D0958D60725F8C","OAES_002.mammalGrid.mam","D11","OAES","OAES_002","2015-07-15","2015-07-15",,,
"e9c11776-0c21-4bb2-94e3-a4b686660c64","CAF3C4F047BF48D99E9AADADBB5461D6","OAES_002.mammalGrid.mam","D11","OAES","OAES_002","2015-07-16","2015-07-16",,,
"f255ad59-b7de-4ac7-aba8-46a0fc9d6ceb","4852357265CF423F87AC79D0CBA4B9E7","OAES_001.mammalGrid.mam","D11","OAES","OAES_001","2015-07-16","2015-07-16",,,
"1e983b16-28a1-4bba-becf-4064a0a12dcb","704B3C51A8F04ED383088AD1F3CBAD83","OAES_010.mammalGrid.mam","D11","OAES","OAES_010","2015-07-16","2015-07-16",,,
"3196624e-3143-454b-a5bc-6c3fd5fe13ea","B536A511BC0347B18E9ACEFFD931121B","OAES_001.mammalGrid.mam","D11","OAES","OAES_001","2015-07-17","2015-07-17",,,
"1a2f1a91-a7f6-47d0-a3c1-3e678886f357","868C313534E548D29286A7E3DF7F9D13","OAES_002.mammalGrid.mam","D11","OAES","OAES_002","2015-07-17","2015-07-17",,,
"7b531f8f-c3be-4ca2-a5d5-6fb851f992ac","F15DD3B5F25F4068BD9BBF0E6172C7D1","OAES_010.mammalGrid.mam","D11","OAES","OAES_010","2015-07-17","2015-07-17",,,
