uid,nightuid,namedLocation,domainID,siteID,plotID,collectDate,endDate,samplingProtocolVersion,remarks,dataQF
"eaa9fb59-32e5-4abb-826a-74c7042ada63","488cf5e5-7801-4e69-a088-df4113c924b0","HARV_021.mammalGrid.mam","D01","HARV","HARV_021","2017-10-10","2017-10-10","NEON.DOC.000481vJ",,
"d836f2db-d992-45e9-80c4-51198c32915b","1c0fd9e4-c024-4a22-997d-8635f7cf0022","HARV_008.mammalGrid.mam","D01","HARV","HARV_008","2017-10-10","2017-10-10","NEON.DOC.000481vJ",,
"be83a19f-42af-44b0-a132-f75bd6a2b6ac","b5a74198-c43a-48bd-b188-1af33c05568e","HARV_023.mammalGrid.mam","D01","HARV","HARV_023","2017-10-10","2017-10-10","NEON.DOC.000481vJ",,
"cd81e8a5-a9b4-4471-9ca7-85d7cf8cb1d9","827f7b2f-c9a6-46f8-aa41-0809c0b7fd7e","HARV_008.mammalGrid.mam","D01","HARV","HARV_008","2017-10-11","2017-10-11","NEON.DOC.000481vJ",,
"c93c99b2-b3ea-4137-9bdf-270db40aac34","ca4a723c-1b60-4790-9a00-7b33791a3150","HARV_023.mammalGrid.mam","D01","HARV","HARV_023","2017-10-11","2017-10-11","NEON.DOC.000481vJ",,
"24cca651-721b-4a92-92e7-8aa5428caad9","6bdd6d18-17cf-4fe1-8829-6415ce60ab10","HARV_021.mammalGrid.mam","D01","HARV","HARV_021","2017-10-11","2017-10-11","NEON.DOC.000481vJ",,
"f34fe96c-a1ee-4fb3-853c-3ffe0e7ad85b","59e50238-ca8a-491d-b54b-44c1aad2a880","HARV_021.mammalGrid.mam","D01","HARV","HARV_021","2017-10-12","2017-10-12","NEON.DOC.000481vJ",,
"3aef539b-301c-41ae-9a6f-5010430cbee6","69edfdfc-d807-4073-a585-584072721e9a","HARV_008.mammalGrid.mam","D01","HARV","HARV_008","2017-10-12","2017-10-12","NEON.DOC.000481vJ",,
"9e180a7c-4bee-4ef2-89cc-973725c2ed6d","44fb81ff-4b99-44f1-8280-548efdcdf1c4","HARV_023.mammalGrid.mam","D01","HARV","HARV_023","2017-10-12","2017-10-12","NEON.DOC.000481vJ",,
"0b249bef-14db-4be7-95a5-6448b1574fb3","badb0c3d-8d7e-4e20-ae5f-42b468f5de30","HARV_001.mammalGrid.mam","D01","HARV","HARV_001","2017-10-13","2017-10-13","NEON.DOC.000481vJ",,
"b78f0519-78eb-4daa-b675-381130ead64a","22cdedf1-b7af-42bd-9436-9e9772e346d3","HARV_006.mammalGrid.mam","D01","HARV","HARV_006","2017-10-13","2017-10-13","NEON.DOC.000481vJ",,
"aefa28be-de70-4623-8455-fd7eecb0b2d0","087d59ca-a507-41ec-bb09-ee7217d29b75","HARV_010.mammalGrid.mam","D01","HARV","HARV_010","2017-10-13","2017-10-13","NEON.DOC.000481vJ",,
