uid,nightuid,namedLocation,domainID,siteID,plotID,collectDate,endDate,samplingProtocolVersion,remarks,dataQF
"f7d8439d-383e-440d-9ab0-18e6e90d6a4d","fc8c3548-324b-4423-a6bf-7ec79627ada8","WREF_003.mammalGrid.mam","D16","WREF","WREF_003","2017-10-24","2017-10-24","NEON.DOC.000481vJ",,
"6637f661-85e7-4ffd-85ad-4e7c7811f739","09c0ce2d-9128-4c71-ad40-cab9322fe7c6","WREF_004.mammalGrid.mam","D16","WREF","WREF_004","2017-10-24","2017-10-24","NEON.DOC.000481vJ",,
"7e599029-e385-4a7f-8ecf-a342f2179eb3","8f3f8539-1457-4500-a128-3c3a4c858eaa","WREF_011.mammalGrid.mam","D16","WREF","WREF_011","2017-10-24","2017-10-24","NEON.DOC.000481vJ",,
"8f8e5221-1c7a-4cde-b317-3750347750af","3fbb4e8d-f978-44c3-904d-9ed326aea512","WREF_007.mammalGrid.mam","D16","WREF","WREF_007","2017-10-25","2017-10-25","NEON.DOC.000481vJ",,
"76bd716f-59ab-441a-9a16-92813f27557c","f2f7711d-4127-4d30-ab46-98579bc34d0f","WREF_005.mammalGrid.mam","D16","WREF","WREF_005","2017-10-25","2017-10-25","NEON.DOC.000481vJ",,
"34bd1cb8-e488-4c0d-8f75-4a0283bb3b66","6b375229-02f0-4a01-90b3-94560a5226c2","WREF_011.mammalGrid.mam","D16","WREF","WREF_011","2017-10-25","2017-10-25","NEON.DOC.000481vJ",,
"ee361494-8dc1-4c53-95cb-1c4820b2ea05","21187d1b-1285-4215-8ed5-3c93c05de404","WREF_003.mammalGrid.mam","D16","WREF","WREF_003","2017-10-26","2017-10-26","NEON.DOC.000481vJ",,
"8df3f09b-df65-4719-a1f4-74f00879ff35","6d1a9a6e-9987-4981-afcd-e14fa6f7f16d","WREF_001.mammalGrid.mam","D16","WREF","WREF_001","2017-10-26","2017-10-26","NEON.DOC.000481vJ",,
"4a6eab52-9d7e-4a23-864b-d878b8a3341e","971ff13f-3af5-40c9-b1d8-6b885531c89c","WREF_010.mammalGrid.mam","D16","WREF","WREF_010","2017-10-27","2017-10-27","NEON.DOC.000481vJ",,
"9a8c5bc5-13d0-4748-809e-ef603b290163","b8ec7ec5-cad8-4ecd-a443-94f1626b7b89","WREF_012.mammalGrid.mam","D16","WREF","WREF_012","2017-10-27","2017-10-27","NEON.DOC.000481vJ",,
"ebc666d0-9717-4027-a156-ad92589e9f3a","7628caa1-2dd7-47b2-805d-a3fe8c7528c5","WREF_012.mammalGrid.mam","D16","WREF","WREF_012","2017-10-28","2017-10-28","NEON.DOC.000481vJ",,
