uid,nightuid,namedLocation,domainID,siteID,plotID,collectDate,endDate,samplingProtocolVersion,remarks,dataQF
"6e75abbf-a42a-43a1-8f09-78770a26f030","9ed96c99-c3ba-436e-8386-bcbe90b09b09","SJER_032.mammalGrid.mam","D17","SJER","SJER_032","2017-02-17","2017-02-17","NEON.DOC.000481vG","Released 7 captures with minimal processing due to time constraints",
"05eafcb0-9c59-4f80-9305-474cfafbbac1","a9ccba1d-e34f-4233-804b-27bd8038fc16","SJER_002.mammalGrid.mam","D17","SJER","SJER_002","2017-02-17","2017-02-17","NEON.DOC.000481vF",,
"5a510e7c-ad61-4b84-b822-b40b9fb699fa","673c91fd-5a9a-4a3c-87af-8ee1b2184269","SJER_009.mammalGrid.mam","D17","SJER","SJER_009","2017-02-17","2017-02-17","NEON.DOC.000481vJ",,
"7ec6a156-c77a-426f-83cb-a467c8d0a169","43e72593-325e-4eae-a296-45f8c2baabd9","SJER_032.mammalGrid.mam","D17","SJER","SJER_032","2017-02-18","2017-02-18","NEON.DOC.000481vH",,
"53d2b264-8f1a-4687-ba2a-dff274e4fcee","add15214-7ac2-4f9c-ad99-2710ba29a01f","SJER_033.mammalGrid.mam","D17","SJER","SJER_033","2017-02-18","2017-02-18","NEON.DOC.000481vH",,
"d12f1b81-d042-425c-a45c-8791b6276583","60600480-3f10-4a68-8ff7-7a11fb5d5153","SJER_002.mammalGrid.mam","D17","SJER","SJER_002","2017-02-18","2017-02-18","NEON.DOC.000481vH",,
"b2790d1b-c087-481f-bacf-6c4add539453","ae0e7d9e-8211-44e8-8c23-daeb1e2e2439","SJER_013.mammalGrid.mam","D17","SJER","SJER_013","2017-02-18","2017-02-18","NEON.DOC.000481vH",,
"20cb7920-6cf8-4dab-83ab-9ade4ff3de8d","2eeed629-2708-4849-835b-2ee99878cffb","SJER_010.mammalGrid.mam","D17","SJER","SJER_010","2017-02-19","2017-02-19","NEON.DOC.000481vH",,
"9635409b-288d-499e-a628-5f0afca90030","9b5387b5-e8f6-418c-aac7-ce3429c8f2ee","SJER_033.mammalGrid.mam","D17","SJER","SJER_033","2017-02-19","2017-02-19","NEON.DOC.000481vH",,
"0c7ec5cb-736b-4ad1-95a7-ac30acfb08e2","61eddc82-292c-417d-aaf6-0753b90e33ec","SJER_032.mammalGrid.mam","D17","SJER","SJER_032","2017-02-20","2017-02-20","NEON.DOC.000481vH",,
"170daece-e1b3-41e5-86e5-feb12d85bbbf","87767948-3c83-46f2-b00b-3e5014b2beb7","SJER_033.mammalGrid.mam","D17","SJER","SJER_033","2017-02-20","2017-02-20","NEON.DOC.000481vH",,
"620739fd-3fc6-4511-8f09-06d335b3b5c3","4ade5e59-72e0-4f6a-8fca-13a2427953c4","SJER_006.mammalGrid.mam","D17","SJER","SJER_006","2017-02-20","2017-02-20","NEON.DOC.000481vH",,
