uid,nightuid,namedLocation,domainID,siteID,plotID,collectDate,endDate,samplingProtocolVersion,remarks,dataQF
"aa62c12a-9c2e-47c5-b41a-f2ddea25084f","69DA68D1181D42BD94CB16523701093E","CLBJ_033.mammalGrid.mam","D11","CLBJ","CLBJ_033","2016-07-06","2016-07-06","NEON.DOC.000481vH",,
"8e1bdd7c-7734-44b3-960c-96db653a1c4d","21FABAD2CA1B4486B0A66604E9930A39","CLBJ_041.mammalGrid.mam","D11","CLBJ","CLBJ_041","2016-07-06","2016-07-06","NEON.DOC.000481vH",,
"d51be9a6-4d1c-4b34-9694-21901eac0c72","7EAA973FACAE459BB47EC566AA3CC0BE","CLBJ_040.mammalGrid.mam","D11","CLBJ","CLBJ_040","2016-07-07","2016-07-07","NEON.DOC.000481vH",,
"737b783f-5b8e-4521-90a1-e38e9b63cd2b","1965C54F119C4C08A933BC64FA190F01","CLBJ_057.mammalGrid.mam","D11","CLBJ","CLBJ_057","2016-07-07","2016-07-07","NEON.DOC.000481vH",,
"c01c77de-d66d-4a26-96ce-4bb8ddc1308d","42CAEA7D5A6B426F84C8AB7A223E9B84","CLBJ_039.mammalGrid.mam","D11","CLBJ","CLBJ_039","2016-07-08","2016-07-08","NEON.DOC.000481vH",,
"f479a07c-c632-46a1-8425-f426e631cfd6","786F3CA60A8845E6ADCB903C54AE5271","CLBJ_042.mammalGrid.mam","D11","CLBJ","CLBJ_042","2016-07-08","2016-07-08","NEON.DOC.000481vH",,
"dab90cd8-2e98-4983-8b9a-feefe6329c62","7001B3545D4B41FEAEF1E6E48AB6BB0B","CLBJ_034.mammalGrid.mam","D11","CLBJ","CLBJ_034","2016-07-09","2016-07-09","NEON.DOC.000481vH","Zero captures for entire plot",
"05c1c2b1-7a87-41c4-9f9a-7b639ab97f05","DD8D7B80A58F4D209C6BEB7A757E575E","CLBJ_037.mammalGrid.mam","D11","CLBJ","CLBJ_037","2016-07-09","2016-07-09","NEON.DOC.000481vH",,
