uid,nightuid,namedLocation,domainID,siteID,plotID,collectDate,endDate,samplingProtocolVersion,remarks,dataQF
"011808d9-b074-4467-8fd8-f223a4960b65","98ae24a1-32e8-41d6-8f59-f3760894b25f","ONAQ_003.mammalGrid.mam","D15","ONAQ","ONAQ_003","2018-08-14","2018-08-14","NEON.DOC.000481vK",,
"5b56bb4a-8970-4313-8e48-040c37788134","1aee40ee-77a3-4317-99bb-731676000400","ONAQ_005.mammalGrid.mam","D15","ONAQ","ONAQ_005","2018-08-14","2018-08-14","NEON.DOC.000481vK",,
"54c2a3dd-d1a4-4376-a595-40809608282c","7b770b07-b204-4b88-b627-4cea87ee71fc","ONAQ_020.mammalGrid.mam","D15","ONAQ","ONAQ_020","2018-08-14","2018-08-14","NEON.DOC.000481vK",,
"568fd440-002d-4f6c-a693-4740d07873a9","c4773a70-6905-4203-ba5b-4971e3659edd","ONAQ_003.mammalGrid.mam","D15","ONAQ","ONAQ_003","2018-08-15","2018-08-15","NEON.DOC.000481vK",,
"56cf34c2-a252-4c72-b73c-600cccfbb477","46339023-cfeb-4902-b940-38b853bae600","ONAQ_005.mammalGrid.mam","D15","ONAQ","ONAQ_005","2018-08-15","2018-08-15","NEON.DOC.000481vK",,
"b3741506-f118-4d50-b245-339f405fa0d0","5523d0aa-a74b-4be4-bc66-a05e926dd16b","ONAQ_020.mammalGrid.mam","D15","ONAQ","ONAQ_020","2018-08-15","2018-08-15","NEON.DOC.000481vK",,
"598d3bab-f736-42f5-a1d6-7c82eb2e5a84","2e5832df-e521-4ef6-8984-f46a756ab66b","ONAQ_003.mammalGrid.mam","D15","ONAQ","ONAQ_003","2018-08-16","2018-08-16","NEON.DOC.000481vK",,
"43231919-0501-4224-8966-c0e3a340bc89","99a3850a-ebfe-4dac-9c51-0b279f4ebd6d","ONAQ_005.mammalGrid.mam","D15","ONAQ","ONAQ_005","2018-08-16","2018-08-16","NEON.DOC.000481vK",,
"a6a94a30-f92e-4490-b220-4c17abfec7e0","459517c7-b0f2-4d92-a31c-52667e3c704d","ONAQ_020.mammalGrid.mam","D15","ONAQ","ONAQ_020","2018-08-16","2018-08-16","NEON.DOC.000481vK",,
"69a1c684-5800-4684-83eb-2b0d4115f252","3ae92a66-13ef-4ef7-8bd3-930698320054","ONAQ_019.mammalGrid.mam","D15","ONAQ","ONAQ_019","2018-08-17","2018-08-17","NEON.DOC.000481vK",,
"286a552b-9ea2-4ebb-bc0b-67b8fc727f31","431011fb-03d1-4477-b947-63ebe0c78a6f","ONAQ_023.mammalGrid.mam","D15","ONAQ","ONAQ_023","2018-08-17","2018-08-17","NEON.DOC.000481vK",,
"d1659b12-5cf7-4975-82ae-68455889ab34","5127a8f2-22cd-4c99-a185-c0399ab93885","ONAQ_004.mammalGrid.mam","D15","ONAQ","ONAQ_004","2018-08-17","2018-08-17","NEON.DOC.000481vK",,
