uid,nightuid,namedLocation,domainID,siteID,plotID,collectDate,endDate,samplingProtocolVersion,remarks,dataQF
"e300c7cb-5de0-42a1-9b58-98e88992d95a","a092c971-093d-4ba7-8b6f-a3a393403548","UNDE_001.mammalGrid.mam","D05","UNDE","UNDE_001","2017-05-23","2017-05-23","NEON.DOC.000481vG",,
"fbfeee0e-a52a-40ef-a02c-64495d0b40b2","cafee8a4-026b-4906-a686-6dbd8a152255","UNDE_002.mammalGrid.mam","D05","UNDE","UNDE_002","2017-05-23","2017-05-23",,,
"2fa87af8-50e6-4de0-8735-3adac013994f","9c76f697-0292-4702-9789-bd93886b3399","UNDE_027.mammalGrid.mam","D05","UNDE","UNDE_027","2017-05-24","2017-05-24","NEON.DOC.000481vJ",,
"aa28b17e-b29b-4030-b9a8-e614fcdc39be","7563b17d-3793-481a-a316-ea95907eb593","UNDE_012.mammalGrid.mam","D05","UNDE","UNDE_012","2017-05-24","2017-05-24","NEON.DOC.000481vJ",,
"392c8621-632f-45f6-b4f3-083756cc562e","ab2c1ca9-cea2-4327-bf97-3599ea7de2d3","UNDE_032.mammalGrid.mam","D05","UNDE","UNDE_032","2017-05-24","2017-05-24","NEON.DOC.000481vJ",,
"4fc33dc3-e8b9-4e74-b88e-396a43996557","0222e140-858d-4502-84fc-99d270cff2b1","UNDE_012.mammalGrid.mam","D05","UNDE","UNDE_012","2017-05-25","2017-05-25","NEON.DOC.000481vJ",,
"dff27285-785f-4d29-929b-7c7ae8d550ce","77b7fabc-ff79-4272-a661-83a460781b8a","UNDE_027.mammalGrid.mam","D05","UNDE","UNDE_027","2017-05-25","2017-05-25","NEON.DOC.000481vJ",,
"7c06e3e9-ed11-4ae1-a056-616ed91612d0","8cb3c210-b3b3-4913-8be1-792955f53fa5","UNDE_032.mammalGrid.mam","D05","UNDE","UNDE_032","2017-05-25","2017-05-25","NEON.DOC.000481vJ",,
"8edcdd13-240a-40d2-8eea-e38cc8a38ad6","cb890e57-55b1-4ddb-8758-91d75a647208","UNDE_027.mammalGrid.mam","D05","UNDE","UNDE_027","2017-05-26","2017-05-26","NEON.DOC.000481vJ",,
"759431cd-5e93-4440-97de-000b69f2f720","5cbe779f-076d-417c-8644-edc2d7da35f6","UNDE_012.mammalGrid.mam","D05","UNDE","UNDE_012","2017-05-26","2017-05-26","NEON.DOC.000481vJ",,
"31ae951c-707f-41aa-8e34-e7a1edd8131c","18951fcd-222e-4296-b0c3-7eab170c8cfd","UNDE_032.mammalGrid.mam","D05","UNDE","UNDE_032","2017-05-26","2017-05-26","NEON.DOC.000481vJ",,
