uid,nightuid,namedLocation,domainID,siteID,plotID,collectDate,endDate,samplingProtocolVersion,remarks,dataQF
"2008f282-74d2-4419-9b00-3946b1e4f6fb","77d640db-7665-4270-9e3f-3110cde18824","TALL_024.mammalGrid.mam","D08","TALL","TALL_024","2017-10-10","2017-10-10","NEON.DOC.000481vJ",,
"2dd3f06f-d5ad-494a-aa74-99a4604e6ce4","681f7256-3548-40c1-9b00-bb4080bff694","TALL_012.mammalGrid.mam","D08","TALL","TALL_012","2017-10-10","2017-10-10","NEON.DOC.000481vJ",,
"35865125-cce9-4704-bf4f-5b5ffc2b9f3c","e8d8ddd2-c22f-4d49-bb39-f20a1e114087","TALL_015.mammalGrid.mam","D08","TALL","TALL_015","2017-10-10","2017-10-10","NEON.DOC.000481vJ",,
"57e98850-43be-4cf7-9de1-8c95c9f437f5","d403f64e-28df-46e1-bf56-c3f4313f77b8","TALL_010.mammalGrid.mam","D08","TALL","TALL_010","2017-10-10","2017-10-10","NEON.DOC.000481vJ",,
"fab76594-d798-40e0-b800-e5c272a59cc9","c9276079-cb97-4abd-9aaf-5acc28fddda8","TALL_015.mammalGrid.mam","D08","TALL","TALL_015","2017-10-11","2017-10-11","NEON.DOC.000481vJ",,
"9ca7dfb5-7bab-4784-8101-dc88a31a0b24","f7250fc0-b8cb-4122-929d-89143aa9b0c2","TALL_012.mammalGrid.mam","D08","TALL","TALL_012","2017-10-11","2017-10-11","NEON.DOC.000481vJ",,
"57a6affe-42c8-4898-98fd-d3e9f5348972","bdab53cb-63ae-4f94-b64c-e70a3b43b377","TALL_024.mammalGrid.mam","D08","TALL","TALL_024","2017-10-11","2017-10-11",,,
"1c385028-5972-45f2-b79b-3d8ca1614c98","72131188-5983-40ba-b3f5-347f43e94376","TALL_010.mammalGrid.mam","D08","TALL","TALL_010","2017-10-11","2017-10-11","NEON.DOC.000481vJ",,
"7fc87a54-54a6-4ffe-9a7d-d6a923ef1c76","145942bd-f3d8-47c6-a329-3fc566602393","TALL_010.mammalGrid.mam","D08","TALL","TALL_010","2017-10-12","2017-10-12","NEON.DOC.000481vJ",,
"f2f1032f-3433-4d7a-a2fe-6c18fddba548","8483a1b8-c7c2-4896-89f6-e59afab24500","TALL_024.mammalGrid.mam","D08","TALL","TALL_024","2017-10-12","2017-10-12","NEON.DOC.000481vJ",,
"0f8b591e-4eb7-4f5f-b86a-adfeac47e243","a9a24719-cc3b-4457-8925-8633fc5379f9","TALL_012.mammalGrid.mam","D08","TALL","TALL_012","2017-10-12","2017-10-12","NEON.DOC.000481vJ",,
"5f8d1e9d-c4f7-4996-acc6-f3d0a3d453f7","08acf8c1-66af-4bfa-b6c9-25ae8eb35db5","TALL_015.mammalGrid.mam","D08","TALL","TALL_015","2017-10-12","2017-10-12","NEON.DOC.000481vJ",,
"ff672ec3-c293-436b-8d33-b96f3387f476","974744c3-cf82-452a-a81f-ed0d31c9b1e7","TALL_005.mammalGrid.mam","D08","TALL","TALL_005","2017-10-13","2017-10-13","NEON.DOC.000481vJ",,
"1b88e6fc-7335-403b-ba6f-f31b58208356","204030da-c58d-482a-91a8-419b15f25d36","TALL_006.mammalGrid.mam","D08","TALL","TALL_006","2017-10-13","2017-10-13","NEON.DOC.000481vJ",,
"aec6c482-b8ad-4497-8d7c-103a786f9cad","f2cf49b4-3fa0-43c9-8fb1-1c084bb8b927","TALL_013.mammalGrid.mam","D08","TALL","TALL_013","2017-10-13","2017-10-13","NEON.DOC.000481vJ",,
"7653a7b4-a577-4a0f-a8df-9955a755b0bd","36416107-bdd3-4914-9226-26e4314610d7","TALL_031.mammalGrid.mam","D08","TALL","TALL_031","2017-10-13","2017-10-13","NEON.DOC.000481vJ",,
