uid,nightuid,namedLocation,domainID,siteID,plotID,collectDate,endDate,samplingProtocolVersion,remarks,dataQF
"987a1996-337d-42da-b6e0-da231f034d69","b1eeaf66-d789-4cb0-8b52-72e37042a57a","TALL_010.mammalGrid.mam","D08","TALL","TALL_010","2017-04-18","2017-04-18","NEON.DOC.000481vJ",,
"cbdc6784-253b-4b2c-bf68-79376be7c036","80b4d4db-d047-4bcf-a8ab-c22c3654e0f2","TALL_015.mammalGrid.mam","D08","TALL","TALL_015","2017-04-18","2017-04-18","NEON.DOC.000481vJ",,
"f68966d5-b0ab-4199-8757-6fa829f6fb6a","4739ac6e-7779-4f42-8b87-433adb5f2322","TALL_024.mammalGrid.mam","D08","TALL","TALL_024","2017-04-18","2017-04-18","NEON.DOC.000481vJ",,
"24d94111-ff51-40ac-afc0-ceacae5f1293","47afe475-b6ad-4c5c-99a0-e7185baa0cb3","TALL_012.mammalGrid.mam","D08","TALL","TALL_012","2017-04-18","2017-04-18","NEON.DOC.000481vJ",,
"53fbe8e4-9129-48b8-9d76-dd0720797164","016a80a0-4782-46be-971f-d3fe7eb21e64","TALL_012.mammalGrid.mam","D08","TALL","TALL_012","2017-04-19","2017-04-19","NEON.DOC.000481vJ",,
"dcb61172-c88d-4849-818a-6035ca83744c","97dfa311-1ef5-4759-83d5-02a424a4b47b","TALL_024.mammalGrid.mam","D08","TALL","TALL_024","2017-04-19","2017-04-19","NEON.DOC.000481vJ",,
"0fdf6df6-ffb9-47a7-bbfc-4e354f309aea","71f91920-57de-43fb-a82b-c11f1f50807e","TALL_015.mammalGrid.mam","D08","TALL","TALL_015","2017-04-19","2017-04-19","NEON.DOC.000481vJ",,
"c6e6a310-3fcf-411f-bd85-108b90acf938","9b19dd29-5f5b-471e-aed2-9c83daf07335","TALL_010.mammalGrid.mam","D08","TALL","TALL_010","2017-04-19","2017-04-19","NEON.DOC.000481vJ",,
"49aaa492-0cbd-4186-ab81-aa5602baaecb","3a39be19-9e0e-495c-94e1-b5a18dc090d4","TALL_015.mammalGrid.mam","D08","TALL","TALL_015","2017-04-20","2017-04-20","NEON.DOC.000481vJ",,
"365f18ec-7dcd-4fcc-b841-36ac870e2c61","6c813e27-dc30-4f46-a1f0-2532b4d71b5a","TALL_012.mammalGrid.mam","D08","TALL","TALL_012","2017-04-20","2017-04-20","NEON.DOC.000481vJ",,
"6e6e5782-fcb2-4f07-94c6-8a65564021a4","31fba828-df10-4f94-9cae-0b9255f79316","TALL_024.mammalGrid.mam","D08","TALL","TALL_024","2017-04-20","2017-04-20","NEON.DOC.000481vJ",,
"cba6ffb1-b46c-41b2-b0a9-4749ae742a80","7cc388d4-507b-4693-ac27-0ac5adb73de1","TALL_010.mammalGrid.mam","D08","TALL","TALL_010","2017-04-20","2017-04-20","NEON.DOC.000481vJ",,
"35acc91b-4edc-4e1d-b7f0-879a7a5a2835","1c1bd1db-459e-4668-826d-43f6306b6af0","TALL_006.mammalGrid.mam","D08","TALL","TALL_006","2017-04-21","2017-04-21","NEON.DOC.000481vG",,
"fdaa9a12-1f27-4b83-bb17-014bb6497581","4f629bc5-4ff1-4ce1-96c0-648a4b834a0f","TALL_031.mammalGrid.mam","D08","TALL","TALL_031","2017-04-21","2017-04-21","NEON.DOC.000481vG",,
"72e8a6d4-417c-4b8d-929b-0423c4b62264","1b58e650-9fbe-4f01-85b4-d9348d8bcc6a","TALL_005.mammalGrid.mam","D08","TALL","TALL_005","2017-04-21","2017-04-21","NEON.DOC.000481vJ",,
"c78aa8b7-62bd-494b-8be5-52debb0c797e","1c10bb5b-0747-4f38-9b0d-94c36a76d32b","TALL_013.mammalGrid.mam","D08","TALL","TALL_013","2017-04-21","2017-04-21","NEON.DOC.000481vJ",,
