uid,nightuid,namedLocation,domainID,siteID,plotID,collectDate,endDate,samplingProtocolVersion,remarks,dataQF
"ddcea020-a33f-44fe-a5f9-97500dc8d9f6","00e007e8-1b7e-4aaf-a7f7-beb644df9fd9","NOGP_002.mammalGrid.mam","D09","NOGP","NOGP_002","2018-06-20","2018-06-20","NEON.DOC.000481vK",,
"d1d3a6b5-0e24-46be-b913-6a827ce0995f","641e5495-bcd1-4d06-96f0-a0fb9bc8bf6c","NOGP_017.mammalGrid.mam","D09","NOGP","NOGP_017","2018-06-20","2018-06-20","NEON.DOC.000481vK",,
"491ab33d-6efa-4fc2-a102-b09d6e64f743","3dda6840-944f-4dbd-b6ea-fef29a266b0d","NOGP_005.mammalGrid.mam","D09","NOGP","NOGP_005","2018-06-20","2018-06-20","NEON.DOC.000481vK","Cows in plot",
"337300b2-58f1-4acf-8cbe-f3ee9eec2180","da1b1247-f4ee-4edc-8083-34b5e1ca8457","NOGP_009.mammalGrid.mam","D09","NOGP","NOGP_009","2018-06-20","2018-06-20","NEON.DOC.000481vK",,
"be19be7d-56d8-4e39-ad32-9ada1951fe17","1b3cbd26-13c0-4f13-a978-333bd14b5ad4","NOGP_007.mammalGrid.mam","D09","NOGP","NOGP_007","2018-06-21","2018-06-21","NEON.DOC.000481vK",,
"f53bc42d-717b-42d3-bd5e-eeca475fd7d3","487d8d6a-cf39-4d71-b1e5-279714ead3c0","NOGP_014.mammalGrid.mam","D09","NOGP","NOGP_014","2018-06-21","2018-06-21","NEON.DOC.000481vK",,
"e9062bf1-ba1f-4ca0-9643-b2d3fe78cf22","50952423-72dc-445b-ad90-2f5918ccfbad","NOGP_017.mammalGrid.mam","D09","NOGP","NOGP_017","2018-06-21","2018-06-21","NEON.DOC.000481vK",,
"dfa31af4-b436-4625-a6d3-01c5f06f6f36","d235b9ab-78d2-4aa5-9083-5c160d42e31b","NOGP_002.mammalGrid.mam","D09","NOGP","NOGP_002","2018-06-21","2018-06-21","NEON.DOC.000481vK",,
"7500d4b5-a094-48b7-b38c-f7710bab51da","23a88809-c0a8-42f5-aca3-a97e40feafc9","NOGP_017.mammalGrid.mam","D09","NOGP","NOGP_017","2018-06-22","2018-06-22","NEON.DOC.000481vK",,
"be2f363a-e0f3-44aa-86c0-0c92622bb3fd","191538ca-38c2-4274-9a01-83b2f98d808b","NOGP_002.mammalGrid.mam","D09","NOGP","NOGP_002","2018-06-22","2018-06-22","NEON.DOC.000481vK",,
"ea64bbe8-d5fe-42a8-919f-0167570c7fa6","bdfad781-3f40-41d2-88ab-0c814df9bdeb","NOGP_005.mammalGrid.mam","D09","NOGP","NOGP_005","2018-06-22","2018-06-22","NEON.DOC.000481vK",,
"60efb5d3-1d6b-4652-a7ab-83b7a5fe2046","95b574d8-7dc4-485e-98b5-5224aac8bac4","NOGP_005.mammalGrid.mam","D09","NOGP","NOGP_005","2018-06-23","2018-06-23","NEON.DOC.000481vK",,
