uid,nightuid,namedLocation,domainID,siteID,plotID,collectDate,endDate,samplingProtocolVersion,remarks,dataQF
"58c0f6bf-a180-4be7-86cf-af05a8bb215c","ea3b11f4-0a8a-4901-a047-da724797bfd4","KONZ_005.mammalGrid.mam","D06","KONZ","KONZ_005","2018-05-07","2018-05-07","NEON.DOC.000481vK",,
"25aa35ea-6de7-4c7b-a57c-b84c77c6cf02","0a7fa47f-0f28-484e-9535-7a064a750da5","KONZ_002.mammalGrid.mam","D06","KONZ","KONZ_002","2018-05-07","2018-05-07","NEON.DOC.000481vK",,
"07f9f25e-50c3-4283-bba2-82b30dbb5810","2d66048e-31fd-43d6-a59b-6d6bf00722a8","KONZ_003.mammalGrid.mam","D06","KONZ","KONZ_003","2018-05-07","2018-05-07","NEON.DOC.000481vK",,
"da54637e-7b6a-49a3-a618-f33ddfde8a10","3a5bb9d2-4c97-4b74-af99-25b2af1d6ad2","KONZ_001.mammalGrid.mam","D06","KONZ","KONZ_001","2018-05-09","2018-05-09","NEON.DOC.000481vK",,
"2904d06a-5fed-4af0-a3af-26d95d6d3677","03633cf8-c2f4-4a9e-83d0-766e135075d9","KONZ_027.mammalGrid.mam","D06","KONZ","KONZ_027","2018-05-09","2018-05-09","NEON.DOC.000481vK",,
"fc9488b9-06b9-49da-82e7-a14dd0463d95","d4f1d3b3-61f0-4175-bb76-428cdee5a319","KONZ_006.mammalGrid.mam","D06","KONZ","KONZ_006","2018-05-09","2018-05-09","NEON.DOC.000481vK",,
"c82947c6-1db6-45b3-8fc2-17d9a8e378f1","14d00adb-d449-4ee6-b237-4ad503fb620b","KONZ_001.mammalGrid.mam","D06","KONZ","KONZ_001","2018-05-10","2018-05-10","NEON.DOC.000481vK",,
"92ef5b76-941d-4521-9746-8797610c40cd","7aa00aa0-0e5b-48f9-ae2e-1464a1ba6027","KONZ_006.mammalGrid.mam","D06","KONZ","KONZ_006","2018-05-10","2018-05-10","NEON.DOC.000481vK",,
"6e73b227-181a-4c04-b362-2b67f089c94d","a8218eef-7c3a-4e75-becc-576505568ee5","KONZ_001.mammalGrid.mam","D06","KONZ","KONZ_001","2018-05-11","2018-05-11","NEON.DOC.000481vK",,
"60f373d7-f4a6-4289-9731-92cef2072027","0494c4da-5973-46c9-bc4c-3e16aae4f276","KONZ_006.mammalGrid.mam","D06","KONZ","KONZ_006","2018-05-11","2018-05-11","NEON.DOC.000481vK",,
