uid,nightuid,namedLocation,domainID,siteID,plotID,collectDate,endDate,samplingProtocolVersion,remarks,dataQF
"ae61f1fd-4894-42c9-9e65-0126a179a579","7F1B4BB7232F44318ECB83E8E005E214","ORNL_027.mammalGrid.mam","D07","ORNL","ORNL_027","2016-04-05","2016-04-05","NEON.DOC.000481vG","used NEON.DOC.000481vH",
"80f30a4c-6e6b-410c-8a9e-5d7ca3275148","637F6CCAB3284AC5A85045918E243675","ORNL_039.mammalGrid.mam","D07","ORNL","ORNL_039","2016-04-05","2016-04-05","NEON.DOC.000481vG","used NEON.DOC.000481vH",
"f4f84f68-8e9b-4a8b-8192-76bc4f58b1ae","E8D68020B3ED4558A035448BFB70B90E","ORNL_007.mammalGrid.mam","D07","ORNL","ORNL_007","2016-04-05","2016-04-05","NEON.DOC.000481vG","used NEON.DOC.000481vH",
"ffb3d8b4-6c0e-4459-9afc-8bd0e95f49cd","E8D51E9D824246739C9B1190C5C9A735","ORNL_002.mammalGrid.mam","D07","ORNL","ORNL_002","2016-04-06","2016-04-06","NEON.DOC.000481vG","used NEON.DOC.000481vH",
"9e9db5c3-a63d-49a2-8af9-821de6bf33af","6C65C20E870146049527B3F0CBAF192A","ORNL_003.mammalGrid.mam","D07","ORNL","ORNL_003","2016-04-06","2016-04-06","NEON.DOC.000481vG","used NEON.DOC.000481vH",
"8ce58868-86b8-4c65-bebc-99cd8159c58a","F1D88BB913ED42479AA8498E99B59AC2","ORNL_001.mammalGrid.mam","D07","ORNL","ORNL_001","2016-04-06","2016-04-06","NEON.DOC.000481vG","used NEON.DOC.000481vH",
"3c739c9d-952c-4d56-89e6-1e55862c1142","DE1F1D52974B4406A4A9F79C2C8BE1D9","ORNL_002.mammalGrid.mam","D07","ORNL","ORNL_002","2016-04-07","2016-04-07","NEON.DOC.000481vG","used NEON.DOC.000481vH",
"9a0e656c-ae5f-48ca-bd44-365cc6a099c1","CD45C34F0462480B886384F03195E68B","ORNL_003.mammalGrid.mam","D07","ORNL","ORNL_003","2016-04-07","2016-04-07","NEON.DOC.000481vG","used NEON.DOC.000481vH",
"81d3ea59-06d3-464b-921e-406d9d153eb0","AA7BE80CA0E248A6A3DFB22868E29AD1","ORNL_001.mammalGrid.mam","D07","ORNL","ORNL_001","2016-04-07","2016-04-07","NEON.DOC.000481vG","used NEON.DOC.000481vH",
"0a365a6b-faa5-40b4-94cf-9d3943ba9ec9","627DB297C9444BD3B9B9061072A8E0B8","ORNL_002.mammalGrid.mam","D07","ORNL","ORNL_002","2016-04-08","2016-04-08","NEON.DOC.000481vG","used NEON.DOC.000481vH",
"e70aa9b2-58d0-4cfe-ab08-a37dd067976b","86EE5B2DDA1C4F4791E5E1D3A7AC2007","ORNL_003.mammalGrid.mam","D07","ORNL","ORNL_003","2016-04-08","2016-04-08","NEON.DOC.000481vG","used NEON.DOC.000481vH",
"5d2cdc24-0dda-469a-85d6-f8d945b258e1","D86A95CDAAA2441BA56E63DA962287DA","ORNL_001.mammalGrid.mam","D07","ORNL","ORNL_001","2016-04-08","2016-04-08","NEON.DOC.000481vG","used NEON.DOC.000481vH",
