uid,nightuid,namedLocation,domainID,siteID,plotID,collectDate,endDate,samplingProtocolVersion,remarks,dataQF
"94af1306-991f-48da-809c-a987ac9adf21","995AD342D178425C8A532A11F64E7160","WOOD_002.mammalGrid.mam","D09","WOOD","WOOD_002","2014-10-13","2014-10-13",,,
"7ff3b4c2-6143-4e2f-a088-f1aee03b225b","850E45688FD04A93ABBBCDFA06E14C14","WOOD_011.mammalGrid.mam","D09","WOOD","WOOD_011","2014-10-13","2014-10-13",,,
"b7630ebd-ff3f-4f06-a37c-6fa211b934c2","9E8E20C1990B42ADB1259CDC35C9EC8C","WOOD_002.mammalGrid.mam","D09","WOOD","WOOD_002","2014-10-14","2014-10-14",,,
"949efa49-c723-476b-a503-4ee5ab939e95","E5D64BDB87924265A48E44FDE18CE174","WOOD_011.mammalGrid.mam","D09","WOOD","WOOD_011","2014-10-14","2014-10-14",,,
"067c4f6f-75af-470f-ac8b-b3d85d867cb7","037712B74D354A07A2EB4AED63E746EF","WOOD_002.mammalGrid.mam","D09","WOOD","WOOD_002","2014-10-15","2014-10-15",,,
"ca61961c-ef02-4219-98d9-7a210f8ff4cb","A8833BE91CF74FED91F28BF471A65A8F","WOOD_011.mammalGrid.mam","D09","WOOD","WOOD_011","2014-10-15","2014-10-15",,,
"e2ee5d12-3eec-4fd8-9895-a3e7df01782f","F2F42D83C5A34DEF9EC9394CE3A8DCA6","WOOD_009.mammalGrid.mam","D09","WOOD","WOOD_009","2014-10-16","2014-10-16",,,
"314e9780-685b-4f91-b2a1-78cf10b6c2dc","24DAB148F83846E0B3FF1C1137DAC89B","WOOD_013.mammalGrid.mam","D09","WOOD","WOOD_013","2014-10-16","2014-10-16",,,
"fdb7c5a0-cc97-4856-9d01-fb64270f138f","8D54AA1A5F474DC7A5193F8C924BC921","WOOD_009.mammalGrid.mam","D09","WOOD","WOOD_009","2014-10-17","2014-10-17",,,
"44616c42-d067-4ac1-8450-a0b29e37a2d3","93848F80B290463595818E585EEAA978","WOOD_013.mammalGrid.mam","D09","WOOD","WOOD_013","2014-10-17","2014-10-17",,,
"1fbfa655-4869-4b68-a3b1-c021254627b1","E12D8229DBAE4F0881E13B0A74361D96","WOOD_013.mammalGrid.mam","D09","WOOD","WOOD_013","2014-10-18","2014-10-18",,,
"e3f0508f-a20e-4011-b301-1518fe2befeb","1DC5E2D787A648369722447899A9B42A","WOOD_009.mammalGrid.mam","D09","WOOD","WOOD_009","2014-10-18","2014-10-18",,,
