uid,nightuid,namedLocation,domainID,siteID,plotID,collectDate,endDate,samplingProtocolVersion,remarks,dataQF
"15244755-430a-45a8-ae47-ee698074d081","469D4329576244A1A5DA3C027AE34C3D","CPER_006.mammalGrid.mam","D10","CPER","CPER_006","2015-09-09","2015-09-09",,"Using protocol vg.",
"7dd7aa47-9f8f-45b8-8eff-1168d72e2b4b","621956C06B2644188FBFA9430BBFBE8C","CPER_015.mammalGrid.mam","D10","CPER","CPER_015","2015-09-09","2015-09-09",,"Using protocol vg.",
"2516bae8-fceb-4d5f-95a7-74b574993c95","C63832C13F454B349ADEF48FE03A9EB9","CPER_005.mammalGrid.mam","D10","CPER","CPER_005","2015-09-09","2015-09-09",,"Using protocol vg.",
"25ca8762-f8f5-47e8-aaf3-44533f6f531c","2CF7C4735C9449B2B6DD559DE4328386","CPER_011.mammalGrid.mam","D10","CPER","CPER_011","2015-09-09","2015-09-09",,"Using protocol vg",
"00586746-1a63-4158-bfd5-ef955d72f8f5","3742947DE4A74CFDAC8AF196314D976E","CPER_009.mammalGrid.mam","D10","CPER","CPER_009","2015-09-09","2015-09-09",,"Using protocol vg",
"ed3acc5d-b205-4d18-9cb9-c46a388ec99b","859F58035A7C47C491DDF07CA35A9F79","CPER_011.mammalGrid.mam","D10","CPER","CPER_011","2015-09-10","2015-09-10",,"Using protocol vg.",
"5be834dc-eccc-4020-9945-ead39ecf6ace","D905C5873A284F04845F89435BB5A0A7","CPER_002.mammalGrid.mam","D10","CPER","CPER_002","2015-09-10","2015-09-10",,"Using protocol vg.",
"b773ac21-0bbd-4296-a123-e9434a7810b5","6B2722FF87BA49A99C310C2934B78EEF","CPER_005.mammalGrid.mam","D10","CPER","CPER_005","2015-09-10","2015-09-10",,"Using protocol vg.",
"6b162cc8-4bd5-4789-b00b-ae3bbaf29236","CDBFAE7222FD4CD68EDB30469AD12287","CPER_008.mammalGrid.mam","D10","CPER","CPER_008","2015-09-10","2015-09-10",,"Using protocol vg.",
"40a75e49-465f-4bb4-921d-cf0ab4a9d0b6","C64F362ECF744CA0B46FA18484AD0A17","CPER_015.mammalGrid.mam","D10","CPER","CPER_015","2015-09-10","2015-09-10",,"Using protocol vg.",
"666ca371-18da-44b0-b424-4a039d45b09e","0339CD002C834C80BA39E0FC8838D774","CPER_004.mammalGrid.mam","D10","CPER","CPER_004","2015-09-11","2015-09-11",,"Using protocol vg.",
"347f970c-3cc2-4c6d-a7ef-51eddbb88873","3D577844FA0347BEAB0BC77C34314741","CPER_015.mammalGrid.mam","D10","CPER","CPER_015","2015-09-11","2015-09-11",,"Using protocol vg.",
"430fdb8a-f1c9-42f3-b25f-88b4cdfcb4c7","9671C5A48E0E446F859F806707E9BAD7","CPER_005.mammalGrid.mam","D10","CPER","CPER_005","2015-09-11","2015-09-11",,"Using protocol vg.",
"4f35cee5-283e-47db-9cb9-8e44c0f8652a","405208AB0F0F4AB9BF700BECFAC40C8A","CPER_011.mammalGrid.mam","D10","CPER","CPER_011","2015-09-11","2015-09-11",,"Using protocol vg. Cow disturbance on plot.",
