uid,nightuid,namedLocation,domainID,siteID,plotID,collectDate,endDate,samplingProtocolVersion,remarks,dataQF
"4534db22-b095-455c-b315-aeb05b369a42","C5670942506C4BA1A9494129BF40E326","JERC_003.mammalGrid.mam","D03","JERC","JERC_003","2015-06-16","2015-06-16",,,
"9609e599-fcff-430f-a960-e6e9e8d767b2","8902946E7F324EFE951226EE26925BD0","JERC_005.mammalGrid.mam","D03","JERC","JERC_005","2015-06-16","2015-06-16",,,
"99761ee0-d5ad-40af-b949-1c9ccb027503","65091F60361E4B3CBAACD082FD3F2B6C","JERC_019.mammalGrid.mam","D03","JERC","JERC_019","2015-06-16","2015-06-16",,,
"f51b6d23-9e3b-49e6-a2c3-93258e8f8866","51858A0B69274535AE0B0A12B5DA2827","JERC_009.mammalGrid.mam","D03","JERC","JERC_009","2015-06-16","2015-06-16",,,
"431888c4-21c1-477c-a7aa-d5b9984dbbdf","C235B962009F47E6A8B0F6A0370EECE0","JERC_005.mammalGrid.mam","D03","JERC","JERC_005","2015-06-17","2015-06-17",,,
"15ddd58b-e9bc-4c41-8ce6-dbe2eb543b03","64F98EAE36464E6E8AF02E5B049A98F0","JERC_006.mammalGrid.mam","D03","JERC","JERC_006","2015-06-17","2015-06-17",,,
"70a0602f-6801-4062-9090-9b0bccc10ec0","DA9D8541FC714B79AE077EA0FCA758DE","JERC_003.mammalGrid.mam","D03","JERC","JERC_003","2015-06-17","2015-06-17",,,
"cbf7edc4-05b6-4d70-883f-ec1049e09c4a","CF7EE3C67BEF4DBAA6E6D7A3BB3D0303","JERC_009.mammalGrid.mam","D03","JERC","JERC_009","2015-06-17","2015-06-17",,,
"2b9a6654-55a0-47ea-8955-f667e9d36f24","08460F371D194C1190EC0D655AFE9C04","JERC_009.mammalGrid.mam","D03","JERC","JERC_009","2015-06-18","2015-06-18",,,
"32bea538-cfc8-4fd3-bd2e-4199115a6105","BF2852C2A384443BA30D9B1FA0CDD378","JERC_003.mammalGrid.mam","D03","JERC","JERC_003","2015-06-18","2015-06-18",,,
"6d9f2902-3c33-4a0e-a70a-b157b0640516","7733A555BB6B4AED8E999B713891CA88","JERC_005.mammalGrid.mam","D03","JERC","JERC_005","2015-06-18","2015-06-18",,,
