uid,nightuid,namedLocation,domainID,siteID,plotID,collectDate,endDate,samplingProtocolVersion,remarks,dataQF
"8f0ac4b5-0173-4516-9ba9-e14178aaf777","93a9640c-3bd4-4b6a-b6f0-2358d8df42c8","WOOD_009.mammalGrid.mam","D09","WOOD","WOOD_009","2017-07-18","2017-07-18","NEON.DOC.000481vJ",,
"b6a93670-ac71-487f-9256-abef8a88cf3f","061432dc-df93-42fd-8060-c73cf4ce0cbf","WOOD_008.mammalGrid.mam","D09","WOOD","WOOD_008","2017-07-18","2017-07-18","NEON.DOC.000481vJ",,
"72fd8826-fd8f-4d52-9f70-92315d74440b","497674e4-0ea1-4fcf-b14a-3acf922fd7a6","WOOD_010.mammalGrid.mam","D09","WOOD","WOOD_010","2017-07-18","2017-07-18",,,
"1f6c0b59-3863-4e70-bad9-145fbc8e7175","f85bc4cd-b05e-434a-b641-d5b1f68080e5","WOOD_007.mammalGrid.mam","D09","WOOD","WOOD_007","2017-07-19","2017-07-19",,,
"d9cebe2d-1b23-4253-a1b3-e3062d8cf42d","3bc1cdf4-333c-472a-8588-f053f9be36c7","WOOD_002.mammalGrid.mam","D09","WOOD","WOOD_002","2017-07-19","2017-07-19","NEON.DOC.000481vJ",,
"b18133d8-6891-4a04-a397-88752945b1cd","b0ffd67a-d88f-4022-bcf3-a3951a883448","WOOD_009.mammalGrid.mam","D09","WOOD","WOOD_009","2017-07-19","2017-07-19","NEON.DOC.000481vJ",,
"7363401e-6e29-4538-9ab2-0a20ba8559f7","b367fef6-8fdd-4143-adad-3d2732ba2367","WOOD_002.mammalGrid.mam","D09","WOOD","WOOD_002","2017-07-20","2017-07-20","NEON.DOC.000481vJ",,
"2a609467-855d-4bdd-b641-cf23ce198c59","2a3c2fdb-01c2-4dd9-9294-c6939d23e80b","WOOD_009.mammalGrid.mam","D09","WOOD","WOOD_009","2017-07-20","2017-07-20","NEON.DOC.000481vJ",,
"1c01ae04-e4b9-4e88-b039-048ded64785d","524f0d9b-f0e1-4474-9165-3813cdce5baf","WOOD_003.mammalGrid.mam","D09","WOOD","WOOD_003","2017-07-20","2017-07-20",,,
"376e6a15-dd01-4b00-b197-019f87703eaf","1cb502e2-a778-4768-a296-362f6c87e455","WOOD_007.mammalGrid.mam","D09","WOOD","WOOD_007","2017-07-20","2017-07-20",,"Recorded by swenner",
"38a4ebdb-4e09-4687-bb63-f1d45cfc6227","66291769-fe29-4584-8ae6-734d31ba03c0","WOOD_002.mammalGrid.mam","D09","WOOD","WOOD_002","2017-07-21","2017-07-21","NEON.DOC.000481vJ",,
"09fd86da-6677-4de3-a17f-1c19bd94bbb1","4149b814-327e-4b82-aff6-d3ae90c34462","WOOD_007.mammalGrid.mam","D09","WOOD","WOOD_007","2017-07-21","2017-07-21",,"Recorder: Kjohnson",
