uid,nightuid,namedLocation,domainID,siteID,plotID,trapCoordinate,plotType,nlcdClass,decimalLatitude,decimalLongitude,geodeticDatum,coordinateUncertainty,elevation,elevationUncertainty,trapStatus,trapType,collectDate,endDate,tagID,individualCode,taxonID,scientificName,taxonRank,identificationQualifier,identificationReferences,nativeStatusCode,sex,recapture,fate,replacedTag,lifeStage,testes,nipples,pregnancyStatus,vagina,hindfootLength,earLength,tailLength,totalLength,weight,larvalTicksAttached,nymphalTicksAttached,adultTicksAttached,bloodSampleID,bloodSampleBarcode,bloodSampleMethod,fecalSampleID,fecalSampleBarcode,fecalSampleCondition,earSampleID,earSampleBarcode,hairSampleID,hairSampleBarcode,hairSampleContents,voucherSampleID,voucherSampleBarcode,measuredBy,recordedBy,remarks,dataQF
"50cc93a6-a74a-40b5-926d-8877a4558d48","ffac5564-0f30-476f-bb9f-e08cdb8129bb","OSBS_004.mammalGrid.mam","D03","OSBS","OSBS_004","D2","distributed","evergreenForest",29.682962,-81.958186,"WGS84",45.1,34.7,0.1,"6 - trap set and empty","ShermanLF","2018-11-01","2018-11-01",,,,,,,,,,,,,,,,,,,,,,,,,,,,,,,,,,,,,,,"jbrown1@battelleecology.org","jbrown1@battelleecology.org",,
"13835545-48b7-4ca8-ada8-149b3fba18c6","ffac5564-0f30-476f-bb9f-e08cdb8129bb","OSBS_004.mammalGrid.mam","D03","OSBS","OSBS_004","H4","distributed","evergreenForest",29.682962,-81.958186,"WGS84",45.1,34.7,0.1,"6 - trap set and empty","ShermanLF","2018-11-01","2018-11-01",,,,,,,,,,,,,,,,,,,,,,,,,,,,,,,,,,,,,,,"jbrown1@battelleecology.org","jbrown1@battelleecology.org",,
"3fdded5d-2984-445a-9dbf-c90cfc56a64b","ffac5564-0f30-476f-bb9f-e08cdb8129bb","OSBS_004.mammalGrid.mam","D03","OSBS","OSBS_004","B7","distributed","evergreenForest",29.682962,-81.958186,"WGS84",45.1,34.7,0.1,"6 - trap set and empty","ShermanLF","2018-11-01","2018-11-01",,,,,,,,,,,,,,,,,,,,,,,,,,,,,,,,,,,,,,,"jbrown1@battelleecology.org","jbrown1@battelleecology.org",,
"3fc9f1cc-bc34-4f53-a9d6-fbf53c122990","ffac5564-0f30-476f-bb9f-e08cdb8129bb","OSBS_004.mammalGrid.mam","D03","OSBS","OSBS_004","F6","distributed","evergreenForest",29.682962,-81.958186,"WGS84",45.1,34.7,0.1,"6 - trap set and empty","ShermanLF","2018-11-01","2018-11-01",,,,,,,,,,,,,,,,,,,,,,,,,,,,,,,,,,,,,,,"jbrown1@battelleecology.org","jbrown1@battelleecology.org",,
"05776b3c-8765-4078-9a16-b56410b91e1e","ffac5564-0f30-476f-bb9f-e08cdb8129bb","OSBS_004.mammalGrid.mam","D03","OSBS","OSBS_004","F9","distributed","evergreenForest",29.682962,-81.958186,"WGS84",45.1,34.7,0.1,"6 - trap set and empty","ShermanLF","2018-11-01","2018-11-01",,,,,,,,,,,,,,,,,,,,,,,,,,,,,,,,,,,,,,,"jbrown1@battelleecology.org","jbrown1@battelleecology.org",,
"3bbd32be-bc02-4c19-891f-c5d26adec7d2","ffac5564-0f30-476f-bb9f-e08cdb8129bb","OSBS_004.mammalGrid.mam","D03","OSBS","OSBS_004","C3","distributed","evergreenForest",29.682962,-81.958186,"WGS84",45.1,34.7,0.1,"6 - trap set and empty","ShermanLF","2018-11-01","2018-11-01",,,,,,,,,,,,,,,,,,,,,,,,,,,,,,,,,,,,,,,"jbrown1@battelleecology.org","jbrown1@battelleecology.org",,
"eebe15a0-8a87-4f2a-8b33-9e8c820ccc8c","ffac5564-0f30-476f-bb9f-e08cdb8129bb","OSBS_004.mammalGrid.mam","D03","OSBS","OSBS_004","B8","distributed","evergreenForest",29.682962,-81.958186,"WGS84",45.1,34.7,0.1,"6 - trap set and empty","ShermanLF","2018-11-01","2018-11-01",,,,,,,,,,,,,,,,,,,,,,,,,,,,,,,,,,,,,,,"jbrown1@battelleecology.org","jbrown1@battelleecology.org",,
"b7d57eb2-9c96-4060-a004-f01f3ec93519","ffac5564-0f30-476f-bb9f-e08cdb8129bb","OSBS_004.mammalGrid.mam","D03","OSBS","OSBS_004","D7","distributed","evergreenForest",29.682962,-81.958186,"WGS84",45.1,34.7,0.1,"6 - trap set and empty","ShermanLF","2018-11-01","2018-11-01",,,,,,,,,,,,,,,,,,,,,,,,,,,,,,,,,,,,,,,"jbrown1@battelleecology.org","jbrown1@battelleecology.org",,
"92dbda5f-96ce-49ec-8177-d48a15325808","ffac5564-0f30-476f-bb9f-e08cdb8129bb","OSBS_004.mammalGrid.mam","D03","OSBS","OSBS_004","J8","distributed","evergreenForest",29.682962,-81.958186,"WGS84",45.1,34.7,0.1,"6 - trap set and empty","ShermanLF","2018-11-01","2018-11-01",,,,,,,,,,,,,,,,,,,,,,,,,,,,,,,,,,,,,,,"jbrown1@battelleecology.org","jbrown1@battelleecology.org",,
"18b33395-263d-4e9d-8bb3-e63ca0691c8b","ffac5564-0f30-476f-bb9f-e08cdb8129bb","OSBS_004.mammalGrid.mam","D03","OSBS","OSBS_004","E7","distributed","evergreenForest",29.682962,-81.958186,"WGS84",45.1,34.7,0.1,"6 - trap set and empty","ShermanLF","2018-11-01","2018-11-01",,,,,,,,,,,,,,,,,,,,,,,,,,,,,,,,,,,,,,,"jbrown1@battelleecology.org","jbrown1@battelleecology.org",,
"6cd4ad4e-6480-4d87-a58d-0b870242fe65","ffac5564-0f30-476f-bb9f-e08cdb8129bb","OSBS_004.mammalGrid.mam","D03","OSBS","OSBS_004","E3","distributed","evergreenForest",29.682962,-81.958186,"WGS84",45.1,34.7,0.1,"1 - trap not set","ShermanLF","2018-11-01","2018-11-01",,,,,,,,,,,,,,,,,,,,,,,,,,,,,,,,,,,,,,,"jbrown1@battelleecology.org","jbrown1@battelleecology.org",,
"46a3a472-3076-4387-b24f-a9770802c34e","ffac5564-0f30-476f-bb9f-e08cdb8129bb","OSBS_004.mammalGrid.mam","D03","OSBS","OSBS_004","B9","distributed","evergreenForest",29.682962,-81.958186,"WGS84",45.1,34.7,0.1,"6 - trap set and empty","ShermanLF","2018-11-01","2018-11-01",,,,,,,,,,,,,,,,,,,,,,,,,,,,,,,,,,,,,,,"jbrown1@battelleecology.org","jbrown1@battelleecology.org",,
"5c765caa-6184-4ee7-8c5e-c3193555ae24","ffac5564-0f30-476f-bb9f-e08cdb8129bb","OSBS_004.mammalGrid.mam","D03","OSBS","OSBS_004","I4","distributed","evergreenForest",29.682962,-81.958186,"WGS84",45.1,34.7,0.1,"6 - trap set and empty","ShermanLF","2018-11-01","2018-11-01",,,,,,,,,,,,,,,,,,,,,,,,,,,,,,,,,,,,,,,"jbrown1@battelleecology.org","jbrown1@battelleecology.org",,
"84f014b9-f0b6-4d8c-8a20-47c2d6aba81e","ffac5564-0f30-476f-bb9f-e08cdb8129bb","OSBS_004.mammalGrid.mam","D03","OSBS","OSBS_004","J9","distributed","evergreenForest",29.682962,-81.958186,"WGS84",45.1,34.7,0.1,"1 - trap not set","ShermanLF","2018-11-01","2018-11-01",,,,,,,,,,,,,,,,,,,,,,,,,,,,,,,,,,,,,,,"jbrown1@battelleecology.org","jbrown1@battelleecology.org",,
"6ee2cb14-8336-458b-8d5d-1c8e4332ea80","ffac5564-0f30-476f-bb9f-e08cdb8129bb","OSBS_004.mammalGrid.mam","D03","OSBS","OSBS_004","B3","distributed","evergreenForest",29.682962,-81.958186,"WGS84",45.1,34.7,0.1,"6 - trap set and empty","ShermanLF","2018-11-01","2018-11-01",,,,,,,,,,,,,,,,,,,,,,,,,,,,,,,,,,,,,,,"jbrown1@battelleecology.org","jbrown1@battelleecology.org",,
"33ec2552-039b-4dd5-95f4-97b2f7b13b5f","ffac5564-0f30-476f-bb9f-e08cdb8129bb","OSBS_004.mammalGrid.mam","D03","OSBS","OSBS_004","H8","distributed","evergreenForest",29.682962,-81.958186,"WGS84",45.1,34.7,0.1,"6 - trap set and empty","ShermanLF","2018-11-01","2018-11-01",,,,,,,,,,,,,,,,,,,,,,,,,,,,,,,,,,,,,,,"jbrown1@battelleecology.org","jbrown1@battelleecology.org",,
"7f59e819-bf74-4a8c-9518-0fd42870da21","ffac5564-0f30-476f-bb9f-e08cdb8129bb","OSBS_004.mammalGrid.mam","D03","OSBS","OSBS_004","C7","distributed","evergreenForest",29.682962,-81.958186,"WGS84",45.1,34.7,0.1,"6 - trap set and empty","ShermanLF","2018-11-01","2018-11-01",,,,,,,,,,,,,,,,,,,,,,,,,,,,,,,,,,,,,,,"jbrown1@battelleecology.org","jbrown1@battelleecology.org",,
"a7e30a04-2d86-431c-8159-37706ec7e208","ffac5564-0f30-476f-bb9f-e08cdb8129bb","OSBS_004.mammalGrid.mam","D03","OSBS","OSBS_004","F5","distributed","evergreenForest",29.682962,-81.958186,"WGS84",45.1,34.7,0.1,"6 - trap set and empty","ShermanLF","2018-11-01","2018-11-01",,,,,,,,,,,,,,,,,,,,,,,,,,,,,,,,,,,,,,,"jbrown1@battelleecology.org","jbrown1@battelleecology.org",,
"e8d8243a-9ab9-48c9-b1b0-84413374ae56","ffac5564-0f30-476f-bb9f-e08cdb8129bb","OSBS_004.mammalGrid.mam","D03","OSBS","OSBS_004","A9","distributed","evergreenForest",29.682962,-81.958186,"WGS84",45.1,34.7,0.1,"2 - trap disturbed/door closed but empty","ShermanLF","2018-11-01","2018-11-01",,,,,,,,,,,,,,,,,,,,,,,,,,,,,,,,,,,,,,,"jbrown1@battelleecology.org","jbrown1@battelleecology.org",,
"eb541a03-02a6-439b-9045-4791de5413dd","ffac5564-0f30-476f-bb9f-e08cdb8129bb","OSBS_004.mammalGrid.mam","D03","OSBS","OSBS_004","E8","distributed","evergreenForest",29.682962,-81.958186,"WGS84",45.1,34.7,0.1,"6 - trap set and empty","ShermanLF","2018-11-01","2018-11-01",,,,,,,,,,,,,,,,,,,,,,,,,,,,,,,,,,,,,,,"jbrown1@battelleecology.org","jbrown1@battelleecology.org",,
"ab59228d-bc52-439c-97fd-af8723e204c4","ffac5564-0f30-476f-bb9f-e08cdb8129bb","OSBS_004.mammalGrid.mam","D03","OSBS","OSBS_004","A4","distributed","evergreenForest",29.682962,-81.958186,"WGS84",45.1,34.7,0.1,"6 - trap set and empty","ShermanLF","2018-11-01","2018-11-01",,,,,,,,,,,,,,,,,,,,,,,,,,,,,,,,,,,,,,,"jbrown1@battelleecology.org","jbrown1@battelleecology.org",,
"d6304b15-512a-4516-93d0-05ae6a5b8e0d","ffac5564-0f30-476f-bb9f-e08cdb8129bb","OSBS_004.mammalGrid.mam","D03","OSBS","OSBS_004","I2","distributed","evergreenForest",29.682962,-81.958186,"WGS84",45.1,34.7,0.1,"6 - trap set and empty","ShermanLF","2018-11-01","2018-11-01",,,,,,,,,,,,,,,,,,,,,,,,,,,,,,,,,,,,,,,"jbrown1@battelleecology.org","jbrown1@battelleecology.org",,
"9816db06-b050-4ffa-b637-d2dde50450fe","ffac5564-0f30-476f-bb9f-e08cdb8129bb","OSBS_004.mammalGrid.mam","D03","OSBS","OSBS_004","G8","distributed","evergreenForest",29.682962,-81.958186,"WGS84",45.1,34.7,0.1,"6 - trap set and empty","ShermanLF","2018-11-01","2018-11-01",,,,,,,,,,,,,,,,,,,,,,,,,,,,,,,,,,,,,,,"jbrown1@battelleecology.org","jbrown1@battelleecology.org",,
"0c8eec2d-1ab9-4943-a092-0619b985c142","ffac5564-0f30-476f-bb9f-e08cdb8129bb","OSBS_004.mammalGrid.mam","D03","OSBS","OSBS_004","H10","distributed","evergreenForest",29.682962,-81.958186,"WGS84",45.1,34.7,0.1,"6 - trap set and empty","ShermanLF","2018-11-01","2018-11-01",,,,,,,,,,,,,,,,,,,,,,,,,,,,,,,,,,,,,,,"jbrown1@battelleecology.org","jbrown1@battelleecology.org",,
"36b655e8-4aa5-4690-bc0b-9681a93ba387","ffac5564-0f30-476f-bb9f-e08cdb8129bb","OSBS_004.mammalGrid.mam","D03","OSBS","OSBS_004","F4","distributed","evergreenForest",29.682962,-81.958186,"WGS84",45.1,34.7,0.1,"3 - trap door open or closed w/ spoor left","ShermanLF","2018-11-01","2018-11-01",,,,,,,,,,,,,,,,,,,,,,,,,,,,,,,,,,,,,,,"jbrown1@battelleecology.org","jbrown1@battelleecology.org",,
"647a3c3f-18f4-404e-8047-8afb724ca976","ffac5564-0f30-476f-bb9f-e08cdb8129bb","OSBS_004.mammalGrid.mam","D03","OSBS","OSBS_004","H7","distributed","evergreenForest",29.682962,-81.958186,"WGS84",45.1,34.7,0.1,"2 - trap disturbed/door closed but empty","ShermanLF","2018-11-01","2018-11-01",,,,,,,,,,,,,,,,,,,,,,,,,,,,,,,,,,,,,,,"jbrown1@battelleecology.org","jbrown1@battelleecology.org",,
"af556434-501e-4c89-84f1-72ce37911656","ffac5564-0f30-476f-bb9f-e08cdb8129bb","OSBS_004.mammalGrid.mam","D03","OSBS","OSBS_004","G1","distributed","evergreenForest",29.682962,-81.958186,"WGS84",45.1,34.7,0.1,"2 - trap disturbed/door closed but empty","ShermanLF","2018-11-01","2018-11-01",,,,,,,,,,,,,,,,,,,,,,,,,,,,,,,,,,,,,,,"jbrown1@battelleecology.org","jbrown1@battelleecology.org",,
"d5cebc85-6c93-4f69-b7cb-6bac7c79250d","ffac5564-0f30-476f-bb9f-e08cdb8129bb","OSBS_004.mammalGrid.mam","D03","OSBS","OSBS_004","J1","distributed","evergreenForest",29.682962,-81.958186,"WGS84",45.1,34.7,0.1,"6 - trap set and empty","ShermanLF","2018-11-01","2018-11-01",,,,,,,,,,,,,,,,,,,,,,,,,,,,,,,,,,,,,,,"jbrown1@battelleecology.org","jbrown1@battelleecology.org",,
"93be1ff3-d190-44a4-ab65-b132b11fb36e","ffac5564-0f30-476f-bb9f-e08cdb8129bb","OSBS_004.mammalGrid.mam","D03","OSBS","OSBS_004","J5","distributed","evergreenForest",29.682962,-81.958186,"WGS84",45.1,34.7,0.1,"6 - trap set and empty","ShermanLF","2018-11-01","2018-11-01",,,,,,,,,,,,,,,,,,,,,,,,,,,,,,,,,,,,,,,"jbrown1@battelleecology.org","jbrown1@battelleecology.org",,
"65a2f04a-57dd-4d4f-9f44-3ba6a8e99870","ffac5564-0f30-476f-bb9f-e08cdb8129bb","OSBS_004.mammalGrid.mam","D03","OSBS","OSBS_004","C5","distributed","evergreenForest",29.682962,-81.958186,"WGS84",45.1,34.7,0.1,"6 - trap set and empty","ShermanLF","2018-11-01","2018-11-01",,,,,,,,,,,,,,,,,,,,,,,,,,,,,,,,,,,,,,,"jbrown1@battelleecology.org","jbrown1@battelleecology.org",,
"8cca614d-e6bb-4285-ac60-8e8c60a6cb6d","ffac5564-0f30-476f-bb9f-e08cdb8129bb","OSBS_004.mammalGrid.mam","D03","OSBS","OSBS_004","F8","distributed","evergreenForest",29.682962,-81.958186,"WGS84",45.1,34.7,0.1,"6 - trap set and empty","ShermanLF","2018-11-01","2018-11-01",,,,,,,,,,,,,,,,,,,,,,,,,,,,,,,,,,,,,,,"jbrown1@battelleecology.org","jbrown1@battelleecology.org",,
"b82bd7d8-da9a-4ae8-a7c9-8d43af0f54b9","ffac5564-0f30-476f-bb9f-e08cdb8129bb","OSBS_004.mammalGrid.mam","D03","OSBS","OSBS_004","D3","distributed","evergreenForest",29.682962,-81.958186,"WGS84",45.1,34.7,0.1,"6 - trap set and empty","ShermanLF","2018-11-01","2018-11-01",,,,,,,,,,,,,,,,,,,,,,,,,,,,,,,,,,,,,,,"jbrown1@battelleecology.org","jbrown1@battelleecology.org",,
"df548db2-cd77-4601-ad92-cf88a8386103","ffac5564-0f30-476f-bb9f-e08cdb8129bb","OSBS_004.mammalGrid.mam","D03","OSBS","OSBS_004","H2","distributed","evergreenForest",29.682962,-81.958186,"WGS84",45.1,34.7,0.1,"6 - trap set and empty","ShermanLF","2018-11-01","2018-11-01",,,,,,,,,,,,,,,,,,,,,,,,,,,,,,,,,,,,,,,"jbrown1@battelleecology.org","jbrown1@battelleecology.org",,
"9e3ffe10-9c13-43d3-8db7-06c860fba364","ffac5564-0f30-476f-bb9f-e08cdb8129bb","OSBS_004.mammalGrid.mam","D03","OSBS","OSBS_004","G5","distributed","evergreenForest",29.682962,-81.958186,"WGS84",45.1,34.7,0.1,"6 - trap set and empty","ShermanLF","2018-11-01","2018-11-01",,,,,,,,,,,,,,,,,,,,,,,,,,,,,,,,,,,,,,,"jbrown1@battelleecology.org","jbrown1@battelleecology.org",,
"83485bbb-9623-413d-a569-5123a6388168","ffac5564-0f30-476f-bb9f-e08cdb8129bb","OSBS_004.mammalGrid.mam","D03","OSBS","OSBS_004","H9","distributed","evergreenForest",29.682962,-81.958186,"WGS84",45.1,34.7,0.1,"6 - trap set and empty","ShermanLF","2018-11-01","2018-11-01",,,,,,,,,,,,,,,,,,,,,,,,,,,,,,,,,,,,,,,"jbrown1@battelleecology.org","jbrown1@battelleecology.org",,
"aea2c462-b55b-44b0-97c9-f5d603dc1320","ffac5564-0f30-476f-bb9f-e08cdb8129bb","OSBS_004.mammalGrid.mam","D03","OSBS","OSBS_004","J4","distributed","evergreenForest",29.682962,-81.958186,"WGS84",45.1,34.7,0.1,"6 - trap set and empty","ShermanLF","2018-11-01","2018-11-01",,,,,,,,,,,,,,,,,,,,,,,,,,,,,,,,,,,,,,,"jbrown1@battelleecology.org","jbrown1@battelleecology.org",,
"3d5d4be2-02a1-4a7b-be94-082235652a61","ffac5564-0f30-476f-bb9f-e08cdb8129bb","OSBS_004.mammalGrid.mam","D03","OSBS","OSBS_004","E6","distributed","evergreenForest",29.682962,-81.958186,"WGS84",45.1,34.7,0.1,"6 - trap set and empty","ShermanLF","2018-11-01","2018-11-01",,,,,,,,,,,,,,,,,,,,,,,,,,,,,,,,,,,,,,,"jbrown1@battelleecology.org","jbrown1@battelleecology.org",,
"8f1617eb-dc42-489c-84c7-9a779c1d1dfd","ffac5564-0f30-476f-bb9f-e08cdb8129bb","OSBS_004.mammalGrid.mam","D03","OSBS","OSBS_004","H6","distributed","evergreenForest",29.682962,-81.958186,"WGS84",45.1,34.7,0.1,"6 - trap set and empty","ShermanLF","2018-11-01","2018-11-01",,,,,,,,,,,,,,,,,,,,,,,,,,,,,,,,,,,,,,,"jbrown1@battelleecology.org","jbrown1@battelleecology.org",,
"6b7579bc-455c-4c3e-ae14-30aec5dc56c4","ffac5564-0f30-476f-bb9f-e08cdb8129bb","OSBS_004.mammalGrid.mam","D03","OSBS","OSBS_004","B2","distributed","evergreenForest",29.682962,-81.958186,"WGS84",45.1,34.7,0.1,"6 - trap set and empty","ShermanLF","2018-11-01","2018-11-01",,,,,,,,,,,,,,,,,,,,,,,,,,,,,,,,,,,,,,,"jbrown1@battelleecology.org","jbrown1@battelleecology.org",,
"a3efef1e-394a-48c8-aafd-f6f56f98d32d","ffac5564-0f30-476f-bb9f-e08cdb8129bb","OSBS_004.mammalGrid.mam","D03","OSBS","OSBS_004","H3","distributed","evergreenForest",29.682962,-81.958186,"WGS84",45.1,34.7,0.1,"3 - trap door open or closed w/ spoor left","ShermanLF","2018-11-01","2018-11-01",,,,,,,,,,,,,,,,,,,,,,,,,,,,,,,,,,,,,,,"jbrown1@battelleecology.org","jbrown1@battelleecology.org",,
"53b77ff9-348d-4ec3-a2d9-bd671883f2dd","ffac5564-0f30-476f-bb9f-e08cdb8129bb","OSBS_004.mammalGrid.mam","D03","OSBS","OSBS_004","I9","distributed","evergreenForest",29.682962,-81.958186,"WGS84",45.1,34.7,0.1,"6 - trap set and empty","ShermanLF","2018-11-01","2018-11-01",,,,,,,,,,,,,,,,,,,,,,,,,,,,,,,,,,,,,,,"jbrown1@battelleecology.org","jbrown1@battelleecology.org",,
"71db4d37-1da7-4532-996d-bd355eecfa4f","ffac5564-0f30-476f-bb9f-e08cdb8129bb","OSBS_004.mammalGrid.mam","D03","OSBS","OSBS_004","G3","distributed","evergreenForest",29.682962,-81.958186,"WGS84",45.1,34.7,0.1,"6 - trap set and empty","ShermanLF","2018-11-01","2018-11-01",,,,,,,,,,,,,,,,,,,,,,,,,,,,,,,,,,,,,,,"jbrown1@battelleecology.org","jbrown1@battelleecology.org",,
"3e739d06-ccb5-47b5-ab4b-951cd967f037","ffac5564-0f30-476f-bb9f-e08cdb8129bb","OSBS_004.mammalGrid.mam","D03","OSBS","OSBS_004","D6","distributed","evergreenForest",29.682962,-81.958186,"WGS84",45.1,34.7,0.1,"6 - trap set and empty","ShermanLF","2018-11-01","2018-11-01",,,,,,,,,,,,,,,,,,,,,,,,,,,,,,,,,,,,,,,"jbrown1@battelleecology.org","jbrown1@battelleecology.org",,
"95ca8890-b7db-46ab-8ff5-647258ae02e6","ffac5564-0f30-476f-bb9f-e08cdb8129bb","OSBS_004.mammalGrid.mam","D03","OSBS","OSBS_004","D5","distributed","evergreenForest",29.682962,-81.958186,"WGS84",45.1,34.7,0.1,"6 - trap set and empty","ShermanLF","2018-11-01","2018-11-01",,,,,,,,,,,,,,,,,,,,,,,,,,,,,,,,,,,,,,,"jbrown1@battelleecology.org","jbrown1@battelleecology.org",,
"4ef665c2-1a14-4e64-9d4f-1c90399ec118","ffac5564-0f30-476f-bb9f-e08cdb8129bb","OSBS_004.mammalGrid.mam","D03","OSBS","OSBS_004","D10","distributed","evergreenForest",29.682962,-81.958186,"WGS84",45.1,34.7,0.1,"6 - trap set and empty","ShermanLF","2018-11-01","2018-11-01",,,,,,,,,,,,,,,,,,,,,,,,,,,,,,,,,,,,,,,"jbrown1@battelleecology.org","jbrown1@battelleecology.org",,
"b7434d31-c83d-4da3-b21f-6bdb68bc426e","ffac5564-0f30-476f-bb9f-e08cdb8129bb","OSBS_004.mammalGrid.mam","D03","OSBS","OSBS_004","G7","distributed","evergreenForest",29.682962,-81.958186,"WGS84",45.1,34.7,0.1,"2 - trap disturbed/door closed but empty","ShermanLF","2018-11-01","2018-11-01",,,,,,,,,,,,,,,,,,,,,,,,,,,,,,,,,,,,,,,"jbrown1@battelleecology.org","jbrown1@battelleecology.org",,
"4f39a159-5081-4973-af29-8117d34f50cf","ffac5564-0f30-476f-bb9f-e08cdb8129bb","OSBS_004.mammalGrid.mam","D03","OSBS","OSBS_004","E1","distributed","evergreenForest",29.682962,-81.958186,"WGS84",45.1,34.7,0.1,"6 - trap set and empty","ShermanLF","2018-11-01","2018-11-01",,,,,,,,,,,,,,,,,,,,,,,,,,,,,,,,,,,,,,,"jbrown1@battelleecology.org","jbrown1@battelleecology.org",,
"eaa1e91f-61c8-44c0-93d9-6dfcee515e10","ffac5564-0f30-476f-bb9f-e08cdb8129bb","OSBS_004.mammalGrid.mam","D03","OSBS","OSBS_004","I8","distributed","evergreenForest",29.682962,-81.958186,"WGS84",45.1,34.7,0.1,"6 - trap set and empty","ShermanLF","2018-11-01","2018-11-01",,,,,,,,,,,,,,,,,,,,,,,,,,,,,,,,,,,,,,,"jbrown1@battelleecology.org","jbrown1@battelleecology.org",,
"d6f6818c-368a-4ae3-908b-427bddddae7d","ffac5564-0f30-476f-bb9f-e08cdb8129bb","OSBS_004.mammalGrid.mam","D03","OSBS","OSBS_004","I5","distributed","evergreenForest",29.682962,-81.958186,"WGS84",45.1,34.7,0.1,"6 - trap set and empty","ShermanLF","2018-11-01","2018-11-01",,,,,,,,,,,,,,,,,,,,,,,,,,,,,,,,,,,,,,,"jbrown1@battelleecology.org","jbrown1@battelleecology.org",,
"b1b91207-4ded-4785-ad21-d8e8b452a90b","ffac5564-0f30-476f-bb9f-e08cdb8129bb","OSBS_004.mammalGrid.mam","D03","OSBS","OSBS_004","H1","distributed","evergreenForest",29.682962,-81.958186,"WGS84",45.1,34.7,0.1,"6 - trap set and empty","ShermanLF","2018-11-01","2018-11-01",,,,,,,,,,,,,,,,,,,,,,,,,,,,,,,,,,,,,,,"jbrown1@battelleecology.org","jbrown1@battelleecology.org",,
"e156218c-aec3-43e2-8b72-c64b537905fb","ffac5564-0f30-476f-bb9f-e08cdb8129bb","OSBS_004.mammalGrid.mam","D03","OSBS","OSBS_004","G6","distributed","evergreenForest",29.682962,-81.958186,"WGS84",45.1,34.7,0.1,"6 - trap set and empty","ShermanLF","2018-11-01","2018-11-01",,,,,,,,,,,,,,,,,,,,,,,,,,,,,,,,,,,,,,,"jbrown1@battelleecology.org","jbrown1@battelleecology.org",,
"49ff4f9d-69ef-4301-8554-1bf1b1c45c6b","ffac5564-0f30-476f-bb9f-e08cdb8129bb","OSBS_004.mammalGrid.mam","D03","OSBS","OSBS_004","D4","distributed","evergreenForest",29.682962,-81.958186,"WGS84",45.1,34.7,0.1,"6 - trap set and empty","ShermanLF","2018-11-01","2018-11-01",,,,,,,,,,,,,,,,,,,,,,,,,,,,,,,,,,,,,,,"jbrown1@battelleecology.org","jbrown1@battelleecology.org",,
"ce03f697-e651-460a-b582-18c0b971711e","ffac5564-0f30-476f-bb9f-e08cdb8129bb","OSBS_004.mammalGrid.mam","D03","OSBS","OSBS_004","F3","distributed","evergreenForest",29.682962,-81.958186,"WGS84",45.1,34.7,0.1,"3 - trap door open or closed w/ spoor left","ShermanLF","2018-11-01","2018-11-01",,,,,,,,,,,,,,,,,,,,,,,,,,,,,,,,,,,,,,,"jbrown1@battelleecology.org","jbrown1@battelleecology.org",,
"90347f70-6632-4e9d-9741-c2d3ffb9c2a7","ffac5564-0f30-476f-bb9f-e08cdb8129bb","OSBS_004.mammalGrid.mam","D03","OSBS","OSBS_004","F1","distributed","evergreenForest",29.682962,-81.958186,"WGS84",45.1,34.7,0.1,"6 - trap set and empty","ShermanLF","2018-11-01","2018-11-01",,,,,,,,,,,,,,,,,,,,,,,,,,,,,,,,,,,,,,,"jbrown1@battelleecology.org","jbrown1@battelleecology.org",,
"528f7227-a3aa-4721-a37c-18f86d4f30a1","ffac5564-0f30-476f-bb9f-e08cdb8129bb","OSBS_004.mammalGrid.mam","D03","OSBS","OSBS_004","A3","distributed","evergreenForest",29.682962,-81.958186,"WGS84",45.1,34.7,0.1,"6 - trap set and empty","ShermanLF","2018-11-01","2018-11-01",,,,,,,,,,,,,,,,,,,,,,,,,,,,,,,,,,,,,,,"jbrown1@battelleecology.org","jbrown1@battelleecology.org",,
"5a74002e-e323-487b-8ebb-4477c11309a8","ffac5564-0f30-476f-bb9f-e08cdb8129bb","OSBS_004.mammalGrid.mam","D03","OSBS","OSBS_004","I10","distributed","evergreenForest",29.682962,-81.958186,"WGS84",45.1,34.7,0.1,"6 - trap set and empty","ShermanLF","2018-11-01","2018-11-01",,,,,,,,,,,,,,,,,,,,,,,,,,,,,,,,,,,,,,,"jbrown1@battelleecology.org","jbrown1@battelleecology.org",,
"c816622f-c353-4856-893a-dc55d7370774","ffac5564-0f30-476f-bb9f-e08cdb8129bb","OSBS_004.mammalGrid.mam","D03","OSBS","OSBS_004","D8","distributed","evergreenForest",29.682962,-81.958186,"WGS84",45.1,34.7,0.1,"6 - trap set and empty","ShermanLF","2018-11-01","2018-11-01",,,,,,,,,,,,,,,,,,,,,,,,,,,,,,,,,,,,,,,"jbrown1@battelleecology.org","jbrown1@battelleecology.org",,
"1454c50e-17ee-4085-8731-0da5dad29389","ffac5564-0f30-476f-bb9f-e08cdb8129bb","OSBS_004.mammalGrid.mam","D03","OSBS","OSBS_004","A7","distributed","evergreenForest",29.682962,-81.958186,"WGS84",45.1,34.7,0.1,"6 - trap set and empty","ShermanLF","2018-11-01","2018-11-01",,,,,,,,,,,,,,,,,,,,,,,,,,,,,,,,,,,,,,,"jbrown1@battelleecology.org","jbrown1@battelleecology.org",,
"f32dfbab-a57f-4d5b-b45b-03dc6ecbd84a","ffac5564-0f30-476f-bb9f-e08cdb8129bb","OSBS_004.mammalGrid.mam","D03","OSBS","OSBS_004","E4","distributed","evergreenForest",29.682962,-81.958186,"WGS84",45.1,34.7,0.1,"6 - trap set and empty","ShermanLF","2018-11-01","2018-11-01",,,,,,,,,,,,,,,,,,,,,,,,,,,,,,,,,,,,,,,"jbrown1@battelleecology.org","jbrown1@battelleecology.org",,
"9fdb3377-a8e0-469c-9cd9-77a29dd10fae","ffac5564-0f30-476f-bb9f-e08cdb8129bb","OSBS_004.mammalGrid.mam","D03","OSBS","OSBS_004","I3","distributed","evergreenForest",29.682962,-81.958186,"WGS84",45.1,34.7,0.1,"6 - trap set and empty","ShermanLF","2018-11-01","2018-11-01",,,,,,,,,,,,,,,,,,,,,,,,,,,,,,,,,,,,,,,"jbrown1@battelleecology.org","jbrown1@battelleecology.org",,
"e536542e-f404-473f-bb81-b335ef93ec9c","ffac5564-0f30-476f-bb9f-e08cdb8129bb","OSBS_004.mammalGrid.mam","D03","OSBS","OSBS_004","D1","distributed","evergreenForest",29.682962,-81.958186,"WGS84",45.1,34.7,0.1,"6 - trap set and empty","ShermanLF","2018-11-01","2018-11-01",,,,,,,,,,,,,,,,,,,,,,,,,,,,,,,,,,,,,,,"jbrown1@battelleecology.org","jbrown1@battelleecology.org",,
"adf067a8-f020-4f21-8bf2-c0b9a0664267","ffac5564-0f30-476f-bb9f-e08cdb8129bb","OSBS_004.mammalGrid.mam","D03","OSBS","OSBS_004","E9","distributed","evergreenForest",29.682962,-81.958186,"WGS84",45.1,34.7,0.1,"2 - trap disturbed/door closed but empty","ShermanLF","2018-11-01","2018-11-01",,,,,,,,,,,,,,,,,,,,,,,,,,,,,,,,,,,,,,,"jbrown1@battelleecology.org","jbrown1@battelleecology.org",,
"47eefec1-1c2c-4c20-85c1-00bf383658df","ffac5564-0f30-476f-bb9f-e08cdb8129bb","OSBS_004.mammalGrid.mam","D03","OSBS","OSBS_004","A8","distributed","evergreenForest",29.682962,-81.958186,"WGS84",45.1,34.7,0.1,"5 - capture","ShermanLF","2018-11-01","2018-11-01","NEON.MAM.D03.O004A820181101",,"GLVO","Glaucomys volans","species",,,"N","U","U","nontarget",,"adult",,,,,,,,,,"U","U","U",,,,,,,,,,,,,,"jbrown1@battelleecology.org","jbrown1@battelleecology.org",,
"ea7356cf-99ae-4439-b9e1-81567d87b699","ffac5564-0f30-476f-bb9f-e08cdb8129bb","OSBS_004.mammalGrid.mam","D03","OSBS","OSBS_004","E5","distributed","evergreenForest",29.682962,-81.958186,"WGS84",45.1,34.7,0.1,"6 - trap set and empty","ShermanLF","2018-11-01","2018-11-01",,,,,,,,,,,,,,,,,,,,,,,,,,,,,,,,,,,,,,,"jbrown1@battelleecology.org","jbrown1@battelleecology.org",,
"6201a94b-dc9c-4bf3-a676-ea8141906202","ffac5564-0f30-476f-bb9f-e08cdb8129bb","OSBS_004.mammalGrid.mam","D03","OSBS","OSBS_004","A2","distributed","evergreenForest",29.682962,-81.958186,"WGS84",45.1,34.7,0.1,"6 - trap set and empty","ShermanLF","2018-11-01","2018-11-01",,,,,,,,,,,,,,,,,,,,,,,,,,,,,,,,,,,,,,,"jbrown1@battelleecology.org","jbrown1@battelleecology.org",,
"4df2806f-822e-4c3f-a73d-fe6f996806dd","ffac5564-0f30-476f-bb9f-e08cdb8129bb","OSBS_004.mammalGrid.mam","D03","OSBS","OSBS_004","F7","distributed","evergreenForest",29.682962,-81.958186,"WGS84",45.1,34.7,0.1,"6 - trap set and empty","ShermanLF","2018-11-01","2018-11-01",,,,,,,,,,,,,,,,,,,,,,,,,,,,,,,,,,,,,,,"jbrown1@battelleecology.org","jbrown1@battelleecology.org",,
"ea5ea9c2-7eed-45b5-b124-7a2dcb0edf3c","ffac5564-0f30-476f-bb9f-e08cdb8129bb","OSBS_004.mammalGrid.mam","D03","OSBS","OSBS_004","C6","distributed","evergreenForest",29.682962,-81.958186,"WGS84",45.1,34.7,0.1,"6 - trap set and empty","ShermanLF","2018-11-01","2018-11-01",,,,,,,,,,,,,,,,,,,,,,,,,,,,,,,,,,,,,,,"jbrown1@battelleecology.org","jbrown1@battelleecology.org",,
"bfcbee89-1647-4f5a-ae55-b974d73ccd7f","ffac5564-0f30-476f-bb9f-e08cdb8129bb","OSBS_004.mammalGrid.mam","D03","OSBS","OSBS_004","F10","distributed","evergreenForest",29.682962,-81.958186,"WGS84",45.1,34.7,0.1,"6 - trap set and empty","ShermanLF","2018-11-01","2018-11-01",,,,,,,,,,,,,,,,,,,,,,,,,,,,,,,,,,,,,,,"jbrown1@battelleecology.org","jbrown1@battelleecology.org",,
"e20a00f4-bfe1-4dc7-9c28-3522e5b66769","ffac5564-0f30-476f-bb9f-e08cdb8129bb","OSBS_004.mammalGrid.mam","D03","OSBS","OSBS_004","C10","distributed","evergreenForest",29.682962,-81.958186,"WGS84",45.1,34.7,0.1,"6 - trap set and empty","ShermanLF","2018-11-01","2018-11-01",,,,,,,,,,,,,,,,,,,,,,,,,,,,,,,,,,,,,,,"jbrown1@battelleecology.org","jbrown1@battelleecology.org",,
"890d4128-d710-4143-a24c-d323658c4290","ffac5564-0f30-476f-bb9f-e08cdb8129bb","OSBS_004.mammalGrid.mam","D03","OSBS","OSBS_004","C1","distributed","evergreenForest",29.682962,-81.958186,"WGS84",45.1,34.7,0.1,"6 - trap set and empty","ShermanLF","2018-11-01","2018-11-01",,,,,,,,,,,,,,,,,,,,,,,,,,,,,,,,,,,,,,,"jbrown1@battelleecology.org","jbrown1@battelleecology.org",,
"a45e3ee9-f08f-4abd-86ff-8dd814a89fad","ffac5564-0f30-476f-bb9f-e08cdb8129bb","OSBS_004.mammalGrid.mam","D03","OSBS","OSBS_004","C9","distributed","evergreenForest",29.682962,-81.958186,"WGS84",45.1,34.7,0.1,"6 - trap set and empty","ShermanLF","2018-11-01","2018-11-01",,,,,,,,,,,,,,,,,,,,,,,,,,,,,,,,,,,,,,,"jbrown1@battelleecology.org","jbrown1@battelleecology.org",,
"64f8ae3e-02d6-4248-9fd4-1eb71a9b3147","ffac5564-0f30-476f-bb9f-e08cdb8129bb","OSBS_004.mammalGrid.mam","D03","OSBS","OSBS_004","A1","distributed","evergreenForest",29.682962,-81.958186,"WGS84",45.1,34.7,0.1,"6 - trap set and empty","ShermanLF","2018-11-01","2018-11-01",,,,,,,,,,,,,,,,,,,,,,,,,,,,,,,,,,,,,,,"jbrown1@battelleecology.org","jbrown1@battelleecology.org",,
"2877d8fb-5d14-4dd3-8f8f-62ee935f375f","ffac5564-0f30-476f-bb9f-e08cdb8129bb","OSBS_004.mammalGrid.mam","D03","OSBS","OSBS_004","C4","distributed","evergreenForest",29.682962,-81.958186,"WGS84",45.1,34.7,0.1,"6 - trap set and empty","ShermanLF","2018-11-01","2018-11-01",,,,,,,,,,,,,,,,,,,,,,,,,,,,,,,,,,,,,,,"jbrown1@battelleecology.org","jbrown1@battelleecology.org",,
"132da482-b8f9-4449-8ce9-2dbbe317f3a4","ffac5564-0f30-476f-bb9f-e08cdb8129bb","OSBS_004.mammalGrid.mam","D03","OSBS","OSBS_004","B5","distributed","evergreenForest",29.682962,-81.958186,"WGS84",45.1,34.7,0.1,"6 - trap set and empty","ShermanLF","2018-11-01","2018-11-01",,,,,,,,,,,,,,,,,,,,,,,,,,,,,,,,,,,,,,,"jbrown1@battelleecology.org","jbrown1@battelleecology.org",,
"a8f9c624-a8cc-4993-9464-1123c9de14cf","ffac5564-0f30-476f-bb9f-e08cdb8129bb","OSBS_004.mammalGrid.mam","D03","OSBS","OSBS_004","A5","distributed","evergreenForest",29.682962,-81.958186,"WGS84",45.1,34.7,0.1,"6 - trap set and empty","ShermanLF","2018-11-01","2018-11-01",,,,,,,,,,,,,,,,,,,,,,,,,,,,,,,,,,,,,,,"jbrown1@battelleecology.org","jbrown1@battelleecology.org",,
"c81603cc-3107-4ac1-9a93-3e0ed3b6f26e","ffac5564-0f30-476f-bb9f-e08cdb8129bb","OSBS_004.mammalGrid.mam","D03","OSBS","OSBS_004","A6","distributed","evergreenForest",29.682962,-81.958186,"WGS84",45.1,34.7,0.1,"6 - trap set and empty","ShermanLF","2018-11-01","2018-11-01",,,,,,,,,,,,,,,,,,,,,,,,,,,,,,,,,,,,,,,"jbrown1@battelleecology.org","jbrown1@battelleecology.org",,
"d8dcf85d-9001-49bd-893d-3973bd9c03d4","ffac5564-0f30-476f-bb9f-e08cdb8129bb","OSBS_004.mammalGrid.mam","D03","OSBS","OSBS_004","G10","distributed","evergreenForest",29.682962,-81.958186,"WGS84",45.1,34.7,0.1,"6 - trap set and empty","ShermanLF","2018-11-01","2018-11-01",,,,,,,,,,,,,,,,,,,,,,,,,,,,,,,,,,,,,,,"jbrown1@battelleecology.org","jbrown1@battelleecology.org",,
"9b3b92db-c854-4be7-b279-ef5816901135","ffac5564-0f30-476f-bb9f-e08cdb8129bb","OSBS_004.mammalGrid.mam","D03","OSBS","OSBS_004","I7","distributed","evergreenForest",29.682962,-81.958186,"WGS84",45.1,34.7,0.1,"6 - trap set and empty","ShermanLF","2018-11-01","2018-11-01",,,,,,,,,,,,,,,,,,,,,,,,,,,,,,,,,,,,,,,"jbrown1@battelleecology.org","jbrown1@battelleecology.org",,
"47502798-3176-4a21-97cf-b0766922d329","ffac5564-0f30-476f-bb9f-e08cdb8129bb","OSBS_004.mammalGrid.mam","D03","OSBS","OSBS_004","E2","distributed","evergreenForest",29.682962,-81.958186,"WGS84",45.1,34.7,0.1,"6 - trap set and empty","ShermanLF","2018-11-01","2018-11-01",,,,,,,,,,,,,,,,,,,,,,,,,,,,,,,,,,,,,,,"jbrown1@battelleecology.org","jbrown1@battelleecology.org",,
"2c6d4e96-fb8e-484c-acc9-2708699240cc","ffac5564-0f30-476f-bb9f-e08cdb8129bb","OSBS_004.mammalGrid.mam","D03","OSBS","OSBS_004","J3","distributed","evergreenForest",29.682962,-81.958186,"WGS84",45.1,34.7,0.1,"6 - trap set and empty","ShermanLF","2018-11-01","2018-11-01",,,,,,,,,,,,,,,,,,,,,,,,,,,,,,,,,,,,,,,"jbrown1@battelleecology.org","jbrown1@battelleecology.org",,
"cf5da163-70a7-47c3-8190-9b1e30b168e7","ffac5564-0f30-476f-bb9f-e08cdb8129bb","OSBS_004.mammalGrid.mam","D03","OSBS","OSBS_004","G9","distributed","evergreenForest",29.682962,-81.958186,"WGS84",45.1,34.7,0.1,"6 - trap set and empty","ShermanLF","2018-11-01","2018-11-01",,,,,,,,,,,,,,,,,,,,,,,,,,,,,,,,,,,,,,,"jbrown1@battelleecology.org","jbrown1@battelleecology.org",,
"434be9bd-f474-42fe-bfe2-d487e9dae9fc","ffac5564-0f30-476f-bb9f-e08cdb8129bb","OSBS_004.mammalGrid.mam","D03","OSBS","OSBS_004","E10","distributed","evergreenForest",29.682962,-81.958186,"WGS84",45.1,34.7,0.1,"2 - trap disturbed/door closed but empty","ShermanLF","2018-11-01","2018-11-01",,,,,,,,,,,,,,,,,,,,,,,,,,,,,,,,,,,,,,,"jbrown1@battelleecology.org","jbrown1@battelleecology.org",,
"3440b0db-a933-4c66-8877-18bb79488765","ffac5564-0f30-476f-bb9f-e08cdb8129bb","OSBS_004.mammalGrid.mam","D03","OSBS","OSBS_004","C8","distributed","evergreenForest",29.682962,-81.958186,"WGS84",45.1,34.7,0.1,"6 - trap set and empty","ShermanLF","2018-11-01","2018-11-01",,,,,,,,,,,,,,,,,,,,,,,,,,,,,,,,,,,,,,,"jbrown1@battelleecology.org","jbrown1@battelleecology.org",,
"f776eb1c-978f-42b0-b3e8-d2300c250af1","ffac5564-0f30-476f-bb9f-e08cdb8129bb","OSBS_004.mammalGrid.mam","D03","OSBS","OSBS_004","J7","distributed","evergreenForest",29.682962,-81.958186,"WGS84",45.1,34.7,0.1,"6 - trap set and empty","ShermanLF","2018-11-01","2018-11-01",,,,,,,,,,,,,,,,,,,,,,,,,,,,,,,,,,,,,,,"jbrown1@battelleecology.org","jbrown1@battelleecology.org",,
"de77653b-5d47-4076-b65f-44362f0a37f0","ffac5564-0f30-476f-bb9f-e08cdb8129bb","OSBS_004.mammalGrid.mam","D03","OSBS","OSBS_004","B10","distributed","evergreenForest",29.682962,-81.958186,"WGS84",45.1,34.7,0.1,"6 - trap set and empty","ShermanLF","2018-11-01","2018-11-01",,,,,,,,,,,,,,,,,,,,,,,,,,,,,,,,,,,,,,,"jbrown1@battelleecology.org","jbrown1@battelleecology.org",,
"279ab19d-7940-4331-a6a9-d4f0275521d8","ffac5564-0f30-476f-bb9f-e08cdb8129bb","OSBS_004.mammalGrid.mam","D03","OSBS","OSBS_004","J2","distributed","evergreenForest",29.682962,-81.958186,"WGS84",45.1,34.7,0.1,"6 - trap set and empty","ShermanLF","2018-11-01","2018-11-01",,,,,,,,,,,,,,,,,,,,,,,,,,,,,,,,,,,,,,,"jbrown1@battelleecology.org","jbrown1@battelleecology.org",,
"6ca20427-6634-442d-a90d-3175ccbed2f0","ffac5564-0f30-476f-bb9f-e08cdb8129bb","OSBS_004.mammalGrid.mam","D03","OSBS","OSBS_004","D9","distributed","evergreenForest",29.682962,-81.958186,"WGS84",45.1,34.7,0.1,"6 - trap set and empty","ShermanLF","2018-11-01","2018-11-01",,,,,,,,,,,,,,,,,,,,,,,,,,,,,,,,,,,,,,,"jbrown1@battelleecology.org","jbrown1@battelleecology.org",,
"0a489ab3-b7df-4f3d-9fe2-8f23e7b00475","ffac5564-0f30-476f-bb9f-e08cdb8129bb","OSBS_004.mammalGrid.mam","D03","OSBS","OSBS_004","G2","distributed","evergreenForest",29.682962,-81.958186,"WGS84",45.1,34.7,0.1,"6 - trap set and empty","ShermanLF","2018-11-01","2018-11-01",,,,,,,,,,,,,,,,,,,,,,,,,,,,,,,,,,,,,,,"jbrown1@battelleecology.org","jbrown1@battelleecology.org",,
"f5d15b4b-ca31-4dd6-94f1-52e15ec44336","ffac5564-0f30-476f-bb9f-e08cdb8129bb","OSBS_004.mammalGrid.mam","D03","OSBS","OSBS_004","B6","distributed","evergreenForest",29.682962,-81.958186,"WGS84",45.1,34.7,0.1,"6 - trap set and empty","ShermanLF","2018-11-01","2018-11-01",,,,,,,,,,,,,,,,,,,,,,,,,,,,,,,,,,,,,,,"jbrown1@battelleecology.org","jbrown1@battelleecology.org",,
"25a2c878-0dbc-45cd-9a4a-2ee6e20cf0e1","ffac5564-0f30-476f-bb9f-e08cdb8129bb","OSBS_004.mammalGrid.mam","D03","OSBS","OSBS_004","B1","distributed","evergreenForest",29.682962,-81.958186,"WGS84",45.1,34.7,0.1,"6 - trap set and empty","ShermanLF","2018-11-01","2018-11-01",,,,,,,,,,,,,,,,,,,,,,,,,,,,,,,,,,,,,,,"jbrown1@battelleecology.org","jbrown1@battelleecology.org",,
"fe37a49e-f601-4309-8d96-50468d7ea16d","ffac5564-0f30-476f-bb9f-e08cdb8129bb","OSBS_004.mammalGrid.mam","D03","OSBS","OSBS_004","H5","distributed","evergreenForest",29.682962,-81.958186,"WGS84",45.1,34.7,0.1,"6 - trap set and empty","ShermanLF","2018-11-01","2018-11-01",,,,,,,,,,,,,,,,,,,,,,,,,,,,,,,,,,,,,,,"jbrown1@battelleecology.org","jbrown1@battelleecology.org",,
"831e1130-0053-4af6-b7bd-f801264643b4","ffac5564-0f30-476f-bb9f-e08cdb8129bb","OSBS_004.mammalGrid.mam","D03","OSBS","OSBS_004","J10","distributed","evergreenForest",29.682962,-81.958186,"WGS84",45.1,34.7,0.1,"6 - trap set and empty","ShermanLF","2018-11-01","2018-11-01",,,,,,,,,,,,,,,,,,,,,,,,,,,,,,,,,,,,,,,"jbrown1@battelleecology.org","jbrown1@battelleecology.org",,
"1c444f35-071b-4e3a-8a24-0c772435800d","ffac5564-0f30-476f-bb9f-e08cdb8129bb","OSBS_004.mammalGrid.mam","D03","OSBS","OSBS_004","I1","distributed","evergreenForest",29.682962,-81.958186,"WGS84",45.1,34.7,0.1,"6 - trap set and empty","ShermanLF","2018-11-01","2018-11-01",,,,,,,,,,,,,,,,,,,,,,,,,,,,,,,,,,,,,,,"jbrown1@battelleecology.org","jbrown1@battelleecology.org",,
"b0b090c2-71dd-4fe1-b7e2-cadf94b6b5aa","ffac5564-0f30-476f-bb9f-e08cdb8129bb","OSBS_004.mammalGrid.mam","D03","OSBS","OSBS_004","C2","distributed","evergreenForest",29.682962,-81.958186,"WGS84",45.1,34.7,0.1,"6 - trap set and empty","ShermanLF","2018-11-01","2018-11-01",,,,,,,,,,,,,,,,,,,,,,,,,,,,,,,,,,,,,,,"jbrown1@battelleecology.org","jbrown1@battelleecology.org",,
"eefed44d-2709-41f3-a62a-e8d743622711","ffac5564-0f30-476f-bb9f-e08cdb8129bb","OSBS_004.mammalGrid.mam","D03","OSBS","OSBS_004","F2","distributed","evergreenForest",29.682962,-81.958186,"WGS84",45.1,34.7,0.1,"6 - trap set and empty","ShermanLF","2018-11-01","2018-11-01",,,,,,,,,,,,,,,,,,,,,,,,,,,,,,,,,,,,,,,"jbrown1@battelleecology.org","jbrown1@battelleecology.org",,
"39f64f6e-3506-43ef-b03a-872e78f5a5be","ffac5564-0f30-476f-bb9f-e08cdb8129bb","OSBS_004.mammalGrid.mam","D03","OSBS","OSBS_004","J6","distributed","evergreenForest",29.682962,-81.958186,"WGS84",45.1,34.7,0.1,"1 - trap not set","ShermanLF","2018-11-01","2018-11-01",,,,,,,,,,,,,,,,,,,,,,,,,,,,,,,,,,,,,,,"jbrown1@battelleecology.org","jbrown1@battelleecology.org",,
"34553556-fc72-4c19-ba11-9fd535742c88","ffac5564-0f30-476f-bb9f-e08cdb8129bb","OSBS_004.mammalGrid.mam","D03","OSBS","OSBS_004","B4","distributed","evergreenForest",29.682962,-81.958186,"WGS84",45.1,34.7,0.1,"6 - trap set and empty","ShermanLF","2018-11-01","2018-11-01",,,,,,,,,,,,,,,,,,,,,,,,,,,,,,,,,,,,,,,"jbrown1@battelleecology.org","jbrown1@battelleecology.org",,
"b4e504ec-35f6-4b50-affa-0896cec789b9","ffac5564-0f30-476f-bb9f-e08cdb8129bb","OSBS_004.mammalGrid.mam","D03","OSBS","OSBS_004","A10","distributed","evergreenForest",29.682962,-81.958186,"WGS84",45.1,34.7,0.1,"6 - trap set and empty","ShermanLF","2018-11-01","2018-11-01",,,,,,,,,,,,,,,,,,,,,,,,,,,,,,,,,,,,,,,"jbrown1@battelleecology.org","jbrown1@battelleecology.org",,
"66df604e-d7c2-48c3-84eb-4c8dae0522e6","ffac5564-0f30-476f-bb9f-e08cdb8129bb","OSBS_004.mammalGrid.mam","D03","OSBS","OSBS_004","I6","distributed","evergreenForest",29.682962,-81.958186,"WGS84",45.1,34.7,0.1,"6 - trap set and empty","ShermanLF","2018-11-01","2018-11-01",,,,,,,,,,,,,,,,,,,,,,,,,,,,,,,,,,,,,,,"jbrown1@battelleecology.org","jbrown1@battelleecology.org",,
"4685ddf3-d35f-4ee4-9bb7-0048c8c7f468","ffac5564-0f30-476f-bb9f-e08cdb8129bb","OSBS_004.mammalGrid.mam","D03","OSBS","OSBS_004","G4","distributed","evergreenForest",29.682962,-81.958186,"WGS84",45.1,34.7,0.1,"6 - trap set and empty","ShermanLF","2018-11-01","2018-11-01",,,,,,,,,,,,,,,,,,,,,,,,,,,,,,,,,,,,,,,"jbrown1@battelleecology.org","jbrown1@battelleecology.org",,
