uid,nightuid,namedLocation,domainID,siteID,plotID,collectDate,endDate,samplingProtocolVersion,remarks,dataQF
"7104a380-df53-4da2-af65-31f8beb9da02","bee8166f-6090-4517-8c3a-be42cc24d2f3","SCBI_002.mammalGrid.mam","D02","SCBI","SCBI_002","2018-08-07","2018-08-07","NEON.DOC.000481vK","plot closed due to high disturbance; many traps knocked over",
"4d89ea53-17f4-45e5-9885-6ffe4b69a91e","78c1448b-3a68-49ae-8d73-e94203bd337f","SCBI_035.mammalGrid.mam","D02","SCBI","SCBI_035","2018-08-07","2018-08-07","NEON.DOC.000481vK","grass 7ft tall",
"e0cb2665-aa57-42dc-9254-ff9f2f58c04c","7875b96f-243c-4bf3-be3e-7034b713b820","SCBI_008.mammalGrid.mam","D02","SCBI","SCBI_008","2018-08-07","2018-08-07","NEON.DOC.000481vK",,
"14980e38-47e5-4afb-8f47-658e5871f3aa","364bec51-a9ea-439a-8fce-80dd7b9dde84","SCBI_004.mammalGrid.mam","D02","SCBI","SCBI_004","2018-08-08","2018-08-08","NEON.DOC.000481vK",,
"b9112f7f-d5b9-4601-a702-2a2db98a5350","f38bc946-5427-4afd-b613-9a30b2972f15","SCBI_035.mammalGrid.mam","D02","SCBI","SCBI_035","2018-08-08","2018-08-08","NEON.DOC.000481vK","Tall grass 7ft wet",
"3480cfda-77b4-4c43-b802-7bf07883d2fe","baf3928f-0102-4fbd-ad72-faecdc26a03b","SCBI_008.mammalGrid.mam","D02","SCBI","SCBI_008","2018-08-08","2018-08-08","NEON.DOC.000481vK",,
"6dab13f7-7176-4f2f-8e3c-a3b4ae24b306","ea44295f-82bc-4623-b2e9-655f7e01bb5b","SCBI_035.mammalGrid.mam","D02","SCBI","SCBI_035","2018-08-09","2018-08-09","NEON.DOC.000481vK","Grass 7ft tall",
"7fe91d73-643a-4465-b712-76eaf5e26c07","6a7b30f2-c591-4510-94d1-df25e4932cbc","SCBI_008.mammalGrid.mam","D02","SCBI","SCBI_008","2018-08-09","2018-08-09","NEON.DOC.000481vK",,
"d5be0ac7-e9d4-491b-bbea-5b0cded6b3ce","c20710d1-c706-4ba6-a290-69f8c3fefe70","SCBI_003.mammalGrid.mam","D02","SCBI","SCBI_003","2018-08-10","2018-08-10","NEON.DOC.000481vK",,
