uid,nightuid,namedLocation,domainID,siteID,plotID,collectDate,endDate,samplingProtocolVersion,remarks,dataQF
"c100c0b0-2faf-451e-b1bb-c850eca8d76b","FFA220C745514B498D56982411910AA8","ONAQ_005.mammalGrid.mam","D15","ONAQ","ONAQ_005","2016-11-03","2016-11-03","NEON.DOC.000481vH",,
"83ad78e4-c4ce-4be6-8130-54b3ebd43951","2844AE3E64624CC991C514A99AF7CF6B","ONAQ_003.mammalGrid.mam","D15","ONAQ","ONAQ_003","2016-11-03","2016-11-03","NEON.DOC.000481vH",,
"773f55af-9ed0-4382-9b45-782fbf4be637","77D8A5A92F334F5BAF7D3401183B1F0C","ONAQ_020.mammalGrid.mam","D15","ONAQ","ONAQ_020","2016-11-03","2016-11-03","NEON.DOC.000481vH",,
"712e89cc-7b11-4a21-8d85-41d29872d0d3","DBAE5FE124D64B8795C0D97A41D8A4BA","ONAQ_020.mammalGrid.mam","D15","ONAQ","ONAQ_020","2016-11-04","2016-11-04","NEON.DOC.000481vH","L2977 (DIMI) was found dead outside of the plot by coordinate J10",
"c16b6d7b-dc60-40db-83e1-56e41fe92114","DEFEFEF528EB41CB8705D9EE5D977E3B","ONAQ_005.mammalGrid.mam","D15","ONAQ","ONAQ_005","2016-11-04","2016-11-04","NEON.DOC.000481vH",,
"367eecaf-cc5a-426a-bd57-6e06a201d1bc","59DCD9DCCC7345EEAB3EC90D58D46710","ONAQ_003.mammalGrid.mam","D15","ONAQ","ONAQ_003","2016-11-04","2016-11-04","NEON.DOC.000481vH",,
"080c30d0-48af-4606-a2c3-6641a678b2af","DAAEFB46CA184F40B03A630C78D97911","ONAQ_005.mammalGrid.mam","D15","ONAQ","ONAQ_005","2016-11-05","2016-11-05","NEON.DOC.000481vH",,
"7d8cc188-19d6-4dc0-ba6d-95dfe903fb17","A22C6FB215C04987A37C2F8F8A2C7C19","ONAQ_020.mammalGrid.mam","D15","ONAQ","ONAQ_020","2016-11-05","2016-11-05","NEON.DOC.000481vH",,
"171ce7e2-5b52-48dd-83fe-559a0e71a4e1","CA167F3163BA41149C98A4644A537744","ONAQ_003.mammalGrid.mam","D15","ONAQ","ONAQ_003","2016-11-05","2016-11-05","NEON.DOC.000481vH",,
