uid,nightuid,namedLocation,domainID,siteID,plotID,collectDate,endDate,samplingProtocolVersion,remarks,dataQF
"5900b076-199c-4efc-99a6-fa46e4328ee2","511e7344-791b-4d87-8503-497743161161","HARV_023.mammalGrid.mam","D01","HARV","HARV_023","2018-06-05","2018-06-05","NEON.DOC.000481vK",,
"fd90b2c0-ea68-4018-9f31-2f9439c9cac1","478f9920-f615-4cbb-bd02-aadcdfdac42b","HARV_008.mammalGrid.mam","D01","HARV","HARV_008","2018-06-05","2018-06-05","NEON.DOC.000481vK",,
"c16aa040-f56a-4127-8943-c3a0640ef18f","dcd3309c-803a-49b7-8247-5a0eab1f6cb9","HARV_021.mammalGrid.mam","D01","HARV","HARV_021","2018-06-05","2018-06-05","NEON.DOC.000481vK",,
"af4ad4c8-fd3d-4252-a645-c51ba0dd9a9b","50417b65-0304-44bc-9a4c-8e6b10ebbca7","HARV_023.mammalGrid.mam","D01","HARV","HARV_023","2018-06-06","2018-06-06","NEON.DOC.000481vK",,
"8fb163f4-87b0-4d3b-b683-13a5199732c5","37368fad-9b3f-4795-8705-d955e12c6304","HARV_021.mammalGrid.mam","D01","HARV","HARV_021","2018-06-06","2018-06-06","NEON.DOC.000481vK",,
"bd1719ec-13bb-4988-a8c2-227e325bf4c0","3252bc52-ae6e-463b-a0f4-92112023859e","HARV_008.mammalGrid.mam","D01","HARV","HARV_008","2018-06-06","2018-06-06","NEON.DOC.000481vK",,
"8e749134-36be-400f-ac91-73ab51fe2a2f","edd87838-05ce-4748-9829-a7bc85f4d81e","HARV_023.mammalGrid.mam","D01","HARV","HARV_023","2018-06-07","2018-06-07","NEON.DOC.000481vK",,
"4563c8a3-f427-4149-8c7b-322e8a078111","d09965c0-5786-4dca-bdc9-d10942e09fc4","HARV_021.mammalGrid.mam","D01","HARV","HARV_021","2018-06-07","2018-06-07","NEON.DOC.000481vK",,
"27f731ac-0662-499f-abc2-6bc304b0633b","7b7cf2d0-c22d-41c5-abbe-306d84813342","HARV_008.mammalGrid.mam","D01","HARV","HARV_008","2018-06-07","2018-06-07","NEON.DOC.000481vK",,
"231dc888-1b5e-4dcd-b885-2356d48d5dbd","976ee86d-42c1-4022-9fc3-bb1fdc1179e1","HARV_010.mammalGrid.mam","D01","HARV","HARV_010","2018-06-08","2018-06-08","NEON.DOC.000481vK",,
"d1b90043-51a9-434f-b490-dcb1fceb7611","99c459cd-70fd-4ccf-bc5d-8d2191d067ad","HARV_006.mammalGrid.mam","D01","HARV","HARV_006","2018-06-08","2018-06-08","NEON.DOC.000481vK",,
"17bb5980-1d61-43be-a2d3-66a39f172370","c5dc54b6-91b1-40eb-8bfb-190efde14810","HARV_001.mammalGrid.mam","D01","HARV","HARV_001","2018-06-08","2018-06-08","NEON.DOC.000481vK",,
