uid,nightuid,namedLocation,domainID,siteID,plotID,collectDate,endDate,samplingProtocolVersion,remarks,dataQF
"8b8c5943-492e-458c-a170-7984b0b11177","377053bf-32af-47ff-bfa4-49828f98f490","STER_006.mammalGrid.mam","D10","STER","STER_006","2018-05-22","2018-05-22","NEON.DOC.000481vK",,
"42d8801f-2e52-4c49-a154-453fd4b7b6f1","941be6cd-0e8a-431e-a1a8-33dedfcdf0a8","STER_029.mammalGrid.mam","D10","STER","STER_029","2018-05-22","2018-05-22","NEON.DOC.000481vK",,
"c754ba27-26a3-49bb-92ed-10e9b5673e12","621a91b4-b0ef-4b21-ba7e-5d2006db16bb","STER_031.mammalGrid.mam","D10","STER","STER_031","2018-05-22","2018-05-22","NEON.DOC.000481vK",,
"5bf9c686-ab96-4b3a-869c-dc55928a861a","cdf830bd-cdb6-4091-b38c-2ada6ed22f84","STER_027.mammalGrid.mam","D10","STER","STER_027","2018-05-22","2018-05-22","NEON.DOC.000481vK",,
"976a10fb-3e81-4a6c-8ea7-33977d5afa0d","0f52d5a7-e57e-4770-a1e9-25397cbd6126","STER_026.mammalGrid.mam","D10","STER","STER_026","2018-05-23","2018-05-23","NEON.DOC.000481vK",,
"672e3c76-223d-4e4a-a306-4b17efdb5f98","53b4618a-40ba-4bbc-aac4-585470e48592","STER_031.mammalGrid.mam","D10","STER","STER_031","2018-05-23","2018-05-23","NEON.DOC.000481vK",,
"043221e7-93f4-4500-b775-b8d1585bee2c","05a756e4-a507-4523-baf8-af7c89910da6","STER_006.mammalGrid.mam","D10","STER","STER_006","2018-05-23","2018-05-23","NEON.DOC.000481vK",,
"4a76001c-31ad-4441-91a1-72a1941be2d2","4c1597f5-ab24-41f8-8ed3-32b5fdf9942b","STER_028.mammalGrid.mam","D10","STER","STER_028","2018-05-23","2018-05-23","NEON.DOC.000481vK",,
"eb1d8687-eef4-4622-acdf-a7e7f1c1cf23","3e0f3aa9-a9c9-45d9-9d8a-6045f35e7c40","STER_029.mammalGrid.mam","D10","STER","STER_029","2018-05-23","2018-05-23","NEON.DOC.000481vK",,
"d6e8f6a4-eb53-495e-b837-2b9fb0fc4ff3","e2172adc-f753-4c75-81e1-253600dcd23b","STER_029.mammalGrid.mam","D10","STER","STER_029","2018-05-24","2018-05-24","NEON.DOC.000481vK",,
"645d33d4-1824-4489-a2ff-88f284a853aa","f446b116-6683-497f-a4d7-95bfcc6d974f","STER_031.mammalGrid.mam","D10","STER","STER_031","2018-05-24","2018-05-24","NEON.DOC.000481vK",,
"98b9c852-a0af-4d37-9400-961780c6e064","031a6535-b3a8-46ff-ae5e-da55276aae8a","STER_006.mammalGrid.mam","D10","STER","STER_006","2018-05-24","2018-05-24","NEON.DOC.000481vK",,
