uid,nightuid,namedLocation,domainID,siteID,plotID,collectDate,endDate,samplingProtocolVersion,remarks,dataQF
"9a7c1a7f-ceab-412b-bac1-f4c8583ca148","0804e34a-2fda-4825-b7fd-f67a83ff2eaf","STER_006.mammalGrid.mam","D10","STER","STER_006","2017-09-28","2017-09-28","NEON.DOC.000481vJ",,
"40cb71d6-a8d2-4317-88b7-38016503ccf6","a3c0309c-1b85-411a-9538-c66dbdc712db","STER_028.mammalGrid.mam","D10","STER","STER_028","2017-09-28","2017-09-28","NEON.DOC.000481vJ",,
"934a62c4-3225-4f68-a4d9-436105acb553","45d523a6-f62c-478c-b483-d9d048d5944e","STER_031.mammalGrid.mam","D10","STER","STER_031","2017-09-28","2017-09-28","NEON.DOC.000481vJ",,
"054ef6a2-92b1-4f96-977d-c6a5189011fe","35f82654-10db-417b-9a14-49004cca6131","STER_029.mammalGrid.mam","D10","STER","STER_029","2017-09-28","2017-09-28","NEON.DOC.000481vJ",,
"6fa76bc5-143c-4821-a5fd-45c3553136dd","02c1511d-bc5c-42c0-aefc-607e56184604","STER_026.mammalGrid.mam","D10","STER","STER_026","2017-09-28","2017-09-28","NEON.DOC.000481vJ",,
"745f7d77-4844-4eb8-9f87-6296a6f8dc2a","2810c326-76ac-4875-bed7-b7ec2e64fa8a","STER_029.mammalGrid.mam","D10","STER","STER_029","2017-09-29","2017-09-29","NEON.DOC.000481vJ",,
"9a04af8a-e3d9-4ccb-8299-75d4ddcae0ba","1a576170-b33d-494d-bc68-4e091be23623","STER_031.mammalGrid.mam","D10","STER","STER_031","2017-09-29","2017-09-29","NEON.DOC.000481vJ",,
"68d77db5-e1f3-4dd1-9b05-006455a0b873","28b6cbbf-f4ee-4b58-b6ec-c54e9efe80c6","STER_006.mammalGrid.mam","D10","STER","STER_006","2017-09-29","2017-09-29","NEON.DOC.000481vJ",,
