uid,nightuid,namedLocation,domainID,siteID,plotID,collectDate,endDate,samplingProtocolVersion,remarks,dataQF
"c2fe2185-886f-4857-a784-f2fa9c7a0c45","D12B3FD554A44E6A88AF4F4C51A25646","OSBS_003.mammalGrid.mam","D03","OSBS","OSBS_003","2015-10-13","2015-10-13",,"no captures",
"573d01cc-fc49-4230-b9c7-30c0c298788b","FBB4E3DE2F29477A81D4277C443214E7","OSBS_023.mammalGrid.mam","D03","OSBS","OSBS_023","2015-10-13","2015-10-13",,"no captures",
"60ba8f5b-2da7-40e6-8544-a3acac24b90c","CE3F45B3A636420EBF76B830A911D07D","OSBS_005.mammalGrid.mam","D03","OSBS","OSBS_005","2015-10-13","2015-10-13",,,
"790e6e7c-43c1-45d5-addc-ed5fea1aadeb","6118AFD3A43F4E9EB0D3D6DAA52C6162","OSBS_004.mammalGrid.mam","D03","OSBS","OSBS_004","2015-10-13","2015-10-13",,"no captures",
"5889ad4a-5a94-48f1-9d2d-efd90d331682","4B42FDD00C0F4654AA1728D37B2021E3","OSBS_012.mammalGrid.mam","D03","OSBS","OSBS_012","2015-10-14","2015-10-14",,"no captures",
"a3854531-81bf-4cdb-83ff-53805ca959bf","8EFFCC83332E4088A3EEF54A7A291FFE","OSBS_023.mammalGrid.mam","D03","OSBS","OSBS_023","2015-10-14","2015-10-14",,"no captures",
"173cf105-55f1-44a4-b303-e831fd00d765","70C3B8DF67D44307A3771D9DD58C7175","OSBS_004.mammalGrid.mam","D03","OSBS","OSBS_004","2015-10-14","2015-10-14",,,
"d552174b-aa89-4259-bd52-398e6044fd4c","240971BB601F498A92D08C26DBB24FB2","OSBS_003.mammalGrid.mam","D03","OSBS","OSBS_003","2015-10-14","2015-10-14",,,
"b7cea451-ee3a-4d5b-a3cc-9be54a26d7b2","2DA035E63BE9438E8B3F4A774D221C3D","OSBS_023.mammalGrid.mam","D03","OSBS","OSBS_023","2015-10-15","2015-10-15",,,
"113ce6ad-ae06-4c16-9582-6f01bae3f361","058A4A6ADCE549EB92477EECB622A298","OSBS_004.mammalGrid.mam","D03","OSBS","OSBS_004","2015-10-15","2015-10-15",,,
"7a0f3e23-4e19-4b0a-9d1f-e7936b29d495","E2ECBAE836EF49B29EABBA16D60CD8A1","OSBS_003.mammalGrid.mam","D03","OSBS","OSBS_003","2015-10-15","2015-10-15",,,
"17c32524-9007-4166-8807-058c5dd0a0fc","E26ADDED4AF548FE87A76C81C3A8E055","OSBS_002.mammalGrid.mam","D03","OSBS","OSBS_002","2015-10-15","2015-10-15",,,
