uid,nightuid,namedLocation,domainID,siteID,plotID,collectDate,endDate,samplingProtocolVersion,remarks,dataQF
"40a390f1-b095-41e9-b9a5-2ed54891f250","37034b88-e82b-4d58-bccd-a8899b20af65","OAES_029.mammalGrid.mam","D11","OAES","OAES_029","2017-09-12","2017-09-12","NEON.DOC.000481vJ",,
"d5384551-619b-4615-bfbc-11ab04982c7a","8fd30dc8-71e5-4403-9b2f-c11bee495601","OAES_004.mammalGrid.mam","D11","OAES","OAES_004","2017-09-12","2017-09-12","NEON.DOC.000481vJ",,
"a04b2f21-73e5-4fab-a97d-f0385cc6a090","e56df94b-19a2-41c4-9e40-8d51c8c071eb","OAES_003.mammalGrid.mam","D11","OAES","OAES_003","2017-09-12","2017-09-12","NEON.DOC.000481vJ",,
"ae22ee9f-2e0b-408b-9c03-74697cf924c0","b0a91056-9d1d-4a10-8fb3-ce675dfc3cdc","OAES_001.mammalGrid.mam","D11","OAES","OAES_001","2017-09-13","2017-09-13","NEON.DOC.000481vJ",,
"6cc160c2-9b6b-44b4-a6e0-9e9bd6b80603","1adb5727-1675-44d0-b0fe-a5cf62f17093","OAES_007.mammalGrid.mam","D11","OAES","OAES_007","2017-09-13","2017-09-13","NEON.DOC.000481vJ",,
"a49e0939-4b20-4643-aa8f-d7661c454f8a","6ffe4076-c123-44a8-acef-434a762dd0d3","OAES_002.mammalGrid.mam","D11","OAES","OAES_002","2017-09-13","2017-09-13","NEON.DOC.000481vJ",,
"86e58734-2a01-4974-8c39-344e1f25279f","00fd0cc9-c5ba-43e3-b565-35b78596bee7","OAES_002.mammalGrid.mam","D11","OAES","OAES_002","2017-09-14","2017-09-14","NEON.DOC.000481vJ",,
"ddacecf5-b1dd-4aee-b620-c0a20d94bf21","858678f5-c132-43ea-99b3-9fa6997c675c","OAES_007.mammalGrid.mam","D11","OAES","OAES_007","2017-09-14","2017-09-14","NEON.DOC.000481vJ",,
"fb9d28d9-9257-4cb3-aa3f-2be83b57099a","c690e0a2-312e-48e0-be11-b2bd93e0dd4e","OAES_001.mammalGrid.mam","D11","OAES","OAES_001","2017-09-14","2017-09-14","NEON.DOC.000481vJ",,
"fff7d6b4-6254-4602-816e-065b5cc397a5","bd5fffd8-10ad-49e1-8d0b-d11bb4e96a2b","OAES_002.mammalGrid.mam","D11","OAES","OAES_002","2017-09-15","2017-09-15","NEON.DOC.000481vJ",,
"1089d18e-6539-4316-b4cc-5f6b5a2598e4","b1f59ca6-caf5-4675-857e-d02bc501c6e9","OAES_007.mammalGrid.mam","D11","OAES","OAES_007","2017-09-15","2017-09-15","NEON.DOC.000481vJ",,
"081c6de4-3d85-40e7-8c16-9d7f303cf139","cbfb5361-d4d1-471b-a559-a108df288022","OAES_001.mammalGrid.mam","D11","OAES","OAES_001","2017-09-15","2017-09-15","NEON.DOC.000481vJ",,
