uid,nightuid,namedLocation,domainID,siteID,plotID,collectDate,endDate,samplingProtocolVersion,remarks,dataQF
"1881c8db-4f62-45da-aeb0-ce43f23c3c00","7f693576-7d28-4c54-bb66-4dd49d1ea695","NOGP_017.mammalGrid.mam","D09","NOGP","NOGP_017","2018-07-17","2018-07-17","NEON.DOC.000481vK",,
"e535f279-a9cd-46b9-becf-10b8026c8c84","e9f79b95-b08b-49b7-86d4-8cb65c9d12a8","NOGP_005.mammalGrid.mam","D09","NOGP","NOGP_005","2018-07-17","2018-07-17","NEON.DOC.000481vK",,
"e32e5bb6-312d-4b4b-b4a1-a4a2e18df487","8fea11ff-a3d0-43c5-bc6d-4191a10e1006","NOGP_007.mammalGrid.mam","D09","NOGP","NOGP_007","2018-07-17","2018-07-17","NEON.DOC.000481vK",,
"bab02c75-555c-42ca-ad9b-37c070db00d8","86894e86-5a06-45e0-8976-c19ac2ab2e6b","NOGP_002.mammalGrid.mam","D09","NOGP","NOGP_002","2018-07-17","2018-07-17","NEON.DOC.000481vK",,
"34888358-9545-42d7-af4c-d8e86bdbcfbc","be1c4c05-71df-457b-8951-17f2aad52389","NOGP_005.mammalGrid.mam","D09","NOGP","NOGP_005","2018-07-18","2018-07-18","NEON.DOC.000481vK",,
"5177ed6d-51c7-425a-a6fa-8370fe2cb81d","6c59f7f4-080e-4314-b672-c333da3c5086","NOGP_017.mammalGrid.mam","D09","NOGP","NOGP_017","2018-07-18","2018-07-18","NEON.DOC.000481vK",,
"0668c181-41e0-4be3-913b-c481b2d740d6","fdf2fa33-7c94-48c5-80cf-09725de327cb","NOGP_002.mammalGrid.mam","D09","NOGP","NOGP_002","2018-07-18","2018-07-18","NEON.DOC.000481vK",,
"1a974150-b16b-4d8e-a34a-eb2730f21e25","a4abe5ec-d862-46bb-8ab8-f54a1395394d","NOGP_014.mammalGrid.mam","D09","NOGP","NOGP_014","2018-07-18","2018-07-18","NEON.DOC.000481vK",,
"b12e23c0-14e9-4b83-81bf-951ef7233326","733108e2-3967-478c-8040-9eea3905480e","NOGP_005.mammalGrid.mam","D09","NOGP","NOGP_005","2018-07-19","2018-07-19","NEON.DOC.000481vK",,
"10ce1b6f-99bb-4aae-8875-e66540c35e2d","6ab0dbb4-d2f3-487b-ad76-f170dd9b9ae0","NOGP_017.mammalGrid.mam","D09","NOGP","NOGP_017","2018-07-19","2018-07-19","NEON.DOC.000481vK",,
"8abf28ef-d8fd-4bce-ab36-a92688d2ac48","5223d890-848c-479f-b439-0850fb4a8167","NOGP_009.mammalGrid.mam","D09","NOGP","NOGP_009","2018-07-19","2018-07-19","NEON.DOC.000481vK",,
"3fe03922-8fa1-4f0f-acf9-ce2921f3c019","31ba1171-457c-4847-a957-939227d0f08b","NOGP_002.mammalGrid.mam","D09","NOGP","NOGP_002","2018-07-19","2018-07-19","NEON.DOC.000481vK",,
