uid,nightuid,namedLocation,domainID,siteID,plotID,collectDate,endDate,samplingProtocolVersion,remarks,dataQF
"b9abff5a-53c2-4613-8e32-9ea82a72a707","CE7868D6F63F42F68A628A56AF056622","CPER_005.mammalGrid.mam","D10","CPER","CPER_005","2016-07-26","2016-07-26","NEON.DOC.000481vH",,
"d68332ab-2eec-424e-8483-4746dc0f79f1","037D62E01BF14ED6B10E1C6758162B36","CPER_015.mammalGrid.mam","D10","CPER","CPER_015","2016-07-26","2016-07-26","NEON.DOC.000481vH",,
"a1928c2f-81b5-46f6-b73c-59e461b28076","66C265559ED5483EB9BA5C1A7FE94E25","CPER_005.mammalGrid.mam","D10","CPER","CPER_005","2016-07-26","2016-07-26","NEON.DOC.000481vH",,
"57a9c84e-9e5d-4300-9b6c-5673a4a49007","056E104466DE44569A513048EBFB04D7","CPER_011.mammalGrid.mam","D10","CPER","CPER_011","2016-07-26","2016-07-26","NEON.DOC.000481vH",,
"28e0cbf9-ba73-471b-9a32-0a93f192b2f5","9056398F51354738917119EF7D16E4B3","CPER_006.mammalGrid.mam","D10","CPER","CPER_006","2016-07-26","2016-07-26","NEON.DOC.000481vH",,
"f9574630-ee0d-48c1-a831-a85cb37f87cf","633E03DCB2A744009A7B03320847605F","CPER_009.mammalGrid.mam","D10","CPER","CPER_009","2016-07-26","2016-07-26","NEON.DOC.000481vH",,
"7f5bf40e-6e03-4a37-b1f2-d524c536cf3d","2A5E507746E644D08D53BC62D9D27454","CPER_015.mammalGrid.mam","D10","CPER","CPER_015","2016-07-26","2016-07-26","NEON.DOC.000481vH",,
"e5905047-1770-4d3a-bd7c-37bbc1e26cb0","2D692EAFE9A74C16BA51C3153C954701","CPER_002.mammalGrid.mam","D10","CPER","CPER_002","2016-07-27","2016-07-27","NEON.DOC.000481vH",,
"9c3bd056-ce1c-4a10-b49c-32faf27d3796","A61AE28541A44811B320265CADA4AC02","CPER_005.mammalGrid.mam","D10","CPER","CPER_005","2016-07-27","2016-07-27","NEON.DOC.000481vH",,
"b2aa9ef3-4c42-4b36-a1d2-88b1869ae1d2","D13B24517F7A4B29BC618EE51A7332E5","CPER_011.mammalGrid.mam","D10","CPER","CPER_011","2016-07-27","2016-07-27","NEON.DOC.000481vH",,
"3c3aee73-e259-40df-9753-106f789c1ec6","67D57407979D49DFBC8A26ED664AFB6A","CPER_015.mammalGrid.mam","D10","CPER","CPER_015","2016-07-27","2016-07-27","NEON.DOC.000481vH",,
"ad0320f3-0a2b-4554-849b-94cfeb6657db","A638D04F093C49D1BA0A3715A31023A5","CPER_008.mammalGrid.mam","D10","CPER","CPER_008","2016-07-27","2016-07-27","NEON.DOC.000481vH",,
"82857639-afc6-4a80-8cb7-a3621d070902","01A8B604BA7742C0B8183DBD1DAE5057","CPER_005.mammalGrid.mam","D10","CPER","CPER_005","2016-07-28","2016-07-28","NEON.DOC.000481vH",,
"8287c63e-b7d5-4b53-b7ea-48492de425fc","6CCC903E3F7A497393E48725DBCF417E","CPER_011.mammalGrid.mam","D10","CPER","CPER_011","2016-07-28","2016-07-28","NEON.DOC.000481vH",,
"c927a6fb-cf7d-4e5c-bf8b-0664b4e5d87e","0A0686E4A0AD436283DE41A822E98E57","CPER_015.mammalGrid.mam","D10","CPER","CPER_015","2016-07-28","2016-07-28","NEON.DOC.000481vH",,
"5834c6ae-9fb8-456c-8315-0e5b89720791","AAC89D0DBE6A4EE19EB8168AAACC7690","CPER_004.mammalGrid.mam","D10","CPER","CPER_004","2016-07-28","2016-07-28","NEON.DOC.000481vH",,
