uid,nightuid,namedLocation,domainID,siteID,plotID,collectDate,endDate,samplingProtocolVersion,remarks,dataQF
"21c1a311-986a-4e88-bd04-9c7f741c4c5a","5c944c97-b76d-40dc-bed7-40dd521c8c79","ORNL_001.mammalGrid.mam","D07","ORNL","ORNL_001","2018-10-02","2018-10-02","NEON.DOC.000481vK",,
"44576fcc-49f8-48a7-b9b5-f5dc110123f7","b1325119-7fe6-44c6-ab1f-6d5329e79870","ORNL_003.mammalGrid.mam","D07","ORNL","ORNL_003","2018-10-02","2018-10-02","NEON.DOC.000481vK",,
"29d23987-8902-49c8-b785-2b62f7524a46","a45e9a9d-9398-41f7-b220-090e63f7fcac","ORNL_039.mammalGrid.mam","D07","ORNL","ORNL_039","2018-10-02","2018-10-02","NEON.DOC.000481vK",,
"5832c87e-f87b-4d85-ae74-6bd1c6c5d266","d5fcb980-0cf1-45dd-8b00-1b03bf628044","ORNL_002.mammalGrid.mam","D07","ORNL","ORNL_002","2018-10-02","2018-10-02","NEON.DOC.000481vK",,
"b52a146e-824e-4d42-a863-5884fccc6f0f","a1f39339-140f-4a3b-883e-f02679f7665e","ORNL_002.mammalGrid.mam","D07","ORNL","ORNL_002","2018-10-03","2018-10-03","NEON.DOC.000481vK",,
"e5baa2bc-2fd5-4570-9351-e7ca2e04e82e","6cdc1a39-005e-49fe-be13-a7dba408d23b","ORNL_003.mammalGrid.mam","D07","ORNL","ORNL_003","2018-10-03","2018-10-03","NEON.DOC.000481vK",,
"c919033c-41f5-45e9-9079-149faeacfb81","6db954de-7e9c-4fdd-81fd-62e6a34a573c","ORNL_027.mammalGrid.mam","D07","ORNL","ORNL_027","2018-10-03","2018-10-03","NEON.DOC.000481vK",,
"25199f2b-4e78-4d62-9789-4c29ac586408","d86bce02-ddba-4d48-890e-4d670cf402d2","ORNL_001.mammalGrid.mam","D07","ORNL","ORNL_001","2018-10-03","2018-10-03","NEON.DOC.000481vK",,
"61b4a11f-efa8-4b2f-9053-52a6cc2004e2","8c595970-87d8-42fd-8953-326ba7ae45a3","ORNL_002.mammalGrid.mam","D07","ORNL","ORNL_002","2018-10-04","2018-10-04","NEON.DOC.000481vK",,
"c0530dea-2dd2-473b-82e0-f493d5910641","7e19e8d8-3741-4358-9e47-361cce08867b","ORNL_007.mammalGrid.mam","D07","ORNL","ORNL_007","2018-10-04","2018-10-04","NEON.DOC.000481vK",,
"a2c8a7a1-88f0-4cf8-b3ca-44618060fb4d","37d1e29d-4323-4df1-b77e-cb296e784d4e","ORNL_001.mammalGrid.mam","D07","ORNL","ORNL_001","2018-10-04","2018-10-04","NEON.DOC.000481vK",,
"51fec0e8-c69a-4621-a324-70cd99226aea","adc105b0-a503-4815-981d-b980d016227d","ORNL_003.mammalGrid.mam","D07","ORNL","ORNL_003","2018-10-04","2018-10-04","NEON.DOC.000481vK",,
