uid,nightuid,namedLocation,domainID,siteID,plotID,collectDate,endDate,samplingProtocolVersion,remarks,dataQF
"35064a53-e90c-49c0-9ae3-d06f6dd48338","C641B300D2324B18BF1C5E00D833FDAC","KONZ_008.mammalGrid.mam","D06","KONZ","KONZ_008","2015-07-14","2015-07-14",,,
"7e32e359-1e3c-4580-8dff-705f90ae78c0","35D8DFDB9CB544C881E5E0B68CD1A1AE","KONZ_006.mammalGrid.mam","D06","KONZ","KONZ_006","2015-07-14","2015-07-14",,,
"18370b07-f2ea-4eed-ab34-1fa4da712974","B287B85263884E63B861EE1BABEAA1DA","KONZ_027.mammalGrid.mam","D06","KONZ","KONZ_027","2015-07-15","2015-07-15",,,
"a244adca-babb-40e7-a7a6-33e9206ba2a0","1022D6061B794247AFCF98CD57CAEDB1","KONZ_005.mammalGrid.mam","D06","KONZ","KONZ_005","2015-07-15","2015-07-15",,,
"b382332b-ac1b-40b9-8a0e-e6b9f9b60aa5","E7ECFAE5A54F4E39B787DBB246AA3DAF","KONZ_008.mammalGrid.mam","D06","KONZ","KONZ_008","2015-07-15","2015-07-15",,,
"e6f56967-e293-493d-b9b4-df176f285d96","51B022242D154028BC074BA78BC5E6E8","KONZ_006.mammalGrid.mam","D06","KONZ","KONZ_006","2015-07-15","2015-07-15",,,
"56318ba1-a96b-403b-99b9-a2ff6017f511","B71CE505756F4E90B1DA14A2A03181FB","KONZ_027.mammalGrid.mam","D06","KONZ","KONZ_027","2015-07-17","2015-07-17",,,
"d7565756-e55e-423e-951e-4b438b42a74f","903DA287D02646AEB73DD3F8ABA0701B","KONZ_006.mammalGrid.mam","D06","KONZ","KONZ_006","2015-07-17","2015-07-17",,,
"125a51ae-b145-4d04-a6c3-686fcfe2cb90","1165E05818C643CB8AE5C8C3C5E16559","KONZ_008.mammalGrid.mam","D06","KONZ","KONZ_008","2015-07-17","2015-07-17",,,
"e67388c0-9168-4d10-a0cb-39e8006b2f61","710144D6DAE04B37A35E232A6BBBC366","KONZ_001.mammalGrid.mam","D06","KONZ","KONZ_001","2015-07-17","2015-07-17",,,
"af39a5f3-0973-4a00-a81b-78c8b50a5acf","40A4C4AF962B48A6880BE8F1AA8486A3","KONZ_027.mammalGrid.mam","D06","KONZ","KONZ_027","2015-07-18","2015-07-18",,,
"ef9dc4e6-ea54-4d39-9be3-2c1ba5d30f89","4F2CE7DD2ACE4AB8B15D1C33BD08781C","KONZ_002.mammalGrid.mam","D06","KONZ","KONZ_002","2015-07-21","2015-07-21",,,
"da844b43-dff2-4860-8b7e-d27ca52d4320","AD4A764A20984B36901D5821985F22F8","KONZ_029.mammalGrid.mam","D06","KONZ","KONZ_029","2015-07-21","2015-07-21",,,
"f60dca8e-e17d-43d9-8766-bd139b00e9eb","E1B1A06423A94EC39B830F40A15A1362","KONZ_003.mammalGrid.mam","D06","KONZ","KONZ_003","2015-07-21","2015-07-21",,,
