uid,nightuid,namedLocation,domainID,siteID,plotID,collectDate,endDate,samplingProtocolVersion,remarks,dataQF
"699a1e0f-eb4c-4983-a79f-3f45a9e82a7d","B239062304594F2D9FAFCCDF3D0D9D25","TREE_016.mammalGrid.mam","D05","TREE","TREE_016","2015-08-05","2015-08-05",,,
"52d28843-80b8-48f4-8608-3431a8f3736f","B0C2EB67D4414A5E8D3C779F5F45A8A5","TREE_019.mammalGrid.mam","D05","TREE","TREE_019","2015-08-05","2015-08-05",,,
"f181a863-5a99-4d7a-bbb2-912f07f870e1","6353855D7A1643B5A9B95F598152F845","TREE_004.mammalGrid.mam","D05","TREE","TREE_004","2015-08-05","2015-08-05",,,
"e5fc3bba-8c19-491a-8ad0-920738fab973","AB39ED960B2849A0B2291AD07FD078F1","TREE_019.mammalGrid.mam","D05","TREE","TREE_019","2015-08-06","2015-08-06",,"Found dead SOCI in a bag of batting. Not sure of trap ID",
"f0b1971c-b108-4068-9b17-19e0d43175c4","53A4115D32D34EFEB6ACDCF93D62ACC4","TREE_004.mammalGrid.mam","D05","TREE","TREE_004","2015-08-06","2015-08-06",,"Grid looked like it had been disturbed by a raccoon. Out of all the traps disturbed, 21 had batting pulled out",
"dd93e238-e52a-46fc-9769-4d693b83d3d3","DD46CCF4A79E4F47A5FEC80717FB9CB8","TREE_016.mammalGrid.mam","D05","TREE","TREE_016","2015-08-06","2015-08-06",,,
"7588942e-aa04-4f87-b334-2b5bd42c3d00","73385C002E8548D28C59020940E59799","TREE_019.mammalGrid.mam","D05","TREE","TREE_019","2015-08-07","2015-08-07",,,
"c8c4d9d2-7165-4f66-82f5-68781c953d49","F44D7F76F924495E96D3B3D0026998A1","TREE_004.mammalGrid.mam","D05","TREE","TREE_004","2015-08-07","2015-08-07",,"No traps were set on this grid on the night of August 7 due to extensive disturbance by predators the night before.",
"6004eaff-0814-44a6-b807-3276015e31da","44551EA91EC1478B903E626C0359A11F","TREE_016.mammalGrid.mam","D05","TREE","TREE_016","2015-08-07","2015-08-07",,"Grid appeared to be visited by raccoons. Many disturbed traps had batting pulled out and seeds removed.",
"bbbdcc96-0ea6-4500-bbe1-10f8d0b79da4","E631E780FEA5437A8290E1E59FECE62E","TREE_002.mammalGrid.mam","D05","TREE","TREE_002","2015-08-08","2015-08-08",,,
"ab477f6d-c15b-4c1a-bf5f-bfbd75cb5a59","62F3EBD2CC1041B2AAA6AF0A1F68E73A","TREE_028.mammalGrid.mam","D05","TREE","TREE_028","2015-08-08","2015-08-08",,,
"2ad4dc3b-291b-4046-b747-81ec116e7a5e","325CFDF38E6F4D3F91AA627514D1EB25","TREE_027.mammalGrid.mam","D05","TREE","TREE_027","2015-08-08","2015-08-08",,,
