uid,nightuid,namedLocation,domainID,siteID,plotID,collectDate,endDate,samplingProtocolVersion,remarks,dataQF
"c4fa2a21-86fb-4e1f-b6c6-c419e6f07f61","67954E8651134BA882B7136CC2751744","TALL_012.mammalGrid.mam","D08","TALL","TALL_012","2014-10-15","2014-10-15",,,
"667d4b0b-3395-445b-9fca-38af55c68cd6","B814CD13325F422F91FDD514C2718592","TALL_015.mammalGrid.mam","D08","TALL","TALL_015","2014-10-15","2014-10-15",,,
"730fdd6c-c127-454d-8169-a14f4218ddaf","0C5AC0036D7E43A69ED2E5DA4D2B99B4","TALL_024.mammalGrid.mam","D08","TALL","TALL_024","2014-10-15","2014-10-15",,,
"a4cdb60d-537d-4b6e-b410-092085faa020","14BE40862447434ABAB986F55FD27086","TALL_031.mammalGrid.mam","D08","TALL","TALL_031","2014-10-15","2014-10-15",,,
"0992dee8-bbeb-4ec6-9f47-d3036d363a98","BE0C16DBE6414F0D94F4064B62A18D54","TALL_015.mammalGrid.mam","D08","TALL","TALL_015","2014-10-16","2014-10-16",,,
"912ad0c6-0030-44e3-89d3-5c27e50cefc0","52B13CF40AF9469BAD2EE31C1623FEE2","TALL_024.mammalGrid.mam","D08","TALL","TALL_024","2014-10-16","2014-10-16",,,
"3dfdb489-cccf-4d86-9d25-da61d67752bb","6EDB3451F4894E90BAD4B2C14A2DF2C7","TALL_031.mammalGrid.mam","D08","TALL","TALL_031","2014-10-16","2014-10-16",,,
"f5a6e814-7047-4c95-a439-6faeeeefd3ff","074FC6599DB047F2B9717B0399B568AC","TALL_012.mammalGrid.mam","D08","TALL","TALL_012","2014-10-16","2014-10-16",,,
"fbfa67f0-2440-499c-bee5-31905c7856bf","BBBFF6DB861442E7869CA3152F2D82E7","TALL_012.mammalGrid.mam","D08","TALL","TALL_012","2014-10-17","2014-10-17",,,
"67a3f01d-9983-4911-ad27-25fd3835f049","8EF7D18EE502430596B4EEC39A166D86","TALL_015.mammalGrid.mam","D08","TALL","TALL_015","2014-10-17","2014-10-17",,,
"f5ea8b27-22d5-4586-9ddb-2f4af7f6781b","CC678B1E46104E3A9267EBF96E063210","TALL_024.mammalGrid.mam","D08","TALL","TALL_024","2014-10-17","2014-10-17",,,
"9e9947f7-942f-418d-ab76-06f70f848305","5BB7C5EA969A47C2B226E5D3AE028C28","TALL_031.mammalGrid.mam","D08","TALL","TALL_031","2014-10-17","2014-10-17",,,
"0d10d186-d453-4971-a343-d5d7bd33ca56","A0F40D490CDA49F1994711092253D12D","TALL_005.mammalGrid.mam","D08","TALL","TALL_005","2014-10-18","2014-10-18",,,
"b40da7d9-9002-4ac9-ae5f-fa6fafb34849","280186107AFA416885E72CD38707B557","TALL_013.mammalGrid.mam","D08","TALL","TALL_013","2014-10-18","2014-10-18",,,
"64e6e26e-e0b2-4cf7-9b75-6fc20de7702d","CB14281467CD492995C9B5DBDD7BCA89","TALL_006.mammalGrid.mam","D08","TALL","TALL_006","2014-10-18","2014-10-18",,,
"3c0b4c3c-8aa2-4a4f-b07d-64c8fe53378c","B1DEB1DA087F484CADD7893798982C2C","TALL_010.mammalGrid.mam","D08","TALL","TALL_010","2014-10-18","2014-10-18",,,
"5a3e503d-d96d-4c15-a66e-58a92f50aaf4","EA6E20EC479D4FD2BE36536811477B57","TALL_006.mammalGrid.mam","D08","TALL","TALL_006","2014-10-19","2014-10-19",,,
"02ee2f61-d49f-4926-8190-cf5254b117af","482B3F321D2F457CB0833B15A44D1C28","TALL_010.mammalGrid.mam","D08","TALL","TALL_010","2014-10-19","2014-10-19",,,
"47aff3db-1149-4967-96df-363d7901c1dd","03A940E9F28049D8BEF5AD90104BD084","TALL_005.mammalGrid.mam","D08","TALL","TALL_005","2014-10-19","2014-10-19",,,
"6ce419ff-abdf-45cb-81ba-27f367eb121a","97FD653696B04B8A85767F1AD759E3B7","TALL_013.mammalGrid.mam","D08","TALL","TALL_013","2014-10-19","2014-10-19",,,
"17d941df-7dea-4f41-8b4a-1a574d43922a","7A49AB9756E64D76A30E3A15F365B340","TALL_006.mammalGrid.mam","D08","TALL","TALL_006","2014-10-20","2014-10-20",,,
"7d8394cc-f779-4ff2-b2f3-4e7c6ae6b455","E0E3689C0ECE48CEAA8BEA1267B59EA3","TALL_010.mammalGrid.mam","D08","TALL","TALL_010","2014-10-20","2014-10-20",,,
"6739c17a-cc3f-45f6-811e-0fe846589ab0","F8AA18DDFBCD408586EF14CFE60642F4","TALL_005.mammalGrid.mam","D08","TALL","TALL_005","2014-10-20","2014-10-20",,,
"c0ba9237-9466-4ae3-8274-81950570e7dc","BEE2C39CBC7E4A6B8AEAD042F9AEFF6B","TALL_013.mammalGrid.mam","D08","TALL","TALL_013","2014-10-20","2014-10-20",,,
