uid,nightuid,namedLocation,domainID,siteID,plotID,collectDate,endDate,samplingProtocolVersion,remarks,dataQF
"55b98f6c-e5e9-41bd-9c14-50663e70d551","73D009E7E7F4494CA67F9CFF25F261E9","MOAB_006.mammalGrid.mam","D13","MOAB","MOAB_006","2016-10-03","2016-10-03","NEON.DOC.000481vH","Due to high capture rates, no other samples or measurements were taken",
"137b09c3-e937-46de-9a6c-ccc9873cb667","C1893B3A82844D8AB78B592839119A57","MOAB_002.mammalGrid.mam","D13","MOAB","MOAB_002","2016-10-03","2016-10-03","NEON.DOC.000481vH",,
"0576adf2-8a4c-40da-95d3-9ae9b7e16f48","43FF397879664F1E9AD20702D3D50A49","MOAB_025.mammalGrid.mam","D13","MOAB","MOAB_025","2016-10-21","2016-10-21","NEON.DOC.000481vH",,
"b3ae489b-ce5c-4f34-8bbf-5e2955fb1119","7BBB4F30992E40FCBB1577C595514D4B","MOAB_025.mammalGrid.mam","D13","MOAB","MOAB_025","2016-10-22","2016-10-22","NEON.DOC.000481vH",,
"bd5f83f6-159c-4ef2-9b61-8c941849a02b","A8126701E9D1458F972F9841CD4D9362","MOAB_025.mammalGrid.mam","D13","MOAB","MOAB_025","2016-10-23","2016-10-23","NEON.DOC.000481vH","Minimal processing (no fecal samples, measurements) on recaptures that have already been caught this bout. All others, all data/samples taken. This is due to limited daylight hrs and time constraints with time in traps",
"d977787a-7e29-4f08-88c2-bb21a59f512c","8397D599E0CC45AFA7AAF5CC58C9CA2C","MOAB_006.mammalGrid.mam","D13","MOAB","MOAB_006","2016-10-24","2016-10-24","NEON.DOC.000481vH",,
"035a8fa3-e417-4e37-ae72-cac3e88f539d","8D18B554467945C29BC131CB7520529C","MOAB_009.mammalGrid.mam","D13","MOAB","MOAB_009","2016-10-24","2016-10-24","NEON.DOC.000481vH","Went to minimal processing b/c running out of time for cut-off for processing due to reduced daylight time and time in trap",
"b4cb0ef4-eb12-4479-a94a-9657f0e5d2ad","3E0FDF4807FB49DC90842829F25042E0","MOAB_003.mammalGrid.mam","D13","MOAB","MOAB_003","2016-10-24","2016-10-24","NEON.DOC.000481vH",,
"9908ea45-8ab8-4749-bc9e-625f8262f7bc","AB6719A89B71486E991620D3732558BB","MOAB_006.mammalGrid.mam","D13","MOAB","MOAB_006","2016-10-26","2016-10-26","NEON.DOC.000481vH","Minimal processing for plot 006 due to high capture rates and limited processing time (no tissue, fecal, H&W samples, no measurements, no ticks)",
"308e3bef-4c59-402b-bf18-6a8908c8f9c6","115926C745B04C12ACFF5872CF1FA829","MOAB_002.mammalGrid.mam","D13","MOAB","MOAB_002","2016-10-26","2016-10-26","NEON.DOC.000481vH",,
"9606d8f3-6a4d-46ce-98a7-021de6c64ad3","B0B3A292139E4059974D7AAE37695CE7","MOAB_003.mammalGrid.mam","D13","MOAB","MOAB_003","2016-10-26","2016-10-26","NEON.DOC.000481vH",,
"f45cf911-5345-4ea1-ab58-809133e63720","98A84514C09947339A8335F37485C8B6","MOAB_004.mammalGrid.mam","D13","MOAB","MOAB_004","2016-10-27","2016-10-27","NEON.DOC.000481vH",,
"07d77ed6-573b-413d-be9e-ca72ae29361d","B9D37433A3D744429957B8EA591B6800","MOAB_003.mammalGrid.mam","D13","MOAB","MOAB_003","2016-10-27","2016-10-27","NEON.DOC.000481vH","Due to time constraints/high capture rate, only measurements/ticks/samples taken from new animals and/or animals that hadn't been captured this bout.",
"bed18be1-e5f1-4193-b228-7c40188347c8","118022BD828F4E26A0CA18B6E30873AC","MOAB_006.mammalGrid.mam","D13","MOAB","MOAB_006","2016-10-27","2016-10-27","NEON.DOC.000481vH",,
