uid,nightuid,namedLocation,domainID,siteID,plotID,collectDate,endDate,samplingProtocolVersion,remarks,dataQF
"1edf447a-27f6-4eed-916f-7cbaa7cb005d","3c79b58a-6035-4b56-bd16-097209ec76da","HEAL_033.mammalGrid.mam","D19","HEAL","HEAL_033","2018-09-12","2018-09-12","NEON.DOC.000481vK",,
"7e2cf226-eaa8-4fd0-bd37-88b0c5fe794d","48cbb601-b1ee-4a29-8daf-dd0af56071db","HEAL_034.mammalGrid.mam","D19","HEAL","HEAL_034","2018-09-12","2018-09-12","NEON.DOC.000481vK",,
"bf542803-9f93-4aab-bf27-2a1215c01dff","3723d5a6-8380-46c6-b140-dbc8c2c7eac9","HEAL_032.mammalGrid.mam","D19","HEAL","HEAL_032","2018-09-12","2018-09-12","NEON.DOC.000481vK",,
"d219650c-38cc-4b44-abab-0b3e3e329ff7","df27167d-da98-41db-83db-62293eb530ce","HEAL_010.mammalGrid.mam","D19","HEAL","HEAL_010","2018-09-12","2018-09-12","NEON.DOC.000481vK",,
"d2fd650b-28c0-4358-840c-9be35d03ab37","5426d836-60e4-4c1d-b5bc-73026c7563bb","HEAL_033.mammalGrid.mam","D19","HEAL","HEAL_033","2018-09-13","2018-09-13","NEON.DOC.000481vK",,
"c4de1183-5505-4d88-8ae7-6b4ee7f3ffc6","48d71911-cc96-4768-9071-1cd704e33c9c","HEAL_032.mammalGrid.mam","D19","HEAL","HEAL_032","2018-09-13","2018-09-13","NEON.DOC.000481vK",,
"13330c78-fbd1-4bc4-a245-ccd03a0ecfe3","865b0b4c-9af6-4bc0-afc2-04f4c2eef6c6","HEAL_014.mammalGrid.mam","D19","HEAL","HEAL_014","2018-09-13","2018-09-13","NEON.DOC.000481vK",,
"6634930d-5aef-47d9-a512-17709fc00014","1b3bc6e8-f486-43f1-96e0-140c97a0b23a","HEAL_031.mammalGrid.mam","D19","HEAL","HEAL_031","2018-09-13","2018-09-13","NEON.DOC.000481vK",,
"86b5ca18-e718-450f-9510-b72bdee3d3cc","ba5923bc-30af-438b-ab7f-740caf55d864","HEAL_031.mammalGrid.mam","D19","HEAL","HEAL_031","2018-09-14","2018-09-14","NEON.DOC.000481vK",,
"a5f19d6e-426f-4003-8466-186d3c54a67f","d81187b4-beab-49eb-9f5f-2689b5d6596e","HEAL_032.mammalGrid.mam","D19","HEAL","HEAL_032","2018-09-14","2018-09-14","NEON.DOC.000481vK",,
"1a84a506-d792-430e-a4db-455f6434d3c1","68dff200-8be2-4c1e-8ac1-fdf275b39b43","HEAL_033.mammalGrid.mam","D19","HEAL","HEAL_033","2018-09-14","2018-09-14","NEON.DOC.000481vK",,
