uid,nightuid,namedLocation,domainID,siteID,plotID,collectDate,endDate,samplingProtocolVersion,remarks,dataQF
"3ededd50-9f53-4607-888e-6d36108fb015","79280589-9d45-491e-8d81-503989081557","STER_029.mammalGrid.mam","D10","STER","STER_029","2017-07-25","2017-07-25","NEON.DOC.000481vH",,
"d235cc43-3e5e-413a-84dd-20d04226089c","9df8a833-5832-4fc3-a3ba-d4d64c75fda6","STER_031.mammalGrid.mam","D10","STER","STER_031","2017-07-25","2017-07-25","NEON.DOC.000481vH",,
"6c3f6e25-e216-4a62-8fe5-29bd53bcf48a","dc9a0c4b-db31-4833-aa62-88e4b2ea59ba","STER_027.mammalGrid.mam","D10","STER","STER_027","2017-07-25","2017-07-25","NEON.DOC.000481vH",,
"87e30385-6298-4906-a95d-56150bccd22a","90a8e28a-6c7e-44d6-b94d-bb40bbfd6d75","STER_006.mammalGrid.mam","D10","STER","STER_006","2017-07-25","2017-07-25","NEON.DOC.000481vH",,
"bc649229-a2fb-4a1c-8819-ed798c9cbe13","c219a7aa-8dae-40d0-9cf2-0300ef3220d7","STER_031.mammalGrid.mam","D10","STER","STER_031","2017-07-26","2017-07-26","NEON.DOC.000481vH",,
"19c692bd-29d3-4c9b-a1de-8e6a7c5ad873","4a04009a-f25c-45e8-b0df-a8006791ac1f","STER_026.mammalGrid.mam","D10","STER","STER_026","2017-07-26","2017-07-26","NEON.DOC.000481vH",,
"ecbf1b9c-41c0-4912-b8df-7dcdefa252ea","e38bfe8b-de12-42c8-9e53-f47ed92cbce2","STER_029.mammalGrid.mam","D10","STER","STER_029","2017-07-26","2017-07-26","NEON.DOC.000481vH",,
"276dbe0a-61e3-4924-87d8-7e624b86b642","46afd9d7-3125-4ce3-a380-3fbf478987a7","STER_006.mammalGrid.mam","D10","STER","STER_006","2017-07-26","2017-07-26","NEON.DOC.000481vH",,
"978a5900-0bbb-463e-9364-0f8ff5f0b81b","f7f75fab-8f6d-4706-9a7a-8589354d1476","STER_028.mammalGrid.mam","D10","STER","STER_028","2017-07-26","2017-07-26","NEON.DOC.000481vH",,
"660605ad-d49d-4532-b78f-18633bf8144b","7842791a-ea35-4a87-9476-fa8b1f5649d8","STER_031.mammalGrid.mam","D10","STER","STER_031","2017-07-27","2017-07-27","NEON.DOC.000481vH",,
"0b8a937a-ddb1-43f1-909e-2fdb87fbf483","6cdd0359-fb24-48cb-9ba2-1fef32d6cdbc","STER_029.mammalGrid.mam","D10","STER","STER_029","2017-07-27","2017-07-27","NEON.DOC.000481vH",,
"60ae885f-eba4-4650-bc44-ade92c26d985","1611a486-f2d2-4b5d-b879-c743c8180243","STER_006.mammalGrid.mam","D10","STER","STER_006","2017-07-27","2017-07-27","NEON.DOC.000481vH",,
