uid,nightuid,namedLocation,domainID,siteID,plotID,collectDate,endDate,samplingProtocolVersion,remarks,dataQF
"94e56e31-04f9-4523-91b0-0fdd9c2e465a","8BC17789C68246129BE854B861E4541E","TALL_024.mammalGrid.mam","D08","TALL","TALL_024","2015-05-12","2015-05-12",,,
"6b158af7-4ec9-46ae-998f-e86a95c1c39e","EA7FABBF3EED44529A7029BDD89DD9EC","TALL_031.mammalGrid.mam","D08","TALL","TALL_031","2015-05-12","2015-05-12",,,
"315678cf-98cc-4b74-bb41-a6ee00e8bc62","F54D17C9580648BAB8FB350F7C2460C0","TALL_010.mammalGrid.mam","D08","TALL","TALL_010","2015-05-12","2015-05-12",,,
"8955a7bd-3fd8-4fea-873d-4f8b26f011c8","F83702AF1F02404FA5FD4D7E7941FD26","TALL_015.mammalGrid.mam","D08","TALL","TALL_015","2015-05-12","2015-05-12",,,
"57ff2075-ccf4-44a6-8cd1-00d0c8c062aa","E1A85ABC862D4A2696200881EBC9B233","TALL_031.mammalGrid.mam","D08","TALL","TALL_031","2015-05-13","2015-05-13",,,
"e10df529-efdc-45c5-b530-00de6edf8c28","3ADBC79EA22E4A48AF96767CFDF56519","TALL_024.mammalGrid.mam","D08","TALL","TALL_024","2015-05-13","2015-05-13",,,
"59603631-e4a8-4842-ae21-f182ab23642f","17542FA8BB444615959DD05B4914565B","TALL_010.mammalGrid.mam","D08","TALL","TALL_010","2015-05-13","2015-05-13",,,
"5358fc1e-6f1c-4714-9fca-55179a3e9400","9656E5BC62DD4C469C858CD25A07EAB4","TALL_015.mammalGrid.mam","D08","TALL","TALL_015","2015-05-13","2015-05-13",,,
"5af7b6e0-e3f9-42dc-be07-9d29073de9c6","498E547538464314BC503B2451FBD118","TALL_031.mammalGrid.mam","D08","TALL","TALL_031","2015-05-14","2015-05-14",,,
"7ceb515e-8b44-47b8-991f-b6fe17629d0c","7D38815540124BCFB3680B9F24EADF03","TALL_024.mammalGrid.mam","D08","TALL","TALL_024","2015-05-14","2015-05-14",,,
"88238360-1da1-4df7-8ab5-0698c7399487","A7AA173458C849E2B69D8A0050D66550","TALL_010.mammalGrid.mam","D08","TALL","TALL_010","2015-05-14","2015-05-14",,,
"890a987c-8755-45b4-bd41-46ddc85c934a","C4F99B2106CD4677956C7FE89CEE3D73","TALL_015.mammalGrid.mam","D08","TALL","TALL_015","2015-05-14","2015-05-14",,,
"23b4c8c0-334e-4c13-940a-54f5839b97c7","5F8650E222A44F99998B864EB38ECAF0","TALL_006.mammalGrid.mam","D08","TALL","TALL_006","2015-05-15","2015-05-15",,,
"cf1a3ffc-078b-4e20-ac87-847814a768f3","934831F536CD479CB279E7FCF31D2488","TALL_005.mammalGrid.mam","D08","TALL","TALL_005","2015-05-15","2015-05-15",,,
"d8499de0-6d21-4295-a79b-0ca8a3b030ba","1567732A2ACF4B1AB6E7D02EE0C57F59","TALL_013.mammalGrid.mam","D08","TALL","TALL_013","2015-05-15","2015-05-15",,,
"5e0105e0-d2a0-42d5-a0ee-ef5e68ffdca9","AA092FE0D9F248E49CAAAEB1EC4BFBBB","TALL_012.mammalGrid.mam","D08","TALL","TALL_012","2015-05-15","2015-05-15",,"Prevalence of hog disturbance on J-side of the plot",
