uid,nightuid,namedLocation,domainID,siteID,plotID,collectDate,endDate,samplingProtocolVersion,remarks,dataQF
"296a7d6e-34b0-4d5d-bd72-6ea929fa2e67","A02D68E85A8140009713D8CCC0ED7112","DEJU_003.mammalGrid.mam","D19","DEJU","DEJU_003","2016-08-09","2016-08-09","NEON.DOC.000481vH",,
"c67afa1f-c1ce-47c1-9091-7ebc88732bee","0653EEDB7B054FE9ADB2C3E4A3BA8B07","DEJU_005.mammalGrid.mam","D19","DEJU","DEJU_005","2016-08-09","2016-08-09","NEON.DOC.000481vH",,
"7a7d07cf-1e51-4af5-9be5-2e86a7335517","44DA80F9599A4160B6EF98873BE96F6D","DEJU_017.mammalGrid.mam","D19","DEJU","DEJU_017","2016-08-09","2016-08-09","NEON.DOC.000481vH",,
"ae8b24e9-e68b-4fcf-a52e-77732c6442db","F0E031ADF09E4AE9BAF93CDFE0796C85","DEJU_005.mammalGrid.mam","D19","DEJU","DEJU_005","2016-08-10","2016-08-10","NEON.DOC.000481vH",,
"09acbd83-b48a-41fb-8f4f-4800e983de1f","F76320C2DE2A42A7B83FEC71F9C28FE2","DEJU_003.mammalGrid.mam","D19","DEJU","DEJU_003","2016-08-10","2016-08-10","NEON.DOC.000481vH",,
"e4ddc2b4-7343-4279-82e0-7a392e3ee01f","7BDC925D161540F284F112A09A95DDC5","DEJU_017.mammalGrid.mam","D19","DEJU","DEJU_017","2016-08-10","2016-08-10","NEON.DOC.000481vH",,
"4982ae42-72b2-44e6-b35b-0ee76659ad2f","BE28000D547D428D91C1C1D9E4518850","DEJU_003.mammalGrid.mam","D19","DEJU","DEJU_003","2016-08-11","2016-08-11","NEON.DOC.000481vH",,
"fcb8337e-9726-40a1-8e40-46463eff220a","338FAE18C3514DDCAE660F4448B8443F","DEJU_005.mammalGrid.mam","D19","DEJU","DEJU_005","2016-08-11","2016-08-11","NEON.DOC.000481vH",,
"b8382539-6c2e-4821-b72d-af46ba5e9904","68DC03E00F844D349EFE4561605E1DE1","DEJU_017.mammalGrid.mam","D19","DEJU","DEJU_017","2016-08-11","2016-08-11","NEON.DOC.000481vH",,
"560fcbce-364f-43ff-9dad-0ac2164a1a9e","CBCE96C14766488194212418F0069684","DEJU_001.mammalGrid.mam","D19","DEJU","DEJU_001","2016-08-12","2016-08-12","NEON.DOC.000481vH",,
"b4b51abb-df5d-4496-ace3-71d2e912b2a6","A0F62281597E4488841D3E7E36EF3E42","DEJU_014.mammalGrid.mam","D19","DEJU","DEJU_014","2016-08-12","2016-08-12","NEON.DOC.000481vH",,
"1d435b0a-9f99-4ace-b730-8e775854ef4f","E4A1D737B1294D9F9EB5A1DF2B843BF5","DEJU_006.mammalGrid.mam","D19","DEJU","DEJU_006","2016-08-12","2016-08-12","NEON.DOC.000481vH",,
