uid,nightuid,namedLocation,domainID,siteID,plotID,collectDate,endDate,samplingProtocolVersion,remarks,dataQF
"9472155d-4a49-4910-b3ad-6eab6afd81ff","0a416707-1dac-4146-aead-40ce020d3668","ONAQ_003.mammalGrid.mam","D15","ONAQ","ONAQ_003","2018-05-17","2018-05-17","NEON.DOC.000481vK",,
"7e9a3a92-06d1-4f63-a017-d0805816e0ec","d8d50e47-c987-4b52-a4de-9d01419fe18d","ONAQ_005.mammalGrid.mam","D15","ONAQ","ONAQ_005","2018-05-17","2018-05-17","NEON.DOC.000481vK",,
"eedea45e-e37f-41c7-96cc-e2fb9af2ced9","2c663e6c-e908-41e9-a58e-e776de3b6fc6","ONAQ_020.mammalGrid.mam","D15","ONAQ","ONAQ_020","2018-05-17","2018-05-17","NEON.DOC.000481vK",,
"d66b0079-c6b4-48bc-96ce-07c336238fdf","0a944331-5f75-4fe0-8620-a4ff12571cf9","ONAQ_003.mammalGrid.mam","D15","ONAQ","ONAQ_003","2018-05-18","2018-05-18","NEON.DOC.000481vK",,
"29a06fd0-01aa-43c9-bd88-9c0a01eef681","47f52060-6b38-4220-a2ac-35d557535572","ONAQ_005.mammalGrid.mam","D15","ONAQ","ONAQ_005","2018-05-18","2018-05-18","NEON.DOC.000481vK",,
"5860ea98-f273-4e09-b897-52c852d7c87e","7fc8c865-e997-4644-aabd-983a8461b58e","ONAQ_020.mammalGrid.mam","D15","ONAQ","ONAQ_020","2018-05-18","2018-05-18","NEON.DOC.000481vK",,
"ed533818-9873-42ae-98b0-c2be8b57c1a1","1cd40c5b-29ab-4184-b7d0-9858ae4684fd","ONAQ_023.mammalGrid.mam","D15","ONAQ","ONAQ_023","2018-05-20","2018-05-20","NEON.DOC.000481vK",,
"39693d88-56da-4159-9386-2366434f8062","eeef3673-1708-4edd-a2c0-be06d8b78f93","ONAQ_019.mammalGrid.mam","D15","ONAQ","ONAQ_019","2018-05-20","2018-05-20","NEON.DOC.000481vK",,
"4b6df3e7-0e8a-40a6-9adb-5808639975ba","c573c4e6-1e02-46bb-ad15-f61ab685a4fd","ONAQ_004.mammalGrid.mam","D15","ONAQ","ONAQ_004","2018-05-20","2018-05-20","NEON.DOC.000481vK",,
