uid,nightuid,namedLocation,domainID,siteID,plotID,collectDate,endDate,samplingProtocolVersion,remarks,dataQF
"c9913dd0-86da-4176-aaae-b8a3586d86ef","BC666638776D4FF5BEDA8D6EB9C53A81","UNDE_012.mammalGrid.mam","D05","UNDE","UNDE_012","2015-06-21","2015-06-21",,,
"8a91ac9c-1e58-4fcf-85f6-79b98c8c542d","77920913FD71410A93594278CCA4188C","UNDE_027.mammalGrid.mam","D05","UNDE","UNDE_027","2015-06-21","2015-06-21",,,
"1917f2a7-6fea-4a75-8605-5cf3e209dd1f","0A22C4EF8F4446DE8E6E4C8C5171A82B","UNDE_032.mammalGrid.mam","D05","UNDE","UNDE_032","2015-06-21","2015-06-21",,,
"4f5fc103-4365-4dc3-85ea-7a223f2688f8","D4D798BC23904C5F84D1C2E46C8459CB","UNDE_027.mammalGrid.mam","D05","UNDE","UNDE_027","2015-06-22","2015-06-22",,,
"4be8a5a5-2b97-4578-943f-d34d9bb5a431","53B077B45DAC41AB8CA060AC6D99D9FE","UNDE_032.mammalGrid.mam","D05","UNDE","UNDE_032","2015-06-22","2015-06-22",,"Grid closed due to extensive bear damage on the previous night of trapping",
"5343eeee-b1c0-4051-bb02-610129f441ce","8742D7C3DD404D818037A13330EE1F78","UNDE_012.mammalGrid.mam","D05","UNDE","UNDE_012","2015-06-22","2015-06-22",,,
"98a85c04-1c9b-43be-86a4-17e44057e429","AF3BDA2ACE2941AAB154EDF4921513F7","UNDE_032.mammalGrid.mam","D05","UNDE","UNDE_032","2015-06-23","2015-06-23",,"This grid was visited by a bear overnight. Seventy-one traps were destroyed.",
"b8c6643c-175c-4480-8ac6-7221a97a416e","2BF4CDF3147A4A08B798F4B8B3D9497F","UNDE_027.mammalGrid.mam","D05","UNDE","UNDE_027","2015-06-23","2015-06-23",,"Grid closed due to extensive bear damage on the previous night of trapping",
"46d20867-a823-426d-9d4b-711574fd5df4","4E9509CB73294172B9D8B39A38078918","UNDE_008.mammalGrid.mam","D05","UNDE","UNDE_008","2015-06-23","2015-06-23",,,
"711e4d21-51ff-4724-93ba-de9a8f6bb38a","0622B27D16384DC882FEB1875B978D09","UNDE_001.mammalGrid.mam","D05","UNDE","UNDE_001","2015-06-24","2015-06-24",,,
"21294c9b-4668-4a34-b299-f2d8464bf3d4","99606DF0B43A4BA2AB694D280A7AE6EC","UNDE_002.mammalGrid.mam","D05","UNDE","UNDE_002","2015-06-24","2015-06-24",,,
"287f6c82-6dba-4a80-a166-851e8bd84cd1","23088671E378408DA608A3156D90B653","UNDE_003.mammalGrid.mam","D05","UNDE","UNDE_003","2015-06-24","2015-06-24",,,
