uid,nightuid,namedLocation,domainID,siteID,plotID,collectDate,endDate,samplingProtocolVersion,remarks,dataQF
"80c3c3d9-2021-4a18-9ef7-0488e6464eac","396CC77F11B14E4896FF7775E83557B1","KONZ_003.mammalGrid.mam","D06","KONZ","KONZ_003","2015-09-15","2015-09-15",,,
"5d5ddbfb-dc26-42d2-a9a4-ac141e653266","7B79C04DC1C54762B94F26691C87804B","KONZ_001.mammalGrid.mam","D06","KONZ","KONZ_001","2015-09-15","2015-09-15",,,
"385db33f-9534-4264-8cfa-83f4577128df","CEFD48504B824465BCACC937C379EC92","KONZ_005.mammalGrid.mam","D06","KONZ","KONZ_005","2015-09-15","2015-09-15",,,
"067ba6fa-4044-4f8b-b8c9-42bca51a087c","0B482699083A4FF49B49317002A84035","KONZ_008.mammalGrid.mam","D06","KONZ","KONZ_008","2015-09-16","2015-09-16",,,
"422a866c-3732-4830-afa0-37b36b1b7bd1","7375326BDDCA47F9B160DF05E29B7CD7","KONZ_027.mammalGrid.mam","D06","KONZ","KONZ_027","2015-09-16","2015-09-16",,,
"ee0fdd4d-d281-4de8-88b4-a1163c7d05d8","AF55F59289AF42A3924E22BDA8AC349A","KONZ_006.mammalGrid.mam","D06","KONZ","KONZ_006","2015-09-16","2015-09-16",,,
"f76667c5-c5cd-45cc-8b7a-2270bc7549b8","029BE2DA5C22482B8B5FC5653B5E0B27","KONZ_006.mammalGrid.mam","D06","KONZ","KONZ_006","2015-09-17","2015-09-17",,,
"cfbe3f45-7ddf-46be-a386-c413a0fa1ef2","611C62D0C5574B518C6E68A39A874458","KONZ_027.mammalGrid.mam","D06","KONZ","KONZ_027","2015-09-17","2015-09-17",,,
"6bba613e-82da-4ca2-94f1-e5c00f322b6c","787B6CBB2E8A4B788213802029AA82E9","KONZ_008.mammalGrid.mam","D06","KONZ","KONZ_008","2015-09-17","2015-09-17",,,
"6d975f63-f046-4938-a63a-fe3d8817cd46","8B7660BFC459414FB5EF39FFDBF5B006","KONZ_008.mammalGrid.mam","D06","KONZ","KONZ_008","2015-09-18","2015-09-18",,,
"5ef5bc90-d892-49b0-93b9-0c8f12ef4e54","93B27942FA884612AA9752E994D0A23F","KONZ_027.mammalGrid.mam","D06","KONZ","KONZ_027","2015-09-18","2015-09-18",,,
"de7b522a-2c91-4236-96ef-9093922f720f","7CBFB19D34B6457B8169BEF492262CE2","KONZ_006.mammalGrid.mam","D06","KONZ","KONZ_006","2015-09-18","2015-09-18",,,
"c8f8c316-dd15-48d0-8d1c-1abf3366d6ce","86EE74339ED942508445574A910BBA10","KONZ_002.mammalGrid.mam","D06","KONZ","KONZ_002","2015-09-19","2015-09-19",,,
"c62500db-5fff-4044-8668-69683f10bcb9","09D728A63CA94A42A7A47DAF9F12E68B","KONZ_029.mammalGrid.mam","D06","KONZ","KONZ_029","2015-09-19","2015-09-19",,,
