uid,nightuid,namedLocation,domainID,siteID,plotID,collectDate,endDate,samplingProtocolVersion,remarks,dataQF
"364e1503-6e01-4112-a9e4-2a506b29c534","d53f07bf-16f0-4a8a-b794-d6f5e8ec42e5","ABBY_010.mammalGrid.mam","D16","ABBY","ABBY_010","2018-08-02","2018-08-02","NEON.DOC.000481vK",,
"432c35d4-f625-406d-b447-bb32564b2794","0ddfe1e2-140f-4855-a777-7a18f4f101bf","ABBY_002.mammalGrid.mam","D16","ABBY","ABBY_002","2018-08-02","2018-08-02","NEON.DOC.000481vK","100 traps set",
"47d82cd7-9ca1-4d7c-8123-9568a821210d","e6136433-f2e5-4ed8-9b5c-6d7154751fa7","ABBY_004.mammalGrid.mam","D16","ABBY","ABBY_004","2018-08-02","2018-08-02","NEON.DOC.000481vK","100 traps set",
"54009e99-bb54-4e9a-aa61-01e9190370e4","2e28fe45-c25a-4f5b-9036-c14bab062eca","ABBY_004.mammalGrid.mam","D16","ABBY","ABBY_004","2018-08-03","2018-08-03","NEON.DOC.000481vK",,
"8b99226a-68ff-41ef-bd17-11ea75dcf8d9","dd3322b8-b133-41e1-9c42-36cb784a3d65","ABBY_014.mammalGrid.mam","D16","ABBY","ABBY_014","2018-08-03","2018-08-03","NEON.DOC.000481vK",,
"78a4b59e-b857-487b-9975-ed6530be79ef","c5c46008-4a69-4402-bcef-43277217f4b6","ABBY_002.mammalGrid.mam","D16","ABBY","ABBY_002","2018-08-03","2018-08-03","NEON.DOC.000481vK",,
"3bd5da30-4cbd-443f-a485-4a8fc9a374f1","071332af-0f03-449b-9f81-86b13a096dc0","ABBY_010.mammalGrid.mam","D16","ABBY","ABBY_010","2018-08-03","2018-08-03","NEON.DOC.000481vK","100",
"d0969ad2-3c21-4d20-8973-831324edc539","c27d61f4-5157-41e5-a893-e3bdc6c9a103","ABBY_023.mammalGrid.mam","D16","ABBY","ABBY_023","2018-08-04","2018-08-04","NEON.DOC.000481vK","99 traps set. None at g4",
"1567aee9-00bc-4c2a-8d9e-c94f1a2a3e44","dd2515dc-6448-4483-bfc6-363d85dabeff","ABBY_004.mammalGrid.mam","D16","ABBY","ABBY_004","2018-08-04","2018-08-04","NEON.DOC.000481vK","100",
"f357470c-ca90-42f6-8e0c-b89c894df5cd","b8b81f7e-5eae-4922-8975-dc97b1b6b5a3","ABBY_007.mammalGrid.mam","D16","ABBY","ABBY_007","2018-08-04","2018-08-04","NEON.DOC.000481vK","100",
"c5f5c509-1eca-40b4-adad-32a610fa03db","6e183180-5bf4-4427-ac96-c0d2e7d8d57e","ABBY_010.mammalGrid.mam","D16","ABBY","ABBY_010","2018-08-04","2018-08-04","NEON.DOC.000481vK","100 traps set",
"d74ea694-484a-43d1-aeba-7ff258b16949","a69e889e-507f-4196-a5fe-d7214af4857a","ABBY_014.mammalGrid.mam","D16","ABBY","ABBY_014","2018-08-31","2018-08-31","NEON.DOC.000481vK","100",
"e727f8b9-7e2e-4827-b179-0f2ada6cc9b0","7042065c-0e2a-4c28-bcd2-e61d415d3e25","ABBY_007.mammalGrid.mam","D16","ABBY","ABBY_007","2018-08-31","2018-08-31","NEON.DOC.000481vK","100 traps set",
"fd85e627-0d5f-4e16-a049-e02e5a19717e","f6ab6ac9-2cc4-4010-8766-53a1a6760339","ABBY_023.mammalGrid.mam","D16","ABBY","ABBY_023","2018-08-31","2018-08-31","NEON.DOC.000481vK","100 traps set",
