uid,nightuid,namedLocation,domainID,siteID,plotID,collectDate,endDate,samplingProtocolVersion,remarks,dataQF
"4971aee0-1da8-4861-8c57-111cf7c645b7","999967682DF247DB8075EBBC89ADF97F","UKFS_009.mammalGrid.mam","D06","UKFS","UKFS_009","2016-09-01","2016-09-01","NEON.DOC.000481vH",,
"895583b4-fdb2-4c7d-b350-a3c8d1b7c374","3C5552F7820844FF894D42C4522DEF6A","UKFS_010.mammalGrid.mam","D06","UKFS","UKFS_010","2016-09-01","2016-09-01","NEON.DOC.000481vH",,
"8f7b9483-9e72-40a3-ac96-59c215951dd2","3DA8C3745AC044F9B6D02DC0ED0257E4","UKFS_004.mammalGrid.mam","D06","UKFS","UKFS_004","2016-09-01","2016-09-01","NEON.DOC.000481vH",,
"cb92422c-e8ad-462c-a5bf-c2d7698c1e03","A02A5889DAA84D0893896AF9B2853674","UKFS_010.mammalGrid.mam","D06","UKFS","UKFS_010","2016-09-02","2016-09-02","NEON.DOC.000481vH",,
"736932e4-fc36-4aad-847f-a65746635b83","82BC64B5615240A8A820B97D567E3D9A","UKFS_009.mammalGrid.mam","D06","UKFS","UKFS_009","2016-09-02","2016-09-02","NEON.DOC.000481vH",,
"3f8d1265-a8bc-4e92-915c-92fc0e11ef78","79E3B18832CE45C19184D806BF997BB4","UKFS_004.mammalGrid.mam","D06","UKFS","UKFS_004","2016-09-02","2016-09-02","NEON.DOC.000481vH",,
"4e82e49c-3707-4b12-824b-f241ab33640a","37F0254582BD460F9F63070BEA38001B","UKFS_003.mammalGrid.mam","D06","UKFS","UKFS_003","2016-09-26","2016-09-26","NEON.DOC.000481vH",,
"deac0159-82c4-44ed-b4f6-0b6e288cc325","F65D7C8A48DC433D86C71D3F292AD225","UKFS_007.mammalGrid.mam","D06","UKFS","UKFS_007","2016-09-26","2016-09-26","NEON.DOC.000481vH",,
"5fc72d28-b9f8-469b-8943-e63cd772aabd","8349CED9B87E4431856E7C928EBE1946","UKFS_018.mammalGrid.mam","D06","UKFS","UKFS_018","2016-09-26","2016-09-26","NEON.DOC.000481vH",,
"d88ba284-21ea-43ee-b4ee-638006876898","62EC408F2D6E4AC495DD25256E586CF0","UKFS_004.mammalGrid.mam","D06","UKFS","UKFS_004","2016-09-28","2016-09-28","NEON.DOC.000481vH",,
"d0c6c2f0-5375-44a7-bdf6-41c68633ec51","851D9229869A4C8D8854F5BAD6971092","UKFS_010.mammalGrid.mam","D06","UKFS","UKFS_010","2016-09-28","2016-09-28","NEON.DOC.000481vH",,
"475f78bf-ed87-438a-9796-8e25f5adba2c","D77E6C510DA24D0DA63DBC60A9203967","UKFS_009.mammalGrid.mam","D06","UKFS","UKFS_009","2016-09-28","2016-09-28","NEON.DOC.000481vH",,
"c1cf3303-d34b-4beb-9758-2cbb1511b341","57E6A7CFFC7442EAB1FB6FDB6B991731","UKFS_004.mammalGrid.mam","D06","UKFS","UKFS_004","2016-09-29","2016-09-29","NEON.DOC.000481vH",,
"bc78b836-db16-42f4-87c9-38f92c3faee9","FA89AB0E7A9A45148AB4F96BB366E599","UKFS_010.mammalGrid.mam","D06","UKFS","UKFS_010","2016-09-29","2016-09-29","NEON.DOC.000481vH",,
"5343c5b9-5fd4-4a01-b5c3-9db065797dc8","AA598C465EA3410CB49C19E8CB3C9392","UKFS_009.mammalGrid.mam","D06","UKFS","UKFS_009","2016-09-29","2016-09-29","NEON.DOC.000481vH",,
"c1647d9d-7d35-4c75-8bcb-69c1759661ac","95238F4240C84A37AE5C661AF94E8700","UKFS_004.mammalGrid.mam","D06","UKFS","UKFS_004","2016-09-30","2016-09-30","NEON.DOC.000481vH",,
"39cf3e12-e52b-4b38-843d-d8dc740d70cf","73FE54B48DB843048556049727BC8E7D","UKFS_010.mammalGrid.mam","D06","UKFS","UKFS_010","2016-09-30","2016-09-30","NEON.DOC.000481vH",,
"100df057-b330-4eed-9f70-eb007f916600","35647475B41C42A2BD5EEB8CB0F25118","UKFS_009.mammalGrid.mam","D06","UKFS","UKFS_009","2016-09-30","2016-09-30","NEON.DOC.000481vH",,
