uid,nightuid,namedLocation,domainID,siteID,plotID,collectDate,endDate,samplingProtocolVersion,remarks,dataQF
"7cc8add8-d84b-4e0e-ac0c-9c539287fdff","027842d6-cbe4-4770-a2b3-0a07c8310911","DCFS_004.mammalGrid.mam","D09","DCFS","DCFS_004","2017-10-10","2017-10-10","NEON.DOC.000481vJ",,
"41199f07-aeb4-4195-ab3d-6ea44d13f304","c82046af-f817-468d-82cf-06b7422a1abb","DCFS_003.mammalGrid.mam","D09","DCFS","DCFS_003","2017-10-10","2017-10-10","NEON.DOC.000481vJ",,
"3a150701-d85c-487e-b0e2-4a5fad33165e","ff461c57-3f11-46f4-94a0-af82f0142570","DCFS_009.mammalGrid.mam","D09","DCFS","DCFS_009","2017-10-10","2017-10-10","NEON.DOC.000481vJ",,
"8098074c-7d22-4aa9-a0fb-fc463d6e559c","7d531926-1e05-48f0-9727-95dd6362e649","DCFS_014.mammalGrid.mam","D09","DCFS","DCFS_014","2017-10-11","2017-10-11","NEON.DOC.000481vJ",,
"6277e5eb-30c3-438b-9ac6-bb5261b8aa83","2893c98d-55ce-4632-bd20-1c4cc5f7fa59","DCFS_006.mammalGrid.mam","D09","DCFS","DCFS_006","2017-10-11","2017-10-11","NEON.DOC.000481vJ",,
"1c6cf136-3864-4983-bf47-54859c44134a","0af01420-d6c5-4b6c-ad47-c43b1a1433e4","DCFS_003.mammalGrid.mam","D09","DCFS","DCFS_003","2017-10-11","2017-10-11","NEON.DOC.000481vJ",,
"4cad7cb1-181c-4825-bb52-9f63a5123089","dac32d05-ff4e-4081-a369-e5d9655c0e8a","DCFS_003.mammalGrid.mam","D09","DCFS","DCFS_003","2017-10-12","2017-10-12","NEON.DOC.000481vJ",,
"e8ed6f37-4944-4dfd-92b4-eb9170d6fb52","83d2c46e-b8ff-42b2-87b5-2b3509f7dc6c","DCFS_014.mammalGrid.mam","D09","DCFS","DCFS_014","2017-10-12","2017-10-12","NEON.DOC.000481vJ",,
"31334f80-2137-4303-8986-6262a401ac5c","6eb3cd19-7511-44d1-b845-3210cfa04396","DCFS_006.mammalGrid.mam","D09","DCFS","DCFS_006","2017-10-12","2017-10-12","NEON.DOC.000481vJ",,
"de9f8626-d08f-4821-8f89-e738c348a5ae","01cd3c47-4e5d-472a-996a-112d2dc4f1e3","DCFS_020.mammalGrid.mam","D09","DCFS","DCFS_020","2017-10-13","2017-10-13","NEON.DOC.000481vJ",,
"94e6b8de-256b-480c-9949-d2fee1a1dfb8","18a76c33-20b9-47af-9759-c26097d26d54","DCFS_014.mammalGrid.mam","D09","DCFS","DCFS_014","2017-10-13","2017-10-13","NEON.DOC.000481vJ",,
"c67bb6bc-62e7-4b29-850a-bd39ea6e7f89","26e2cdee-9d5e-41fc-b0db-b04abd772ab0","DCFS_006.mammalGrid.mam","D09","DCFS","DCFS_006","2017-10-13","2017-10-13","NEON.DOC.000481vJ",,
