uid,nightuid,namedLocation,domainID,siteID,plotID,collectDate,endDate,samplingProtocolVersion,remarks,dataQF
"04137878-c488-41ea-ace7-dfb7d120d1d6","5DC44F3C84C14A0D8CAC60092AE320E3","SCBI_003.mammalGrid.mam","D02","SCBI","SCBI_003","2016-07-01","2016-07-01","NEON.DOC.000481vH",,
"9297d4cc-cc4f-4612-b0fc-02608cbf534f","9985D24628D84CD58F984867471CDADB","SCBI_004.mammalGrid.mam","D02","SCBI","SCBI_004","2016-07-01","2016-07-01","NEON.DOC.000481vH","temps 60s to 80s; humid with no rain",
"fd352a5c-c658-4426-964b-15fca8d3478a","62C962661ED7436B9BD6F5E7E0BC72FE","SCBI_002.mammalGrid.mam","D02","SCBI","SCBI_002","2016-07-26","2016-07-26","NEON.DOC.000481vH","hot and humid; bear visited plot overnight and destroyed many traps",
"598eaec9-a2cd-4760-9e9f-e47fff580a0d","2B1F1D5DF2FC4413AF24CFF61C4D19F8","SCBI_035.mammalGrid.mam","D02","SCBI","SCBI_035","2016-07-26","2016-07-26","NEON.DOC.000481vH","Hot and humid conditions",
"58e4c67d-9acb-484e-93d4-555212c3b6e0","96680AA2AD4F4930B7851C954F4D4A5C","SCBI_008.mammalGrid.mam","D02","SCBI","SCBI_008","2016-07-26","2016-07-26","NEON.DOC.000481vH","hot and humid conditions",
"0c8e451f-2251-4713-bb95-999f611a0995","C9EF19144453419DA80C8B93179D2696","SCBI_008.mammalGrid.mam","D02","SCBI","SCBI_008","2016-07-27","2016-07-27","NEON.DOC.000481vH","not set as grid closed due to high disturbance",
"7b702e6a-cce2-4ce5-9923-745c3bfa2815","AE10CC5744264EC48DB84FB271EACCF9","SCBI_039.mammalGrid.mam","D02","SCBI","SCBI_039","2016-07-27","2016-07-27","NEON.DOC.000481vH",,
"cabf60ef-461d-4430-b5a9-a0be84104a99","4F88ED5CBAFB4ECF98D41D270B8736BD","SCBI_035.mammalGrid.mam","D02","SCBI","SCBI_035","2016-07-27","2016-07-27","NEON.DOC.000481vH","Field has 6 feet tall grass that is seeding",
"4041df97-0995-4c73-b73b-1e779f62cd14","1477B72B3C2D49A283A4E827A248660B","SCBI_002.mammalGrid.mam","D02","SCBI","SCBI_002","2016-07-27","2016-07-27","NEON.DOC.000481vH","not trapped as plot pulled from high disturbance",
"e6318c57-cbb0-44b7-afda-b089a76d135f","77E5615EAFD348C3AD13E0822130BC30","SCBI_004.mammalGrid.mam","D02","SCBI","SCBI_004","2016-07-28","2016-07-28","NEON.DOC.000481vH","plot not set as bear destroyed set traps during setting",
"5cbba472-5f9c-4fc2-a61f-9eb5a2a7e797","37CC963338AB482894AEF0AEA1BEC44A","SCBI_003.mammalGrid.mam","D02","SCBI","SCBI_003","2016-07-28","2016-07-28","NEON.DOC.000481vH","bear had visited plot overnight and destroyed many traps",
"0a2457df-3b4e-45d0-a903-89edd9acf94d","D766FD0E247F423E989E0B50297DD411","SCBI_035.mammalGrid.mam","D02","SCBI","SCBI_035","2016-07-28","2016-07-28","NEON.DOC.000481vH",,
"301230c0-1672-4cc9-9890-25d1e13578ef","67DF2F9FAD8E40BB94786B8516C3B658","SCBI_008.mammalGrid.mam","D02","SCBI","SCBI_008","2016-07-28","2016-07-28","NEON.DOC.000481vH","not set as grid was closed due to high disturbance",
"20b7f85d-b76d-499b-828a-88f7d802d144","E53DF3E1C34C4ED0A3597A94BA5DE2AE","SCBI_002.mammalGrid.mam","D02","SCBI","SCBI_002","2016-07-28","2016-07-28","NEON.DOC.000481vH","plot not trapped as grid closed due to high disturbance",
