uid,nightuid,namedLocation,domainID,siteID,plotID,collectDate,endDate,samplingProtocolVersion,remarks,dataQF
"ae98565b-4f02-4cc0-9c4e-02dbee9f5a08","BD56436D149F4DF1A450CBD310B5CD8E","BLAN_003.mammalGrid.mam","D02","BLAN","BLAN_003","2016-06-07","2016-06-07","NEON.DOC.000481vG",,
"6af0542d-af64-4abb-a01f-898e8f37f052","79B5504BDC9F4EC19A7654A568DA8E6D","BLAN_009.mammalGrid.mam","D02","BLAN","BLAN_009","2016-06-07","2016-06-07","NEON.DOC.000481vG",,
"c514d472-6101-4f98-8d41-633e66fa0de4","7FB50AF436EF44B5A312D0F62510BF0D","BLAN_001.mammalGrid.mam","D02","BLAN","BLAN_001","2016-06-07","2016-06-07","NEON.DOC.000481vG",,
"bb5498dc-b9cf-496a-905a-cf22b98fd892","90171A8DB50040D6812121F3CF1D262A","BLAN_009.mammalGrid.mam","D02","BLAN","BLAN_009","2016-06-08","2016-06-08","NEON.DOC.000481vG",,
"b4d2aed5-ebfb-4671-9eb3-a6cb7a2fe1e9","739F784CDB4B4784AC7E408267F08321","BLAN_001.mammalGrid.mam","D02","BLAN","BLAN_001","2016-06-08","2016-06-08","NEON.DOC.000481vG",,
"69475e0b-e0d1-4cf6-b916-10de6fc63b3f","73325F3E6057437DADB119FD3C1EDA64","BLAN_002.mammalGrid.mam","D02","BLAN","BLAN_002","2016-06-08","2016-06-08","NEON.DOC.000481vG",,
"07b3a64d-10f5-4fe7-9f29-5d3a37ba5051","368A58F599B9452D85037CE149573FAE","BLAN_003.mammalGrid.mam","D02","BLAN","BLAN_003","2016-06-08","2016-06-08","NEON.DOC.000481vG",,
"750f698b-1a8d-4a4a-885e-402361b9e88e","0EAB375DA7654EF6B94AC75CE55D0815","BLAN_001.mammalGrid.mam","D02","BLAN","BLAN_001","2016-06-09","2016-06-09","NEON.DOC.000481vG",,
"a60bfc88-f05a-4783-8a4b-76935fbfd82f","27065E2E13854077AC886F5BBE8226D1","BLAN_003.mammalGrid.mam","D02","BLAN","BLAN_003","2016-06-09","2016-06-09","NEON.DOC.000481vG",,
"0e5c6085-5554-4a86-a917-f952ff03f158","5B0696F7EA754B88834320E1EA934320","BLAN_009.mammalGrid.mam","D02","BLAN","BLAN_009","2016-06-09","2016-06-09","NEON.DOC.000481vG",,
