uid,nightuid,namedLocation,domainID,siteID,plotID,collectDate,endDate,samplingProtocolVersion,remarks,dataQF
"1c3f3a34-138d-4fa4-90e2-0c3c8d376ea9","fd2aeb2f-5144-4604-a483-f263918bc9fc","RMNP_004.mammalGrid.mam","D10","RMNP","RMNP_004","2018-09-11","2018-09-11","NEON.DOC.000481vK",,
"13818421-7351-496e-9461-47ce20b89f28","a1965132-c5bc-4b6e-a3a3-dcc87f0a4869","RMNP_003.mammalGrid.mam","D10","RMNP","RMNP_003","2018-09-11","2018-09-11","NEON.DOC.000481vK",,
"6d743143-a293-4c1e-a1b7-8458083d3ed2","73e843c8-c43c-43db-ab03-6a0dcafb206b","RMNP_005.mammalGrid.mam","D10","RMNP","RMNP_005","2018-09-11","2018-09-11","NEON.DOC.000481vK",,
"a2ae8712-09cf-49d3-814e-d8d76cb6ee9d","0fd8cfd4-8aec-409d-9d41-58a3a322dcdd","RMNP_014.mammalGrid.mam","D10","RMNP","RMNP_014","2018-09-11","2018-09-11","NEON.DOC.000481vK",,
"ed3cfeed-d36b-49c7-9371-d61539081852","f384a40b-3f7c-4124-bcde-4ad62d4932ea","RMNP_003.mammalGrid.mam","D10","RMNP","RMNP_003","2018-09-12","2018-09-12","NEON.DOC.000481vK",,
"241f4627-0cb9-476a-9fd4-0731fd5d4754","1ea91fc2-7265-4969-816a-da5bda8006b5","RMNP_009.mammalGrid.mam","D10","RMNP","RMNP_009","2018-09-12","2018-09-12","NEON.DOC.000481vK",,
"998b509b-452c-4414-96a5-b5199a139d88","29c959e5-c445-492f-9fa9-6c0272bb9795","RMNP_014.mammalGrid.mam","D10","RMNP","RMNP_014","2018-09-12","2018-09-12","NEON.DOC.000481vK",,
"139bdca9-2ebc-4495-975d-5c76fb139b8c","be1f2edb-b64d-46de-ab9e-73e59c5d9cd3","RMNP_004.mammalGrid.mam","D10","RMNP","RMNP_004","2018-09-12","2018-09-12","NEON.DOC.000481vK",,
"93c5bf35-8a66-4bfa-b001-913493539a83","0bb4a550-7df9-4fa7-83d5-364d75e0b212","RMNP_004.mammalGrid.mam","D10","RMNP","RMNP_004","2018-09-13","2018-09-13","NEON.DOC.000481vK",,
"b15ddf0d-3b45-4470-b29f-3e9954d4d385","e23b8183-b662-45e8-acb6-ea0a459a0bcf","RMNP_014.mammalGrid.mam","D10","RMNP","RMNP_014","2018-09-13","2018-09-13","NEON.DOC.000481vK",,
"7dd0ac00-5d9a-4d32-aa5c-dbf4244da4b4","8ce99ffa-7c85-40a3-994d-484bc28d200f","RMNP_003.mammalGrid.mam","D10","RMNP","RMNP_003","2018-09-13","2018-09-13","NEON.DOC.000481vK",,
"386acd45-06a2-436a-a5c9-a3b92988f7dd","25d24c32-53bf-4316-8f97-605d2a490575","RMNP_013.mammalGrid.mam","D10","RMNP","RMNP_013","2018-09-13","2018-09-13","NEON.DOC.000481vK",,
