uid,nightuid,namedLocation,domainID,siteID,plotID,collectDate,endDate,samplingProtocolVersion,remarks,dataQF
"1e8c931d-1d53-48f4-8a5e-490699bab60b","5df7eb0b-f4b0-402e-a8a4-4386135f2356","BART_062.mammalGrid.mam","D01","BART","BART_062","2018-07-17","2018-07-17","NEON.DOC.000481vK",,
"c02d0ff2-dba0-474f-b709-b7405a7ae28d","eb580bc9-5ae3-4fb4-9854-c66d60802833","BART_012.mammalGrid.mam","D01","BART","BART_012","2018-07-17","2018-07-17","NEON.DOC.000481vK",,
"09e7e7e5-5927-4695-a602-a2c0b01f6df1","21d40ed3-f3ab-407f-a6e3-8210a6449565","BART_015.mammalGrid.mam","D01","BART","BART_015","2018-07-17","2018-07-17","NEON.DOC.000481vK",,
"9d689ed4-3846-4040-a1de-d56defea5148","87b56122-8b87-48f2-a1d0-838fad5c63ab","BART_012.mammalGrid.mam","D01","BART","BART_012","2018-07-18","2018-07-18","NEON.DOC.000481vK",,
"6a1aa378-3391-4367-8215-8c4bba1ba7b2","772bfd58-7e6f-422e-b1b4-4a7fa373a37b","BART_062.mammalGrid.mam","D01","BART","BART_062","2018-07-18","2018-07-18","NEON.DOC.000481vK",,
"56b0f4a7-1cbc-497f-a459-2aac51c6e004","a5ad91b5-dae1-49cb-8e14-5367146ee461","BART_015.mammalGrid.mam","D01","BART","BART_015","2018-07-18","2018-07-18","NEON.DOC.000481vK",,
"ff4e9edf-2be3-4122-9580-4eaef9cff77e","3a41d0df-c7e4-41c3-aedd-7da1d74640fe","BART_062.mammalGrid.mam","D01","BART","BART_062","2018-07-19","2018-07-19","NEON.DOC.000481vK",,
"148b2dd2-a15d-4a77-8960-8710171cdd2b","47e75bc7-3985-4e61-9271-7d097798c796","BART_015.mammalGrid.mam","D01","BART","BART_015","2018-07-19","2018-07-19","NEON.DOC.000481vK",,
"f0e2e83e-f59b-4422-a447-3a786206e81f","d310d8ef-8e58-4efe-833d-332a675d55f5","BART_012.mammalGrid.mam","D01","BART","BART_012","2018-07-19","2018-07-19","NEON.DOC.000481vK",,
"e7d17111-e917-40dc-a4f8-973a0dc41908","87a8dbbf-9c65-4bb4-bbff-38de723b104e","BART_001.mammalGrid.mam","D01","BART","BART_001","2018-07-20","2018-07-20","NEON.DOC.000481vK",,
"8cce7b6e-f1f2-451e-ad6d-7c2d0d23d3c8","a8201201-758a-49a8-a673-12dee92ca9e1","BART_007.mammalGrid.mam","D01","BART","BART_007","2018-07-20","2018-07-20","NEON.DOC.000481vK",,
"28d0194a-8bd8-4cc1-a386-9aa064bc0b45","bab48cf6-fd64-4990-82a0-6bd67eed9ac2","BART_084.mammalGrid.mam","D01","BART","BART_084","2018-07-20","2018-07-20","NEON.DOC.000481vK",,
