uid,nightuid,namedLocation,domainID,siteID,plotID,collectDate,endDate,samplingProtocolVersion,remarks,dataQF
"7d099580-6d34-4661-b290-ade21c422a7f","58bdb34c-dbf8-4fc9-9b65-bec79e23eb67","CLBJ_033.mammalGrid.mam","D11","CLBJ","CLBJ_033","2017-04-25","2017-04-25",,,
"0062d23b-30ed-407e-9e62-cad5c039df5f","4721e4c4-1f33-4cf4-90ab-595470cc346b","CLBJ_040.mammalGrid.mam","D11","CLBJ","CLBJ_040","2017-04-25","2017-04-25",,,
"af77ae63-3799-4fa7-9542-a7c91641fc21","7c9b144b-b685-4920-a648-5794b44c063d","CLBJ_041.mammalGrid.mam","D11","CLBJ","CLBJ_041","2017-04-25","2017-04-25","NEON.DOC.000481vJ",,
"3b7e8cc3-e065-4f8a-af8e-bd7a8418a11e","94b18851-0568-4134-9aca-78b945fec784","CLBJ_057.mammalGrid.mam","D11","CLBJ","CLBJ_057","2017-04-25","2017-04-25","NEON.DOC.000481vJ",,
"fe69be38-53af-4eaa-a2f9-5e226d900e2a","2850b84d-403c-4efe-89d2-ceda5450c9d7","CLBJ_042.mammalGrid.mam","D11","CLBJ","CLBJ_042","2017-04-26","2017-04-26",,,
"a87a4c23-c2bb-44a4-a29d-b313043719cc","e434cfcd-be5b-4757-ae41-64879e90416e","CLBJ_041.mammalGrid.mam","D11","CLBJ","CLBJ_041","2017-04-26","2017-04-26","NEON.DOC.000481vJ",,
"cfaeb8db-c550-4230-923e-2096fe86f226","effad131-0d87-4270-b6d1-8b778961549f","CLBJ_033.mammalGrid.mam","D11","CLBJ","CLBJ_033","2017-04-26","2017-04-26",,,
"37098d78-a2c3-4cd8-8411-b248deefe9fc","58cd5d5e-c11c-4b95-b692-f27cd49d9ec3","CLBJ_042.mammalGrid.mam","D11","CLBJ","CLBJ_042","2017-04-27","2017-04-27",,,
"e6c335de-bcf1-4255-91ab-cd59b5da0369","ae3eb8f0-05c3-4a43-bf8c-b2b7228ba0c4","CLBJ_033.mammalGrid.mam","D11","CLBJ","CLBJ_033","2017-04-27","2017-04-27",,,
"d3d65ec4-5242-4d1a-8d26-4efe0d4f7e3e","dd79e3ac-7b23-47bf-901e-1280c2098fbb","CLBJ_041.mammalGrid.mam","D11","CLBJ","CLBJ_041","2017-04-27","2017-04-27","NEON.DOC.000481vG",,
"d6ac0f8e-d539-4dd9-a750-201b22235f03","da3f4ee7-280a-4bcb-afd8-e26d61819bdd","CLBJ_039.mammalGrid.mam","D11","CLBJ","CLBJ_039","2017-04-28","2017-04-28",,,
"3ef1e14e-baac-415e-a341-8938a9707baa","06f44925-69f4-4d35-ba26-f840e037d589","CLBJ_037.mammalGrid.mam","D11","CLBJ","CLBJ_037","2017-04-28","2017-04-28","NEON.DOC.000481vH",,
"e319b6aa-1803-4618-9f10-4deed4423abd","c453f763-11ca-41de-8849-4186b64f84d1","CLBJ_034.mammalGrid.mam","D11","CLBJ","CLBJ_034","2017-04-28","2017-04-28","NEON.DOC.000481vJ",,
"a2da7a1d-2e3b-409f-86fc-a604efbd4c74","b8ce839c-b746-4aaf-abe9-7f4f2bca93e7","CLBJ_042.mammalGrid.mam","D11","CLBJ","CLBJ_042","2017-04-28","2017-04-28","NEON.DOC.000481vJ",,
