uid,nightuid,namedLocation,domainID,siteID,plotID,collectDate,endDate,samplingProtocolVersion,remarks,dataQF
"9397485c-4ff2-43b9-88b0-0261ce99ad8e","86a8269e-4d92-414e-bf05-3142ee9a39b5","TALL_015.mammalGrid.mam","D08","TALL","TALL_015","2018-04-17","2018-04-17","NEON.DOC.000481vK",,
"639d36fe-7b15-4786-8635-a97eabc0e7a2","c1bf8139-7206-4f7d-a828-8620a84ec643","TALL_012.mammalGrid.mam","D08","TALL","TALL_012","2018-04-17","2018-04-17","NEON.DOC.000481vK",,
"2e906c73-4a64-4661-92a9-dc1617646c6d","0bd980ca-80d0-49e9-b12a-17ca0d50ac18","TALL_010.mammalGrid.mam","D08","TALL","TALL_010","2018-04-17","2018-04-17","NEON.DOC.000481vK",,
"ef90339a-4219-477b-855f-910231b062c5","14281bca-abc9-4564-940d-713873aeb03d","TALL_024.mammalGrid.mam","D08","TALL","TALL_024","2018-04-17","2018-04-17","NEON.DOC.000481vK",,
"149844f6-f586-41d9-adbc-dc0b85d65bef","d94cd136-7e79-43fe-859d-16bee438388b","TALL_010.mammalGrid.mam","D08","TALL","TALL_010","2018-04-18","2018-04-18","NEON.DOC.000481vK",,
"8a95fcb6-45c0-48ed-af10-24eb3f457bd9","bea2c113-3484-456b-87b8-cad74af7bed4","TALL_024.mammalGrid.mam","D08","TALL","TALL_024","2018-04-18","2018-04-18","NEON.DOC.000481vK",,
"3bde37ea-c9c1-4c83-b411-ae976b50b037","211aadcc-10ee-475a-b66d-4a855d744b69","TALL_012.mammalGrid.mam","D08","TALL","TALL_012","2018-04-18","2018-04-18","NEON.DOC.000481vK",,
"2c47df22-6946-4195-a1b4-2c872f297d14","12db20da-9f39-4404-9897-0c2dce0bce10","TALL_015.mammalGrid.mam","D08","TALL","TALL_015","2018-04-18","2018-04-18","NEON.DOC.000481vK",,
"cb8b0b5f-e6a3-481e-923d-6c132ee3afa9","3140fa17-444c-4e89-88dd-d7cd887179e6","TALL_024.mammalGrid.mam","D08","TALL","TALL_024","2018-04-19","2018-04-19","NEON.DOC.000481vK",,
"e489e1df-235f-4665-b13d-2c61123287d7","bed97068-71ca-49f8-bad3-639e2a27f1f4","TALL_015.mammalGrid.mam","D08","TALL","TALL_015","2018-04-19","2018-04-19","NEON.DOC.000481vK",,
"1e1bee82-008a-4413-95da-ad9cb34dad53","16525d2f-b724-4dbf-ae57-afb75f11b16c","TALL_010.mammalGrid.mam","D08","TALL","TALL_010","2018-04-19","2018-04-19","NEON.DOC.000481vK",,
"e1108b9e-10b1-44c7-a198-a01795abad63","c2aa3917-2a50-4bf5-9cab-3bdf367a3cb4","TALL_012.mammalGrid.mam","D08","TALL","TALL_012","2018-04-19","2018-04-19","NEON.DOC.000481vK",,
"6175cb62-7d1d-4949-ad6a-d7b03a4eb52b","08c6ca03-bef6-4d56-aed7-9c6217d0aeb4","TALL_005.mammalGrid.mam","D08","TALL","TALL_005","2018-04-20","2018-04-20","NEON.DOC.000481vK",,
"dc15b602-2b12-4502-9629-96ee650152b7","4fb7e715-3566-4c0b-83ba-de0d6fb2331e","TALL_013.mammalGrid.mam","D08","TALL","TALL_013","2018-04-20","2018-04-20","NEON.DOC.000481vK",,
"874f8c78-2471-42d9-baaf-82ed23f546ba","1f910790-fa1a-49a8-b2a5-a08bbdbae868","TALL_006.mammalGrid.mam","D08","TALL","TALL_006","2018-04-20","2018-04-20","NEON.DOC.000481vK",,
"05b7f115-3838-4ae6-a3e4-45ca0e4663c5","cfd51609-7cbf-4e6d-a53a-8e974bdaa63f","TALL_031.mammalGrid.mam","D08","TALL","TALL_031","2018-04-20","2018-04-20","NEON.DOC.000481vK",,
