uid,nightuid,namedLocation,domainID,siteID,plotID,collectDate,endDate,samplingProtocolVersion,remarks,dataQF
"e5391742-06a1-45c8-bdca-804fbe87c0cc","55fd5c58-cda4-4cc3-807d-55ba0a3b33ee","CLBJ_041.mammalGrid.mam","D11","CLBJ","CLBJ_041","2017-05-23","2017-05-23","NEON.DOC.000481vJ",,
"08fdb89b-07fa-499a-980f-69688f7f8a61","b6f66bbe-828d-49ce-94bf-50f34edefdca","CLBJ_057.mammalGrid.mam","D11","CLBJ","CLBJ_057","2017-05-23","2017-05-23","NEON.DOC.000481vJ",,
"6ddfc0f7-1caf-41f7-ad22-8e80390cb361","90483624-7b83-4169-a894-b57ef3ce9b5d","CLBJ_033.mammalGrid.mam","D11","CLBJ","CLBJ_033","2017-05-23","2017-05-23","NEON.DOC.000481vJ",,
"cdf672ef-4ee6-4dcc-8c8b-33c3649b7331","5f2fdbe2-b0d8-4add-baa5-5a9d1704db42","CLBJ_040.mammalGrid.mam","D11","CLBJ","CLBJ_040","2017-05-23","2017-05-23",,,
"83b0160b-0152-4a98-8e84-7e1a4e809923","4d609604-18de-4ede-8f07-0c7310d21ff5","CLBJ_041.mammalGrid.mam","D11","CLBJ","CLBJ_041","2017-05-24","2017-05-24","NEON.DOC.000481vJ",,
"c54d154c-3ddc-4fc8-9e83-d3b27f2a39ae","870baff6-cff7-4ac0-be15-0bb1466824bf","CLBJ_042.mammalGrid.mam","D11","CLBJ","CLBJ_042","2017-05-24","2017-05-24","NEON.DOC.000481vJ",,
"75b3cb82-d756-4994-aa5a-13b79f631e13","16d479b5-3c92-4675-b571-5aae246e5a01","CLBJ_033.mammalGrid.mam","D11","CLBJ","CLBJ_033","2017-05-24","2017-05-24","NEON.DOC.000481vJ",,
"6cbc2614-0aed-4800-8d63-320ddcbde0a4","acecd317-32bf-49d5-b249-30d1255bbe9f","CLBJ_041.mammalGrid.mam","D11","CLBJ","CLBJ_041","2017-05-25","2017-05-25","NEON.DOC.000481vJ",,
"3e7c8d45-9ad2-427c-95a0-cf99bfc15bf6","e8e3ae13-28c1-461f-8fe3-cc40f428cb8f","CLBJ_042.mammalGrid.mam","D11","CLBJ","CLBJ_042","2017-05-25","2017-05-25","NEON.DOC.000481vJ",,
"8db8abbe-c675-4237-bf11-e43a36f4bd68","8ff37498-067f-4111-b6e3-135e2fd92c83","CLBJ_033.mammalGrid.mam","D11","CLBJ","CLBJ_033","2017-05-25","2017-05-25","NEON.DOC.000481vJ",,
"e4d66233-915e-4dec-9e45-2dcfbf936962","830ee571-7ea1-4bb8-8f1a-f3433941ba7f","CLBJ_039.mammalGrid.mam","D11","CLBJ","CLBJ_039","2017-05-26","2017-05-26","NEON.DOC.000481vJ","Every trap that had animal inside had what appeared to be fire ants in and on them. Several animals were covered in ants with one being near death and decomposed. Animals were recorded and released as soon as possible. No samples taken.",
"943fa165-1ea4-4287-87e6-1b788360f598","c38894b2-e224-4c74-8de7-3b21df3585fa","CLBJ_037.mammalGrid.mam","D11","CLBJ","CLBJ_037","2017-05-26","2017-05-26","NEON.DOC.000481vJ",,
"f381b644-f4b4-4c48-ae5f-f121be611112","eeff1156-7e6c-4a0b-a0ef-45d82e3f44b6","CLBJ_034.mammalGrid.mam","D11","CLBJ","CLBJ_034","2017-05-26","2017-05-26","NEON.DOC.000481vJ",,
"5f30fd0f-4fef-4c73-9f2a-0cdf2be6ae5a","bca04ff1-55ab-4645-ad0f-2f29aee1ed91","CLBJ_042.mammalGrid.mam","D11","CLBJ","CLBJ_042","2017-05-26","2017-05-26","NEON.DOC.000481vJ",,
