uid,nightuid,namedLocation,domainID,siteID,plotID,collectDate,endDate,samplingProtocolVersion,remarks,dataQF
"c2acaaee-9c37-4140-a918-a7576e4ee6af","7ff2aa5f-a23e-48bf-b44f-8fe9ccb53032","STEI_001.mammalGrid.mam","D05","STEI","STEI_001","2017-06-15","2017-06-15",,,
"69ab9b07-4828-4762-a98f-530723364a76","d4ff23a8-6321-4079-a3af-e2d01ce7977e","STEI_022.mammalGrid.mam","D05","STEI","STEI_022","2017-06-15","2017-06-15",,,
"64e54e1b-03e4-43e9-854d-ce1bfc5417e4","2373f4b9-5d87-439a-b624-7cef5b92c52f","STEI_019.mammalGrid.mam","D05","STEI","STEI_019","2017-06-15","2017-06-15",,,
"5346720c-bb81-48c2-8720-43a1c0a88131","b6f37a7c-8cd3-4429-b843-8822d635c86d","STEI_005.mammalGrid.mam","D05","STEI","STEI_005","2017-06-16","2017-06-16",,,
"a00c2786-b928-4755-863f-f7a0ce3543b2","3d1ced2a-dca2-4d2e-8560-3bdec5277e02","STEI_012.mammalGrid.mam","D05","STEI","STEI_012","2017-06-16","2017-06-16",,,
"399c4239-9595-4719-8ca4-f461f5d5d50c","c88e2e14-fc10-48f7-9c50-231d468c4e69","STEI_002.mammalGrid.mam","D05","STEI","STEI_002","2017-06-16","2017-06-16",,,
"84d9390a-6dc3-42ee-bf0b-c43f9b5937ff","ac503cd4-2408-40d9-bf80-db644953fcb4","STEI_012.mammalGrid.mam","D05","STEI","STEI_012","2017-06-17","2017-06-17",,,
"43472145-18f2-4825-af71-a3c3d23663ca","2e179f1c-935b-4fe2-bb23-fca9a5effe41","STEI_005.mammalGrid.mam","D05","STEI","STEI_005","2017-06-17","2017-06-17",,,
"e31112e4-cdf4-4fbd-85cb-08506c7f853b","2cdfd57c-cfab-40c8-999f-cdb69f0f667f","STEI_002.mammalGrid.mam","D05","STEI","STEI_002","2017-06-17","2017-06-17",,,
