uid,nightuid,namedLocation,domainID,siteID,plotID,collectDate,endDate,samplingProtocolVersion,remarks,dataQF
"10b9e88c-1ced-48da-a538-745d9adf1663","5D4A09C0885249EE94A7DE56E298505E","TREE_019.mammalGrid.mam","D05","TREE","TREE_019","2016-06-11","2016-06-11","NEON.DOC.000481vG",,
"d392ea1e-d5cc-4258-a83c-30f5bdc442bb","F6F956E66DC247E897DF772543774FFC","TREE_016.mammalGrid.mam","D05","TREE","TREE_016","2016-06-11","2016-06-11","NEON.DOC.000481vG",,
"eac21788-19a9-4f2c-949f-e2ee03ed9da4","3DB4453BCB2C466FAF749F221B9C57FC","TREE_028.mammalGrid.mam","D05","TREE","TREE_028","2016-06-12","2016-06-12","NEON.DOC.000481vG",,
"339d1af5-d7bd-4aa4-99b9-2ccddf5abfef","D0C9C01BD0284425993504E349631BE4","TREE_016.mammalGrid.mam","D05","TREE","TREE_016","2016-06-12","2016-06-12","NEON.DOC.000481vG","No captures",
"e0020641-88ee-402d-9a06-a5a06ea6d5f6","3DCAE1E898B9467CAC20FCC3DE32957A","TREE_019.mammalGrid.mam","D05","TREE","TREE_019","2016-06-12","2016-06-12","NEON.DOC.000481vG","No captures",
"091fe314-d768-4897-aa69-c97a54aaf8c0","F7B42A33B8D043CE92741C84D9CB6D6D","TREE_016.mammalGrid.mam","D05","TREE","TREE_016","2016-06-13","2016-06-13","NEON.DOC.000481vG","No captures",
"49036e94-082f-4f93-847f-6e810bd3fdac","322441864F074ED6BE4132F3E69D5B9B","TREE_028.mammalGrid.mam","D05","TREE","TREE_028","2016-06-13","2016-06-13","NEON.DOC.000481vG",,
"a927c432-190a-4279-b4b1-929d654172ff","553D005E81C94D5EA380E219FF5530E0","TREE_019.mammalGrid.mam","D05","TREE","TREE_019","2016-06-13","2016-06-13","NEON.DOC.000481vG","No captures",
"c323115c-0851-4e04-ad26-155f5a79dca6","CA17FA3099714AC0A0FD4C6731F3C942","TREE_002.mammalGrid.mam","D05","TREE","TREE_002","2016-06-13","2016-06-13","NEON.DOC.000481vG","No captures",
"a999370c-35af-45e6-bb47-685036d36ce2","ECD919D65023442CBE0301D5F6D072F2","TREE_027.mammalGrid.mam","D05","TREE","TREE_027","2016-06-14","2016-06-14","NEON.DOC.000481vG",,
"9da2bf16-1eb7-4cf2-aef9-09c7525f1580","84B6A10F066C4F6EBD17CF3FBFBD79EB","TREE_004.mammalGrid.mam","D05","TREE","TREE_004","2016-06-14","2016-06-14","NEON.DOC.000481vG",,
"d6fedb9e-4106-4447-9f43-fa556a085760","F63CCBCDB2EE4C5EA6659D156D679C0D","TREE_028.mammalGrid.mam","D05","TREE","TREE_028","2016-06-14","2016-06-14","NEON.DOC.000481vG","No captures",
