uid,nightuid,namedLocation,domainID,siteID,plotID,collectDate,endDate,samplingProtocolVersion,remarks,dataQF
"f4864d7a-700c-4dcd-bb24-0b11b3b87cfd","7f7423d7-70ba-424c-8d46-93830d23b936","UNDE_001.mammalGrid.mam","D05","UNDE","UNDE_001","2018-09-10","2018-09-10","NEON.DOC.000481vK",,
"50566575-d353-49bc-b467-ae6192322060","714d4009-4f67-498f-95c1-a4bdb03644e2","UNDE_008.mammalGrid.mam","D05","UNDE","UNDE_008","2018-09-10","2018-09-10","NEON.DOC.000481vK",,
"7c591f0e-8c49-4c3e-8085-fc1ee4df23d3","7263058b-4459-4c10-a33e-4bd77d5a2ac0","UNDE_002.mammalGrid.mam","D05","UNDE","UNDE_002","2018-09-10","2018-09-10","NEON.DOC.000481vK",,
"5333318c-50d1-425a-a48a-226af61acff4","8ecceb4d-47d2-4f3f-9516-e9a60c173ef0","UNDE_003.mammalGrid.mam","D05","UNDE","UNDE_003","2018-09-10","2018-09-10","NEON.DOC.000481vK",,
"e2f92ccd-6178-45a0-80ef-d193d5a96869","b2b85032-67e5-456c-b5ac-5f59e165c90a","UNDE_032.mammalGrid.mam","D05","UNDE","UNDE_032","2018-09-11","2018-09-11","NEON.DOC.000481vK",,
"de082d36-fc51-4788-a350-1b19f6070683","19e713ec-5b45-49c0-82a3-339a5a0b5386","UNDE_012.mammalGrid.mam","D05","UNDE","UNDE_012","2018-09-11","2018-09-11","NEON.DOC.000481vK",,
"106f72dd-e47f-4b68-ac5b-f65a2db6762e","c10f0385-9644-43c6-984a-0c6acf0b9908","UNDE_027.mammalGrid.mam","D05","UNDE","UNDE_027","2018-09-11","2018-09-11","NEON.DOC.000481vK",,
"bc2dbe83-5a96-4397-8bdd-b0a522de4ac9","02ca213d-afad-4987-b989-007c87c9584e","UNDE_032.mammalGrid.mam","D05","UNDE","UNDE_032","2018-09-12","2018-09-12","NEON.DOC.000481vK",,
"f6d37df3-7f70-4a09-94fc-17e6b5ea2f38","d325041f-f10a-4ecb-bc34-5af4e9442d86","UNDE_012.mammalGrid.mam","D05","UNDE","UNDE_012","2018-09-12","2018-09-12","NEON.DOC.000481vK",,
"044eec9f-387e-46a8-a7ca-c17615b21bd1","3b457d53-1d8e-4f30-bce2-339f25d44d89","UNDE_027.mammalGrid.mam","D05","UNDE","UNDE_027","2018-09-12","2018-09-12","NEON.DOC.000481vK",,
"9587e27b-bfd5-462e-b63f-1f9f05db2bd6","4c5d0f0e-b7c3-43db-9884-a7553dacbd84","UNDE_012.mammalGrid.mam","D05","UNDE","UNDE_012","2018-09-13","2018-09-13","NEON.DOC.000481vK",,
"b702c969-2410-49e8-8b7e-ccf924a35a27","017f1fdf-7bf6-43bb-b0a6-eb589c5c105b","UNDE_032.mammalGrid.mam","D05","UNDE","UNDE_032","2018-09-13","2018-09-13","NEON.DOC.000481vK",,
"229f1efb-928c-4415-90b1-e68c9eae31fa","1b3caeff-0bc5-4f0a-9ba9-e2b15471f6a2","UNDE_027.mammalGrid.mam","D05","UNDE","UNDE_027","2018-09-13","2018-09-13","NEON.DOC.000481vK",,
