uid,nightuid,namedLocation,domainID,siteID,plotID,collectDate,endDate,samplingProtocolVersion,remarks,dataQF
"34e9d373-6442-429d-9abb-4498dc791474","4f8825f8-9a94-4282-8fee-3f2abc3a488e","STER_027.mammalGrid.mam","D10","STER","STER_027","2018-06-19","2018-06-19","NEON.DOC.000481vK","Heavy rain overnight traps filled with mud reducing functionality of most",
"1c8aed21-fb5f-4d17-84bd-abbd70d4e6a0","44d8872b-4d9c-498c-9c61-a2792791926f","STER_006.mammalGrid.mam","D10","STER","STER_006","2018-06-19","2018-06-19","NEON.DOC.000481vK","Heavy rain overnight traps filled with mud reducing functionality of most",
"87898c21-807a-49ea-9334-697b63f96e10","56bbed55-5278-4068-afbd-cb70fb63eb82","STER_029.mammalGrid.mam","D10","STER","STER_029","2018-06-19","2018-06-19","NEON.DOC.000481vK","Heavy rain overnight traps filled with mud reducing functionality of most",
"728cde72-27f3-4dd5-9a18-5a6eb7327dcf","5df5192f-d4a0-47be-9aa5-f4d161474775","STER_031.mammalGrid.mam","D10","STER","STER_031","2018-06-19","2018-06-19","NEON.DOC.000481vK","Heavy rain overnight traps filled with mud reducing functionality of most",
"5e811b1d-0b12-4791-969a-141f289d9f0f","917b31e3-af35-49a5-a6eb-e424f11a33f6","STER_026.mammalGrid.mam","D10","STER","STER_026","2018-06-21","2018-06-21","NEON.DOC.000481vK",,
"b8a8b9ff-cc72-4a33-93a9-40e8a52b8d7b","ba980948-8d7f-43fa-9491-90c4b9126f3c","STER_029.mammalGrid.mam","D10","STER","STER_029","2018-06-21","2018-06-21","NEON.DOC.000481vK",,
"209954c9-7084-469c-844a-6cd29a91e1f8","a8c62085-f3e6-4218-bfe7-eccc7eb0e57e","STER_006.mammalGrid.mam","D10","STER","STER_006","2018-06-21","2018-06-21","NEON.DOC.000481vK",,
"50cf7762-02ec-46f0-854a-71d7efcaf4f2","82e383e3-3f4e-456b-9e43-43d0ced48bea","STER_031.mammalGrid.mam","D10","STER","STER_031","2018-06-21","2018-06-21","NEON.DOC.000481vK",,
"8cb48ab5-6926-48ab-9500-36bd0761faa5","f63cf846-fe63-4c55-8e44-1bab029d1ac1","STER_029.mammalGrid.mam","D10","STER","STER_029","2018-06-22","2018-06-22","NEON.DOC.000481vK",,
"83e96968-81cf-4be7-9343-3ca712e9cf66","98ab047e-1bf6-4fd6-81a9-3a8cf44650df","STER_031.mammalGrid.mam","D10","STER","STER_031","2018-06-22","2018-06-22","NEON.DOC.000481vK",,
"2867d130-15ee-43e5-9f62-398dcee6b08b","cfcb432c-114c-4403-b3af-397a2ebc76a9","STER_006.mammalGrid.mam","D10","STER","STER_006","2018-06-22","2018-06-22","NEON.DOC.000481vK",,
"42808fca-a3bf-4605-a2a7-8a3a7f222195","f64a0e69-f84c-4fc9-b6a9-a615b0392485","STER_028.mammalGrid.mam","D10","STER","STER_028","2018-06-22","2018-06-22","NEON.DOC.000481vK",,
