uid,nightuid,namedLocation,domainID,siteID,plotID,collectDate,endDate,samplingProtocolVersion,remarks,dataQF
"1f66b4d3-124d-406c-a88d-48552b1229f9","89B64892223445728E9774D4A948B12B","KONZ_003.mammalGrid.mam","D06","KONZ","KONZ_003","2016-10-04","2016-10-04","NEON.DOC.000481vH",,
"7d674522-da59-4acd-92e5-70f2aebcb5da","E41DE83EC63E40B29A4B6D9AA34516E2","KONZ_029.mammalGrid.mam","D06","KONZ","KONZ_029","2016-10-04","2016-10-04","NEON.DOC.000481vH",,
"c4429718-e2eb-45a4-a91c-b468116ceff4","601BB401050444E7B8B6706D9D72E8D2","KONZ_005.mammalGrid.mam","D06","KONZ","KONZ_005","2016-10-04","2016-10-04","NEON.DOC.000481vH",,
"1c6dc90b-3150-487d-ad1d-0e4773c0131f","15084E040E104672BF440EDE616E629C","KONZ_008.mammalGrid.mam","D06","KONZ","KONZ_008","2016-10-05","2016-10-05","NEON.DOC.000481vH",,
"7a356be4-1ee9-40e6-bfa5-9777d631bbe0","3D2363D9C85E4558A5CFA8A40736F047","KONZ_008.mammalGrid.mam","D06","KONZ","KONZ_008","2016-10-05","2016-10-05","NEON.DOC.000481vH",,
"7d8db6b6-9369-488b-9390-188bd33e17f9","E1F6882A7C374C798F449C1DA894515F","KONZ_027.mammalGrid.mam","D06","KONZ","KONZ_027","2016-10-05","2016-10-05","NEON.DOC.000481vH",,
"9c680dc9-34b3-428f-aca1-e84a05f1d6f5","C353B786867E4BEDA629622EABBF9DB0","KONZ_001.mammalGrid.mam","D06","KONZ","KONZ_001","2016-10-06","2016-10-06","NEON.DOC.000481vH",,
"9c3f51df-918a-48e5-9f42-6a058450d73c","62AA8B0696FB451FAB155BC4FB8942FA","KONZ_027.mammalGrid.mam","D06","KONZ","KONZ_027","2016-10-06","2016-10-06","NEON.DOC.000481vH",,
"1d40344b-6d4a-4fbf-aa78-97e386ca015e","DC3BEAF100DF478784602523F7695C89","KONZ_008.mammalGrid.mam","D06","KONZ","KONZ_008","2016-10-06","2016-10-06","NEON.DOC.000481vH",,
"95944283-9a6d-4342-ae8a-0c2ca0d6c1fc","9880A20F5872436AACC8C108E529E140","KONZ_001.mammalGrid.mam","D06","KONZ","KONZ_001","2016-10-07","2016-10-07","NEON.DOC.000481vH",,
"0ad89f9c-bf83-45d8-b8f9-4058449e7866","235185F9714E4BAF9505192A57CA2C19","KONZ_027.mammalGrid.mam","D06","KONZ","KONZ_027","2016-10-07","2016-10-07","NEON.DOC.000481vH",,
"739afbe9-9fc9-4d29-b231-f78930890679","18645CE50C7E413EBAAC95938E943F36","KONZ_008.mammalGrid.mam","D06","KONZ","KONZ_008","2016-10-07","2016-10-07","NEON.DOC.000481vH",,
