uid,nightuid,namedLocation,domainID,siteID,plotID,collectDate,endDate,samplingProtocolVersion,remarks,dataQF
"eacaa59f-c44f-4e8e-a6c8-5af13e64137b","C8B1FADDB24A4A9A91B9A134134E6BE6","JERC_003.mammalGrid.mam","D03","JERC","JERC_003","2014-10-14","2014-10-14",,"storming: all captures released. 5 captures",
"36300d3e-3530-4393-982b-15d2f38278d6","0C84EB7812564716982844D592789D98","JERC_009.mammalGrid.mam","D03","JERC","JERC_009","2014-10-14","2014-10-14",,"storming: all 24 captures released. set but not processed",
"fc6e50b8-fef1-478d-9a16-46ed9947ecb9","029C1C9788094B88927873F20A34F46B","JERC_005.mammalGrid.mam","D03","JERC","JERC_005","2014-10-14","2014-10-14",,"attempted to work up 3 captures. started 4th and released any others due to torrential down pour from tornado warning.",
"fd20ad78-06dd-491e-a56c-cf8752ecfbfb","3756481E6D6B4DA680DD22E36FD3B964","JERC_019.mammalGrid.mam","D03","JERC","JERC_019","2014-10-14","2014-10-14",,"2 captures from J2 and F2 released due to increasingly inclement weather",
"429beaeb-ae2f-44fe-a7f4-b9e8b7873ecf","627E1CC5A1C04FEF8B69884D63BA27CC","JERC_009.mammalGrid.mam","D03","JERC","JERC_009","2014-10-15","2014-10-15",,,
"985a2892-99bb-439c-82e3-f1dfb391fcf6","0F16551EB34042679E847F5D7792B20C","JERC_005.mammalGrid.mam","D03","JERC","JERC_005","2014-10-15","2014-10-15",,"traps were initially set on Oct 13th but severe t -storms required us to simply empty traps on the 14th without working up animals",
"629110be-e807-4770-b6cf-91718b83b117","2A9B6AA69ECE43818DD202BBD0E02138","JERC_019.mammalGrid.mam","D03","JERC","JERC_019","2014-10-15","2014-10-15",,"collected data for a day longer due to t-storms, grid not a bleeding grid",
"2e09d21e-5843-40e1-bb21-caa41e5e266d","2B19AD31506D4581BF1E9FAD840012AC","JERC_003.mammalGrid.mam","D03","JERC","JERC_003","2014-10-15","2014-10-15",,,
"f5f070ff-fbc0-4974-ab0c-f1102f01291a","23D2256BB8FF47D392807A2016C5E683","JERC_019.mammalGrid.mam","D03","JERC","JERC_019","2014-10-16","2014-10-16",,,
"bae7a7d2-797b-46a5-a9bc-7fd5bd1537a9","742B923CFC12497B82DDB4B7643B85A5","JERC_005.mammalGrid.mam","D03","JERC","JERC_005","2014-10-16","2014-10-16",,,
"b9cb6740-99c9-4c41-85b6-f0a1b4ffded5","3DF0C5030AE8427190D5E2F4F5766003","JERC_003.mammalGrid.mam","D03","JERC","JERC_003","2014-10-16","2014-10-16",,,
"a57f8796-dfbe-4653-96aa-74657826f36c","54FFBC4722C944D8BDB17367A1486C2C","JERC_006.mammalGrid.mam","D03","JERC","JERC_006","2014-10-16","2014-10-16",,,
"a13eadd4-10a9-4e86-9163-56fa7ee169bc","9B8A5558EF3B460C925722E395788E9F","JERC_009.mammalGrid.mam","D03","JERC","JERC_009","2014-10-17","2014-10-17",,,
"b0b398bb-dbbc-4473-a382-b9365a4e1884","82C2E91B72DC49038DB8DBE539F2CFD9","JERC_003.mammalGrid.mam","D03","JERC","JERC_003","2014-10-17","2014-10-17",,,
"5430d5a4-6b7b-4dbe-bd89-5b71948943cb","AAAA702CE5A04804815503ED49B7DAB1","JERC_019.mammalGrid.mam","D03","JERC","JERC_019","2014-10-17","2014-10-17",,,
"9e7eea33-0c4f-4f98-97bb-1e189661aa6d","F6E10C73403E40C399BA99D5AE885024","JERC_005.mammalGrid.mam","D03","JERC","JERC_005","2014-10-17","2014-10-17",,,
"6542e0ef-8480-42b0-aee0-c5f871327e5f","4B855F0AB8BB44BC84E6B36E3B9AD860","JERC_019.mammalGrid.mam","D03","JERC","JERC_019","2014-10-20","2014-10-20",,,
