uid,nightuid,namedLocation,domainID,siteID,plotID,collectDate,endDate,samplingProtocolVersion,remarks,dataQF
"336fac26-f05d-4895-9072-670a9a16b8ab","D5D4B653AC744AA4BAF01897E1F5F800","OSBS_003.mammalGrid.mam","D03","OSBS","OSBS_003","2014-09-23","2014-09-23",,,
"7991a412-d2ef-4279-a0aa-fb4e3ab03f84","7E4C2CA375BC48C8B3C00BC19304D778","OSBS_023.mammalGrid.mam","D03","OSBS","OSBS_023","2014-09-23","2014-09-23",,"All traps were set with no captures (except one trap had a frog in it; E5)",
"7048ee9b-d70c-4acd-8283-47e46804ab56","4DD036C13439409C8D1308A78DACE429","OSBS_004.mammalGrid.mam","D03","OSBS","OSBS_004","2014-09-24","2014-09-24",,,
"c3102420-5972-420c-95b4-1d59fac3b0db","C6C55FE0887A499E8D48E077C1DD926A","OSBS_023.mammalGrid.mam","D03","OSBS","OSBS_023","2014-09-24","2014-09-24",,"no captures",
"6ba18fe8-8c03-472d-8b98-dca5a701f62b","BB61E0E87A0B431881642117527AA922","OSBS_003.mammalGrid.mam","D03","OSBS","OSBS_003","2014-09-24","2014-09-24",,,
"991ba77f-a98d-493c-93e4-b52b70635b7e","E81A40D0F10949EAB06500D4FDAE8FDE","OSBS_004.mammalGrid.mam","D03","OSBS","OSBS_004","2014-09-25","2014-09-25",,,
"7f3b94c4-d4ab-4fbf-8214-d4e5c13589ab","9AEC1CE414B44AB1AF4CAAF67AEF168F","OSBS_003.mammalGrid.mam","D03","OSBS","OSBS_003","2014-09-25","2014-09-25",,,
"509b6d94-41b6-40c1-a3a4-6ce044a0351d","40F9A74293DE4F66AF7F575E10771FF1","OSBS_023.mammalGrid.mam","D03","OSBS","OSBS_023","2014-09-25","2014-09-25",,"no captures",
"08d7b919-a0bd-4767-a009-551be47041fd","3292B40907824F2EACFAC13F7FAB9076","OSBS_004.mammalGrid.mam","D03","OSBS","OSBS_004","2014-09-26","2014-09-26",,,
