uid,nightuid,namedLocation,domainID,siteID,plotID,collectDate,endDate,samplingProtocolVersion,remarks,dataQF
"8bd565a0-cfd5-4ee0-a5a8-e9b2e9dab840","e4d1f790-4047-483c-9051-899fffcd6275","HEAL_033.mammalGrid.mam","D19","HEAL","HEAL_033","2018-06-19","2018-06-19","NEON.DOC.000481vK",,
"6452748a-1e6f-4a2b-bdcb-01ff5b6ead00","6b808107-702b-41fc-8c18-0fe81d42661b","HEAL_031.mammalGrid.mam","D19","HEAL","HEAL_031","2018-06-19","2018-06-19","NEON.DOC.000481vK","Very windy when traps were set",
"9bb1bb38-abff-4ecb-b6a4-bc1bc085923d","a372233d-02cf-4f7e-a871-f393eac56056","HEAL_032.mammalGrid.mam","D19","HEAL","HEAL_032","2018-06-19","2018-06-19","NEON.DOC.000481vK","Windy night",
"aa2f7eb0-4570-404e-a1d3-13e718f7793f","f81ffc93-d083-4822-be5e-18b93378ec35","HEAL_010.mammalGrid.mam","D19","HEAL","HEAL_010","2018-06-19","2018-06-19","NEON.DOC.000481vK",,
"a28c2cc7-0dd1-4fdd-b82b-f5be0c1268b7","064e5c4a-c6e5-4641-be6a-ea1d890cc33e","HEAL_032.mammalGrid.mam","D19","HEAL","HEAL_032","2018-06-20","2018-06-20","NEON.DOC.000481vK",,
"3c66e98c-425e-4db5-8a35-39e6960ea3bf","d8bf2918-93ad-4c83-b873-9d8a441a2aa0","HEAL_031.mammalGrid.mam","D19","HEAL","HEAL_031","2018-06-20","2018-06-20","NEON.DOC.000481vK",,
"026716e7-5366-4c52-a2a1-9a4ffcc6b5fb","ed45bb0b-465c-4af8-bd76-fc7e9d1daf1f","HEAL_033.mammalGrid.mam","D19","HEAL","HEAL_033","2018-06-20","2018-06-20","NEON.DOC.000481vK",,
"9582ed82-a4ea-41d7-841f-e6198aa7c01b","1d2543ce-a397-4795-b9a3-398d7a41aea1","HEAL_034.mammalGrid.mam","D19","HEAL","HEAL_034","2018-06-20","2018-06-20","NEON.DOC.000481vK",,
"cedca85e-fd16-436f-8426-65528d82d742","1bf32e5c-984c-4159-8ee6-6171627098ed","HEAL_033.mammalGrid.mam","D19","HEAL","HEAL_033","2018-06-21","2018-06-21","NEON.DOC.000481vK",,
"93b3c825-0471-4b1f-84cd-90d7d64a77f2","0a8c3b96-5768-44f1-b023-be9d31a1be27","HEAL_014.mammalGrid.mam","D19","HEAL","HEAL_014","2018-06-21","2018-06-21","NEON.DOC.000481vK",,
"4ef9d44e-7cd5-4c4f-bbea-56998ca8ed3e","a91d63ee-9fd0-475b-b5ca-df4b26fdfaea","HEAL_031.mammalGrid.mam","D19","HEAL","HEAL_031","2018-06-21","2018-06-21","NEON.DOC.000481vK",,
"5531a108-5418-4c46-be91-c1b30f3729c0","895a4410-43ef-4aaf-b421-0f67e601cf59","HEAL_032.mammalGrid.mam","D19","HEAL","HEAL_032","2018-06-21","2018-06-21","NEON.DOC.000481vK",,
