uid,nightuid,namedLocation,domainID,siteID,plotID,collectDate,endDate,samplingProtocolVersion,remarks,dataQF
"bb39500d-68e4-42ce-a732-5c913958d601","36023B59917443EA8C5173C7EC194CB7","OSBS_012.mammalGrid.mam","D03","OSBS","OSBS_012","2016-05-03","2016-05-03","NEON.DOC.000481vG",,
"4e0f5e90-9041-43c8-81bb-cba8812831d0","095F1023EBE148B4B73BD0F5415ABC5E","OSBS_004.mammalGrid.mam","D03","OSBS","OSBS_004","2016-05-03","2016-05-03","NEON.DOC.000481vG",,
"742f1e53-a31b-4922-be0f-30ec49abdf7d","AFFCAD0610CE4D5A8199549EDC6F6761","OSBS_023.mammalGrid.mam","D03","OSBS","OSBS_023","2016-05-03","2016-05-03","NEON.DOC.000481vG",,
"9d9a7a5c-af8f-4e49-8229-9820c1db4084","AA66F042CA5E4FA29FA15A6A37BD5005","OSBS_003.mammalGrid.mam","D03","OSBS","OSBS_003","2016-05-03","2016-05-03","NEON.DOC.000481vG",,
"adf445a8-6485-4143-ac49-6dd175ffecdf","895C854C9AC94C4590D0E3C3C327DA21","OSBS_005.mammalGrid.mam","D03","OSBS","OSBS_005","2016-05-04","2016-05-04","NEON.DOC.000481vG",,
"5041d368-c5d1-403e-a66f-1fa643547fae","BEDDDEB74ED24F50B7A32A81746CCA9E","OSBS_003.mammalGrid.mam","D03","OSBS","OSBS_003","2016-05-04","2016-05-04","NEON.DOC.000481vG",,
"98cff6d2-1bc7-461b-b1a3-225fe0875ec4","E7EE3D488B2840BCB6B006E2067270F4","OSBS_004.mammalGrid.mam","D03","OSBS","OSBS_004","2016-05-04","2016-05-04","NEON.DOC.000481vG",,
"fa9e6fad-b819-416d-81e0-207eef50c4aa","5E74B541E8E14129B320EDA36AADC4DD","OSBS_023.mammalGrid.mam","D03","OSBS","OSBS_023","2016-05-04","2016-05-04","NEON.DOC.000481vG",,
"f438ca67-8af1-436d-ad09-800701945fa2","0B7DDE7078F440F3A5614AC455BC541E","OSBS_003.mammalGrid.mam","D03","OSBS","OSBS_003","2016-05-05","2016-05-05","NEON.DOC.000481vG",,
"43128c28-a936-410e-9a07-1c2424ffbd57","335560908A2E4E2AB96F67CE66BC21B1","OSBS_002.mammalGrid.mam","D03","OSBS","OSBS_002","2016-05-05","2016-05-05","NEON.DOC.000481vG",,
"fb4186b1-96a6-4996-841e-f0510abc3d59","F5CC58C442764661908E7E23BF7FBB0F","OSBS_004.mammalGrid.mam","D03","OSBS","OSBS_004","2016-05-05","2016-05-05","NEON.DOC.000481vG",,
