uid,nightuid,namedLocation,domainID,siteID,plotID,collectDate,endDate,samplingProtocolVersion,remarks,dataQF
"d4280d3b-fd5c-4a13-b1f2-e9b66bddaeaa","f654ee35-a647-4449-b4c1-1c0ad79ec8b1","MOAB_006.mammalGrid.mam","D13","MOAB","MOAB_006","2018-05-10","2018-05-10","NEON.DOC.000481vK",,
"3bd1d3b5-f595-468f-bc99-8521f26c4561","e8b8e2c1-82ba-4fc2-980f-60a1e191ff0a","MOAB_003.mammalGrid.mam","D13","MOAB","MOAB_003","2018-05-10","2018-05-10","NEON.DOC.000481vK",,
"9f870b95-cd8b-4113-b0f3-bff86244e46c","8bf43c49-19e2-48ea-a97f-ee66089bbbf6","MOAB_009.mammalGrid.mam","D13","MOAB","MOAB_009","2018-05-10","2018-05-10","NEON.DOC.000481vK",,
"ccd669d8-f3b4-424c-b127-93cfaf2d86eb","8f8c5e7e-90c1-4592-97bb-7d9bb3d25a00","MOAB_009.mammalGrid.mam","D13","MOAB","MOAB_009","2018-05-11","2018-05-11","NEON.DOC.000481vK",,
"85aeae5a-5e37-4bc3-aa62-a04c5c211b6b","dd26ad74-86f0-45bf-95b9-df672011ef01","MOAB_006.mammalGrid.mam","D13","MOAB","MOAB_006","2018-05-11","2018-05-11","NEON.DOC.000481vK",,
"d11f92e7-1426-45db-89ea-f6815f1b703d","5be6ca6b-6753-4a7f-97e7-6d240607719c","MOAB_003.mammalGrid.mam","D13","MOAB","MOAB_003","2018-05-11","2018-05-11","NEON.DOC.000481vK",,
"1f448920-1817-41ad-ae8f-571808fa709a","667fd55f-73af-4bad-b159-3ff6b507614a","MOAB_003.mammalGrid.mam","D13","MOAB","MOAB_003","2018-05-12","2018-05-12","NEON.DOC.000481vK",,
"d9021910-6b27-428d-ac2c-94693d18a2cc","109e4e91-d307-407e-9ac2-1cdbf73faebb","MOAB_009.mammalGrid.mam","D13","MOAB","MOAB_009","2018-05-12","2018-05-12","NEON.DOC.000481vK",,
"1588e1e1-fb61-4834-9d7f-7511d2487e83","1f4b1154-2e85-4132-b454-2ba2d2c68667","MOAB_006.mammalGrid.mam","D13","MOAB","MOAB_006","2018-05-12","2018-05-12","NEON.DOC.000481vK",,
"d0a881e5-cfe1-4a02-827b-2d61bd896e6f","41a648c4-eef1-4751-b96a-3241b4c0782e","MOAB_002.mammalGrid.mam","D13","MOAB","MOAB_002","2018-05-13","2018-05-13","NEON.DOC.000481vK","No Captures",
"b9dbfc42-acb1-4c1a-b568-53d0bb4142c6","88e00b63-0dec-4821-af73-5e5cc8b6f5ed","MOAB_007.mammalGrid.mam","D13","MOAB","MOAB_007","2018-05-13","2018-05-13","NEON.DOC.000481vK",,
"65423a97-88dd-4de1-b436-78fe8f3030d6","0a06efb0-a825-4ba7-b3b8-17e72bcb12c2","MOAB_004.mammalGrid.mam","D13","MOAB","MOAB_004","2018-05-13","2018-05-13","NEON.DOC.000481vK",,
