uid,nightuid,namedLocation,domainID,siteID,plotID,collectDate,endDate,samplingProtocolVersion,remarks,dataQF
"d06775ba-c909-4d44-bd4f-c7a7d88bc6a7","784665e7-388d-45c8-b8b6-ff357d0e417e","CLBJ_040.mammalGrid.mam","D11","CLBJ","CLBJ_040","2018-06-12","2018-06-12","NEON.DOC.000481vK",,
"687ec33e-9a76-4580-aaf3-4d718eb2273d","ca8888e7-9913-472a-961c-6aafd28e7798","CLBJ_033.mammalGrid.mam","D11","CLBJ","CLBJ_033","2018-06-12","2018-06-12","NEON.DOC.000481vK",,
"4b5f82c6-778a-4391-a4ed-f172bfefe549","8be7d103-e869-46f2-bbfc-0b0a1cb44737","CLBJ_057.mammalGrid.mam","D11","CLBJ","CLBJ_057","2018-06-12","2018-06-12","NEON.DOC.000481vK",,
"0e629489-2587-4a85-a8d7-01b01f628b09","70e20d3e-07d9-4762-b8d6-ba2833b889a7","CLBJ_041.mammalGrid.mam","D11","CLBJ","CLBJ_041","2018-06-12","2018-06-12","NEON.DOC.000481vK",,
"0886983b-8eaa-46fe-a88f-baa70f28b991","340aad6a-44f3-4b83-b9b7-594dbf3fe2e9","CLBJ_033.mammalGrid.mam","D11","CLBJ","CLBJ_033","2018-06-13","2018-06-13","NEON.DOC.000481vK",,
"496b2a1f-c337-410c-986a-9245adf87ec8","531e654f-8ec4-44f1-ae7f-312f5cc0954e","CLBJ_042.mammalGrid.mam","D11","CLBJ","CLBJ_042","2018-06-13","2018-06-13","NEON.DOC.000481vK",,
"abb5abfe-5f9d-4169-9d0e-d3e59761882a","4c71e218-890c-4f28-80ed-82c2828f18dd","CLBJ_041.mammalGrid.mam","D11","CLBJ","CLBJ_041","2018-06-13","2018-06-13","NEON.DOC.000481vK",,
"d4fee9b4-5658-4adf-b447-bf64c3a9345c","5f218cd5-0613-4d48-b04c-c286613e518f","CLBJ_042.mammalGrid.mam","D11","CLBJ","CLBJ_042","2018-06-14","2018-06-14","NEON.DOC.000481vK",,
"333d0d30-2c1e-4416-a4c6-64c7d6ca49d7","3bf81995-df42-455d-adfc-7bf18b64b2bb","CLBJ_041.mammalGrid.mam","D11","CLBJ","CLBJ_041","2018-06-14","2018-06-14","NEON.DOC.000481vK",,
"b7e37e86-e3f9-4fc3-8d56-68ce6d1e9615","0ee95e27-d733-406d-8a50-09dc64553efc","CLBJ_033.mammalGrid.mam","D11","CLBJ","CLBJ_033","2018-06-14","2018-06-14","NEON.DOC.000481vK",,
"02da0c88-c5eb-4e86-9860-efd66db7cc76","b10fb2cd-2302-49ea-ba99-c8977d72f03f","CLBJ_037.mammalGrid.mam","D11","CLBJ","CLBJ_037","2018-06-15","2018-06-15","NEON.DOC.000481vK",,
"73d72ac1-3620-4388-b0ba-66e206733307","dc4c9935-0c43-425e-89b4-90787ebb8c29","CLBJ_034.mammalGrid.mam","D11","CLBJ","CLBJ_034","2018-06-15","2018-06-15","NEON.DOC.000481vK",,
"84e81dd5-046e-4361-adac-d82793842c2b","4ac2c9ee-7ddf-467f-8195-58d039878e50","CLBJ_042.mammalGrid.mam","D11","CLBJ","CLBJ_042","2018-06-15","2018-06-15","NEON.DOC.000481vK",,
"dc489cfb-f37c-4252-9c30-88abf4fbed11","97bdb1e2-49d7-485d-949c-76d789d625f4","CLBJ_039.mammalGrid.mam","D11","CLBJ","CLBJ_039","2018-06-15","2018-06-15","NEON.DOC.000481vK",,
