uid,nightuid,namedLocation,domainID,siteID,plotID,collectDate,endDate,samplingProtocolVersion,remarks,dataQF
"7d26750c-14cb-4320-8ae4-5fb78eebd4a7","6ff08cd7-fc3a-4ef6-9362-c804b4e4e891","DEJU_014.mammalGrid.mam","D19","DEJU","DEJU_014","2017-06-20","2017-06-20","NEON.DOC.000481vJ",,
"5871f3ff-019d-42c9-8cc0-661839c42a43","48ca0fdb-3e8f-4042-9270-29a267c3a890","DEJU_005.mammalGrid.mam","D19","DEJU","DEJU_005","2017-06-20","2017-06-20","NEON.DOC.000481vJ",,
"3102d0e0-3f1f-4449-b5b6-d52c928160a6","53936a36-6f3d-4c0d-ba69-40fe8a588002","DEJU_003.mammalGrid.mam","D19","DEJU","DEJU_003","2017-06-20","2017-06-20","NEON.DOC.000481vJ",,
"957f5f86-65e4-476b-8ca1-546495ea1cb0","18f7e2b8-7506-46c3-9f33-4a4b8329fe72","DEJU_017.mammalGrid.mam","D19","DEJU","DEJU_017","2017-06-20","2017-06-20","NEON.DOC.000481vJ",,
"225c9e06-08b3-440d-afd3-f3936252032e","c35cb1cc-877b-4694-b716-61b8789823bc","DEJU_003.mammalGrid.mam","D19","DEJU","DEJU_003","2017-06-21","2017-06-21","NEON.DOC.000481vJ",,
"1aec0970-3261-479c-bef2-a5eb520ea89c","92229b11-0a6e-4e78-bbfb-8e4d5c906cda","DEJU_005.mammalGrid.mam","D19","DEJU","DEJU_005","2017-06-21","2017-06-21","NEON.DOC.000481vJ",,
"9e374ce9-07a3-4719-bc17-d7be75876286","912af52d-32dd-4928-a755-8383b0aec568","DEJU_006.mammalGrid.mam","D19","DEJU","DEJU_006","2017-06-21","2017-06-21","NEON.DOC.000481vJ",,
"434e9275-ec65-432a-a9e6-4b78f00ebacd","a4f1004c-be52-4dd5-bda5-d73369a82547","DEJU_017.mammalGrid.mam","D19","DEJU","DEJU_017","2017-06-21","2017-06-21","NEON.DOC.000481vJ",,
"2681e152-d60b-43b0-8328-0fbdd1dc7e12","85943f87-49a0-47b7-b4e0-10f47e4047bc","DEJU_003.mammalGrid.mam","D19","DEJU","DEJU_003","2017-06-22","2017-06-22","NEON.DOC.000481vJ",,
"03a92a3b-d7f8-4e19-8b03-7c7882bc948d","d1913820-d700-4a12-8d41-b8571d2a3e96","DEJU_017.mammalGrid.mam","D19","DEJU","DEJU_017","2017-06-22","2017-06-22","NEON.DOC.000481vJ",,
"ec472a85-f67a-47c8-b766-6f89b0f0503e","77b4430b-c696-4ca8-a2e7-b26e4b90d39b","DEJU_001.mammalGrid.mam","D19","DEJU","DEJU_001","2017-06-22","2017-06-22","NEON.DOC.000481vJ",,
"6f1d31d5-e00b-4cf2-b98d-739364e2bfdf","3f59ef02-4169-44ab-82a8-cecfe8776fb1","DEJU_005.mammalGrid.mam","D19","DEJU","DEJU_005","2017-06-22","2017-06-22","NEON.DOC.000481vJ",,
