uid,nightuid,namedLocation,domainID,siteID,plotID,collectDate,endDate,samplingProtocolVersion,remarks,dataQF
"c3c4c450-ddd1-4926-b587-a2cc4ff47484","c93b7a91-402c-493a-a159-77461254a134","LENO_031.mammalGrid.mam","D08","LENO","LENO_031","2017-10-24","2017-10-24","NEON.DOC.000481vH",,
"40e4f995-7d2a-4e8b-bd64-666434b36e27","11f9ec03-5da1-4f7c-aff5-ef8774d4592c","LENO_002.mammalGrid.mam","D08","LENO","LENO_002","2017-10-24","2017-10-24","NEON.DOC.000481vH",,
"9b759db6-c764-431f-ace4-162be943acb0","7deb4b18-bc2a-4999-9c5c-910a53b7a8b9","LENO_008.mammalGrid.mam","D08","LENO","LENO_008","2017-10-24","2017-10-24","NEON.DOC.000481vH",,
"b0b2bda7-0f31-4191-92ac-f1715a642cde","c9480d0e-64c9-41a0-8a04-b2b00bc4816d","LENO_006.mammalGrid.mam","D08","LENO","LENO_006","2017-10-24","2017-10-24","NEON.DOC.000481vH",,
"ddcee887-f85d-44d4-b228-368e5672bdaf","a6320871-e151-409d-b319-941b3195e210","LENO_015.mammalGrid.mam","D08","LENO","LENO_015","2017-10-25","2017-10-25","NEON.DOC.000481vJ",,
"552b092e-f2ab-4ac5-8a90-e265ccd2a48e","cf78a72f-b7c7-4c1b-a1a5-f01b0506e4c8","LENO_006.mammalGrid.mam","D08","LENO","LENO_006","2017-10-25","2017-10-25","NEON.DOC.000481vJ",,
"ace12ef1-b300-4745-99c3-8814d0fa8e62","05a92263-00ee-4a2c-920a-9f31e92fe445","LENO_008.mammalGrid.mam","D08","LENO","LENO_008","2017-10-25","2017-10-25","NEON.DOC.000481vJ",,
"6943582c-9a29-4f3b-9f08-c417a0c9fd4e","6cb5c557-18f8-482f-832b-366f53992040","LENO_031.mammalGrid.mam","D08","LENO","LENO_031","2017-10-25","2017-10-25","NEON.DOC.000481vJ",,
"5a61fccc-7ac5-40d2-8768-2f8241867830","a766c0ea-f8e2-4e75-adad-61ba0d76e5a4","LENO_002.mammalGrid.mam","D08","LENO","LENO_002","2017-10-25","2017-10-25","NEON.DOC.000481vH",,
"96d6c69f-9428-4ed5-aeea-167633bd3099","1e57ca51-b865-4235-9ed1-88fc59bc03a5","LENO_008.mammalGrid.mam","D08","LENO","LENO_008","2017-10-26","2017-10-26","NEON.DOC.000481vJ",,
"1b0e00f0-2f4b-44fa-9107-6dff8f1af4dd","5472acea-ff41-4a2b-960d-567214c163ea","LENO_003.mammalGrid.mam","D08","LENO","LENO_003","2017-10-26","2017-10-26","NEON.DOC.000481vJ",,
"adb581c3-5f34-4cd9-a21c-4567b165078d","fdd25e26-7154-4f9e-b2aa-eee29daa45d4","LENO_022.mammalGrid.mam","D08","LENO","LENO_022","2017-10-26","2017-10-26","NEON.DOC.000481vJ",,
"6a1a40f9-a984-4017-8334-6f34e06b68ff","70ec212c-b53c-479a-9965-c8d8144069f5","LENO_002.mammalGrid.mam","D08","LENO","LENO_002","2017-10-26","2017-10-26","NEON.DOC.000481vJ",,
"9dccc9b5-532f-404e-91a0-6642ed617f9b","b6368f1f-1eae-4e19-8a6a-badb410e7129","LENO_006.mammalGrid.mam","D08","LENO","LENO_006","2017-10-26","2017-10-26","NEON.DOC.000481vJ",,
"d04cc5f3-3d27-4e07-897d-c1ec833d2dd4","60fdab15-0dc9-4395-ab1e-ad70bc092924","LENO_031.mammalGrid.mam","D08","LENO","LENO_031","2017-10-26","2017-10-26","NEON.DOC.000481vJ",,
