uid,nightuid,namedLocation,domainID,siteID,plotID,collectDate,endDate,samplingProtocolVersion,remarks,dataQF
"064ca59a-61c2-4086-99fe-c1a101851d8d","bbc66690-d7ab-4b7d-8d0d-37035f20a425","KONZ_002.mammalGrid.mam","D06","KONZ","KONZ_002","2018-09-04","2018-09-04","NEON.DOC.000481vK",,
"902405ec-e23a-423a-a62d-889e79eb92db","8d28ce0e-bb70-47df-9d22-867c77f97bc2","KONZ_003.mammalGrid.mam","D06","KONZ","KONZ_003","2018-09-04","2018-09-04","NEON.DOC.000481vK",,
"3dd73cd1-22c3-4312-b273-6a56d87ead5a","93542fbb-ec01-46bf-859b-263563010225","KONZ_005.mammalGrid.mam","D06","KONZ","KONZ_005","2018-09-04","2018-09-04","NEON.DOC.000481vK",,
"6a7f35ed-20d3-46d1-88f0-cb9c5c28766a","08150c2c-3603-40f5-aa86-59622c3a634a","KONZ_006.mammalGrid.mam","D06","KONZ","KONZ_006","2018-09-05","2018-09-05","NEON.DOC.000481vK",,
"bd178aea-7d04-44ee-b1c0-d06a671a4324","51d334b5-4a8a-4c1e-b09f-15ad1f6f75ca","KONZ_027.mammalGrid.mam","D06","KONZ","KONZ_027","2018-09-05","2018-09-05","NEON.DOC.000481vK",,
"3c1c3949-e5f3-4904-8b03-dd055155eab0","acde779f-63c3-4a04-8e56-37a04a722797","KONZ_001.mammalGrid.mam","D06","KONZ","KONZ_001","2018-09-05","2018-09-05","NEON.DOC.000481vK",,
"a60bae87-cfae-4ddd-b86c-a344a9507717","5e50c351-aeaa-4b54-a660-ed93ad30943c","KONZ_027.mammalGrid.mam","D06","KONZ","KONZ_027","2018-09-06","2018-09-06","NEON.DOC.000481vK",,
"6feb1d2d-78dd-441a-9dbb-5b46947e28f8","f009f8c2-6eb6-492f-866f-5a405f2d6c34","KONZ_006.mammalGrid.mam","D06","KONZ","KONZ_006","2018-09-06","2018-09-06","NEON.DOC.000481vK",,
"72001e93-f1ec-4196-ab16-d01b2ce88a41","338e66ad-0e72-477e-a2ea-a4d08ad79694","KONZ_001.mammalGrid.mam","D06","KONZ","KONZ_001","2018-09-06","2018-09-06","NEON.DOC.000481vK",,
"09e38dea-65b6-4cc5-8170-02c0e2a86f6f","4924a362-d907-4486-8853-52800a93a999","KONZ_027.mammalGrid.mam","D06","KONZ","KONZ_027","2018-09-07","2018-09-07","NEON.DOC.000481vK",,
"f3d20b46-d2d2-4f15-b9c6-6c71c0766f0d","997da987-0c38-4303-8c57-c21a635971f7","KONZ_006.mammalGrid.mam","D06","KONZ","KONZ_006","2018-09-07","2018-09-07","NEON.DOC.000481vK",,
"f8fae93c-ffbc-41e0-bf3d-06542210c7ee","1b48c9dc-db85-461b-9213-e6976298a7a2","KONZ_001.mammalGrid.mam","D06","KONZ","KONZ_001","2018-09-07","2018-09-07","NEON.DOC.000481vK",,
