uid,nightuid,namedLocation,domainID,siteID,plotID,collectDate,endDate,samplingProtocolVersion,remarks,dataQF
"05c000e7-b858-44f9-b541-b29dffcfe1a2","c9332256-3489-4324-b244-e2962febfddf","UKFS_018.mammalGrid.mam","D06","UKFS","UKFS_018","2017-08-14","2017-08-14","NEON.DOC.000481vG",,
"82913813-80e2-4c89-9503-e2eb97f7d197","49e412bd-938f-42de-b4dc-db8de76ccc3d","UKFS_007.mammalGrid.mam","D06","UKFS","UKFS_007","2017-08-14","2017-08-14","NEON.DOC.000481vG",,
"8b45b701-8b48-4d09-ba8d-3b3675172fd9","0e748fe9-1b08-4ed1-8b57-fbd940a7ef99","UKFS_003.mammalGrid.mam","D06","UKFS","UKFS_003","2017-08-14","2017-08-14","NEON.DOC.000481vG",,
"9002863f-eb2a-40de-a33b-62f3be22bed1","d28f317e-0ebb-4a0b-b4ff-cc00abca7c24","UKFS_009.mammalGrid.mam","D06","UKFS","UKFS_009","2017-08-16","2017-08-16","NEON.DOC.000481vJ",,
"61128bed-4a21-4a87-9ed6-c5eb9d2d30d8","1efad5af-1489-4834-9844-f0854c16cd80","UKFS_004.mammalGrid.mam","D06","UKFS","UKFS_004","2017-08-16","2017-08-16","NEON.DOC.000481vJ",,
"a8c91f43-3100-444c-9859-4fa258ae4d02","3f14f3d7-a1b1-4824-ba63-973a156f94dd","UKFS_010.mammalGrid.mam","D06","UKFS","UKFS_010","2017-08-16","2017-08-16","NEON.DOC.000481vH",,
"0fb4f7e5-c481-4a1e-80e0-f21a7dcd1942","b8c0b743-fc85-49ad-a41b-aa0f59fce596","UKFS_010.mammalGrid.mam","D06","UKFS","UKFS_010","2017-08-17","2017-08-17","NEON.DOC.000481vJ",,
"5569a9ca-5ccb-404d-84b3-b014851a770b","1ecd6dc2-cedb-45f0-8528-eb4ccc049781","UKFS_004.mammalGrid.mam","D06","UKFS","UKFS_004","2017-08-17","2017-08-17","NEON.DOC.000481vJ",,
"ce5371b6-bb2f-499a-9cfd-b1e0352e86be","5d1dddd3-fc06-43fd-95d1-25db53b95881","UKFS_009.mammalGrid.mam","D06","UKFS","UKFS_009","2017-08-17","2017-08-17","NEON.DOC.000481vJ",,
"e3c47cfe-a111-40a8-ad17-9df37f41b68e","f52e2544-96aa-4fa5-80d1-051e76e11a30","UKFS_009.mammalGrid.mam","D06","UKFS","UKFS_009","2017-08-18","2017-08-18","NEON.DOC.000481vJ",,
"6eb73d0e-0d80-4b25-afeb-4f6baeb890ac","af407f82-ebed-46b1-ba00-a328a810ed27","UKFS_004.mammalGrid.mam","D06","UKFS","UKFS_004","2017-08-18","2017-08-18","NEON.DOC.000481vJ",,
"0427b9f7-c13e-4b58-93f3-70a806967010","1384391d-8c7f-4fa6-b625-b4465d6b0032","UKFS_010.mammalGrid.mam","D06","UKFS","UKFS_010","2017-08-18","2017-08-18","NEON.DOC.000481vJ",,
