uid,nightuid,namedLocation,domainID,siteID,plotID,collectDate,endDate,samplingProtocolVersion,remarks,dataQF
"84e03fc3-304d-4059-b779-00e8ed0a4798","4C67D02EA0854DA3A9A5B92424470717","JORN_017.mammalGrid.mam","D14","JORN","JORN_017","2015-07-15","2015-07-15",,,
"5451f4ec-590d-4b87-8653-92888a9be2ff","289F3B4896E743DBA87DC8E9390A0933","JORN_018.mammalGrid.mam","D14","JORN","JORN_018","2015-07-15","2015-07-15",,,
"e361fdba-ae05-4493-bce6-d955ae68756a","486F16D727EE4B8EAE41268D85746531","JORN_017.mammalGrid.mam","D14","JORN","JORN_017","2015-07-16","2015-07-16",,,
"aa2f2cd1-0f2d-4a6e-ab21-b6e56fdecde4","736096A778C447A9A546D4C28DDEE12E","JORN_018.mammalGrid.mam","D14","JORN","JORN_018","2015-07-16","2015-07-16",,,
"a8c401b9-06e3-4b24-a0f7-9a9b7314763e","A0BA7EF23868416F9F9980F84B1CE26D","JORN_018.mammalGrid.mam","D14","JORN","JORN_018","2015-07-17","2015-07-17",,,
"76103427-e4cc-43e7-a271-1031d255ec47","2BF178F633F64B0499576D7E3CD58B4C","JORN_017.mammalGrid.mam","D14","JORN","JORN_017","2015-07-17","2015-07-17",,,
"c591c7f4-8058-46c3-be95-1dcdd318f2de","E69CA5D5FF794D0CAC1E010FA98CEEF6","JORN_011.mammalGrid.mam","D14","JORN","JORN_011","2015-07-18","2015-07-18",,,
"f73b14fc-7398-43ca-88a5-ca76be2925f9","274EA5D0868743978AB92C29F6548E84","JORN_001.mammalGrid.mam","D14","JORN","JORN_001","2015-07-18","2015-07-18",,,
"3beb16cc-ae67-40b9-b53d-a612bc6cfd42","E8F392C5F84945BCBBDE5A31F1D5748D","JORN_001.mammalGrid.mam","D14","JORN","JORN_001","2015-07-19","2015-07-19",,,
"63c48a54-4f61-4096-bf37-6029d6a20cc2","EF0B5A42EFCA4D64936BB251AC8EBD84","JORN_007.mammalGrid.mam","D14","JORN","JORN_007","2015-07-19","2015-07-19",,,
"43e693a8-f696-4a83-8ea5-5d48669c8b9e","0E09032A9AE8454F9CB87879DF754C77","JORN_001.mammalGrid.mam","D14","JORN","JORN_001","2015-07-20","2015-07-20",,,
"3210fe82-5910-4532-9dbb-cb1bd15aec51","C4D96DFA274A4EDDB3FD38C0E7F69BB2","JORN_031.mammalGrid.mam","D14","JORN","JORN_031","2015-07-20","2015-07-20",,,
