uid,nightuid,namedLocation,domainID,siteID,plotID,collectDate,endDate,samplingProtocolVersion,remarks,dataQF
"e0546997-011e-46aa-911c-f47c4798fbd3","56d850d5-75cd-454f-9664-72518b4bc17f","KONA_004.mammalGrid.mam","D06","KONA","KONA_004","2017-07-17","2017-07-17","NEON.DOC.000481vJ",,
"5b6da13a-b84b-4ff5-b037-e8b34c0e9ae7","0d9addf7-8fa3-4147-b8ce-ecdf68a106eb","KONA_003.mammalGrid.mam","D06","KONA","KONA_003","2017-07-17","2017-07-17","NEON.DOC.000481vJ",,
"0d5a0cc5-7976-4bcc-9ef1-7ba4c4ff7c02","1568db19-7a1d-49b4-8f78-c38d355178d8","KONA_006.mammalGrid.mam","D06","KONA","KONA_006","2017-07-17","2017-07-17","NEON.DOC.000481vJ",,
"1cadb632-99e0-4552-ae4d-52611be6e960","402b8d83-56a2-4073-8d60-290397cfdd10","KONA_013.mammalGrid.mam","D06","KONA","KONA_013","2017-07-19","2017-07-19","NEON.DOC.000481vJ",,
"b762f58c-fa61-48d8-99be-e57e819df1ea","564c8b3c-c474-4574-a603-0c3d423b575c","KONA_016.mammalGrid.mam","D06","KONA","KONA_016","2017-07-19","2017-07-19","NEON.DOC.000481vJ",,
"253d0dca-9e04-4903-8b63-69a24cabd1b8","62286916-b249-42d3-832b-0ebfb3f744b6","KONA_001.mammalGrid.mam","D06","KONA","KONA_001","2017-07-19","2017-07-19","NEON.DOC.000481vG","Plot is in a soybean field",
"1e82453a-963a-4bdf-989b-4545a640579d","b81152cf-a1ea-4a62-9be2-473b479839f3","KONA_016.mammalGrid.mam","D06","KONA","KONA_016","2017-07-20","2017-07-20","NEON.DOC.000481vG",,
"0e2f0c93-61bc-499b-8b7d-7531c30b98c0","cf7e7483-b234-4d5c-963a-b7b5b8fe1838","KONA_013.mammalGrid.mam","D06","KONA","KONA_013","2017-07-20","2017-07-20","NEON.DOC.000481vG",,
"75d3e3eb-c49f-4a9b-9a92-4bbb8f357d38","88596161-a965-4160-9f91-3ff3547f2639","KONA_001.mammalGrid.mam","D06","KONA","KONA_001","2017-07-20","2017-07-20","NEON.DOC.000481vG","Over 30 captures",
"e3debe89-27cf-45ac-95eb-bca7508c0ddc","b4f7d201-d32c-413d-ab5d-67f3ac656097","KONA_016.mammalGrid.mam","D06","KONA","KONA_016","2017-07-21","2017-07-21","NEON.DOC.000481vG",,
"dd4e88bc-bd23-4236-80af-310f8ab15661","cf76c648-1d81-4d5e-b8a5-c2045bdf0828","KONA_001.mammalGrid.mam","D06","KONA","KONA_001","2017-07-21","2017-07-21","NEON.DOC.000481vG","Over 30 captures",
"71f10f0d-11f6-4bb4-be85-d236e032daf8","d0a8bb9a-19db-452d-afe4-fc0f0a712762","KONA_013.mammalGrid.mam","D06","KONA","KONA_013","2017-07-21","2017-07-21","NEON.DOC.000481vG",,
