uid,nightuid,namedLocation,domainID,siteID,plotID,collectDate,endDate,samplingProtocolVersion,remarks,dataQF
"73449bc9-56a2-4d69-897b-a83d0af3a5ac","4A6EBAEEF21A4C7C892BE53095046D9B","LAJA_023.mammalGrid.mam","D04","LAJA","LAJA_023","2016-08-16","2016-08-16","NEON.DOC.000481vH",,
"50e4f535-4423-42f4-bb9b-c42281d3a887","88BBD53FCE644F288F5AB67845F8416F","LAJA_002.mammalGrid.mam","D04","LAJA","LAJA_002","2016-08-16","2016-08-16","NEON.DOC.000481vH",,
"c4f9a4dd-29f4-461b-ac89-5bcea1440bb0","0072F300B25F48C9902B199F57BF01E2","LAJA_003.mammalGrid.mam","D04","LAJA","LAJA_003","2016-08-16","2016-08-16","NEON.DOC.000481vH",,
"85b104a2-40b9-4f11-a3db-3f73b08a7cd8","1663164AC9D94A08A58B00453C50BC29","LAJA_002.mammalGrid.mam","D04","LAJA","LAJA_002","2016-08-17","2016-08-17","NEON.DOC.000481vH",,
"00c55e1d-d31e-493f-8919-95a97b3a45cc","8FAA754567DB4714810D38F0FA764637","LAJA_003.mammalGrid.mam","D04","LAJA","LAJA_003","2016-08-17","2016-08-17","NEON.DOC.000481vH",,
"a2bcbbca-1fa0-4d4d-be89-8b1520203d00","97BE23CAEF314AC1AE8EDD75848B6FA0","LAJA_023.mammalGrid.mam","D04","LAJA","LAJA_023","2016-08-17","2016-08-17","NEON.DOC.000481vH",,
"3ad6a1d4-d3ac-4d52-878a-45317c5b9b54","9D0A4A07C1464C2BB5C0A1265E464E9B","LAJA_003.mammalGrid.mam","D04","LAJA","LAJA_003","2016-08-18","2016-08-18","NEON.DOC.000481vH",,
"88a0f3ad-d61c-4757-a3de-b5d6827549c5","EC4D36DE940D411399BD1BC2A8CA7305","LAJA_002.mammalGrid.mam","D04","LAJA","LAJA_002","2016-08-18","2016-08-18","NEON.DOC.000481vH",,
"cdc5e032-1b5c-4735-bb03-53d4f0be3b47","6DDFAC046E1D4F3D9B20518AEF0BDA35","LAJA_023.mammalGrid.mam","D04","LAJA","LAJA_023","2016-08-18","2016-08-18","NEON.DOC.000481vH",,
"e2896338-c434-4593-9dd0-98e349d377f2","8A81344E43514B0C92392A9FD4F54FE5","LAJA_010.mammalGrid.mam","D04","LAJA","LAJA_010","2016-08-19","2016-08-19","NEON.DOC.000481vH",,
"087f1e43-b49e-4b26-9a0b-b6db2cdc9d69","A11562945C214B5EB21003406809FFA9","LAJA_005.mammalGrid.mam","D04","LAJA","LAJA_005","2016-08-19","2016-08-19","NEON.DOC.000481vH",,
"60465070-ab5a-4da0-a3c7-019aecf60cbf","7CFFAF38840D46FD89169695C71C50C6","LAJA_018.mammalGrid.mam","D04","LAJA","LAJA_018","2016-08-19","2016-08-19","NEON.DOC.000481vH",,
