uid,nightuid,namedLocation,domainID,siteID,plotID,collectDate,endDate,samplingProtocolVersion,remarks,dataQF
"12b76d20-25a3-401c-a10a-7a74749480de","3f92c60a-c431-4005-8fa2-12f19ba2d344","DEJU_005.mammalGrid.mam","D19","DEJU","DEJU_005","2018-09-11","2018-09-11","NEON.DOC.000481vK",,
"90bfcd68-b02d-428d-971a-c3bd6f68a20b","b8d1f8d3-cbe4-465d-aee6-2aa18dbb0781","DEJU_003.mammalGrid.mam","D19","DEJU","DEJU_003","2018-09-11","2018-09-11","NEON.DOC.000481vK",,
"8c25ab91-b92f-4a3d-98af-9c13614472de","fb32be29-a454-489d-ba59-23b34e58263d","DEJU_017.mammalGrid.mam","D19","DEJU","DEJU_017","2018-09-11","2018-09-11","NEON.DOC.000481vK",,
"dbb6258e-8b11-427e-ad04-6b582e336855","9ab48878-33f8-4c7b-a2af-11d7fe1fd1c1","DEJU_001.mammalGrid.mam","D19","DEJU","DEJU_001","2018-09-11","2018-09-11","NEON.DOC.000481vK",,
"31661b18-7237-4f3b-a4d5-36e32b1f6c0f","86929307-c35e-459a-92a6-0830e05ab26d","DEJU_005.mammalGrid.mam","D19","DEJU","DEJU_005","2018-09-12","2018-09-12","NEON.DOC.000481vK",,
"d8846db6-979e-4a8c-b1e7-64a1671fce96","ceffdce9-d9c1-4cf3-869b-68219b4e9fd0","DEJU_014.mammalGrid.mam","D19","DEJU","DEJU_014","2018-09-12","2018-09-12","NEON.DOC.000481vK",,
"85afebe6-0079-4e81-833d-f0a821f07078","983617d3-6b90-43b3-8dcf-f56e76262d81","DEJU_006.mammalGrid.mam","D19","DEJU","DEJU_006","2018-09-12","2018-09-12","NEON.DOC.000481vK",,
"ea02396e-a1e7-4517-8d5c-f9692bb8a732","ca5dd110-6986-4fb4-9a6c-cdab8d1d2625","DEJU_017.mammalGrid.mam","D19","DEJU","DEJU_017","2018-09-12","2018-09-12","NEON.DOC.000481vK",,
"311bb851-9a62-443d-8825-751feed5dec1","0cd8891c-9105-4252-8c97-ef9ff23ccd31","DEJU_003.mammalGrid.mam","D19","DEJU","DEJU_003","2018-09-12","2018-09-12","NEON.DOC.000481vK",,
"4cdd9856-4568-4055-a2b1-4e5616a0ec5a","80587736-93ed-46d7-adb3-c6db6e0db6f0","DEJU_003.mammalGrid.mam","D19","DEJU","DEJU_003","2018-09-13","2018-09-13","NEON.DOC.000481vK",,
"beaf0d37-9702-46a8-86ad-f30501b43cb3","75d1425f-f314-4eda-bf6f-922908f59d0f","DEJU_005.mammalGrid.mam","D19","DEJU","DEJU_005","2018-09-13","2018-09-13","NEON.DOC.000481vK",,
"f1625ad9-cc64-43df-845a-4d43d9fd0296","48a285a9-89d2-4a9f-85d2-52f4c9e3b117","DEJU_017.mammalGrid.mam","D19","DEJU","DEJU_017","2018-09-13","2018-09-13","NEON.DOC.000481vK",,
