uid,nightuid,namedLocation,domainID,siteID,plotID,collectDate,endDate,samplingProtocolVersion,remarks,dataQF
"98ccd649-53f7-4561-beda-8020eaca5f80","13ced30d-3a3f-4f8a-9c05-0cd1a2c25d8f","MOAB_003.mammalGrid.mam","D13","MOAB","MOAB_003","2018-06-08","2018-06-08","NEON.DOC.000481vK",,
"14148dd8-d83d-4bdc-bd6a-57120dfa6d92","7a0237e7-5a96-4a70-b245-1b5eb41f65f0","MOAB_006.mammalGrid.mam","D13","MOAB","MOAB_006","2018-06-08","2018-06-08","NEON.DOC.000481vK",,
"4ef6dc64-0daf-46b1-b288-f97d9e0f3b04","3c6057a9-e923-4385-925b-366e50e10eca","MOAB_009.mammalGrid.mam","D13","MOAB","MOAB_009","2018-06-08","2018-06-08","NEON.DOC.000481vK",,
"53063451-c967-4bba-9e82-a1a7c17b63b1","239895e2-f870-437c-8daa-1648e236f3f0","MOAB_003.mammalGrid.mam","D13","MOAB","MOAB_003","2018-06-09","2018-06-09","NEON.DOC.000481vK",,
"a9c37e99-14d2-4f41-ab53-ca5fd255424a","e73c13b4-6206-4548-8609-3e44247f4d7e","MOAB_009.mammalGrid.mam","D13","MOAB","MOAB_009","2018-06-09","2018-06-09","NEON.DOC.000481vK",,
"912620c0-659d-449b-b06b-c025a284f1c1","7ca30b1a-9058-47a3-a6bd-2cabad460d73","MOAB_006.mammalGrid.mam","D13","MOAB","MOAB_006","2018-06-09","2018-06-09","NEON.DOC.000481vK",,
"61188d1f-2fae-4948-bc21-5c24f9542b01","964e1d64-abcb-4efd-add5-f3f7646a679a","MOAB_006.mammalGrid.mam","D13","MOAB","MOAB_006","2018-06-10","2018-06-10","NEON.DOC.000481vK",,
"bac0b8db-05c5-46d0-bde6-3cb5e3ceb5d7","2463f491-37b7-4475-9ec9-8b600a1f4255","MOAB_003.mammalGrid.mam","D13","MOAB","MOAB_003","2018-06-10","2018-06-10","NEON.DOC.000481vK",,
"68e10cc9-0541-4268-8ce9-235d0693a4bf","79f61068-8dd3-4a39-b510-67cbff30ef79","MOAB_009.mammalGrid.mam","D13","MOAB","MOAB_009","2018-06-10","2018-06-10","NEON.DOC.000481vK",,
"c36c43a1-aeaa-4db1-a205-69a6e208bf7f","bab00cfd-c504-4fbc-aae9-ca90e74f64e4","MOAB_007.mammalGrid.mam","D13","MOAB","MOAB_007","2018-06-11","2018-06-11","NEON.DOC.000481vK",,
"9c1721b1-2313-4f77-a518-f0746531c4d0","504eeeba-d631-454e-ba93-5c99d1010f9c","MOAB_004.mammalGrid.mam","D13","MOAB","MOAB_004","2018-06-11","2018-06-11","NEON.DOC.000481vK",,
"9331b153-729e-4c09-8758-a516c52a963c","2739dfa3-8fef-427f-b8ed-df46aec0b538","MOAB_002.mammalGrid.mam","D13","MOAB","MOAB_002","2018-06-11","2018-06-11","NEON.DOC.000481vK",,
