uid,nightuid,namedLocation,domainID,siteID,plotID,collectDate,endDate,samplingProtocolVersion,remarks,dataQF
"0a7131cc-af13-44f2-aed8-bd4019d491aa","29f634e4-47a6-478b-be48-b13902ae6d15","SOAP_006.mammalGrid.mam","D17","SOAP","SOAP_006","2018-06-19","2018-06-19","NEON.DOC.000481vK",,
"ef1d2d12-3e83-4783-8de4-3c90a060c8fc","764ce53c-d1f9-4d8f-aeb3-06ff2972b16a","SOAP_003.mammalGrid.mam","D17","SOAP","SOAP_003","2018-06-19","2018-06-19","NEON.DOC.000481vK",,
"2725b2bd-1346-498e-87b1-ddd66b6049b4","b77748a9-6364-4c42-aefa-9ffba377c0bd","SOAP_002.mammalGrid.mam","D17","SOAP","SOAP_002","2018-06-19","2018-06-19","NEON.DOC.000481vK",,
"58aa2dbd-eb18-4efa-bb17-08660fa4e78b","15821314-4831-4f71-bc26-9a3428c34194","SOAP_003.mammalGrid.mam","D17","SOAP","SOAP_003","2018-06-20","2018-06-20","NEON.DOC.000481vK",,
"b9aced39-3cf5-42f6-b347-6549a6d64c4b","01243911-8eef-4121-b514-e1c6fb18d814","SOAP_012.mammalGrid.mam","D17","SOAP","SOAP_012","2018-06-20","2018-06-20","NEON.DOC.000481vK",,
"12b2c476-9dd6-4676-9bc7-22f6ff892f18","2a2e9e77-2204-4c3f-8395-27dbffbb0fc3","SOAP_002.mammalGrid.mam","D17","SOAP","SOAP_002","2018-06-20","2018-06-20","NEON.DOC.000481vK",,
"db867c17-9070-48b5-a7ed-ecdeac222d09","8e16e8ac-05ad-476b-9b0f-536bc95a4ec9","SOAP_006.mammalGrid.mam","D17","SOAP","SOAP_006","2018-06-20","2018-06-20","NEON.DOC.000481vK",,
"d7426524-11c6-40dc-bf9c-2f0ff90bffd1","a7a2b314-095a-4bca-9138-347ad7de398f","SOAP_002.mammalGrid.mam","D17","SOAP","SOAP_002","2018-06-21","2018-06-21","NEON.DOC.000481vK",,
"38e3d761-454a-440a-8889-cf4acc62d9ee","2a348d43-d67a-4a4b-a6e9-f7d8a9f73d8c","SOAP_003.mammalGrid.mam","D17","SOAP","SOAP_003","2018-06-21","2018-06-21","NEON.DOC.000481vK",,
"e50d5b97-519a-4566-94fa-5c2a69476119","117c4ac1-fae8-4d14-a1dc-e4a38ca53b89","SOAP_006.mammalGrid.mam","D17","SOAP","SOAP_006","2018-06-21","2018-06-21","NEON.DOC.000481vK",,
