uid,nightuid,namedLocation,domainID,siteID,plotID,collectDate,endDate,samplingProtocolVersion,remarks,dataQF
"8802b93c-1edd-46dc-b160-3dcd4c794ed9","25B13FBCD6CE42969405777384471796","MOAB_009.mammalGrid.mam","D13","MOAB","MOAB_009","2015-09-06","2015-09-06",,,
"1b8c5f02-8f2d-48d0-b7c5-a7249613d091","FFFF3D375B9A4794936BD5DF4293CFA2","MOAB_003.mammalGrid.mam","D13","MOAB","MOAB_003","2015-09-06","2015-09-06",,,
"c8ac922b-6061-4631-b229-5c2689058ba7","CDA025387C694F7DAC5838E92EF640C1","MOAB_006.mammalGrid.mam","D13","MOAB","MOAB_006","2015-09-06","2015-09-06",,,
"3c41022a-9b9d-4aff-9672-b9bb181ad52d","7E85DEE3C3AD4D0398239FA34EC7DC82","MOAB_003.mammalGrid.mam","D13","MOAB","MOAB_003","2015-09-07","2015-09-07",,,
"3727ffeb-abca-4118-af72-2899f0acf1d4","0465A87EF2534855BAF0D8C17DE2F264","MOAB_006.mammalGrid.mam","D13","MOAB","MOAB_006","2015-09-07","2015-09-07",,"Very windy while processing. Weights may not be very accurate.",
"13066a2d-ee60-4f15-9a97-6b7f8d5cdc2e","436AE00E73DA44F79B12DF3B45114FCF","MOAB_009.mammalGrid.mam","D13","MOAB","MOAB_009","2015-09-07","2015-09-07",,,
"41c5a206-7df1-4a54-b039-dd54bd91b4d3","6409C8943445447FA4991E142988A07A","MOAB_003.mammalGrid.mam","D13","MOAB","MOAB_003","2015-09-08","2015-09-08",,,
"c1dfeea1-b4ce-49ed-b9d0-7fc077e9a3a2","CB904D817217467CA7D69B5D86CCE204","MOAB_009.mammalGrid.mam","D13","MOAB","MOAB_009","2015-09-08","2015-09-08",,,
"7f513e6d-382c-457d-b279-948c8711d3ae","23F9C9E5F36A4843B814F8C870ED4201","MOAB_006.mammalGrid.mam","D13","MOAB","MOAB_006","2015-09-08","2015-09-08",,,
"a448f444-f6eb-4597-8d09-3b593f10f0b0","1DDC23E1CDBF4AB1B4E68AF5DC671819","MOAB_025.mammalGrid.mam","D13","MOAB","MOAB_025","2015-09-09","2015-09-09",,,
"c3c19944-047f-4070-af22-cb7535c4788f","64A96AB17E934B07A191B27C375F09F2","MOAB_004.mammalGrid.mam","D13","MOAB","MOAB_004","2015-09-09","2015-09-09",,,
"6259f253-ce6c-4360-8e9b-26a91dc719fa","25CD4E448DB14390A9E9804E82B6D7BC","MOAB_002.mammalGrid.mam","D13","MOAB","MOAB_002","2015-09-09","2015-09-09",,,
