uid,nightuid,namedLocation,domainID,siteID,plotID,collectDate,endDate,samplingProtocolVersion,remarks,dataQF
"42dc3aab-d537-48b5-922d-99e6254b083f","92CEF259DA9548FE9A95B635FAF4F9C1","ORNL_001.mammalGrid.mam","D07","ORNL","ORNL_001","2015-07-21","2015-07-21",,"used NEON.DOC.000481vG",
"648bfa97-2881-441c-81a1-333ae74a8f9b","06A94694C69946CE81DD4880053440FF","ORNL_039.mammalGrid.mam","D07","ORNL","ORNL_039","2015-07-21","2015-07-21",,"used NEON.DOC.000481vG; 3/4 of plot was mowed so grass was 2-3 in tall. NE corner was left unmowed",
"d060dd05-829f-4a2d-8b9c-5a94dcce7590","3D201789B30E49C1962F2CB40BC192DB","ORNL_007.mammalGrid.mam","D07","ORNL","ORNL_007","2015-07-21","2015-07-21",,"used NEON.DOC.000481vG",
"612255ae-410a-4fb6-b560-4a566033c29c","2DDC78A53BB846ADA4EA47E0D826C38B","ORNL_003.mammalGrid.mam","D07","ORNL","ORNL_003","2015-07-22","2015-07-22",,"Sampling protocol was NEON.DOC.000481vG",
"06b8ac44-be69-4537-8e1f-eecd7eb7397f","4A3EFBDB00ED48D7AA970491F80B67AD","ORNL_002.mammalGrid.mam","D07","ORNL","ORNL_002","2015-07-22","2015-07-22",,"Sampling protocol was NEON.DOC.000481vD",
"6223e74a-ccf3-41bf-a728-0eb0c5da3551","173B557CE6B44B1A94BB8983976CD757","ORNL_027.mammalGrid.mam","D07","ORNL","ORNL_027","2015-07-22","2015-07-22",,"Used sampling protocol NEON.DOC.000481vG",
"eb7ac10c-c3df-427d-96b8-a4ed98ba451e","F00C0AF8DF3D48B99E1B6E0F4481D8C2","ORNL_002.mammalGrid.mam","D07","ORNL","ORNL_002","2015-07-23","2015-07-23",,"Sampling protocol was NEON.DOC.000481vG",
"77c7968a-b1a2-4f24-aa3c-dbe3514659d0","794B9F7B55184B188C3B65E4D4E73392","ORNL_003.mammalGrid.mam","D07","ORNL","ORNL_003","2015-07-23","2015-07-23",,"Sampling protocol was NEON.DOC.000481vG.",
"a44c7a62-f5a8-4cf6-b3c6-196f844c6261","DBC5AF92A66246DF9C8994FABFA043C0","ORNL_027.mammalGrid.mam","D07","ORNL","ORNL_027","2015-07-23","2015-07-23",,"Sampling protocol was NEON.DOC.000481vD",
"e03a4a63-885c-419b-b7dc-dcd340d3afb6","36967523D3294E1D948AE4853D085E76","ORNL_002.mammalGrid.mam","D07","ORNL","ORNL_002","2015-07-24","2015-07-24",,"Sampling protocol was NEON.DOC.000481vG",
"f19bfdf5-e1a1-4f3e-9153-0d56debd447f","A776D8CA383F47068204AEC870581A26","ORNL_027.mammalGrid.mam","D07","ORNL","ORNL_027","2015-07-24","2015-07-24",,"Sampling protocol NEON.DOC.000481vG was used.",
"6c08710e-aeda-4a93-9495-882a2f01fdbb","673721B6FA80435286DA97E005E165A6","ORNL_003.mammalGrid.mam","D07","ORNL","ORNL_003","2015-07-24","2015-07-24",,"Sampling protocol was NEON.DOC.000481vG",
