uid,nightuid,namedLocation,domainID,siteID,plotID,collectDate,endDate,samplingProtocolVersion,remarks,dataQF
"7b7f1ee5-f6a2-4095-83bf-4b6d8b507565","bc51b800-eb53-4019-b51f-c2ce4e3c7377","STEI_022.mammalGrid.mam","D05","STEI","STEI_022","2017-08-15","2017-08-15","NEON.DOC.000481vG",,
"2ea70e8d-05e9-43aa-bfa4-bfd4bf32575a","acc7d589-b360-459b-8687-1b779fdbefa2","STEI_001.mammalGrid.mam","D05","STEI","STEI_001","2017-08-15","2017-08-15","NEON.DOC.000481vG",,
"1301a98a-f898-4bf7-b1ed-c1da202012ee","d71c735b-6aa6-49a1-bd40-b91284cefa86","STEI_019.mammalGrid.mam","D05","STEI","STEI_019","2017-08-15","2017-08-15","NEON.DOC.000481vG",,
"5dca589d-be5b-4b5a-acf4-079a15c74578","dad186b1-2ed1-4296-bfff-23981f573294","STEI_012.mammalGrid.mam","D05","STEI","STEI_012","2017-08-16","2017-08-16","NEON.DOC.000481vG","Limited processing because captures exceeded 30",
"9f9da5cc-3f06-4949-879e-915f172e6b29","b9c5212e-e559-4254-a677-85dc0aa566f5","STEI_002.mammalGrid.mam","D05","STEI","STEI_002","2017-08-16","2017-08-16","NEON.DOC.000481vG",,
"4a347f79-ad07-4e6f-b8c4-72bb937b2821","070a26ef-4ac9-4d3d-9ec3-c09847647195","STEI_005.mammalGrid.mam","D05","STEI","STEI_005","2017-08-16","2017-08-16","NEON.DOC.000481vG",,
"d1af1e56-7275-46a8-8d73-32d9ed447509","d680cd45-0a3d-42f3-b07f-29a2d32be06c","STEI_005.mammalGrid.mam","D05","STEI","STEI_005","2017-08-18","2017-08-18","NEON.DOC.000481vG",,
"6a177b16-8c1d-43ef-a8cc-3ebc6d012031","5d56416c-bdce-4fd1-aecc-04d3d8bb0c60","STEI_012.mammalGrid.mam","D05","STEI","STEI_012","2017-08-18","2017-08-18","NEON.DOC.000481vG",,
"e46a1176-f8d0-40c7-b27b-f942d4fa3a21","9a1dc485-0954-48b0-aa26-c0bba1853c94","STEI_002.mammalGrid.mam","D05","STEI","STEI_002","2017-08-18","2017-08-18","NEON.DOC.000481vG",,
