uid,nightuid,namedLocation,domainID,siteID,plotID,collectDate,endDate,samplingProtocolVersion,remarks,dataQF
"edf40120-d5e5-433d-a926-379a2c3a7748","d31a04b9-ab07-44f3-8d8b-702476c8eb1d","OSBS_012.mammalGrid.mam","D03","OSBS","OSBS_012","2017-06-21","2017-06-21","NEON.DOC.000481vG",,
"3b82fa63-cd1a-4f97-9442-5150e93e2c52","7a916b3f-089a-4cdd-a530-7641a87b400d","OSBS_023.mammalGrid.mam","D03","OSBS","OSBS_023","2017-06-21","2017-06-21","NEON.DOC.000481vG",,
"cf9eb898-33b3-40c2-a0a6-8458c8d58d81","cdb3db09-4172-4ed8-a2b1-0c11e9fd87b0","OSBS_004.mammalGrid.mam","D03","OSBS","OSBS_004","2017-06-21","2017-06-21","NEON.DOC.000481vG","Change in protocol",
"8a146700-69f5-4de0-be07-c694390e1c77","e5c1594e-f509-4fb6-a51b-cd5a6d45e69c","OSBS_003.mammalGrid.mam","D03","OSBS","OSBS_003","2017-06-21","2017-06-21","NEON.DOC.000481vG","Change in protocol",
"da5560e1-1181-49be-8e38-9cb14878acd8","c60e8c0b-19c6-43e9-a338-171e5f94976d","OSBS_004.mammalGrid.mam","D03","OSBS","OSBS_004","2017-06-22","2017-06-22","NEON.DOC.000481vJ",,
"bfaa81e1-1ab4-41da-8a0b-45ccab2a5f15","045fa5f2-9ea0-47e5-9cf5-238fa80eec53","OSBS_002.mammalGrid.mam","D03","OSBS","OSBS_002","2017-06-22","2017-06-22","NEON.DOC.000481vG",,
"17ae9710-3c20-47a5-acd0-f254f4354e39","3ec6bfdf-c310-4e56-b709-8deae37b2e6f","OSBS_003.mammalGrid.mam","D03","OSBS","OSBS_003","2017-06-22","2017-06-22","NEON.DOC.000481vJ",,
"9edd7777-f29f-4caa-9c3e-a8c474cf0580","50a3c0f5-23f2-475c-bc08-66a370c8fbb6","OSBS_023.mammalGrid.mam","D03","OSBS","OSBS_023","2017-06-22","2017-06-22","NEON.DOC.000481vG",,
"e98d99f8-307a-48db-bff8-28c7b147d29a","26be466b-a739-41fa-a671-e24aef387667","OSBS_003.mammalGrid.mam","D03","OSBS","OSBS_003","2017-06-23","2017-06-23","NEON.DOC.000481vG",,
"8f0d45cb-5215-4bfc-9d50-9f833edad8e2","c78760f6-8fc6-40a6-aa2d-b4a762c68cdf","OSBS_004.mammalGrid.mam","D03","OSBS","OSBS_004","2017-06-23","2017-06-23","NEON.DOC.000481vG","Data was erased but reentered by best of the abilities of techs",
"62310184-e3f2-4fbf-8ff2-da5f135aa9d6","67775643-86aa-4f53-aca9-8e3640854d4c","OSBS_023.mammalGrid.mam","D03","OSBS","OSBS_023","2017-06-23","2017-06-23","NEON.DOC.000481vG",,
"0d72628b-0424-46af-92a8-e9a7a9bf550e","b4fecd7c-3114-4888-8ff7-60eedb2654c8","OSBS_005.mammalGrid.mam","D03","OSBS","OSBS_005","2017-06-23","2017-06-23","NEON.DOC.000481vG",,
