uid,nightuid,namedLocation,domainID,siteID,plotID,collectDate,endDate,samplingProtocolVersion,remarks,dataQF
"c7d8a65d-2d48-4ec7-8504-07004634ea22","d32fc933-389f-4227-9f50-c95d239c923c","UNDE_027.mammalGrid.mam","D05","UNDE","UNDE_027","2018-05-14","2018-05-14","NEON.DOC.000481vK",,
"9862ca61-808e-44f5-9667-b71766da9aac","67ad4d86-4987-4b1c-8f21-27eff2ec2c89","UNDE_032.mammalGrid.mam","D05","UNDE","UNDE_032","2018-05-14","2018-05-14","NEON.DOC.000481vK",,
"ef807f6d-1908-451e-980a-16bb077e0068","4ba3b9ec-8cb6-4ac7-bb17-0557adbdcdb4","UNDE_012.mammalGrid.mam","D05","UNDE","UNDE_012","2018-05-14","2018-05-14","NEON.DOC.000481vK",,
"7ca0de1c-e1d3-4c0b-b168-894ebf9381fd","93524571-9708-47a4-b178-2b1758318cb5","UNDE_032.mammalGrid.mam","D05","UNDE","UNDE_032","2018-05-15","2018-05-15","NEON.DOC.000481vK",,
"5321b1b5-f8a8-45c1-81b6-aa0bb24f7952","c84c73a5-286d-4d70-92fd-8446a949ee3e","UNDE_027.mammalGrid.mam","D05","UNDE","UNDE_027","2018-05-15","2018-05-15","NEON.DOC.000481vK",,
"5a543ec1-9da6-453a-b17a-be092ee2d833","c40594f7-8c0f-4def-933e-2cf06e458fe6","UNDE_012.mammalGrid.mam","D05","UNDE","UNDE_012","2018-05-15","2018-05-15","NEON.DOC.000481vK",,
"eb174219-708a-485b-9ea7-13c6fb0d177d","ca30a203-9f5d-4ac6-9363-9bcde1abc875","UNDE_012.mammalGrid.mam","D05","UNDE","UNDE_012","2018-05-16","2018-05-16","NEON.DOC.000481vK",,
"da432724-3728-4a24-a11a-f0652a6d92a8","c79cf16f-cc7b-425f-841e-3c43f4ba2cef","UNDE_027.mammalGrid.mam","D05","UNDE","UNDE_027","2018-05-16","2018-05-16","NEON.DOC.000481vK",,
"07904fab-d668-4c00-94d1-4a53a98a4fae","c2338de4-fa43-4119-9ed1-bbd4d6fd55ab","UNDE_032.mammalGrid.mam","D05","UNDE","UNDE_032","2018-05-16","2018-05-16","NEON.DOC.000481vK",,
"316ffaee-4864-4d2a-a6ae-54db548655e8","5d700acc-b47e-4ad0-b875-f45b8e1f7249","UNDE_001.mammalGrid.mam","D05","UNDE","UNDE_001","2018-05-17","2018-05-17","NEON.DOC.000481vK",,
"3b2daf6e-f146-467f-8b3e-944f98ef8092","46202537-368e-42a7-bcb7-578c3b05d4e1","UNDE_003.mammalGrid.mam","D05","UNDE","UNDE_003","2018-05-17","2018-05-17","NEON.DOC.000481vK",,
"1d2cf678-6c57-4652-8a84-7a250d76d2ea","497af39b-d24c-4e0b-aca3-03ab89b3a296","UNDE_002.mammalGrid.mam","D05","UNDE","UNDE_002","2018-05-18","2018-05-18","NEON.DOC.000481vK","No captures",
"06a30580-44ff-4188-b8e4-bd026e3c6e78","6cdd5015-cacf-45d2-b2b9-e20645d4c3de","UNDE_008.mammalGrid.mam","D05","UNDE","UNDE_008","2018-05-18","2018-05-18","NEON.DOC.000481vK",,
