uid,nightuid,namedLocation,domainID,siteID,plotID,collectDate,endDate,samplingProtocolVersion,remarks,dataQF
"b8c140b6-cfe1-48f7-b80d-bc31bad3f523","206a6be1-6394-40f0-b745-9548c2b0f7c7","WREF_005.mammalGrid.mam","D16","WREF","WREF_005","2018-10-07","2018-10-07","NEON.DOC.000481vK",,
"7ab5143c-8377-4d6e-9b28-030c83e69fa3","2e756947-250f-4194-a466-ed3ffff6b65a","WREF_001.mammalGrid.mam","D16","WREF","WREF_001","2018-10-07","2018-10-07","NEON.DOC.000481vK",,
"f63148c3-9391-409a-96c5-339e0c1a2f45","2457d0ca-2fdf-426f-9297-463550e3a918","WREF_010.mammalGrid.mam","D16","WREF","WREF_010","2018-10-11","2018-10-11","NEON.DOC.000481vK",,
"ac6b0052-4296-4152-9b15-f8593d2eca59","c89640cd-f656-4a7f-8c34-035bf19512b7","WREF_007.mammalGrid.mam","D16","WREF","WREF_007","2018-10-11","2018-10-11","NEON.DOC.000481vK",,
"8f33a0de-ca4a-4bf5-9226-2c19b70a1b18","219c1aee-da23-4c2d-9f83-11f3ec461587","WREF_004.mammalGrid.mam","D16","WREF","WREF_004","2018-10-12","2018-10-12","NEON.DOC.000481vK",,
"079a1a8d-3cf0-43c4-b299-99b539b7f449","b5f0292f-d948-42d5-94b2-9517c54ed8d9","WREF_011.mammalGrid.mam","D16","WREF","WREF_011","2018-10-12","2018-10-12","NEON.DOC.000481vK",,
"451e88c0-1f98-4714-86ef-f754eb7350e3","a7fdeca0-5cb3-4963-b780-448515a9942b","WREF_003.mammalGrid.mam","D16","WREF","WREF_003","2018-10-13","2018-10-13","NEON.DOC.000481vK",,
"0d462646-4199-4876-81c4-ce902dd2c2e1","f4181ade-b670-44c1-8bb1-15e9685b6ef1","WREF_011.mammalGrid.mam","D16","WREF","WREF_011","2018-10-13","2018-10-13","NEON.DOC.000481vK",,
"f2cf65c3-e963-4740-830e-7590bbc4a64f","8a761aee-ed60-426b-9e3f-4af585bb217d","WREF_012.mammalGrid.mam","D16","WREF","WREF_012","2018-10-13","2018-10-13","NEON.DOC.000481vK",,
"afdc7225-f60f-47f8-8ed6-54b534833f19","fd101f29-ec63-4349-b4c7-3a5ddd1b25a9","WREF_011.mammalGrid.mam","D16","WREF","WREF_011","2018-10-14","2018-10-14","NEON.DOC.000481vK",,
"3251606e-246b-4cab-bfef-68b4fd0b702f","56dba749-2ec3-455c-9fc1-8088b1d16213","WREF_003.mammalGrid.mam","D16","WREF","WREF_003","2018-10-14","2018-10-14","NEON.DOC.000481vK",,
"1e6d57c7-c6d7-4b09-bdd4-bc6d46056c65","6bb715c9-596d-4edd-abc7-f911d3881856","WREF_012.mammalGrid.mam","D16","WREF","WREF_012","2018-10-14","2018-10-14","NEON.DOC.000481vK",,
"8370b935-1f9a-4195-8b5f-22900c4b9b64","ecbbc073-8cf4-4ad3-b8ee-3a6ec1b7cbed","WREF_003.mammalGrid.mam","D16","WREF","WREF_003","2018-10-15","2018-10-15","NEON.DOC.000481vK",,
"d4853278-e60d-400b-b5d6-016bcbf334cf","90ddc6d7-a848-4b45-8638-1489e358f52e","WREF_012.mammalGrid.mam","D16","WREF","WREF_012","2018-10-15","2018-10-15","NEON.DOC.000481vK",,
