uid,nightuid,namedLocation,domainID,siteID,plotID,collectDate,endDate,samplingProtocolVersion,remarks,dataQF
"e9abb519-0321-4a7c-8fe0-641be7a5fc86","9208EC1DD69F4145853D2F554A4CC5E3","ORNL_007.mammalGrid.mam","D07","ORNL","ORNL_007","2015-05-12","2015-05-12",,"used NEON.DOC.000481vF",
"41228825-e8f2-4cf5-ba6d-1533b407e987","3137D505F452489BA68809DFC4358F08","ORNL_039.mammalGrid.mam","D07","ORNL","ORNL_039","2015-05-12","2015-05-12",,,
"984ce04e-3a1f-4426-95b0-2432921718d6","6C9AC157C8AD4509A7678A363BF3B70B","ORNL_001.mammalGrid.mam","D07","ORNL","ORNL_001","2015-05-12","2015-05-12",,"used NEON.DOC.000481vF",
"e862af03-f423-4dc4-85e7-50fc2bc12e17","A2BA6AB6FFA842B29F0A974A7E9019F4","ORNL_003.mammalGrid.mam","D07","ORNL","ORNL_003","2015-05-13","2015-05-13",,"used NEON.DOC.000481vF",
"465b4d20-2d3a-4071-abbf-cdaa253c7a52","C4A91F07EAC244B0B42F90D7A78BFFA8","ORNL_002.mammalGrid.mam","D07","ORNL","ORNL_002","2015-05-13","2015-05-13",,"used NEON.DOC.000481vF",
"00381f97-51ba-45da-92be-32e2bcfaf754","84FD03E6758D47ECBF869AA040DFB999","ORNL_027.mammalGrid.mam","D07","ORNL","ORNL_027","2015-05-13","2015-05-13",,"used NEON.DOC.000481vF",
"1ca2dec9-90ef-4988-b27a-986962bd4917","7BDAFE5EBA4B455A94BD2D311684BA77","ORNL_027.mammalGrid.mam","D07","ORNL","ORNL_027","2015-05-14","2015-05-14",,"used NEON.DOC.000481vF",
"bf1d592c-9b8c-4755-b833-b59eea050ce8","6EAF7648879D4352AFD0A77A5A5722F2","ORNL_003.mammalGrid.mam","D07","ORNL","ORNL_003","2015-05-14","2015-05-14",,"used NEON.DOC.000481vF",
"02f095b8-75f1-42e7-8b33-5b4d644936b6","4BEDB7F9C03F43498F363660859BB7BB","ORNL_002.mammalGrid.mam","D07","ORNL","ORNL_002","2015-05-14","2015-05-14",,"used NEON.DOC.000481vF",
"6e6c6949-9f98-47fd-8b19-922b18a0fa38","63BE490A270441B5A2D67A33379151FB","ORNL_027.mammalGrid.mam","D07","ORNL","ORNL_027","2015-05-15","2015-05-15",,"used NEON.DOC.000481vF",
"039c9e84-05f7-4869-b9f9-ce3b51389214","EFE5DAEDC331401BB24626F89FA2FB1F","ORNL_002.mammalGrid.mam","D07","ORNL","ORNL_002","2015-05-15","2015-05-15",,"used NEON.DOC.000481vF",
"44ec4e22-f595-4262-a206-386caf5102d3","A83000172FFA455BA7F2C762A447A766","ORNL_003.mammalGrid.mam","D07","ORNL","ORNL_003","2015-05-15","2015-05-15",,"used NEON.DOC.000481vF",
