uid,nightuid,namedLocation,domainID,siteID,plotID,collectDate,endDate,samplingProtocolVersion,remarks,dataQF
"4c0d0a2e-ed5a-4768-8a37-690906e5cf23","d0b3f936-dc71-42ff-9cac-cae587d961fc","JERC_019.mammalGrid.mam","D03","JERC","JERC_019","2017-09-19","2017-09-19","NEON.DOC.000481vG",,
"da08cbc3-6523-446b-bca9-53dca77c9d65","1f15257f-d90e-400f-8a5d-c0e0724b2192","JERC_005.mammalGrid.mam","D03","JERC","JERC_005","2017-09-19","2017-09-19","NEON.DOC.000481vG",,
"7337c9d2-d65b-4e98-9445-3c57a4bbf1f5","c3d9f4e5-c1ed-42ba-87fd-94ec7004034a","JERC_003.mammalGrid.mam","D03","JERC","JERC_003","2017-09-19","2017-09-19","NEON.DOC.000481vG",,
"ce89179f-4922-49eb-a348-33fb18541e9d","24891fb0-3e6b-4ee9-a7bb-7243390c6b18","JERC_009.mammalGrid.mam","D03","JERC","JERC_009","2017-09-19","2017-09-19","NEON.DOC.000481vG",,
"8d038819-291c-464e-9d9d-a95e63bd722f","0458f583-3542-40a9-8e68-b61fcd7f7aed","JERC_005.mammalGrid.mam","D03","JERC","JERC_005","2017-09-20","2017-09-20","NEON.DOC.000481vH",,
"aa961791-1b6f-44dd-a675-ad2dcb04be01","7b7a7fd1-c428-4f0f-ab00-3581caf6a3e8","JERC_009.mammalGrid.mam","D03","JERC","JERC_009","2017-09-20","2017-09-20","NEON.DOC.000481vH",,
"f3469a85-aa24-4efa-92cf-12203babdadb","9306f0d5-ec83-4b60-ad92-97545b8876f1","JERC_003.mammalGrid.mam","D03","JERC","JERC_003","2017-09-20","2017-09-20","NEON.DOC.000481vH",,
"ae591e40-6431-430a-8200-b9842ffb9553","e817cacd-d0d8-4150-9262-3b0d2be0bc85","JERC_002.mammalGrid.mam","D03","JERC","JERC_002","2017-09-20","2017-09-20","NEON.DOC.000481vH",,
"5f930710-3a10-4eb0-8827-947d709efd07","78824af4-ceb0-43c2-87f6-7f9720b9bb99","JERC_009.mammalGrid.mam","D03","JERC","JERC_009","2017-09-21","2017-09-21",,,
"2202e1f4-33fd-45fa-b310-fc94135b9e91","fba2e3f2-747a-4c6c-9727-bf6e9d522a82","JERC_005.mammalGrid.mam","D03","JERC","JERC_005","2017-09-21","2017-09-21",,,
"1f77ea36-9260-4eb6-9fec-18204092b75f","565a235c-5be2-4631-a6d9-8d33bcc2b6ea","JERC_006.mammalGrid.mam","D03","JERC","JERC_006","2017-09-21","2017-09-21",,,
"2b8c7988-3d35-427b-aa9f-a46eb468bdc0","a0d823d0-165b-415b-8486-bd004036066e","JERC_003.mammalGrid.mam","D03","JERC","JERC_003","2017-09-21","2017-09-21",,,
