uid,nightuid,namedLocation,domainID,siteID,plotID,collectDate,endDate,samplingProtocolVersion,remarks,dataQF
"12db08e6-23dd-4b4b-83c5-77867a1b63ce","CBAC84111004405E8B9E15295D20AB08","SCBI_003.mammalGrid.mam","D02","SCBI","SCBI_003","2014-07-21","2014-07-21",,"2 traps set at H5 by accident",
"dae88053-ab90-456d-9598-52279956f878","C5074BDC066742C59B151618ABFFE408","SCBI_002.mammalGrid.mam","D02","SCBI","SCBI_002","2014-07-21","2014-07-21",,,
"b6ac21ed-b440-46d9-9f3b-e7cd97f3ad49","C8BBC2C9367C44FEBE9A9E4214626B80","SCBI_004.mammalGrid.mam","D02","SCBI","SCBI_004","2014-07-21","2014-07-21",,,
"4382aaa9-60d5-449c-afb3-13d005dd4c0e","FD447C71793246D288FFB6F4A573DD72","SCBI_004.mammalGrid.mam","D02","SCBI","SCBI_004","2014-07-22","2014-07-22",,"many of the open and empty traps had ants in them",
"23c99090-bb38-4e2c-929b-4bd5a8dd7566","C01D817A05AC499A914943B2F7462F39","SCBI_002.mammalGrid.mam","D02","SCBI","SCBI_002","2014-07-22","2014-07-22",,"Only 100 traps total; one trap had unknown coordinates. It would replace one of the set and empty traps",
"9edd0e56-03fc-4320-ae67-35b5b0d4cad5","C5372C6E89A546939D8FB81B5E9F9993","SCBI_003.mammalGrid.mam","D02","SCBI","SCBI_003","2014-07-22","2014-07-22",,,
"eb3d071f-a875-4401-b323-7746e76af752","D610B75CDB4E46298730348F9BC71660","SCBI_003.mammalGrid.mam","D02","SCBI","SCBI_003","2014-07-23","2014-07-23",,,
"2227ff1c-03ea-4133-b5e9-cca3072d5fd4","DA5E78EC754B4A92A673D5485DC3629B","SCBI_004.mammalGrid.mam","D02","SCBI","SCBI_004","2014-07-23","2014-07-23",,,
"c6c9eb74-dfa9-4f23-94cc-65fd26ca6c05","5ECBD34939E848699BE75FDE071A7145","SCBI_002.mammalGrid.mam","D02","SCBI","SCBI_002","2014-07-23","2014-07-23",,,
"6d5b8a68-a66f-430f-bb28-50a2298a7a32","80B34E1B173240939DC39F4057F63D26","SCBI_008.mammalGrid.mam","D02","SCBI","SCBI_008","2014-07-24","2014-07-24",,,
"6094e13b-1f38-4711-8ba7-0ba1c1ab9a88","7FABDDE681EC4A669D7C101B79523590","SCBI_035.mammalGrid.mam","D02","SCBI","SCBI_035","2014-07-24","2014-07-24",,,
"cbad632c-ae6e-4e24-9094-0da01aa7b3af","B82B084602914AE09FB57204F7E9A88B","SCBI_039.mammalGrid.mam","D02","SCBI","SCBI_039","2014-07-24","2014-07-24",,,
"8f762be3-e718-4ef2-a344-5f5d0f8c01ea","F8BE26BD75404E839692AEB1D384106F","SCBI_008.mammalGrid.mam","D02","SCBI","SCBI_008","2014-07-25","2014-07-25",,,
"50d54a73-5742-4fc3-ba24-26c9fee9da76","504A39A5DED04C7F9B82FD9935CF8429","SCBI_035.mammalGrid.mam","D02","SCBI","SCBI_035","2014-07-25","2014-07-25",,,
"c71efb7a-bbb0-4d1c-8f0b-ba6cddbc6706","EE5A955C5A444BB0980ED20FE7AC8D3C","SCBI_039.mammalGrid.mam","D02","SCBI","SCBI_039","2014-07-25","2014-07-25",,,
"ea12813c-42b9-4fcf-929d-d9f2fd819eb0","D36D082322A84F1BADA207A0AA5A6CC5","SCBI_035.mammalGrid.mam","D02","SCBI","SCBI_035","2014-07-26","2014-07-26",,"Only 100 traps total, one trap with unknown location as (X,X) would replace one trap that is set and empty",
"19b9c9c4-44e6-43dd-9bff-f914e94d869d","1972ECF5C2A44F3C964A5921430F7C8C","SCBI_039.mammalGrid.mam","D02","SCBI","SCBI_039","2014-07-26","2014-07-26",,,
"aa2d3d18-e6e3-4791-80ac-51a4f3a3acf7","8A14EB3CA6DD4F2A849A10E346BC8CCB","SCBI_008.mammalGrid.mam","D02","SCBI","SCBI_008","2014-07-26","2014-07-26",,,
