uid,nightuid,namedLocation,domainID,siteID,plotID,collectDate,endDate,samplingProtocolVersion,remarks,dataQF
"ab548cee-fa5a-4989-bc50-ea4c6592191e","cfca705f-caec-4998-8c3a-7456f3887933","OSBS_004.mammalGrid.mam","D03","OSBS","OSBS_004","2017-07-18","2017-07-18",,,
"67bd4c5d-4a74-4718-acff-6aa3b42d79ae","d96c5e03-0108-413e-8a8a-ea2539467411","OSBS_003.mammalGrid.mam","D03","OSBS","OSBS_003","2017-07-18","2017-07-18","NEON.DOC.000481vJ",,
"c27263de-45b0-4735-9c2f-1149daa75a18","8549f8f8-1f22-42af-9879-c5ca8a1dac83","OSBS_012.mammalGrid.mam","D03","OSBS","OSBS_012","2017-07-18","2017-07-18","NEON.DOC.000481vG",,
"5a3f63ad-5f64-45f4-9b6a-b4b3fc1f781e","f9ec3216-8b28-4f52-bce3-1a2064e89f11","OSBS_023.mammalGrid.mam","D03","OSBS","OSBS_023","2017-07-18","2017-07-18","NEON.DOC.000481vG","Plot flooded",
"a5b2f701-8479-41f7-9582-7f02d2c792ee","e8b48a4d-f737-45a0-b163-034aa82f0296","OSBS_003.mammalGrid.mam","D03","OSBS","OSBS_003","2017-07-19","2017-07-19","NEON.DOC.000481vG",,
"2ba688cb-25e7-44af-86dd-1f1ac761bbaa","f934f2e4-51c1-4e63-8a97-2560791ef997","OSBS_002.mammalGrid.mam","D03","OSBS","OSBS_002","2017-07-19","2017-07-19","NEON.DOC.000481vG",,
"52eedddd-0857-4e13-9188-0b91d8776fe9","af8af4f3-85c9-41ab-bd9c-6cc96c523bc4","OSBS_004.mammalGrid.mam","D03","OSBS","OSBS_004","2017-07-19","2017-07-19","NEON.DOC.000481vG","Multiple traps disturbed. Possibly by raccoons.",
"1030dbff-8acb-43f2-a2ff-04eb76593c1b","9c602092-312e-42fa-949c-af4555aae395","OSBS_023.mammalGrid.mam","D03","OSBS","OSBS_023","2017-07-19","2017-07-19","NEON.DOC.000481vG","Flooding in Plot",
"6cbab02e-e712-4674-90c2-d170bfc381bb","8788e7e1-0689-413f-93dd-82c8337f7aec","OSBS_003.mammalGrid.mam","D03","OSBS","OSBS_003","2017-07-20","2017-07-20","NEON.DOC.000481vJ",,
"26a54b9b-14ea-4c81-98a0-fa57f212ad22","a36f8489-93ac-4431-9f4e-0cd11340819b","OSBS_005.mammalGrid.mam","D03","OSBS","OSBS_005","2017-07-21","2017-07-21","NEON.DOC.000481vG",,
"a7fa53c0-fdf7-4658-93dd-b80ead7ad982","7a7ebcd4-feeb-4917-b49e-f71d342896f1","OSBS_023.mammalGrid.mam","D03","OSBS","OSBS_023","2017-07-21","2017-07-21","NEON.DOC.000481vG","Flooded",
"c6031845-44a4-43f3-95f0-081a58ab1dae","7ef7cd6b-1b20-4da9-bffd-37f014b7695e","OSBS_004.mammalGrid.mam","D03","OSBS","OSBS_004","2017-07-21","2017-07-21","NEON.DOC.000481vG",,
