uid,nightuid,namedLocation,domainID,siteID,plotID,collectDate,endDate,samplingProtocolVersion,remarks,dataQF
"884fb982-13df-448f-81c7-8df623dbd3e3","3045C1E957614DBB8882D6EA58507862","DSNY_004.mammalGrid.mam","D03","DSNY","DSNY_004","2014-06-03","2014-06-03",,,
"3b92e3fc-2c73-4dbf-bfb2-9e96375fe245","B5712131ED79402FB5B0BAD465E67588","DSNY_016.mammalGrid.mam","D03","DSNY","DSNY_016","2014-06-03","2014-06-03",,,
"943a1477-8a85-4742-a909-494c031713a4","E62C709C03B543EE8F198AAC4F735E16","DSNY_001.mammalGrid.mam","D03","DSNY","DSNY_001","2014-06-03","2014-06-03",,,
"66552f5c-858f-4c63-88ba-f34396463ca8","179346902DC64F8081979BCF5F265EBF","DSNY_009.mammalGrid.mam","D03","DSNY","DSNY_009","2014-06-03","2014-06-03",,,
"115adfb7-c73b-479d-a899-29b4545ef5af","0AC4FAF6C0A64293B7AF54096FD6D1B2","DSNY_005.mammalGrid.mam","D03","DSNY","DSNY_005","2014-06-03","2014-06-03",,,
"744d6297-7cec-41c9-b9f6-73700ef57efd","96BCA99E7E4E4D22B0F4B55354A14A99","DSNY_001.mammalGrid.mam","D03","DSNY","DSNY_001","2014-06-04","2014-06-04",,,
"7b1ef1bc-6e2c-4ba0-b19e-14ed66a02baa","CD1DACD12E9647EC85A2A6B07E172D15","DSNY_009.mammalGrid.mam","D03","DSNY","DSNY_009","2014-06-04","2014-06-04",,,
"886c26ce-933a-4a22-834a-90db18f7d4cb","10C1CEB0FB624B7DB17D654C6B8334E2","DSNY_004.mammalGrid.mam","D03","DSNY","DSNY_004","2014-06-04","2014-06-04",,,
"4a2ce02d-c3d1-4b39-9e0d-778cc10a272c","013BF9C93CAC461B8BC2395037F594CD","DSNY_005.mammalGrid.mam","D03","DSNY","DSNY_005","2014-06-04","2014-06-04",,,
"e270a3a2-19ec-4139-a41d-c5d5b5459759","6CD49CF6494447C79988CC8C7E0A08C1","DSNY_016.mammalGrid.mam","D03","DSNY","DSNY_016","2014-06-04","2014-06-04",,,
"6242265f-7d16-4240-ab70-cafa8412327d","2BA960F50A694D5DB7F7A6B2925D759C","DSNY_001.mammalGrid.mam","D03","DSNY","DSNY_001","2014-06-05","2014-06-05",,,
"005fe3ab-1caf-4898-8edf-852fc11f098c","EBB8AA75D1854456BFCF8AD6EC92F9F6","DSNY_009.mammalGrid.mam","D03","DSNY","DSNY_009","2014-06-05","2014-06-05",,,
"52b1138e-d8b0-4b58-84ce-1a95db53343b","73AFDA12473847D19ACDD462B1B9F6E8","DSNY_005.mammalGrid.mam","D03","DSNY","DSNY_005","2014-06-05","2014-06-05",,,
"23dc208c-c104-4c0a-9569-54ebd8bb9b8b","2878EEDE79FB4214B1A7897D99EF2EAE","DSNY_016.mammalGrid.mam","D03","DSNY","DSNY_016","2014-06-05","2014-06-05",,,
"d1b4f730-c71e-45d6-a41b-f04f9843d05a","EE59A2C7066F4F508970FBF373C15A2B","DSNY_004.mammalGrid.mam","D03","DSNY","DSNY_004","2014-06-05","2014-06-05",,,
