uid,nightuid,namedLocation,domainID,siteID,plotID,collectDate,endDate,samplingProtocolVersion,remarks,dataQF
"60d73881-5f31-4ada-9530-dd0a5ed1c1e1","6337471C88174E10A94A5907FA2D86A9","UNDE_012.mammalGrid.mam","D05","UNDE","UNDE_012","2015-09-15","2015-09-15",,,
"df6cb297-37dd-452b-a9ba-65c255bab69f","179B3F7A955743679A6181596A623386","UNDE_032.mammalGrid.mam","D05","UNDE","UNDE_032","2015-09-15","2015-09-15",,,
"0b9001ac-9262-46b9-8831-10b18eba00a2","4260C25102C94B87882167183875DD58","UNDE_027.mammalGrid.mam","D05","UNDE","UNDE_027","2015-09-15","2015-09-15",,"Plot was disturbed. Canceled trapping for the rest of bout.",
"f483f079-9553-4859-b36c-626b335a937c","3B09FC18FA014F1682F5B3AC6B227578","UNDE_008.mammalGrid.mam","D05","UNDE","UNDE_008","2015-09-16","2015-09-16",,,
"f8b9add7-e50e-47fa-a557-69e84d016964","FB3735492CE44929B48276F636E9BA4C","UNDE_027.mammalGrid.mam","D05","UNDE","UNDE_027","2015-09-16","2015-09-16",,"On the first day of the 3 day pathogen bout 48 of the 100 traps were found to be closed but empty. Several of these were disturbed. While there was no trap damage we decided to close this grid for the remaining two nights",
"70a2c638-6c49-40c9-ac0d-b591a8f9ea5e","4166C5FD2946456BB058449537685EE7","UNDE_032.mammalGrid.mam","D05","UNDE","UNDE_032","2015-09-16","2015-09-16",,"This grid was closed after the first night of the 3 day pathogen bout due to high shrew mortality.",
"3206f063-fe31-47af-b721-8c29e373dd35","A1C72640CB854FFB904D91B37B9B2609","UNDE_012.mammalGrid.mam","D05","UNDE","UNDE_012","2015-09-16","2015-09-16",,,
"434fa10b-41dd-4175-81b6-ca7d8274db3a","E147394E73BF4B2CB97D6C53E52C2225","UNDE_003.mammalGrid.mam","D05","UNDE","UNDE_003","2015-09-17","2015-09-17",,,
"f54409ab-a11b-4bf7-989d-4e4e232b13ad","5273CC87058E407CA60D0E814962B119","UNDE_027.mammalGrid.mam","D05","UNDE","UNDE_027","2015-09-17","2015-09-17",,"On the first day of the 3 day pathogen bout 48 of the 100 traps were found to be closed but empty. Several of these were disturbed. While there was no trap damage we decided to close this grid for the remaining two nights",
"4989f379-de6b-4d4f-83e0-7f005acc2ac8","B4C1721624E54F5BA3798B7D85F6F54A","UNDE_032.mammalGrid.mam","D05","UNDE","UNDE_032","2015-09-17","2015-09-17",,"This grid was closed after the first night of the 3 day pathogen bout due to high shrew mortality.",
"684356f8-0bb7-46b3-8824-4c8ef5428b10","6F894611E978400F9D46698BDD284D2D","UNDE_003.mammalGrid.mam","D05","UNDE","UNDE_003","2015-09-17","2015-09-17",,,
"43869f64-f282-446c-9680-e79091717e47","1674DC6E39A34890BD50E4DD10F678A2","UNDE_002.mammalGrid.mam","D05","UNDE","UNDE_002","2015-09-18","2015-09-18",,,
"d15435b7-32df-4d01-8380-5e73652ad8d4","EDFAD82583DE411782833C1F4D9115F9","UNDE_001.mammalGrid.mam","D05","UNDE","UNDE_001","2015-09-18","2015-09-18",,,
