uid,nightuid,namedLocation,domainID,siteID,plotID,collectDate,endDate,samplingProtocolVersion,remarks,dataQF
"df2baf74-8df9-4a17-a6a9-3ba8f9b33c03","a4112406-fd3a-4394-800a-d095506e0f71","SJER_033.mammalGrid.mam","D17","SJER","SJER_033","2018-11-06","2018-11-06","NEON.DOC.000481vK",,
"49bdb76d-5b6f-404d-9d98-d001f9b57619","801e01ca-4188-43a1-a021-304a4ea77ecf","SJER_002.mammalGrid.mam","D17","SJER","SJER_002","2018-11-06","2018-11-06","NEON.DOC.000481vK","no captures",
"b5e83b6d-ffa0-4cc8-9c8e-cbe8064bf76b","7dc869b1-6b3c-4d81-ac00-8b6610ccaf03","SJER_032.mammalGrid.mam","D17","SJER","SJER_032","2018-11-06","2018-11-06","NEON.DOC.000481vK",,
"39f8498a-2fff-4f6b-9613-3b5e1b07a1bd","d5ed2f39-ab13-408d-b1ef-aea634b88f0a","SJER_006.mammalGrid.mam","D17","SJER","SJER_006","2018-11-07","2018-11-07","NEON.DOC.000481vK",,
"bf0592cb-fb90-4b52-9737-90bcb0001f8b","1905beb6-e72e-4877-8ece-cb6ae53bf9c5","SJER_033.mammalGrid.mam","D17","SJER","SJER_033","2018-11-07","2018-11-07","NEON.DOC.000481vK",,
"8c8f577c-39b3-48fb-8379-6c7d16774342","3aef84f1-9be2-43f8-a8e8-e37b07228ea4","SJER_032.mammalGrid.mam","D17","SJER","SJER_032","2018-11-07","2018-11-07","NEON.DOC.000481vK",,
"61ebfcea-4618-4340-a985-0ccd9a9cbaff","a17e7938-0be8-43a9-a99e-28716a7a5a2f","SJER_010.mammalGrid.mam","D17","SJER","SJER_010","2018-11-07","2018-11-07","NEON.DOC.000481vK",,
"c1dd384b-de1b-488e-9568-6c64e426e404","ae00bc09-5cdc-42a6-ac8b-e6b59fdc3850","SJER_007.mammalGrid.mam","D17","SJER","SJER_007","2018-11-08","2018-11-08","NEON.DOC.000481vK",,
"69aea0b5-6873-4fe6-80cb-3d402880faef","c28b14ad-361c-48b9-852a-9a853ba15854","SJER_032.mammalGrid.mam","D17","SJER","SJER_032","2018-11-08","2018-11-08","NEON.DOC.000481vK",,
"a0b52ed3-8b24-46f9-b55a-76932f88319a","e5c8033a-d602-44d4-88ff-f21e5dba0025","SJER_033.mammalGrid.mam","D17","SJER","SJER_033","2018-11-08","2018-11-08","NEON.DOC.000481vK",,
"3230fb3e-c442-45d9-8960-12060e6430c0","df929b7b-834c-4625-b888-7173ee67b941","SJER_006.mammalGrid.mam","D17","SJER","SJER_006","2018-11-08","2018-11-08","NEON.DOC.000481vK",,
"316a3559-7680-49aa-b8d6-e7dec74dff3d","6bf8eefe-3e5d-4764-accb-8a8c3f8029dc","SJER_012.mammalGrid.mam","D17","SJER","SJER_012","2018-11-09","2018-11-09","NEON.DOC.000481vK","stand in for new plot 012",
"8f198dcb-ea4d-4f6d-ac42-28660169d410","bb99f14e-381f-4312-9e50-5c3ab439b0e4","SJER_009.mammalGrid.mam","D17","SJER","SJER_009","2018-11-09","2018-11-09","NEON.DOC.000481vK",,
"098641f5-6e16-4c92-8ecc-f9c4a24b3b40","34da3d69-fd19-4035-ba4c-9f72cee934a4","SJER_006.mammalGrid.mam","D17","SJER","SJER_006","2018-11-09","2018-11-09","NEON.DOC.000481vK",,
