uid,nightuid,namedLocation,domainID,siteID,plotID,collectDate,endDate,samplingProtocolVersion,remarks,dataQF
"06907a57-7aef-4c9a-b252-3d7c9f7e30de","39332bf9-d84e-4ded-ade3-ca8595e4acaf","TREE_016.mammalGrid.mam","D05","TREE","TREE_016","2018-08-16","2018-08-16","NEON.DOC.000481vK",,
"a9bbd091-e89a-4374-bc6a-4db1af7d526d","b153b62b-e9b7-472c-bb73-48d9e5d5a7ba","TREE_019.mammalGrid.mam","D05","TREE","TREE_019","2018-08-16","2018-08-16","NEON.DOC.000481vK",,
"5233b654-244f-4b8d-b8cc-35c90247488f","5b6a1000-7ce9-4633-b668-9249dbd9075d","TREE_027.mammalGrid.mam","D05","TREE","TREE_027","2018-08-16","2018-08-16","NEON.DOC.000481vK",,
"03393671-d0fc-4412-914d-e6c8cdbeec50","03e5abf5-fa70-45d6-b059-f52e86903463","TREE_028.mammalGrid.mam","D05","TREE","TREE_028","2018-08-16","2018-08-16","NEON.DOC.000481vK",,
"b08d4c2f-ff27-49b0-ad9a-036adc3121d6","d2e3666c-9855-4c87-b574-9ed6618e31ec","TREE_004.mammalGrid.mam","D05","TREE","TREE_004","2018-08-17","2018-08-17","NEON.DOC.000481vK",,
"fd4fc472-d299-4352-837f-9e5784d5a1d3","48f629a9-4303-466e-bf33-3c373dfbbeb6","TREE_016.mammalGrid.mam","D05","TREE","TREE_016","2018-08-17","2018-08-17","NEON.DOC.000481vK",,
"e64804bd-ac9c-4acf-8df5-bddac71f001a","d7ebd837-91e5-4879-a326-880811d6134a","TREE_019.mammalGrid.mam","D05","TREE","TREE_019","2018-08-17","2018-08-17","NEON.DOC.000481vK",,
"67cb57e4-15b8-458d-a7e4-45bb0a279a4f","be6a6c63-d536-4c9c-877c-dd257afb7a40","TREE_028.mammalGrid.mam","D05","TREE","TREE_028","2018-08-17","2018-08-17","NEON.DOC.000481vK",,
"656d6928-e3ba-4487-a4e2-e0c3ab1ce973","d2c98b8f-2267-4519-8f87-66cfc0575856","TREE_028.mammalGrid.mam","D05","TREE","TREE_028","2018-08-18","2018-08-18","NEON.DOC.000481vK",,
"b527d988-f55e-43dd-ba23-6d827977e6bd","f379b689-4cfd-4b91-ac56-3fef1bbfba5c","TREE_019.mammalGrid.mam","D05","TREE","TREE_019","2018-08-18","2018-08-18","NEON.DOC.000481vK",,
"ce5b23b5-0faa-461b-8d8a-c7b01f91ee12","f7116f01-bf13-4157-bf55-8a75fbd0e996","TREE_016.mammalGrid.mam","D05","TREE","TREE_016","2018-08-18","2018-08-18","NEON.DOC.000481vK",,
"afba79cd-7b6d-47c8-95b6-dd84e182a3d2","642dbd24-c97b-48f3-8d7a-8b1b35687f87","TREE_002.mammalGrid.mam","D05","TREE","TREE_002","2018-08-18","2018-08-18","NEON.DOC.000481vK",,
