uid,nightuid,namedLocation,domainID,siteID,plotID,collectDate,endDate,samplingProtocolVersion,remarks,dataQF
"b58ad50c-72d1-42d7-a101-25766e6fa9e0","3a3ab6e5-18d3-4586-b362-246d3c2f4b15","ORNL_027.mammalGrid.mam","D07","ORNL","ORNL_027","2017-05-23","2017-05-23",,,
"69ce816b-8e07-4990-9e42-e4510c04c619","e09d5279-6bda-41bc-a046-32cd037f9a91","ORNL_007.mammalGrid.mam","D07","ORNL","ORNL_007","2017-05-23","2017-05-23",,,
"bdfaf189-6e46-4d13-b4a5-0ca27ecc57f5","f58eb290-3de2-4ce6-8a30-5eab5844f441","ORNL_039.mammalGrid.mam","D07","ORNL","ORNL_039","2017-05-23","2017-05-23",,,
"2211b271-e10f-40f2-adec-8230fa912f23","a76f4584-5e22-4a43-9443-c8dc0e366c40","ORNL_002.mammalGrid.mam","D07","ORNL","ORNL_002","2017-05-24","2017-05-24",,,
"aa07fe14-e462-412e-b45b-fcf23b39c22a","213eee52-afa3-4e7e-9d27-693f3dfc292d","ORNL_003.mammalGrid.mam","D07","ORNL","ORNL_003","2017-05-24","2017-05-24",,"Animals not fully processed due to time constraints",
"ee8092a4-517b-41f9-bfce-ce4b614a5717","20bf5a40-caf1-4def-84fb-96bc238e1ad9","ORNL_001.mammalGrid.mam","D07","ORNL","ORNL_001","2017-05-24","2017-05-24",,,
"1400629c-969e-4d57-af53-6f7385befdf0","d46d9dc5-82b7-4798-8479-807095f6fb22","ORNL_002.mammalGrid.mam","D07","ORNL","ORNL_002","2017-05-25","2017-05-25",,,
"1de1150e-0f25-43af-a9b9-483cf22f9dc9","318f3121-715f-46f7-818a-02b669b7d51e","ORNL_003.mammalGrid.mam","D07","ORNL","ORNL_003","2017-05-25","2017-05-25",,,
"37e7430f-e990-485a-8219-a21a8c379569","347424b1-defd-49a8-ba46-b31f0c2405a0","ORNL_001.mammalGrid.mam","D07","ORNL","ORNL_001","2017-05-25","2017-05-25",,,
"89901ac4-8a08-46a3-b993-6b814c2f656c","3867b8ef-8a45-48ed-b9c1-c45557e81536","ORNL_002.mammalGrid.mam","D07","ORNL","ORNL_002","2017-05-26","2017-05-26",,,
"8effe6cd-c9d5-41a7-a988-b2b4b869e8e2","c22de20d-113a-4a62-ba57-5d8da6440967","ORNL_003.mammalGrid.mam","D07","ORNL","ORNL_003","2017-05-26","2017-05-26",,,
"ddcc0fb0-0f25-4aca-bfb2-fc22c2a00ad1","4e7e3c28-9cd1-4f74-837c-93c450cbd0f6","ORNL_001.mammalGrid.mam","D07","ORNL","ORNL_001","2017-05-26","2017-05-26",,,
