uid,nightuid,namedLocation,domainID,siteID,plotID,collectDate,endDate,samplingProtocolVersion,remarks,dataQF
"f0f11c9a-762d-4e9f-b6ca-08c66bcf4349","1830a964-a24d-4235-adbd-681fca467773","DELA_007.mammalGrid.mam","D08","DELA","DELA_007","2018-09-05","2018-09-05","NEON.DOC.000481vK",,
"9757ebd7-f993-458f-b4f4-173c38cb724f","8b16aeea-0f5f-4d5a-b31d-eee632ded530","DELA_002.mammalGrid.mam","D08","DELA","DELA_002","2018-09-05","2018-09-05","NEON.DOC.000481vK",,
"018d20fb-67c1-4933-818b-03771b38fffd","04269a2c-41fb-4e55-9fff-d798ab2eaca9","DELA_001.mammalGrid.mam","D08","DELA","DELA_001","2018-09-05","2018-09-05","NEON.DOC.000481vK",,
"8a6352ac-e549-4ed1-8b57-5aa2fffa0d3c","de1a88b8-0b64-41fb-9853-c1942c01f2ed","DELA_001.mammalGrid.mam","D08","DELA","DELA_001","2018-09-06","2018-09-06","NEON.DOC.000481vK",,
"5d26a8a2-d852-415f-806d-e17746b32de9","af7512f2-b938-4e44-bbfe-c62af1da2f27","DELA_007.mammalGrid.mam","D08","DELA","DELA_007","2018-09-06","2018-09-06","NEON.DOC.000481vK",,
"4a260d07-64c2-4eb3-aa8a-495976ac0ade","509884da-8f3c-46db-a9e2-ddcf1b98bfe3","DELA_002.mammalGrid.mam","D08","DELA","DELA_002","2018-09-06","2018-09-06","NEON.DOC.000481vK",,
"83f69ea9-c814-4b4e-9c08-2ef70c2e603f","548661e5-f008-4a9a-9989-d4148e3fc408","DELA_001.mammalGrid.mam","D08","DELA","DELA_001","2018-09-07","2018-09-07","NEON.DOC.000481vK",,
"d85494a1-3fa9-4f2c-8c55-51e9b275aa4c","5c80e268-7c63-412c-9725-7f10ff48b2ae","DELA_007.mammalGrid.mam","D08","DELA","DELA_007","2018-09-07","2018-09-07","NEON.DOC.000481vK",,
"6efadd71-4d47-49a1-8c04-93628a3e3603","1fc2a9e4-9cea-484c-8031-fdfedbe30af6","DELA_002.mammalGrid.mam","D08","DELA","DELA_002","2018-09-07","2018-09-07","NEON.DOC.000481vK",,
