uid,nightuid,namedLocation,domainID,siteID,plotID,collectDate,endDate,samplingProtocolVersion,remarks,dataQF
"83e96758-6773-4a0e-92ff-9b5dbb8acce9","0aa11f4b-50b8-4251-9b09-2b059a077bc7","SCBI_008.mammalGrid.mam","D02","SCBI","SCBI_008","2018-04-08","2018-04-08","NEON.DOC.000481vK","low overnight 26F; plot closed due to high disturbance",
"dee3d52e-c351-45ed-87fc-58b78e155f75","fda162dc-c276-4138-92f1-0bdeea7c2b03","SCBI_035.mammalGrid.mam","D02","SCBI","SCBI_035","2018-04-08","2018-04-08","NEON.DOC.000481vK","Half-burned; half mowed; low of 26 F overnight",
"91146a5a-6a55-4003-8e7d-61fb526e046a","667890c6-1a6e-4d41-947e-072cfcab2429","SCBI_035.mammalGrid.mam","D02","SCBI","SCBI_035","2018-04-11","2018-04-11","NEON.DOC.000481vK","Half of plot mowed within month; other half burned last week",
"4234ca09-22bb-46f9-b435-aeec3dbea97f","64e328b5-03dd-47c7-b575-16eacc7d29a9","SCBI_002.mammalGrid.mam","D02","SCBI","SCBI_002","2018-04-11","2018-04-11","NEON.DOC.000481vK",,
"aa6b53dd-d979-487d-aa50-e7de2ce2f118","56f8c067-96f9-48e5-911e-efbbf3d20544","SCBI_002.mammalGrid.mam","D02","SCBI","SCBI_002","2018-04-12","2018-04-12","NEON.DOC.000481vK","Over 30 traps disturbed; all traps removed",
"971f13c2-9816-479a-9cf0-c8b5a3ef936a","9c0bc5d0-99fe-46ba-8aed-da00f11e144b","SCBI_004.mammalGrid.mam","D02","SCBI","SCBI_004","2018-04-12","2018-04-12","NEON.DOC.000481vK","Majority of traps were knocked over with batting out",
"7e0f00b5-d0cd-41e9-bbe1-d8380b7a5874","8ef8e33f-216b-4f0a-afaf-234cb1f880fe","SCBI_035.mammalGrid.mam","D02","SCBI","SCBI_035","2018-04-12","2018-04-12","NEON.DOC.000481vK","Field recently burned and mowed ;low grass",
"c5460ceb-24a7-4a1d-894e-169ad64024c4","50bb65d0-1498-439d-bcee-311654abd345","SCBI_003.mammalGrid.mam","D02","SCBI","SCBI_003","2018-04-13","2018-04-13","NEON.DOC.000481vK","non-collection bout; took samples as part of practice",
