uid,nightuid,namedLocation,domainID,siteID,plotID,collectDate,endDate,samplingProtocolVersion,remarks,dataQF
"ee2f0a56-db46-41ff-9a72-f35f08589e6d","c800e10e-5e86-4966-944b-7a0676c58a02","ONAQ_005.mammalGrid.mam","D15","ONAQ","ONAQ_005","2017-06-25","2017-06-25","NEON.DOC.000481vJ",,
"e3024e49-b6f5-48ae-8f1a-3a39cc159b6b","153cb017-76dc-4305-b15f-9784587f68ad","ONAQ_020.mammalGrid.mam","D15","ONAQ","ONAQ_020","2017-06-25","2017-06-25","NEON.DOC.000481vJ",,
"d45a0b60-74eb-4c00-80c8-1bf1ab89ad71","a112e737-0ef6-4c39-b4c7-ffd9e212c79d","ONAQ_003.mammalGrid.mam","D15","ONAQ","ONAQ_003","2017-06-25","2017-06-25","NEON.DOC.000481vJ",,
"26150a39-6422-4876-91ad-e109e3a430b6","cb01addc-484b-43cf-b8f4-ed8d14e6a2c2","ONAQ_005.mammalGrid.mam","D15","ONAQ","ONAQ_005","2017-06-26","2017-06-26","NEON.DOC.000481vJ",,
"9c747562-fa69-4fb2-a0f3-bd8b19cc8b93","27a0514e-73da-486a-b737-097b8c899539","ONAQ_020.mammalGrid.mam","D15","ONAQ","ONAQ_020","2017-06-26","2017-06-26","NEON.DOC.000481vJ",,
"afc8649c-ba35-4cc6-b267-5fd230fac996","74db51da-aa97-40e7-824b-90f4faba7a44","ONAQ_003.mammalGrid.mam","D15","ONAQ","ONAQ_003","2017-06-26","2017-06-26","NEON.DOC.000481vJ",,
"6a43c602-90e5-4e7b-9df0-11825ce9b78c","19c8ada0-4c9c-4cd5-80c2-4fc7a632a641","ONAQ_003.mammalGrid.mam","D15","ONAQ","ONAQ_003","2017-06-27","2017-06-27","NEON.DOC.000481vJ",,
"2c927285-4d0e-4f07-a1a5-b7227bccc40c","ed0c6d3c-f043-4630-be78-a6df85022f7f","ONAQ_005.mammalGrid.mam","D15","ONAQ","ONAQ_005","2017-06-27","2017-06-27","NEON.DOC.000481vJ",,
"01601835-c15a-4a1a-921c-e84f79b2bdad","be32e94c-c7a2-4edd-b8c8-521d0c82ac8b","ONAQ_020.mammalGrid.mam","D15","ONAQ","ONAQ_020","2017-06-27","2017-06-27","NEON.DOC.000481vJ",,
"8a0c017e-3c5a-46ee-b04a-3ccb02632cf5","96d2d229-afac-4815-a922-4e72714d4927","ONAQ_004.mammalGrid.mam","D15","ONAQ","ONAQ_004","2017-06-28","2017-06-28","NEON.DOC.000481vJ",,
"ebd42fd5-4e2a-4e0c-b273-02fce48ea2a8","19c1cf06-bbd3-4650-9f94-5c501ed477a6","ONAQ_019.mammalGrid.mam","D15","ONAQ","ONAQ_019","2017-06-28","2017-06-28","NEON.DOC.000481vJ",,
"f35e597b-c099-4922-b33f-79205eae546d","c4f03ede-08d8-4bbd-973d-801bf484b9ab","ONAQ_023.mammalGrid.mam","D15","ONAQ","ONAQ_023","2017-06-28","2017-06-28","NEON.DOC.000481vJ",,
