uid,nightuid,namedLocation,domainID,siteID,plotID,collectDate,endDate,samplingProtocolVersion,remarks,dataQF
"7800034a-5f92-4c8b-b59a-5b1aecdd3210","9448f48b-92de-421f-a100-af2cc7674a95","RMNP_005.mammalGrid.mam","D10","RMNP","RMNP_005","2017-10-17","2017-10-17","NEON.DOC.000481vJ",,
"1240f9eb-5186-4d73-ad3c-53a08e995de7","75730635-9554-4e45-8932-296c5d6714b0","RMNP_003.mammalGrid.mam","D10","RMNP","RMNP_003","2017-10-17","2017-10-17","NEON.DOC.000481vJ",,
"f5364c6d-6017-46a8-9e38-812dea761248","25fd7452-1e09-48e0-954a-f4655d9da6c9","RMNP_004.mammalGrid.mam","D10","RMNP","RMNP_004","2017-10-17","2017-10-17","NEON.DOC.000481vJ",,
"c82591d1-a8c4-418d-a3c4-3e9965e09cdc","08fed5ea-1d7d-4f55-abd0-ce67f836db99","RMNP_014.mammalGrid.mam","D10","RMNP","RMNP_014","2017-10-17","2017-10-17","NEON.DOC.000481vJ","Record lost but recreated",
"bd8abe88-5853-4e1f-9320-388b791dc5db","cadc94ce-ad5c-4f05-b681-d56e839e80da","RMNP_003.mammalGrid.mam","D10","RMNP","RMNP_003","2017-10-18","2017-10-18","NEON.DOC.000481vJ",,
"42aa0fb9-19f5-459f-be4e-31b51bd30bae","dc99a600-13a9-4629-b45e-870933d96730","RMNP_009.mammalGrid.mam","D10","RMNP","RMNP_009","2017-10-18","2017-10-18","NEON.DOC.000481vJ",,
"be67cb7a-4bbd-4046-a027-9790fee154f3","1e26d285-ff11-4790-ae4a-69eafccdaf92","RMNP_004.mammalGrid.mam","D10","RMNP","RMNP_004","2017-10-18","2017-10-18","NEON.DOC.000481vJ",,
"53c22c9b-7ca7-4e6b-8a5c-657f794072fc","61f63918-ec26-4621-b7e3-d62ea50a0f55","RMNP_004.mammalGrid.mam","D10","RMNP","RMNP_004","2017-10-19","2017-10-19","NEON.DOC.000481vJ",,
"dd1becff-77a2-4dc7-84d3-994324e91772","de22effb-6665-4054-945e-d6c548b0c1d6","RMNP_003.mammalGrid.mam","D10","RMNP","RMNP_003","2017-10-19","2017-10-19","NEON.DOC.000481vJ",,
"9241c341-8b16-4bb0-81cb-6b3bd0ffcdff","b3794b55-991a-4bc4-8c1f-b2007082c8b0","RMNP_013.mammalGrid.mam","D10","RMNP","RMNP_013","2017-10-19","2017-10-19","NEON.DOC.000481vJ",,
