uid,nightuid,namedLocation,domainID,siteID,plotID,collectDate,endDate,samplingProtocolVersion,remarks,dataQF
"5e453ae6-7209-48cc-8268-a603479b8b81","8889e157-4266-4fef-85b1-104919f28c9f","NOGP_002.mammalGrid.mam","D09","NOGP","NOGP_002","2017-06-01","2017-06-01",,,
"547396af-22ba-40e2-957f-9191bcef1ffa","ccc0cb8a-3953-4339-80a4-f6c3b0bc5bda","NOGP_017.mammalGrid.mam","D09","NOGP","NOGP_017","2017-06-01","2017-06-01",,,
"58c7ba49-b4be-4095-9e20-0ae0c0a75321","2e9531ed-58dc-41e7-b751-46d01cdd6ecd","NOGP_009.mammalGrid.mam","D09","NOGP","NOGP_009","2017-06-01","2017-06-01",,,
"a942f193-bb4b-43f7-aa6d-65a5b90398d0","a58907cf-954f-4d58-99b1-0633e33d276c","NOGP_005.mammalGrid.mam","D09","NOGP","NOGP_005","2017-06-01","2017-06-01","NEON.DOC.000481vJ",,
"fadc2066-f861-4312-a1ba-36add89f8aa2","f1b2f4f0-e4c8-4e9f-9fe7-9641d037b5c3","NOGP_002.mammalGrid.mam","D09","NOGP","NOGP_002","2017-06-02","2017-06-02",,,
"93ae5feb-ae7e-4d3d-af33-d1e2f6dd08f4","fd710f7e-16d2-4cd9-96f1-a470983b5108","NOGP_017.mammalGrid.mam","D09","NOGP","NOGP_017","2017-06-02","2017-06-02","NEON.DOC.000481vJ",,
"b9491949-321e-4cd3-8011-275c3461145c","5487f2ee-70a4-4fc1-b88a-0b2510ef5168","NOGP_005.mammalGrid.mam","D09","NOGP","NOGP_005","2017-06-02","2017-06-02","NEON.DOC.000481vJ",,
"220352c2-b0e1-4bba-aedf-079d2b73de1e","76733ecd-f82b-44fe-90bc-5ee54b0e8f09","NOGP_007.mammalGrid.mam","D09","NOGP","NOGP_007","2017-06-02","2017-06-02",,,
