uid,nightuid,namedLocation,domainID,siteID,plotID,collectDate,endDate,samplingProtocolVersion,remarks,dataQF
"53a233fe-713e-4e60-8a20-820cdae66939","936D7C096B894ABD809EB13BAC21FB57","OAES_004.mammalGrid.mam","D11","OAES","OAES_004","2016-05-10","2016-05-10","NEON.DOC.000481vG",,
"2e8525cb-5765-486c-8e26-bea6c46c74a7","3183949A35764D3A8C79F2CF0880F074","OAES_003.mammalGrid.mam","D11","OAES","OAES_003","2016-05-10","2016-05-10","NEON.DOC.000481vG",,
"f34d41c0-53d3-4fd8-881e-27f5cbaa89be","90CA5F9A2BAC463D9DB5A12CA8B883A4","OAES_029.mammalGrid.mam","D11","OAES","OAES_029","2016-05-10","2016-05-10","NEON.DOC.000481vG",,
"cd2dc713-5cbb-48e4-b23a-b2b769f6ef77","2A68E3723FB84B8BB969ED800542BA78","OAES_002.mammalGrid.mam","D11","OAES","OAES_002","2016-05-11","2016-05-11","NEON.DOC.000481vG","31 plots disturbed in plot. plot closed.",
"c4e8aea5-ec7f-4c03-a4e3-cba7f8946c2a","A070A4A0578041478F29F5349393F591","OAES_010.mammalGrid.mam","D11","OAES","OAES_010","2016-05-11","2016-05-11","NEON.DOC.000481vG",,
"9443a131-fc1a-4f36-8696-4e7bcfbd4ca3","C9D58208DD664BE0894A9596381977B9","OAES_001.mammalGrid.mam","D11","OAES","OAES_001","2016-05-11","2016-05-11","NEON.DOC.000481vG",,
"ecd7e4d9-43d3-41b0-8b5c-246dfa400ebc","22E6820FC6EE4882A4CA74D883AB415D","OAES_007.mammalGrid.mam","D11","OAES","OAES_007","2016-05-12","2016-05-12","NEON.DOC.000481vG",,
"a174c847-7cfb-4d61-81a7-6c698efd21a0","35EBC665201641DA8BB3DF38C38B148B","OAES_010.mammalGrid.mam","D11","OAES","OAES_010","2016-05-12","2016-05-12","NEON.DOC.000481vG",,
"30ccd066-49d3-4631-9679-858a7e7651dc","D180DAB7DD71409CAF4C03FB84976923","OAES_001.mammalGrid.mam","D11","OAES","OAES_001","2016-05-12","2016-05-12","NEON.DOC.000481vG",,
"57788fb9-9686-47b8-988c-4acdad68587d","1E4EC8F6E08D4D0B8B49CE447BC2A3B0","OAES_007.mammalGrid.mam","D11","OAES","OAES_007","2016-05-13","2016-05-13","NEON.DOC.000481vG",,
"cb4b4496-ad92-4beb-b5cd-dc36b68c4816","FB2E1D47D8A44A8A97EB880DC5909E69","OAES_010.mammalGrid.mam","D11","OAES","OAES_010","2016-05-13","2016-05-13","NEON.DOC.000481vG",,
"f56108e9-71b4-409d-a85c-ce6f637eea2e","9C9EE9E02B68461D9BB63486FB4260E7","OAES_001.mammalGrid.mam","D11","OAES","OAES_001","2016-05-13","2016-05-13","NEON.DOC.000481vG",,
