uid,nightuid,namedLocation,domainID,siteID,plotID,collectDate,endDate,samplingProtocolVersion,remarks,dataQF
"372bc510-0587-48b2-a44c-29260f81d449","cc4f160d-bcfd-40e0-860e-55946bf631fd","NOGP_017.mammalGrid.mam","D09","NOGP","NOGP_017","2017-07-25","2017-07-25","NEON.DOC.000481vJ",,
"78ddf299-f3da-4a32-8cf2-d811ce332406","3b1d7b72-e435-4602-8d19-2e1d7bbd62ba","NOGP_002.mammalGrid.mam","D09","NOGP","NOGP_002","2017-07-25","2017-07-25","NEON.DOC.000481vJ",,
"fcc0113d-5d0c-49c4-b100-813cfd0a2fea","b68ff48b-da8f-4277-a86a-b159e40fd231","NOGP_007.mammalGrid.mam","D09","NOGP","NOGP_007","2017-07-25","2017-07-25","NEON.DOC.000481vJ",,
"e444ab84-8bc6-4d42-8ea4-50c4444bd5d8","bcae70c5-0bb1-4e5f-9ac7-2d525dfb9084","NOGP_005.mammalGrid.mam","D09","NOGP","NOGP_005","2017-07-25","2017-07-25","NEON.DOC.000481vJ",,
"02832e32-9ac6-4bde-91c2-e24e3f649cea","7507f37a-16df-423d-82a8-b2a94309cdd1","NOGP_017.mammalGrid.mam","D09","NOGP","NOGP_017","2017-07-26","2017-07-26","NEON.DOC.000481vJ",,
"f830827e-fb68-4c48-9eb3-291432694170","705bde70-2b00-452a-988d-8afb7d76cc5d","NOGP_014.mammalGrid.mam","D09","NOGP","NOGP_014","2017-07-26","2017-07-26",,,
"82b1346d-507d-40cb-8d76-c34e24f0c4f9","a869c314-9dd6-4224-8585-b99fc5269fe6","NOGP_002.mammalGrid.mam","D09","NOGP","NOGP_002","2017-07-26","2017-07-26","NEON.DOC.000481vJ",,
"fca2561a-7f7f-4ff1-b7e4-e6b454f827a1","1945ca54-d959-4353-9de1-2eaae2b26d3c","NOGP_005.mammalGrid.mam","D09","NOGP","NOGP_005","2017-07-26","2017-07-26","NEON.DOC.000481vJ",,
"dad70557-b995-4f08-9310-0240c277c76c","81d032f8-c20c-4a98-9ec5-ccf98bee4041","NOGP_005.mammalGrid.mam","D09","NOGP","NOGP_005","2017-07-27","2017-07-27",,,
"8414d1ec-a379-4e60-8d6f-cdf23fddcd91","816bf2c9-5a49-4eb3-a0e0-db7b24855b1e","NOGP_009.mammalGrid.mam","D09","NOGP","NOGP_009","2017-07-27","2017-07-27",,,
"106b589a-e6b6-4407-a03c-dcf474a48f29","55f0b2c1-e758-4cde-b7a0-dfe5904750fc","NOGP_017.mammalGrid.mam","D09","NOGP","NOGP_017","2017-07-27","2017-07-27",,,
"8e0740b1-1a94-4ae4-9dab-fc8dbae4db3a","55d9e782-8a42-418f-b1f1-0d83664bcf5d","NOGP_002.mammalGrid.mam","D09","NOGP","NOGP_002","2017-07-27","2017-07-27",,,
