uid,nightuid,namedLocation,domainID,siteID,plotID,collectDate,endDate,samplingProtocolVersion,remarks,dataQF
"514b145b-2056-45d1-9cfe-8b80f91cb7df","09CD8988FEE74A769E1FA71326784F30","TREE_027.mammalGrid.mam","D05","TREE","TREE_027","2016-08-09","2016-08-09","NEON.DOC.000481vH",,
"ea59825f-e8fb-42a4-8c36-9b10094dfd31","48ADE9C056CD44D1B9597D7941EC3FC8","TREE_004.mammalGrid.mam","D05","TREE","TREE_004","2016-08-09","2016-08-09","NEON.DOC.000481vH",,
"6c1fd37d-d4dc-4b85-8473-38247eba3ea5","AC376E76AC774B298F97D6F74B163F53","TREE_002.mammalGrid.mam","D05","TREE","TREE_002","2016-08-09","2016-08-09","NEON.DOC.000481vH",,
"521080b9-3f1a-4cd7-8453-4244e9c9fa61","1DCC0EBA553B4CC8ADB27782CF00AC59","TREE_019.mammalGrid.mam","D05","TREE","TREE_019","2016-08-10","2016-08-10","NEON.DOC.000481vH",,
"9ecf978b-06b3-49a6-8529-8d03c7cb55b1","FAE94B22133C4BAE9A39AB1AC31732F8","TREE_016.mammalGrid.mam","D05","TREE","TREE_016","2016-08-10","2016-08-10","NEON.DOC.000481vH",,
"e9e9f095-34a5-4c9c-b028-ab140b5e2c49","DF4CCFCE4DAA4346A75774F214A97AA0","TREE_028.mammalGrid.mam","D05","TREE","TREE_028","2016-08-10","2016-08-10","NEON.DOC.000481vH",,
"a52192ff-3d63-45a1-b384-3d49f5cef02a","4580E9089AA54BDB9B903C628EAEA7A3","TREE_019.mammalGrid.mam","D05","TREE","TREE_019","2016-08-11","2016-08-11","NEON.DOC.000481vH",,
"e30b39d3-2e95-4804-9019-4467b5f1fee1","029E2D58B7C8477180159EBF014329A3","TREE_028.mammalGrid.mam","D05","TREE","TREE_028","2016-08-11","2016-08-11","NEON.DOC.000481vH",,
"b4d937d7-9f79-4ec4-a4eb-8c00981d8651","951C811FE1034A279073F6A888D97001","TREE_016.mammalGrid.mam","D05","TREE","TREE_016","2016-08-11","2016-08-11","NEON.DOC.000481vH",,
"7449ac94-f77c-41ae-8ff7-7755bb611fef","F3445BB349FD40968962B2B58A5EB4F0","TREE_019.mammalGrid.mam","D05","TREE","TREE_019","2016-08-12","2016-08-12","NEON.DOC.000481vH",,
"ec343b84-89ee-435c-9ee1-f1332e7d77f4","3CF72448A3E342C596895A1CF6C2CB69","TREE_028.mammalGrid.mam","D05","TREE","TREE_028","2016-08-12","2016-08-12","NEON.DOC.000481vH",,
"41f20931-150b-4016-8c8b-e34a6b599fd4","04180103865B4A81ACB5BD2D8BD0ED6D","TREE_016.mammalGrid.mam","D05","TREE","TREE_016","2016-08-12","2016-08-12","NEON.DOC.000481vH",,
