uid,nightuid,namedLocation,domainID,siteID,plotID,collectDate,endDate,samplingProtocolVersion,remarks,dataQF
"0e97e729-5cbb-4e81-b1fe-d7d9072cde68","94925d7e-cecc-4fa5-9668-6cbd551d8ae0","TALL_024.mammalGrid.mam","D08","TALL","TALL_024","2019-04-02","2019-04-02","NEON.DOC.000481vL",,
"08d97003-b0ee-44f2-afe9-76054d157976","46653303-b2c4-4b10-94b0-6cfb29cafbf0","TALL_010.mammalGrid.mam","D08","TALL","TALL_010","2019-04-02","2019-04-02","NEON.DOC.000481vL",,
"ef4160df-c423-473c-9b54-b5deddcfd264","557922b0-0d15-4fe1-9614-d571f1fe92ce","TALL_012.mammalGrid.mam","D08","TALL","TALL_012","2019-04-02","2019-04-02","NEON.DOC.000481vL",,
"96b8bf78-d0ad-4b41-9250-1a61c3f37080","2027dcce-fd30-4995-8cea-8e90ee729771","TALL_015.mammalGrid.mam","D08","TALL","TALL_015","2019-04-02","2019-04-02","NEON.DOC.000481vK",,
"bc861908-8e01-46e9-83c9-0db7b1268b0d","e4991460-e8c4-4ebb-b0c4-9986e60e7b36","TALL_012.mammalGrid.mam","D08","TALL","TALL_012","2019-04-03","2019-04-03","NEON.DOC.000481vL",,
"90296d41-1c2a-4ec7-afdf-0a98547803d3","602e9383-d94d-4b64-952b-57e5821f6ef2","TALL_024.mammalGrid.mam","D08","TALL","TALL_024","2019-04-03","2019-04-03","NEON.DOC.000481vL",,
"57237f48-c735-44f5-b103-cf1194c5d6c1","3487a48d-e55b-4c26-b2cb-20358e7768ab","TALL_010.mammalGrid.mam","D08","TALL","TALL_010","2019-04-03","2019-04-03","NEON.DOC.000481vL",,
"1b0daeda-e352-46c9-bfbe-4ea15f60f2fd","e1da534c-7b8c-4afc-9405-90be454e6238","TALL_015.mammalGrid.mam","D08","TALL","TALL_015","2019-04-03","2019-04-03","NEON.DOC.000481vL",,
"63c4c41e-5e1b-4d3c-b7c2-c49f65ad4c42","33a2813d-496d-4663-a8d7-60d02c52d904","TALL_015.mammalGrid.mam","D08","TALL","TALL_015","2019-04-04","2019-04-04","NEON.DOC.000481vL",,
"e5569ebe-5800-4775-9d80-ad04ca74e5bf","b2ce9c2d-f614-4f1c-ad39-d800c58d8cee","TALL_012.mammalGrid.mam","D08","TALL","TALL_012","2019-04-04","2019-04-04","NEON.DOC.000481vL",,
"41bb7081-8e72-4dbb-80f9-3e1409261f3f","ba830899-d7b6-4824-ad81-401a8878a8c9","TALL_024.mammalGrid.mam","D08","TALL","TALL_024","2019-04-04","2019-04-04","NEON.DOC.000481vL",,
"53179de2-ac88-40cb-a5ce-4e2a63607fab","295f1824-7324-478a-baa6-7ed886516ccc","TALL_010.mammalGrid.mam","D08","TALL","TALL_010","2019-04-04","2019-04-04","NEON.DOC.000481vL",,
"cf2e2b24-1c83-431c-ba1d-72152fb8fd03","df78f4a5-178a-4f3d-966e-3df3055c9149","TALL_031.mammalGrid.mam","D08","TALL","TALL_031","2019-04-05","2019-04-05","NEON.DOC.000481vL",,
"5e1d1d6d-fd15-44bc-a9f1-af5b8438dc29","7613d4d3-cbf2-45b2-92d7-5e7de090f962","TALL_006.mammalGrid.mam","D08","TALL","TALL_006","2019-04-05","2019-04-05","NEON.DOC.000481vL",,
"6cdab122-862f-433c-8388-ef4b2c676575","7a2c6461-0784-47d2-9bd4-7f4262411be7","TALL_005.mammalGrid.mam","D08","TALL","TALL_005","2019-04-05","2019-04-05","NEON.DOC.000481vL",,
"f997cea9-08b9-4a76-9818-cf4b385fcb58","d46d46c6-0d79-4da3-b533-cae063fa3da5","TALL_013.mammalGrid.mam","D08","TALL","TALL_013","2019-04-05","2019-04-05","NEON.DOC.000481vL",,
