uid,nightuid,namedLocation,domainID,siteID,plotID,collectDate,endDate,samplingProtocolVersion,remarks,dataQF
"b98b5bf1-1d2f-4f2c-ab91-6301edb5c178","c72a0c33-ab62-41c5-8e83-1869bd9203dd","SJER_013.mammalGrid.mam","D17","SJER","SJER_013","2017-10-24","2017-10-24","NEON.DOC.000481vJ",,
"59cfdff3-6c06-4aae-8894-e5bc36984264","2be3c73c-2a0a-40fb-be61-df83c44d6146","SJER_033.mammalGrid.mam","D17","SJER","SJER_033","2017-10-24","2017-10-24","NEON.DOC.000481vJ",,
"9a7b1c30-1384-4c92-8f18-5594d7fd84c5","93d351c4-69f6-463d-912c-29c5b971d752","SJER_032.mammalGrid.mam","D17","SJER","SJER_032","2017-10-24","2017-10-24","NEON.DOC.000481vJ",,
"f7dafe08-3a3b-499c-b4d0-49d06611c895","846b59b3-8d6f-4f36-875e-28ed4f68dc02","SJER_002.mammalGrid.mam","D17","SJER","SJER_002","2017-10-25","2017-10-25","NEON.DOC.000481vJ",,
"eeb39202-acf7-4b55-9ed3-bd96147f7a19","3880a4d3-7eee-4d40-a63c-de0758dfe14a","SJER_032.mammalGrid.mam","D17","SJER","SJER_032","2017-10-25","2017-10-25","NEON.DOC.000481vJ",,
"938c4eed-322f-4fff-ac18-f8f7737b7161","a7208d41-b11a-4779-a30a-6679a16b64e0","SJER_006.mammalGrid.mam","D17","SJER","SJER_006","2017-10-25","2017-10-25","NEON.DOC.000481vJ",,
"ab7751ec-ad4e-42a0-ac4f-6b5661b33818","b6800472-8009-403b-a865-4de0fda1046c","SJER_033.mammalGrid.mam","D17","SJER","SJER_033","2017-10-25","2017-10-25","NEON.DOC.000481vJ",,
"921ded4c-88d5-4c4e-afcf-554b458ef543","bfd4b8f4-a48e-45db-a09a-8ff15ae80a58","SJER_007.mammalGrid.mam","D17","SJER","SJER_007","2017-10-26","2017-10-26",,,
"e55705cf-016e-4dd4-b0bc-15e7d3f109ec","f8ab3be7-a5e1-48d1-a173-4c43e653b43f","SJER_006.mammalGrid.mam","D17","SJER","SJER_006","2017-10-26","2017-10-26","NEON.DOC.000481vJ",,
"d5e86210-c4aa-4a61-8c80-3c497fd42632","4b109a3a-41ae-481f-af5c-d40da10cb052","SJER_032.mammalGrid.mam","D17","SJER","SJER_032","2017-10-26","2017-10-26","NEON.DOC.000481vJ",,
"23b5d9db-7444-45cc-bc14-cbc51f8d78ef","3e9a760f-434c-4aa0-8d8e-c196e53eb4d0","SJER_033.mammalGrid.mam","D17","SJER","SJER_033","2017-10-26","2017-10-26","NEON.DOC.000481vJ",,
"964a8376-9bce-47d3-8977-a3d3e805cc5c","2ab99980-ae31-4c7d-b477-0f8253a317c7","SJER_010.mammalGrid.mam","D17","SJER","SJER_010","2017-10-27","2017-10-27","NEON.DOC.000481vJ",,
"97e27cc3-96ae-4f92-9eea-ab4a79b208c9","ff05fd93-f9e4-46d4-b7a0-77330f6c20e5","SJER_009.mammalGrid.mam","D17","SJER","SJER_009","2017-10-27","2017-10-27","NEON.DOC.000481vJ",,
"4302fa52-391c-4ed8-941d-cbf4e13c33d2","1a0e0f65-f4f9-4073-9ed7-5754756c4b28","SJER_006.mammalGrid.mam","D17","SJER","SJER_006","2017-10-27","2017-10-27","NEON.DOC.000481vJ",,
