uid,nightuid,namedLocation,domainID,siteID,plotID,collectDate,endDate,samplingProtocolVersion,remarks,dataQF
"7f07e150-7ba6-4a37-a06b-7b3e99393b28","ab9939b9-9bbc-45cc-806e-2e8fa16081c3","SCBI_008.mammalGrid.mam","D02","SCBI","SCBI_008","2018-05-08","2018-05-08","NEON.DOC.000481vK",,
"09321b06-5648-4c06-95d6-927e9a6b2c53","e68fb2b8-7258-4a18-9a96-9dfcd8b85c0a","SCBI_035.mammalGrid.mam","D02","SCBI","SCBI_035","2018-05-08","2018-05-08","NEON.DOC.000481vK",,
"9c19a1c0-59d7-4e6a-8bba-29eb1fd56cd4","76fac893-5b06-45e1-9a3c-206558425ae5","SCBI_002.mammalGrid.mam","D02","SCBI","SCBI_002","2018-05-08","2018-05-08","NEON.DOC.000481vK","Many were knocked over with batting out",
"98199e79-c13c-4d4a-8ab1-fff00394cb68","7ca4dd9b-3cda-4733-a63e-edc11d671a4c","SCBI_035.mammalGrid.mam","D02","SCBI","SCBI_035","2018-05-09","2018-05-09","NEON.DOC.000481vK",,
"a293475f-002b-404b-88b6-a24a65a06c7d","f4eb8c73-1082-432f-be27-e6c6ac93e069","SCBI_004.mammalGrid.mam","D02","SCBI","SCBI_004","2018-05-09","2018-05-09","NEON.DOC.000481vK",,
"ecfa86b3-7f69-4c18-9601-c09f518098ea","6b020bbf-6260-4c33-ba62-c0dd3c189433","SCBI_008.mammalGrid.mam","D02","SCBI","SCBI_008","2018-05-09","2018-05-09","NEON.DOC.000481vK",,
"8ec1f4a3-2c22-4077-b7b2-cd23e5f379d6","d1a5162c-f62c-4e2a-8d05-1eb39c9681e9","SCBI_035.mammalGrid.mam","D02","SCBI","SCBI_035","2018-05-10","2018-05-10","NEON.DOC.000481vK",,
"e07d777b-a03e-4c00-a867-35a39cda0319","4cc1ce41-ec92-463e-a955-9bc707a91dee","SCBI_003.mammalGrid.mam","D02","SCBI","SCBI_003","2018-05-10","2018-05-10","NEON.DOC.000481vK","Some traps destroyed by bears",
"9969b6d2-332a-4080-8ec5-51332f660d06","fc95a9cc-b1ae-4fe8-80a1-83cde6ed436c","SCBI_008.mammalGrid.mam","D02","SCBI","SCBI_008","2018-05-10","2018-05-10","NEON.DOC.000481vK",,
