uid,nightuid,namedLocation,domainID,siteID,plotID,collectDate,endDate,samplingProtocolVersion,remarks,dataQF
"9f2ed46b-e64a-401d-832d-264ff38378f7","34A1317D8DC94CE2B3F2BCDAA67DC266","ORNL_001.mammalGrid.mam","D07","ORNL","ORNL_001","2015-06-16","2015-06-16",,"used NEON.DOC.000481vG",
"c1ded2c1-9e4d-4933-8835-759d7177627e","161CEAB959F24F839EC132718DF37806","ORNL_007.mammalGrid.mam","D07","ORNL","ORNL_007","2015-06-16","2015-06-16",,"used NEON.DOC.000481vG",
"efe64573-b798-44e2-97f2-b31ef73cc05a","38B638F4C08940BDB254151F309BA377","ORNL_039.mammalGrid.mam","D07","ORNL","ORNL_039","2015-06-16","2015-06-16",,"used NEON.DOC.000481vG. About 2/3 of the plot was mowed before sampling.",
"68432de3-0fbf-43a9-809a-d97305f099d8","C8043B4CB94B4381B11E68D776681A53","ORNL_002.mammalGrid.mam","D07","ORNL","ORNL_002","2015-06-17","2015-06-17",,"used NEON.DOC.000481vG",
"30e03845-b78f-4632-9b1f-698c49193943","D0C93FD1ABDB44F7B75568669F526E99","ORNL_003.mammalGrid.mam","D07","ORNL","ORNL_003","2015-06-17","2015-06-17",,"used NEON.DOC.000481vG",
"c655e517-b8e9-4aa0-8270-50c1751ad4dd","584F762E93AE4C3FAB7D19B177FC9D60","ORNL_027.mammalGrid.mam","D07","ORNL","ORNL_027","2015-06-17","2015-06-17",,"used NEON.DOC.000481vG",
"6d001876-2b58-4cd4-aa5d-10cce524a593","F47AB7D48BC24877B39F5E02B8FA1AB6","ORNL_002.mammalGrid.mam","D07","ORNL","ORNL_002","2015-06-18","2015-06-18",,"used NEON.DOC.000481vG",
"16e1e478-2b0a-4e24-aa38-8337a099ffe1","3DC7C428CA9E41BD9C90BAA35FDC797A","ORNL_003.mammalGrid.mam","D07","ORNL","ORNL_003","2015-06-18","2015-06-18",,"used NEON.DOC.000481vG",
"3c2f18b0-fd9d-4475-8cd3-358ec01cad6e","3CF22A2EE02D4D5D80D4B3A611E988D3","ORNL_027.mammalGrid.mam","D07","ORNL","ORNL_027","2015-06-18","2015-06-18",,"used NEON.DOC.000481vG",
"6513be2e-f4b5-4e50-926f-c5a134c70ea3","9F51AB3D067E4112964123CB46FA524C","ORNL_002.mammalGrid.mam","D07","ORNL","ORNL_002","2015-06-19","2015-06-19",,"used NEON.DOC.000481vG",
"01198395-14c0-4ea7-a4f2-aab02e13d68e","64FFDECB6D084A6AADE15A189B390900","ORNL_003.mammalGrid.mam","D07","ORNL","ORNL_003","2015-06-19","2015-06-19",,"used NEON.DOC.000481vG",
"039157a3-5e92-4104-b609-6b62c41a89c5","4B9E419A03E04EE2BB486B6CF8FB88E5","ORNL_027.mammalGrid.mam","D07","ORNL","ORNL_027","2015-06-19","2015-06-19",,"used NEON.DOC.000481vG",
