uid,nightuid,namedLocation,domainID,siteID,plotID,collectDate,endDate,samplingProtocolVersion,remarks,dataQF
"5a236fab-50b8-4704-be1b-a5be6ee5a1ff","28ABBBA73FC04426968678C9438D2971","TALL_031.mammalGrid.mam","D08","TALL","TALL_031","2015-07-14","2015-07-14",,,
"13d7a5a0-793d-4e21-9542-57da77fbf6cd","4578B93BD5C14A808E939CA1EFEA6BF2","TALL_024.mammalGrid.mam","D08","TALL","TALL_024","2015-07-14","2015-07-14",,,
"15295833-f59c-4423-8bc2-95846a3d994f","90D9878FE15D4AB8B820CFC2E60C10FA","TALL_010.mammalGrid.mam","D08","TALL","TALL_010","2015-07-14","2015-07-14",,,
"2bb9b307-376e-4f4a-969b-7de9597d4209","6D83BBD8778C4771B4F0E7CA22CDF975","TALL_015.mammalGrid.mam","D08","TALL","TALL_015","2015-07-14","2015-07-14",,,
"75ed2661-fff1-478c-a3ef-085bc626d759","C72661E8FCCD41C59D19D6E5FBAC70B5","TALL_031.mammalGrid.mam","D08","TALL","TALL_031","2015-07-15","2015-07-15",,,
"e0016661-40c0-48ed-8e84-9bff29919f06","5C16717445F44932B56830D7D3F1546E","TALL_024.mammalGrid.mam","D08","TALL","TALL_024","2015-07-15","2015-07-15",,,
"c35701a2-164c-46d8-8b9b-1ea70079826a","B72DDCC079644EFA9C2CEBEF2E66A1C6","TALL_010.mammalGrid.mam","D08","TALL","TALL_010","2015-07-15","2015-07-15",,,
"a8dc79b8-9830-4268-abcd-238ce939ac9c","59B7B5FA357848B6BA75CDB7FD4238A2","TALL_015.mammalGrid.mam","D08","TALL","TALL_015","2015-07-15","2015-07-15",,,
"9a2f66ae-9d82-4adb-846c-5c0656ad75ee","DEBE446741FC439A87681FC117D3D4F5","TALL_031.mammalGrid.mam","D08","TALL","TALL_031","2015-07-16","2015-07-16",,,
"9a988ab4-a927-4603-97c3-44a0adbaecd7","E277DD9CEFE7434A89F4A2951EE29859","TALL_024.mammalGrid.mam","D08","TALL","TALL_024","2015-07-16","2015-07-16",,,
"7f05d3de-de54-4c2f-a50b-af9a66a13acf","0E6AADCCD9FC4A0A8CAE9F3D10A472A7","TALL_010.mammalGrid.mam","D08","TALL","TALL_010","2015-07-16","2015-07-16",,,
"854798c8-a955-4833-8978-38f9ac13b446","063115992D7D4AEEB025A4C6528F5F54","TALL_015.mammalGrid.mam","D08","TALL","TALL_015","2015-07-16","2015-07-16",,,
"1e23bbee-1ec1-4b70-9e6e-6a6ce91b8ae9","B89D089DE6F8413B88222CE4C6064AA7","TALL_005.mammalGrid.mam","D08","TALL","TALL_005","2015-07-17","2015-07-17",,,
"8bfb8e5c-3bf3-40b0-99fb-28659e477c2c","0D27409ED58049CA8957D84075C45FAF","TALL_006.mammalGrid.mam","D08","TALL","TALL_006","2015-07-17","2015-07-17",,,
"7a5b6448-5611-4440-8a6c-fd5830ee3360","81468ED349E34CFAA2FBF09AB9C75365","TALL_012.mammalGrid.mam","D08","TALL","TALL_012","2015-07-17","2015-07-17",,,
"01e967e0-9b13-498f-a434-3652d78b526e","D50CDC49F5A04273942D3EAA932C6EC9","TALL_013.mammalGrid.mam","D08","TALL","TALL_013","2015-07-17","2015-07-17",,,
