uid,nightuid,namedLocation,domainID,siteID,plotID,collectDate,endDate,samplingProtocolVersion,remarks,dataQF
"21844f4f-2d88-494d-8239-12c26d92cd09","2FC0630767964471B67BC93EFBCB48D1","OAES_003.mammalGrid.mam","D11","OAES","OAES_003","2015-09-15","2015-09-15",,,
"d569b84f-cc31-4842-9215-1ad5635134bf","66CE0DEDC23D48CF99169A25B84D121A","OAES_029.mammalGrid.mam","D11","OAES","OAES_029","2015-09-15","2015-09-15",,,
"b6bec67a-4a8c-4a3a-8975-500fa3fab87f","941B539A5FC04C258D6C4B3D1D477961","OAES_004.mammalGrid.mam","D11","OAES","OAES_004","2015-09-15","2015-09-15",,,
"5983a6bc-963e-4d16-9b60-cf96eb48f844","22E8054D72A84422A075EE327346BE69","OAES_002.mammalGrid.mam","D11","OAES","OAES_002","2015-09-16","2015-09-16",,,
"0526d53a-1032-431e-9569-7250dd543105","A9786116F41B4F579C27AB17AE79F9F7","OAES_010.mammalGrid.mam","D11","OAES","OAES_010","2015-09-16","2015-09-16",,,
"7230d98d-6761-495f-b900-240d8fc997bb","82E737BBF0F2409189A262F998014974","OAES_001.mammalGrid.mam","D11","OAES","OAES_001","2015-09-16","2015-09-16",,,
"180f2ef5-0f7a-462d-9c37-a30ea0a8b7c6","6DDD8E271C9C4F96A94855A911E9A60E","OAES_010.mammalGrid.mam","D11","OAES","OAES_010","2015-09-17","2015-09-17",,,
"a99a1c4d-e47f-4ee9-a030-d971f58f20e7","F8904B0A1B3F413991860B907B6CBBDC","OAES_002.mammalGrid.mam","D11","OAES","OAES_002","2015-09-17","2015-09-17",,,
"a7143f9c-3ae4-417f-a3da-557497c9afc2","E300C113485544E58CA81063549EB47C","OAES_001.mammalGrid.mam","D11","OAES","OAES_001","2015-09-17","2015-09-17",,,
