uid,nightuid,namedLocation,domainID,siteID,plotID,collectDate,endDate,samplingProtocolVersion,remarks,dataQF
"e1aa90cd-2d14-42da-becc-af3ddebc41b9","8D2825908B1A4333ABF6513F5A4D3873","GRSM_033.mammalGrid.mam","D07","GRSM","GRSM_033","2016-09-27","2016-09-27","NEON.DOC.000481vH","Traps marked as 'not set' were not set due to it being too dark.",
"0a023675-0cf1-49bf-91a3-057f36cc65af","43079A8EAADB406F8A447F2594A2E672","GRSM_015.mammalGrid.mam","D07","GRSM","GRSM_015","2016-09-27","2016-09-27","NEON.DOC.000481vH",,
"2999322f-dc72-4da9-9630-6fd981002ca3","670A688895744909A79BCA77165ADD98","GRSM_013.mammalGrid.mam","D07","GRSM","GRSM_013","2016-09-27","2016-09-27","NEON.DOC.000481vH",,
"3b1380f9-c1e4-4e74-873f-745d9b05c9bc","53A2B8AB7F32401F86ED238B658DEB04","GRSM_014.mammalGrid.mam","D07","GRSM","GRSM_014","2016-09-28","2016-09-28","NEON.DOC.000481vH",,
"489d9e6d-f2f5-4c64-a6c9-e6b507d8f388","F3378115F68C4B70A2D84DFD169BF127","GRSM_069.mammalGrid.mam","D07","GRSM","GRSM_069","2016-09-28","2016-09-28","NEON.DOC.000481vH",,
"7a90dfb2-188c-4550-8fb2-5b0b04e60fcd","CBF32FDD45A24DB6AE45315E67C2CD66","GRSM_020.mammalGrid.mam","D07","GRSM","GRSM_020","2016-09-28","2016-09-28","NEON.DOC.000481vH",,
"fbb88fe0-f3d5-4442-abac-774e1c1960df","397C1956D018466887C9EEE18332B9E8","GRSM_020.mammalGrid.mam","D07","GRSM","GRSM_020","2016-09-29","2016-09-29","NEON.DOC.000481vH",,
"d6b358d0-633f-4844-8b88-a6d2cb28ac15","7B61DB98E3DE449487DB3CA6C3344B7D","GRSM_014.mammalGrid.mam","D07","GRSM","GRSM_014","2016-09-29","2016-09-29","NEON.DOC.000481vH",,
"d74ca1f9-d221-4f5b-8815-5013a6394c01","19EFBA89F955427EA0822FC24A8E81FC","GRSM_020.mammalGrid.mam","D07","GRSM","GRSM_020","2016-09-30","2016-09-30","NEON.DOC.000481vH",,
"10998638-8bbc-46b4-8cc1-da33e14db552","E94AF19866714A1C9CF65D92ABD2CA7B","GRSM_014.mammalGrid.mam","D07","GRSM","GRSM_014","2016-09-30","2016-09-30","NEON.DOC.000481vH",,
