uid,nightuid,namedLocation,domainID,siteID,plotID,collectDate,endDate,samplingProtocolVersion,remarks,dataQF
"0a38954e-aa62-4e38-9a71-6abd4b6cb17c","7AB37A145A9D4306AAC97619A5C194BE","ONAQ_017.mammalGrid.mam","D15","ONAQ","ONAQ_017","2014-10-02","2014-10-02",,,
"579944fa-faa8-42c3-b1ec-1d583e72ea61","14DE31E6E16E4735A343C25553586387","ONAQ_003.mammalGrid.mam","D15","ONAQ","ONAQ_003","2014-10-02","2014-10-02",,,
"da46b851-2b41-4ee6-a1d4-6573ea102593","2150AC8BD75247E1B7DC86BA95BBBAD2","ONAQ_005.mammalGrid.mam","D15","ONAQ","ONAQ_005","2014-10-03","2014-10-03",,,
"1f12ef7b-0fea-4cab-a7da-4aadab8b0c5e","9D9339E0AEAE4A8FBC1B98CF49DD2953","ONAQ_017.mammalGrid.mam","D15","ONAQ","ONAQ_017","2014-10-03","2014-10-03",,,
"7911159b-67ba-4710-a7ec-67e82b5c781b","977E1AE8661D408797AED80A157D856C","ONAQ_017.mammalGrid.mam","D15","ONAQ","ONAQ_017","2014-10-19","2014-10-19",,,
"9a0077f4-4bbc-4b4a-9970-1c466ab7a94e","B5FC4D1F339D42C4B15DC038D931D5F8","ONAQ_003.mammalGrid.mam","D15","ONAQ","ONAQ_003","2014-10-19","2014-10-19",,,
"123f8678-a9f8-44b3-b43d-ba9e3add31aa","2C0F1A4DAF1643C9B88A763D73729382","ONAQ_017.mammalGrid.mam","D15","ONAQ","ONAQ_017","2014-10-20","2014-10-20",,,
"622485c9-200b-452a-9dca-5ac168b8902a","DAF2E72BDEFF49E389075D1FCFAB8E38","ONAQ_003.mammalGrid.mam","D15","ONAQ","ONAQ_003","2014-10-20","2014-10-20",,,
"ef201fcb-3e3e-4a80-9bf3-4a864eda0685","53D41E9491B043228A66943980F509E4","ONAQ_017.mammalGrid.mam","D15","ONAQ","ONAQ_017","2014-10-21","2014-10-21",,"Animals were released without handling due to logistical time constraints. It was hunting season and there were people activly hunting in the immediate vacinity of the plot.",
"e607619c-2a7c-4758-98cc-900d8cd2a11e","DDB45D2CAA314FA9AA31AC7FFF589A07","ONAQ_005.mammalGrid.mam","D15","ONAQ","ONAQ_005","2014-10-21","2014-10-21",,,
"9e8466d9-bb53-48ec-b803-adf17d7d3920","4A3B1B2558E844FDA2DC662A08C7784B","ONAQ_017.mammalGrid.mam","D15","ONAQ","ONAQ_017","2014-10-21","2014-10-21",,"Animals were released without handling due to logistical time constraints. It was hunting season and there were people activly hunting in the immediate vacinity of the plot.",
"39092fb5-a6ee-45b1-b7df-5642285bd109","55CEDA5575CB4F6BA2F2A949FB491EFC","ONAQ_017.mammalGrid.mam","D15","ONAQ","ONAQ_017","2014-10-21","2014-10-21",,"Animals were released without handling due to logistical time constraints. It was hunting season and there were people activly hunting in the immediate vacinity of the plot.",
"00dd29b3-968e-4d40-92e4-c7a03ce1cd94","8C87226DCBA64661BDE5FFCC6111FE51","ONAQ_017.mammalGrid.mam","D15","ONAQ","ONAQ_017","2014-10-21","2014-10-21",,"Animals were released without handling due to logistical time constraints. It was hunting season and there were people activly hunting in the immediate vacinity of the plot.",
"31486dab-5fa5-4cb4-b15e-206917c6db90","F007B3DA31274E1C824466126A0B768C","ONAQ_017.mammalGrid.mam","D15","ONAQ","ONAQ_017","2014-10-21","2014-10-21",,"Animals were released without handling due to logistical time constraints. It was hunting season and there were people activly hunting in the immediate vacinity of the plot.",
"9c9c18dc-2694-40e2-a6a4-36728625f42d","B40F403013A44867A1573C2642B8C6CB","ONAQ_017.mammalGrid.mam","D15","ONAQ","ONAQ_017","2014-10-21","2014-10-21",,"Animals were released without handling due to logistical time constraints. It was hunting season and there were people activly hunting in the immediate vacinity of the plot.",
"c8fab0f7-5c3d-4209-91ec-3b17bdf2fbff","7AC315EBF26F41FB847382546733AB19","ONAQ_017.mammalGrid.mam","D15","ONAQ","ONAQ_017","2014-10-21","2014-10-21",,"Animals were released without handling due to logistical time constraints. It was hunting season and there were people activly hunting in the immediate vacinity of the plot.",
"eb6e4dcb-aaff-4ea8-9bd5-ad0ba430d2cf","31C9747FFA484C12888343A89FDC8143","ONAQ_017.mammalGrid.mam","D15","ONAQ","ONAQ_017","2014-10-21","2014-10-21",,"Animals were released without handling due to logistical time constraints. It was hunting season and there were people activly hunting in the immediate vacinity of the plot.",
"ab78b18c-da08-4a39-8611-05cffc4a6684","B44B1AA1067243AD83FC81B57A73C3E9","ONAQ_017.mammalGrid.mam","D15","ONAQ","ONAQ_017","2014-10-21","2014-10-21",,"Animals were released without handling due to logistical time constraints. It was hunting season and there were people activly hunting in the immediate vacinity of the plot.",
"73f22e32-6c42-4c16-afeb-695f22d404ba","162A4C57FCB348CCBB65AB6CB9112CA8","ONAQ_017.mammalGrid.mam","D15","ONAQ","ONAQ_017","2014-10-21","2014-10-21",,"Animals were released without handling due to logistical time constraints. It was hunting season and there were people activly hunting in the immediate vacinity of the plot.",
"2aee9a03-1653-45bc-96fb-c846eb6ff17b","5F4267364C214EBEB5842E89F640E324","ONAQ_015.mammalGrid.mam","D15","ONAQ","ONAQ_015","2014-10-26","2014-10-26",,,
"ac4dc355-bbd2-413f-b795-8172b06b43c8","76998EC264034D95A641218D439772E9","ONAQ_014.mammalGrid.mam","D15","ONAQ","ONAQ_014","2014-10-26","2014-10-26",,,
"8c9abe1d-db65-4a11-98fb-6ae636323f7a","326194CDCF854A95A2303477E24C18F3","ONAQ_014.mammalGrid.mam","D15","ONAQ","ONAQ_014","2014-10-28","2014-10-28",,,
"47ee6776-39a6-4fb0-9b1b-44aec080d2b4","528886EF8D57451497310D2DADF893D4","ONAQ_015.mammalGrid.mam","D15","ONAQ","ONAQ_015","2014-10-28","2014-10-28",,,
"4eb7ffc4-3f0a-4eb1-9c6a-e9b334168bd6","8FE9241D3FEA4DD78BCAEFA87921927B","ONAQ_015.mammalGrid.mam","D15","ONAQ","ONAQ_015","2014-10-29","2014-10-29",,,
"590007f9-aa2e-4185-94c3-0a33dbffb594","F8705ECDE2114A5F803C57F524C977D2","ONAQ_021.mammalGrid.mam","D15","ONAQ","ONAQ_021","2014-10-29","2014-10-29",,,
"f7d31c36-4cf6-4dc0-bb79-4c6f9fa38649","3F5AB740C44F47CFBA372C3C2D37AAC1","ONAQ_014.mammalGrid.mam","D15","ONAQ","ONAQ_014","2014-10-29","2014-10-29",,"Captures only minimally processed due to logistical time constraints from very high capture rates for the day.",
"7854e97f-f548-4df1-aeaa-40529a1428e5","392E3620AE5B4268BA405437E7FD59E5","ONAQ_021.mammalGrid.mam","D15","ONAQ","ONAQ_021","2014-10-30","2014-10-30",,,
