uid,nightuid,namedLocation,domainID,siteID,plotID,collectDate,endDate,samplingProtocolVersion,remarks,dataQF
"69d4f058-0c1a-478a-9575-00ca22a78e8b","4d71f2d4-7f11-45d4-9182-6528dff4c147","SOAP_006.mammalGrid.mam","D17","SOAP","SOAP_006","2018-09-11","2018-09-11","NEON.DOC.000481vK",,
"54c515cd-e8b9-4600-8d9c-bee795d3d4dd","957cd9f3-d3af-49ab-b464-7c05260f96b5","SOAP_003.mammalGrid.mam","D17","SOAP","SOAP_003","2018-09-11","2018-09-11","NEON.DOC.000481vK",,
"7b4dd418-f788-425c-b913-0452efe56d39","811d4ab6-072d-4c8b-b3a4-e00cd4af1e39","SOAP_002.mammalGrid.mam","D17","SOAP","SOAP_002","2018-09-11","2018-09-11","NEON.DOC.000481vK",,
"cc89faa6-2468-4f0f-bd9b-ade212eec762","52bb8f9a-0195-43df-9833-4e0835247392","SOAP_002.mammalGrid.mam","D17","SOAP","SOAP_002","2018-09-12","2018-09-12","NEON.DOC.000481vK",,
"50a57cb4-5767-45da-a63e-c82aa20e8fb5","ab41f5a9-2df5-4164-9d88-a4c2323d4338","SOAP_003.mammalGrid.mam","D17","SOAP","SOAP_003","2018-09-12","2018-09-12","NEON.DOC.000481vK",,
"4ed24b0f-c0a4-4bf0-9a04-cc6938542a37","e2793c8d-12c1-4d2e-bd86-273856dbeea1","SOAP_012.mammalGrid.mam","D17","SOAP","SOAP_012","2018-09-12","2018-09-12","NEON.DOC.000481vK",,
"fe6d025d-f436-4f38-86ce-9ebe026c8947","56376175-20bd-4487-9c92-a026240348e2","SOAP_006.mammalGrid.mam","D17","SOAP","SOAP_006","2018-09-12","2018-09-12","NEON.DOC.000481vK",,
"7be299cb-be94-4a6f-a64f-fa7801d06b2a","e6120dbb-36e4-4248-8d7b-de7b8c436132","SOAP_002.mammalGrid.mam","D17","SOAP","SOAP_002","2018-09-13","2018-09-13","NEON.DOC.000481vK",,
"46cafb67-a1da-448e-8e32-4bc119385b0d","876e13ec-2486-46d1-b5d3-0083108d3773","SOAP_006.mammalGrid.mam","D17","SOAP","SOAP_006","2018-09-13","2018-09-13","NEON.DOC.000481vK",,
"34e532be-9afe-4da2-8d7d-3ad1a68c9c9a","440a95f0-c05b-4b2d-ba1a-e066062e022d","SOAP_003.mammalGrid.mam","D17","SOAP","SOAP_003","2018-09-13","2018-09-13","NEON.DOC.000481vK",,
