uid,nightuid,namedLocation,domainID,siteID,plotID,collectDate,endDate,samplingProtocolVersion,remarks,dataQF
"78f48f8e-c73d-4c58-b677-53f8211b790d","FAD88C3011D54FC48A062DF7B9130C0A","SCBI_035.mammalGrid.mam","D02","SCBI","SCBI_035","2014-10-14","2014-10-14",,,
"3ec3402e-ad69-46b7-9d08-86ac952176ab","922B53518679442285B420999FD8AF6D","SCBI_008.mammalGrid.mam","D02","SCBI","SCBI_008","2014-10-14","2014-10-14",,,
"bfb6d46b-22ec-4acc-a7c7-5f232e165208","664B9451C05643D4B49657C76827B099","SCBI_002.mammalGrid.mam","D02","SCBI","SCBI_002","2014-10-14","2014-10-14",,,
"33e291a0-4853-485c-af3b-16874789f606","B441332892F544FEBF0AE758628C5F89","SCBI_035.mammalGrid.mam","D02","SCBI","SCBI_035","2014-10-15","2014-10-15",,"No trapping/processing occurred on this morning as traps were not set the preceding night due to prolonged severe thunderstorms",
"a89bb283-e461-4d44-9e89-302c74baa5aa","77679DCC6CF5479587DABD297774BF3F","SCBI_008.mammalGrid.mam","D02","SCBI","SCBI_008","2014-10-15","2014-10-15",,"No trapping/processing occurred on this morning as traps were not set the preceding night due to prolonged severe thunderstorms",
"ac05d8a8-3e01-4aca-a3c1-892af4b3803c","9EDA667E47A341408D4B4B052078A885","SCBI_002.mammalGrid.mam","D02","SCBI","SCBI_002","2014-10-15","2014-10-15",,"No trapping/processing occurred on this morning as traps were not set the preceding night due to prolonged severe thunderstorms",
"e9bf13b5-b9c6-4a03-b20f-cd805c6c1a77","AD9787279CBB45C68759C23F103902CE","SCBI_002.mammalGrid.mam","D02","SCBI","SCBI_002","2014-10-16","2014-10-16",,,
"b4eac841-e30f-4415-8f3e-713396265477","B54E1D60C63A4D11A0B5B53DCB561DCA","SCBI_008.mammalGrid.mam","D02","SCBI","SCBI_008","2014-10-16","2014-10-16",,,
"5c47c6ad-94d0-426c-8e67-936e2310fa86","8A9D9A52E74E4D90BFAC271991F69384","SCBI_035.mammalGrid.mam","D02","SCBI","SCBI_035","2014-10-16","2014-10-16",,,
