uid,nightuid,namedLocation,domainID,siteID,plotID,collectDate,endDate,samplingProtocolVersion,remarks,dataQF
"4f62c99d-4b32-4fbd-ac42-04c75d3ac88c","9b5e9af8-8bc5-4b66-9855-33065e4466dd","BARR_036.mammalGrid.mam","D18","BARR","BARR_036","2017-07-17","2017-07-17","NEON.DOC.000481vH",,
"143709cf-ea9b-4cb1-8327-fd3d460d9a77","dc56ad63-9062-412d-8636-60558d518fb7","BARR_083.mammalGrid.mam","D18","BARR","BARR_083","2017-07-17","2017-07-17","NEON.DOC.000481vH",,
"4c074ded-46da-4241-aa5c-669a6c62b8b2","f6d3badc-03a7-4549-8870-c60482368fd5","BARR_030.mammalGrid.mam","D18","BARR","BARR_030","2017-07-17","2017-07-17","NEON.DOC.000481vH",,
"e5d70e07-adfe-466f-87b5-864e3ad48cac","f0ed31f8-de1a-4231-9dc5-9cfe3f7737ae","BARR_083.mammalGrid.mam","D18","BARR","BARR_083","2017-07-18","2017-07-18","NEON.DOC.000481vH",,
"11bd3700-79ab-4da8-8510-bc51df6b0580","d287b871-639e-4bad-9fab-ee51cd0565e0","BARR_030.mammalGrid.mam","D18","BARR","BARR_030","2017-07-18","2017-07-18","NEON.DOC.000481vH",,
"79f4a6b2-f051-433c-a4c2-b20ce9aac7f7","15d4eeb5-55aa-4518-b0c5-0cdd13019bd3","BARR_036.mammalGrid.mam","D18","BARR","BARR_036","2017-07-18","2017-07-18","NEON.DOC.000481vH",,
"fc6a9c52-7f5d-494e-9975-a7c08af69f62","1ae291ce-95fe-4e31-915c-d956209507cc","BARR_037.mammalGrid.mam","D18","BARR","BARR_037","2017-07-18","2017-07-18","NEON.DOC.000481vH",,
"28897957-06f9-49c9-bc59-d6f92210c34c","36dc6df4-e401-47b1-a662-cda1106d7dff","BARR_036.mammalGrid.mam","D18","BARR","BARR_036","2017-07-19","2017-07-19","NEON.DOC.000481vJ",,
"7f92534e-bd2c-4c7a-bff7-b4509ce6cfdc","35b2544e-9499-41d7-8638-f1a5bf0be3cd","BARR_030.mammalGrid.mam","D18","BARR","BARR_030","2017-07-19","2017-07-19","NEON.DOC.000481vJ",,
"053ff459-16a4-460b-8d46-535e26815cf8","7776ad60-e9fc-4077-9f8f-b1a8cf172403","BARR_044.mammalGrid.mam","D18","BARR","BARR_044","2017-07-19","2017-07-19","NEON.DOC.000481vG",,
"99e9d020-f47c-47fd-84db-0f5e6c7d5350","175131ae-8a8c-423f-800d-b72ce4ac2105","BARR_084.mammalGrid.mam","D18","BARR","BARR_084","2017-07-19","2017-07-19","NEON.DOC.000481vG","No captures",
"2935866c-8b3a-4859-82f9-be130cfe8fac","bbd2b5fc-4f37-44c4-b5e3-f771dbde34fe","BARR_083.mammalGrid.mam","D18","BARR","BARR_083","2017-07-19","2017-07-19","NEON.DOC.000481vJ","No Captures No Disturbances",
