uid,nightuid,namedLocation,domainID,siteID,plotID,collectDate,endDate,samplingProtocolVersion,remarks,dataQF
"9c45d8e6-4441-4614-9177-90353b8d7a00","E0990A172DB3483B9BBE03DC525C7295","BART_001.mammalGrid.mam","D01","BART","BART_001","2014-05-28","2014-05-28",,,
"bb28d476-8f80-4b3a-83d8-51bf158e139c","4D6D7F1A63D24D2EB55447CB4CF4D235","BART_015.mammalGrid.mam","D01","BART","BART_015","2014-05-28","2014-05-28",,,
"80a444e0-c1e5-45ee-a5c4-6e433ec57efe","A8B91DC4D3DF48E690CC5B0287E409A0","BART_007.mammalGrid.mam","D01","BART","BART_007","2014-05-28","2014-05-28",,,
"5f239ce1-0b13-4e37-b1a0-686a181b9f5c","D26FC247E61948068E1F16E1C2A0148C","BART_012.mammalGrid.mam","D01","BART","BART_012","2014-05-28","2014-05-28",,,
"ab250280-5c5e-41ee-889d-6365099e5a24","828E4DBF51FB4C70AF4619581DD606CA","BART_015.mammalGrid.mam","D01","BART","BART_015","2014-05-29","2014-05-29",,,
"7d38e47b-5c9f-4160-a775-100f34791120","66D5819A18A8416580B6AD1CF010D00E","BART_012.mammalGrid.mam","D01","BART","BART_012","2014-05-29","2014-05-29",,"Bear destroyed many traps in grid",
"b03693b9-5482-420b-a45f-b03b7742aee9","0E328736B17445748B7A18E03CF4C587","BART_001.mammalGrid.mam","D01","BART","BART_001","2014-05-29","2014-05-29",,,
"ec58dd60-4072-474f-a56f-00c4fb827dc2","0E44B84E37524E3E98BD7AF5D151D820","BART_007.mammalGrid.mam","D01","BART","BART_007","2014-05-29","2014-05-29",,,
"544c5aef-91f1-4b6d-8ed9-eb90fb667256","8E2A2F5609E94AD7AA80337F8070809C","BART_015.mammalGrid.mam","D01","BART","BART_015","2014-05-30","2014-05-30",,,
"87d16237-51d1-4ed8-8379-afc2ebdd0426","8828817745BF4EA2B37DBA0345D9D9CC","BART_007.mammalGrid.mam","D01","BART","BART_007","2014-05-30","2014-05-30",,,
"d9916f73-413e-4fb4-a360-0aaa7df62407","5A0A76D15F924C98994DDB506BA0CB0B","BART_015.mammalGrid.mam","D01","BART","BART_015","2014-05-30","2014-05-30",,,
"0a2c51d5-a1cc-4b9c-859e-467335eda0fd","572ACCCB5D114B768782CF7359730846","BART_015.mammalGrid.mam","D01","BART","BART_015","2014-05-30","2014-05-30",,,
"13df762e-5827-49f1-9903-34917b386aa9","14B0B93E14A94A4C82A6A4C46E507A82","BART_001.mammalGrid.mam","D01","BART","BART_001","2014-05-30","2014-05-30",,,
