uid,nightuid,namedLocation,domainID,siteID,plotID,collectDate,endDate,samplingProtocolVersion,remarks,dataQF
"7eda5293-71a1-4289-81fd-b0c6d14ee62f","079d405a-346b-4cb5-a4c1-7a11009df572","JERC_003.mammalGrid.mam","D03","JERC","JERC_003","2017-06-14","2017-06-14","NEON.DOC.000481vG",,
"1ff93870-9db4-46c2-9fcb-ebba2bd9c343","e514fef8-da96-4516-953c-312c5e59b908","JERC_005.mammalGrid.mam","D03","JERC","JERC_005","2017-06-14","2017-06-14","NEON.DOC.000481vG",,
"472c3e29-918d-4bde-99e6-f82dd81acd5b","b167c4fb-187e-4a9a-a929-9214ce48c6e5","JERC_009.mammalGrid.mam","D03","JERC","JERC_009","2017-06-14","2017-06-14","NEON.DOC.000481vG",,
"f7727af3-a299-4e99-8195-f902fcdd81cb","268bef10-85b0-4046-bf4c-d0f7356dfb69","JERC_019.mammalGrid.mam","D03","JERC","JERC_019","2017-06-14","2017-06-14","NEON.DOC.000481vG",,
"16a48088-5bac-4b8e-8c4e-62b4c3026269","8f75b1ee-26bc-4a31-9ba0-00cccf1cdf5c","JERC_005.mammalGrid.mam","D03","JERC","JERC_005","2017-06-15","2017-06-15","NEON.DOC.000481vG",,
"5be74713-1203-4d30-afd3-644443a0eec1","29d2f0a3-5c81-48f1-9d94-1ec432a3e6c4","JERC_003.mammalGrid.mam","D03","JERC","JERC_003","2017-06-15","2017-06-15",,,
"7eca34f3-5f94-4242-bb60-774edb742d03","097278db-08f1-4aa3-aad3-f659aa1d6a3e","JERC_002.mammalGrid.mam","D03","JERC","JERC_002","2017-06-15","2017-06-15",,,
"d101f608-dfa7-43b9-a930-471126b1f896","9152b039-08ac-448f-bf13-763071ef3504","JERC_009.mammalGrid.mam","D03","JERC","JERC_009","2017-06-15","2017-06-15","NEON.DOC.000481vG",,
"606f8ea8-bff0-4b2f-bdcf-14bb4e5e9c7f","35b48f3c-39d8-4822-a3cc-c66573f01e21","JERC_005.mammalGrid.mam","D03","JERC","JERC_005","2017-06-16","2017-06-16","NEON.DOC.000481vG",,
"79fd0fb7-0653-4726-be17-53918fcf4166","e15040e9-31a0-4245-9719-e75ba46b0137","JERC_009.mammalGrid.mam","D03","JERC","JERC_009","2017-06-16","2017-06-16","NEON.DOC.000481vG",,
"2bc47da5-c259-4ef6-ab58-9fed9935b3bf","ac0a4d9c-1ed8-4b36-9833-a22c2eb2328d","JERC_003.mammalGrid.mam","D03","JERC","JERC_003","2017-06-16","2017-06-16",,,
"fa48493d-0f96-48c6-934b-60d0a389b13f","7b332ef0-38ab-4b4d-890a-a27926ebf0f2","JERC_006.mammalGrid.mam","D03","JERC","JERC_006","2017-06-16","2017-06-16","NEON.DOC.000481vG",,
