uid,nightuid,namedLocation,domainID,siteID,plotID,collectDate,endDate,samplingProtocolVersion,remarks,dataQF
"b98e8cb9-03f2-4387-8cee-0f695d57e178","2F501CFE7BEF45C39F6FA6C67699E3F5","UKFS_018.mammalGrid.mam","D06","UKFS","UKFS_018","2016-05-02","2016-05-02","NEON.DOC.000481vG",,
"15857fb1-a545-4b31-84f7-84073f044b00","2A6FEE6B25D2405CAB3D31EC9D354F05","UKFS_007.mammalGrid.mam","D06","UKFS","UKFS_007","2016-05-02","2016-05-02","NEON.DOC.000481vG",,
"90221cdc-f866-4277-a45a-3022f28b9449","4882041041DD4BA1965DA47183C8FCD6","UKFS_003.mammalGrid.mam","D06","UKFS","UKFS_003","2016-05-02","2016-05-02","NEON.DOC.000481vG","Grid greater than 25 captures no ear or hair collected",
"58c5fb62-50fc-4240-9983-3d8decfc5f14","A97D419F260249ABA4E679AD91D54AA6","UKFS_004.mammalGrid.mam","D06","UKFS","UKFS_004","2016-05-04","2016-05-04","NEON.DOC.000481vG",,
"ed00f3c4-de3a-4adb-bbdf-ea2dd6b63b86","BD9BD3AB450C420AAA0A8C29A2D63E13","UKFS_010.mammalGrid.mam","D06","UKFS","UKFS_010","2016-05-04","2016-05-04","NEON.DOC.000481vG",,
"a49465d7-f68d-41e8-9ada-477a46226cde","DAB3FA7442EB48ADB8C9A4E593AB0463","UKFS_009.mammalGrid.mam","D06","UKFS","UKFS_009","2016-05-04","2016-05-04","NEON.DOC.000481vG",,
"87c6239d-131c-4fdd-8c98-c5a349f8db93","47311AA1A4224DFCA12DE0CEE12D1D58","UKFS_009.mammalGrid.mam","D06","UKFS","UKFS_009","2016-05-05","2016-05-05","NEON.DOC.000481vG",,
"ed45f075-a1c9-47df-bd5d-be364a5ba151","46BA9023CB634ABC826A216352AB8FDB","UKFS_010.mammalGrid.mam","D06","UKFS","UKFS_010","2016-05-05","2016-05-05","NEON.DOC.000481vG","Raccoon activity suspected as most traps were disturbed and displaced",
"ee31553a-efd2-4077-8e40-9ccca4380fa1","27ECC7B017DD4945982A737A0F4AC863","UKFS_004.mammalGrid.mam","D06","UKFS","UKFS_004","2016-05-05","2016-05-05","NEON.DOC.000481vG",,
"ca1d9855-b239-4b32-ad62-eeb45f762fca","34BA2EB8946D43B3AD528C24D84F4E4A","UKFS_010.mammalGrid.mam","D06","UKFS","UKFS_010","2016-05-06","2016-05-06","NEON.DOC.000481vG","Lots of raccoon activity/disturbance",
"7cfb116e-f866-45a4-a66c-14c7d88ba5c6","6603CE93F5C64866907501D4B66C76A6","UKFS_009.mammalGrid.mam","D06","UKFS","UKFS_009","2016-05-06","2016-05-06","NEON.DOC.000481vG",,
"12863d26-f233-4b02-9a32-9bd8fd38a5fd","467FA9F75C014DD3B590B26EBE5F46EF","UKFS_004.mammalGrid.mam","D06","UKFS","UKFS_004","2016-05-06","2016-05-06","NEON.DOC.000481vG",,
