uid,nightuid,namedLocation,domainID,siteID,plotID,collectDate,endDate,samplingProtocolVersion,remarks,dataQF
"8cab8372-3caf-4354-97c3-f5588a8374a9","62707124-ada6-4510-9b5d-e4855c5421c9","SRER_014.mammalGrid.mam","D14","SRER","SRER_014","2018-03-21","2018-03-21","NEON.DOC.000481vK",,
"2e5814a4-cb4e-4d73-92bb-9ab6d51437b5","64685b1e-d738-4f17-9f8e-8f1fd803edc4","SRER_012.mammalGrid.mam","D14","SRER","SRER_012","2018-03-21","2018-03-21","NEON.DOC.000481vK","Lines F and E were disturbed by some sort of animal and contained several traps that he been knocked over. line D had several traps set with the back door jammed open.",
"646b3ffa-1ce0-405c-91f7-420f54353625","bed423d8-e5ea-40d0-ac56-30e7065fda9e","SRER_008.mammalGrid.mam","D14","SRER","SRER_008","2018-03-22","2018-03-22","NEON.DOC.000481vK","Significant cow disturbance",
"48760526-863d-4656-943e-dd18ca8bee9a","49aebf41-ea11-41e2-82d0-a8c8de19165b","SRER_012.mammalGrid.mam","D14","SRER","SRER_012","2018-03-22","2018-03-22","NEON.DOC.000481vK",,
"1215486c-1363-4443-a6ae-6b749275f0ae","5c3ba9db-afbe-4aa5-9579-6803f8e016b8","SRER_012.mammalGrid.mam","D14","SRER","SRER_012","2018-03-23","2018-03-23","NEON.DOC.000481vK",,
"2b1007e8-268d-49bb-b950-7a38908cccf5","484e2b78-c655-41a5-b972-69669c356696","SRER_009.mammalGrid.mam","D14","SRER","SRER_009","2018-03-23","2018-03-23","NEON.DOC.000481vK",,
"dd2ab05e-5d04-490f-9b77-ba54a991220e","8b9b5161-a45c-4838-9796-005faee12e52","SRER_007.mammalGrid.mam","D14","SRER","SRER_007","2018-03-24","2018-03-24","NEON.DOC.000481vK",,
"d56eb4ea-7c3f-46c6-8494-a2ddd314a6b6","88be98e6-de91-4cbd-a27b-dfbba9c5e430","SRER_005.mammalGrid.mam","D14","SRER","SRER_005","2018-03-24","2018-03-24","NEON.DOC.000481vK",,
"fd5f67ad-f7fa-4b8c-a1a0-dd8eac69dc02","e001d2e8-31b2-4b0e-aa3d-bdbe1a7dcccf","SRER_007.mammalGrid.mam","D14","SRER","SRER_007","2018-03-25","2018-03-25","NEON.DOC.000481vK",,
"78d5f8a6-8c1a-4fa7-bb53-647cdedb34fe","06549dcf-f0e7-4a21-874e-4809ab513e77","SRER_005.mammalGrid.mam","D14","SRER","SRER_005","2018-03-25","2018-03-25","NEON.DOC.000481vK","1 traps not set because of ants",
"08ef8c49-38f3-4539-bad5-6e5386594c78","a75a5c01-0da1-4a5e-816c-18090880c5a7","SRER_005.mammalGrid.mam","D14","SRER","SRER_005","2018-03-26","2018-03-26","NEON.DOC.000481vK",,
"441e1ced-5774-4294-9967-8ef3f4b84984","f4677c9d-7ef2-4e8e-bce0-0e2bf79f50d7","SRER_007.mammalGrid.mam","D14","SRER","SRER_007","2018-03-26","2018-03-26","NEON.DOC.000481vK",,
