uid,nightuid,namedLocation,domainID,siteID,plotID,collectDate,endDate,samplingProtocolVersion,remarks,dataQF
"341d9b40-7015-4c6e-b01c-ad41843fa1fe","e3e3faf7-eeed-4e54-86b4-3d731a688683","LENO_002.mammalGrid.mam","D08","LENO","LENO_002","2018-06-19","2018-06-19","NEON.DOC.000481vK","Animal disturbance throughout plot. Affected traps noted.",
"fc8d323e-5038-4343-9c97-4bab103fabaa","46cafb20-9dc0-4b27-950e-c5865bf9c263","LENO_006.mammalGrid.mam","D08","LENO","LENO_006","2018-06-19","2018-06-19","NEON.DOC.000481vK","Animal disturbance throughout plot. Affected traps noted.",
"83d5c396-a092-4b9a-962f-c1fe6acda020","09e7c59e-1dad-442a-93cc-469d53521b14","LENO_031.mammalGrid.mam","D08","LENO","LENO_031","2018-06-19","2018-06-19","NEON.DOC.000481vK",,
"55248661-0530-4b2b-a268-6bb2cbd2cd7e","87d36568-4f6f-48eb-a158-8a39a3fe0747","LENO_008.mammalGrid.mam","D08","LENO","LENO_008","2018-06-19","2018-06-19","NEON.DOC.000481vK","Significant animal disturbance throughout plot. Flooding on South end of plot prevented setting of all traps",
"ff276703-beb2-46e4-82b9-8ba077e828dd","f2ca3230-f3f6-49f0-80ca-cd63bc254868","LENO_006.mammalGrid.mam","D08","LENO","LENO_006","2018-06-20","2018-06-20","NEON.DOC.000481vK","Animal disturbance along north edge of plot.",
"461d834f-35bd-4dbc-abb5-50753317ae6a","59327dd9-f931-4e3b-b909-dd35d9dab529","LENO_008.mammalGrid.mam","D08","LENO","LENO_008","2018-06-20","2018-06-20","NEON.DOC.000481vK","Heavy animal disturbance",
"6dd31d07-510e-4500-ad4a-3f3cfde2caab","eac09a76-c32d-4405-9a8a-ad8abd50bcf1","LENO_022.mammalGrid.mam","D08","LENO","LENO_022","2018-06-20","2018-06-20","NEON.DOC.000481vK","Flooding prevented trap setting in NE corner of plot.",
"b1507d09-24f7-4c72-a1d9-5934a7bfd0a5","06241b1d-78c1-4a57-b0fa-44ead257b5f1","LENO_002.mammalGrid.mam","D08","LENO","LENO_002","2018-06-20","2018-06-20","NEON.DOC.000481vK",,
"846c0908-6c6d-4f47-b3eb-e181393caf71","1f8c17f4-a257-4744-be6e-99a6d3759169","LENO_031.mammalGrid.mam","D08","LENO","LENO_031","2018-06-20","2018-06-20","NEON.DOC.000481vK","Plot heavily disturbed by animals",
"077b58ab-e979-42c9-85c6-03c2482a54e2","95641ae9-77a4-442d-88ce-1949520ad1e3","LENO_006.mammalGrid.mam","D08","LENO","LENO_006","2018-06-21","2018-06-21","NEON.DOC.000481vK","Significant animal disturbance",
"d7d81a6e-941a-4349-ad9f-b7efac7339fd","27c661fc-3417-42af-b773-2f49678fe2ea","LENO_031.mammalGrid.mam","D08","LENO","LENO_031","2018-06-21","2018-06-21","NEON.DOC.000481vK","Animal disturbance throughout plot. Affected traps noted.",
"2b72072c-64a4-4643-8414-7a01ba84d5d0","4f248d24-b5c5-439e-b250-66287dbb234a","LENO_002.mammalGrid.mam","D08","LENO","LENO_002","2018-06-21","2018-06-21","NEON.DOC.000481vK",,
"5409d779-6266-468f-8751-619e6e631707","1438f25d-5a5a-447c-906e-63ffd5cd6213","LENO_008.mammalGrid.mam","D08","LENO","LENO_008","2018-06-21","2018-06-21","NEON.DOC.000481vK","Plot heavily disturbed by animals all code 2's are hog disturbance",
"89e2310d-f431-4f06-b19c-0b8eecabf755","6511934b-540e-4500-b2ac-aca94cb73dbf","LENO_015.mammalGrid.mam","D08","LENO","LENO_015","2018-06-21","2018-06-21","NEON.DOC.000481vK",,
