uid,nightuid,namedLocation,domainID,siteID,plotID,collectDate,endDate,samplingProtocolVersion,remarks,dataQF
"97956877-2031-46ac-96a8-ccc0b9bfef31","35995d04-640a-4111-9ac2-4e9dff6f61c7","SRER_007.mammalGrid.mam","D14","SRER","SRER_007","2017-10-10","2017-10-10","NEON.DOC.000481vJ",,
"bf4d4e2e-f35b-4019-aae3-c43f4a5cd25e","071449dd-814d-4f2b-8081-a25648ff6b49","SRER_014.mammalGrid.mam","D14","SRER","SRER_014","2017-10-10","2017-10-10","NEON.DOC.000481vJ",,
"e0d7f643-4f1e-48c0-bdcf-dfab3dd87b0b","07230ba4-403b-4406-b4e8-299fd811e6d2","SRER_007.mammalGrid.mam","D14","SRER","SRER_007","2017-10-11","2017-10-11","NEON.DOC.000481vJ","Many traps with status 2 were knocked on their side. Assumption is that it was an animal",
"e83f30c4-06c0-4ced-88bc-098eded67353","902133bf-af03-4601-a0f2-bad4693848a5","SRER_008.mammalGrid.mam","D14","SRER","SRER_008","2017-10-11","2017-10-11","NEON.DOC.000481vJ",,
"0d5166b4-fd30-4088-8d05-ede081f050b2","7026c2af-8f3a-4b78-a9ba-cf6fc8dbaaa4","SRER_007.mammalGrid.mam","D14","SRER","SRER_007","2017-10-12","2017-10-12","NEON.DOC.000481vJ",,
"76fd51a3-f435-46f6-8579-a730143dffca","d681d480-b500-4f71-ad4e-632738c6feb5","SRER_009.mammalGrid.mam","D14","SRER","SRER_009","2017-10-12","2017-10-12","NEON.DOC.000481vJ",,
"cda33c46-ab48-471b-bc73-bc307e90d835","9b928b34-1a4d-4e17-a988-e2fa268a5004","SRER_012.mammalGrid.mam","D14","SRER","SRER_012","2017-10-13","2017-10-13","NEON.DOC.000481vG","Plot set in 70x70m grid due to high capture rates at SRER site",
"01f4af0d-fd3f-46de-bc3b-dc38cd1697fa","56db8b93-5ed2-4e82-984a-5128ecec9073","SRER_005.mammalGrid.mam","D14","SRER","SRER_005","2017-10-13","2017-10-13","NEON.DOC.000481vG","Plot set in 70x70m grid due to high capture rates at SRER site",
"dcf5d098-62d3-4456-b941-a58f26972b5f","33ac8748-6613-4d86-b74e-a7a798e41683","SRER_005.mammalGrid.mam","D14","SRER","SRER_005","2017-10-14","2017-10-14","NEON.DOC.000481vG","reduced 70x70 m grid set due high capture rates at SRER",
"45553583-0771-45be-b978-2f77f49960a5","3a502865-b4af-4f61-9f9d-c5c7526220cc","SRER_012.mammalGrid.mam","D14","SRER","SRER_012","2017-10-14","2017-10-14","NEON.DOC.000481vG","reduced 70x70 m grid set due high capture rates at SRER",
"d3119007-6adc-437a-86f3-20fdc7b31bee","e6a9ccd9-3373-4d58-814e-6ec8d70e84de","SRER_012.mammalGrid.mam","D14","SRER","SRER_012","2017-10-15","2017-10-15","NEON.DOC.000481vJ","Set a 7x7 grid due to high capture rates",
"6dcebc37-36bc-4ada-a1dc-2664703476ba","adde6ab6-5367-417a-8b32-486e57401e9f","SRER_005.mammalGrid.mam","D14","SRER","SRER_005","2017-10-15","2017-10-15","NEON.DOC.000481vJ","Set a 7x7 grid due to high capture rates",
