uid,nightuid,namedLocation,domainID,siteID,plotID,collectDate,endDate,samplingProtocolVersion,remarks,dataQF
"57e4ee7c-6576-49d6-9a4d-a2d226435994","bb1cab21-93de-4f79-8a58-9a1d6478428d","CLBJ_040.mammalGrid.mam","D11","CLBJ","CLBJ_040","2017-09-19","2017-09-19","NEON.DOC.000481vJ",,
"8599977e-d88e-43de-ac7c-e3af0f917836","659246a2-eb90-4c2f-b93c-5499d9aaff70","CLBJ_057.mammalGrid.mam","D11","CLBJ","CLBJ_057","2017-09-19","2017-09-19","NEON.DOC.000481vJ",,
"75fc306a-0cf1-496f-95de-7249e153e642","ecf8a89e-14c8-482a-acf6-32a5d009ea1a","CLBJ_033.mammalGrid.mam","D11","CLBJ","CLBJ_033","2017-09-19","2017-09-19","NEON.DOC.000481vJ",,
"9cf3ad3d-23d1-43dd-b36d-d065311529c3","a1b6f153-69bf-44dc-889a-2a8a5de8331a","CLBJ_041.mammalGrid.mam","D11","CLBJ","CLBJ_041","2017-09-19","2017-09-19","NEON.DOC.000481vJ",,
"0e450956-d08b-43e6-9dea-65f7459bafff","644b9116-88b9-4dd0-b8ce-82a9d9040f4d","CLBJ_041.mammalGrid.mam","D11","CLBJ","CLBJ_041","2017-09-20","2017-09-20","NEON.DOC.000481vJ",,
"58f44b0f-7b61-47d9-af13-655471106d59","bc9a0244-017c-4289-8a8e-281e2c899a65","CLBJ_042.mammalGrid.mam","D11","CLBJ","CLBJ_042","2017-09-20","2017-09-20","NEON.DOC.000481vJ",,
"ec9edd63-5035-47eb-a73f-ae76d7eb3652","cde736e5-e07c-4671-916c-f128fac3f695","CLBJ_033.mammalGrid.mam","D11","CLBJ","CLBJ_033","2017-09-20","2017-09-20","NEON.DOC.000481vJ",,
"84877ce6-8d9d-42c9-abe4-fd5979a34621","1fc989b9-1252-4f9a-91dd-7af95f44baa2","CLBJ_033.mammalGrid.mam","D11","CLBJ","CLBJ_033","2017-09-21","2017-09-21","NEON.DOC.000481vJ",,
"c6cf773a-c8bf-4131-8319-52037bcfa9cc","992551d3-dbc3-462c-b99c-f8cc8de2e63c","CLBJ_042.mammalGrid.mam","D11","CLBJ","CLBJ_042","2017-09-21","2017-09-21","NEON.DOC.000481vJ",,
"ab1c2452-e82d-47eb-880b-8eb73a4e98d4","2ff9511b-7b04-40af-bfc6-02b6c3f3bf5c","CLBJ_041.mammalGrid.mam","D11","CLBJ","CLBJ_041","2017-09-21","2017-09-21","NEON.DOC.000481vJ",,
"63ce1c7b-034f-49fb-8911-4cf1845fcb23","756e774e-3097-4da7-9947-84a9aca7f720","CLBJ_034.mammalGrid.mam","D11","CLBJ","CLBJ_034","2017-09-22","2017-09-22","NEON.DOC.000481vJ",,
"d5b81912-2e27-4df5-a511-90f593e1a441","d1915327-25b6-422f-bdb7-018701271d1b","CLBJ_037.mammalGrid.mam","D11","CLBJ","CLBJ_037","2017-09-22","2017-09-22","NEON.DOC.000481vJ",,
"37475938-c267-4037-a542-9b39a6cc1826","88e2e3ea-4e07-48cc-a42e-a597f5610e8c","CLBJ_039.mammalGrid.mam","D11","CLBJ","CLBJ_039","2017-09-22","2017-09-22","NEON.DOC.000481vJ",,
"449c297c-5132-4b8c-acf6-7cf73c6163a7","dc2718ca-64c5-418e-9775-fef743797af5","CLBJ_042.mammalGrid.mam","D11","CLBJ","CLBJ_042","2017-09-22","2017-09-22","NEON.DOC.000481vJ",,
