uid,nightuid,namedLocation,domainID,siteID,plotID,collectDate,endDate,samplingProtocolVersion,remarks,dataQF
"4f40e8c0-bb38-4d92-ae3c-25c8c3db015f","5B46E76ACE834026827FFFD98EECE615","JERC_005.mammalGrid.mam","D03","JERC","JERC_005","2016-08-02","2016-08-02","NEON.DOC.000481vH",,
"a57b8200-5878-4c9e-879e-0d7b5d4b7a7f","A2254AFC75B34C2EACDEAAC372E60231","JERC_009.mammalGrid.mam","D03","JERC","JERC_009","2016-08-02","2016-08-02","NEON.DOC.000481vH",,
"0c6de7bf-8feb-4e00-a1a1-18a1dee42e30","1A3AF275678B43E299F4EC2B164B7A4C","JERC_003.mammalGrid.mam","D03","JERC","JERC_003","2016-08-02","2016-08-02","NEON.DOC.000481vH",,
"4c07dff8-1595-48be-a3ed-ca721d4643d3","E2C8090CB163402D9E45D1CCA270599D","JERC_019.mammalGrid.mam","D03","JERC","JERC_019","2016-08-02","2016-08-02","NEON.DOC.000481vH",,
"98a78268-1ff6-4244-831f-486257367982","C678794B8DBC45C6A2F9D687EAFE3D6C","JERC_005.mammalGrid.mam","D03","JERC","JERC_005","2016-08-02","2016-08-02","NEON.DOC.000481vH",,
"0bacb25f-c7e0-4f09-bb54-26f86c109b70","DD68B1DC3AD24DCE90A1997A2ED3B910","JERC_009.mammalGrid.mam","D03","JERC","JERC_009","2016-08-03","2016-08-03","NEON.DOC.000481vH",,
"d5721ba7-b6eb-4286-9057-6c7f98d8d804","347AD071DFE045F989F079D8A81D547D","JERC_003.mammalGrid.mam","D03","JERC","JERC_003","2016-08-03","2016-08-03","NEON.DOC.000481vH",,
"7ff4e0cd-2b0b-4abf-a444-9541f1186d28","515C8D4EF7594337BF9BEDA8596ED9A9","JERC_006.mammalGrid.mam","D03","JERC","JERC_006","2016-08-03","2016-08-03","NEON.DOC.000481vH",,
"a3e6cf95-1b9a-438d-a809-0d860df89ede","41785954AAF54B988F1E37E3BD6B6874","JERC_005.mammalGrid.mam","D03","JERC","JERC_005","2016-08-03","2016-08-03","NEON.DOC.000481vH","Expedited sampling occurred due to high temperatures. Some data points not recorded as a result.",
"b7e7276d-0ed3-4213-bfca-8737bdb74b09","F6ED1002D5F340ECB9F996285B123271","JERC_005.mammalGrid.mam","D03","JERC","JERC_005","2016-08-04","2016-08-04","NEON.DOC.000481vH",,
"bd004575-8c3c-41b0-89f1-7089ae724e7e","B8105E9B5B434739BB317F15C0A30344","JERC_009.mammalGrid.mam","D03","JERC","JERC_009","2016-08-04","2016-08-04","NEON.DOC.000481vH","Large amount of captures, high priority measurements taken only",
"10675579-6d0a-45a4-9ffd-f93a81770f98","458DA593E0D74B2686EC4B8AFD958DBF","JERC_003.mammalGrid.mam","D03","JERC","JERC_003","2016-08-04","2016-08-04","NEON.DOC.000481vH",,
