uid,nightuid,namedLocation,domainID,siteID,plotID,collectDate,endDate,samplingProtocolVersion,remarks,dataQF
"011432e6-48b8-41ea-b325-e173f70c2343","A4C7B821FBD84DE48C1CCAEF31B60E11","ONAQ_003.mammalGrid.mam","D15","ONAQ","ONAQ_003","2015-09-13","2015-09-13",,,
"d02c821b-e34b-47e9-8bcd-aad6d88112bb","3DA251497661403FA8AD426488F901B5","ONAQ_023.mammalGrid.mam","D15","ONAQ","ONAQ_023","2015-09-13","2015-09-13",,,
"cc81496b-b2a8-4e46-8922-3424d7f15dbe","A659ACDF1BF74921BD6F44EA6145CB5A","ONAQ_019.mammalGrid.mam","D15","ONAQ","ONAQ_019","2015-09-13","2015-09-13",,,
"0935e6f7-f40c-4aa4-a5c1-b4d302075380","438ADA1AF08D4DB4841892AD293391F6","ONAQ_003.mammalGrid.mam","D15","ONAQ","ONAQ_003","2015-09-14","2015-09-14",,,
"7d9ae568-90cc-42e3-bbd4-326893807047","564E9749065E4EB68F5021DD989621C5","ONAQ_023.mammalGrid.mam","D15","ONAQ","ONAQ_023","2015-09-14","2015-09-14",,,
"af879d4d-72c3-4460-8951-08bc89564d4e","9B2E05A76F7B430F9D570AD8F2E90289","ONAQ_019.mammalGrid.mam","D15","ONAQ","ONAQ_019","2015-09-14","2015-09-14",,,
"a208f0af-75c0-45c2-a0b3-f571f16a0078","2744E44B26DB4A7485A878B68976EA99","ONAQ_019.mammalGrid.mam","D15","ONAQ","ONAQ_019","2015-09-21","2015-09-21",,,
"0892ac0e-53fe-43ce-8639-aa5c20f736a6","16FE8BCC1C44472DBBAA807684456CAC","ONAQ_023.mammalGrid.mam","D15","ONAQ","ONAQ_023","2015-09-21","2015-09-21",,,
"ab10537b-d1fe-4efd-ba62-613e7cc9da6a","55EA851FB2694A84B4F41BDAF9D20F69","ONAQ_003.mammalGrid.mam","D15","ONAQ","ONAQ_003","2015-09-21","2015-09-21",,,
"fc2ea06e-fec3-4128-b9af-ceb77ba51626","65A27A8C96B14AE789A032D49D0E9576","ONAQ_005.mammalGrid.mam","D15","ONAQ","ONAQ_005","2015-09-22","2015-09-22",,,
"3220ad5e-6d9b-4b02-ada0-559f0950358d","A6D5A27C77804A79AA17CF52BDE65010","ONAQ_004.mammalGrid.mam","D15","ONAQ","ONAQ_004","2015-09-22","2015-09-22",,,
"8f4db16c-fdc0-4e35-94d9-167ef6777a79","9020B3A17A0C4B1B9130589840E15AAD","ONAQ_020.mammalGrid.mam","D15","ONAQ","ONAQ_020","2015-09-22","2015-09-22",,,
