uid,nightuid,namedLocation,domainID,siteID,plotID,collectDate,endDate,samplingProtocolVersion,remarks,dataQF
"f7ad594c-8bfe-4260-accf-dc035b1cad79","df6303f9-c832-4810-918f-e157f452e04a","JORN_017.mammalGrid.mam","D14","JORN","JORN_017","2017-05-03","2017-05-03","NEON.DOC.000481vJ",,
"715c21da-5639-411d-abf5-5a5664f2a405","c32950c5-7163-490a-8fc3-a548d6bc7aeb","JORN_018.mammalGrid.mam","D14","JORN","JORN_018","2017-05-03","2017-05-03","NEON.DOC.000481vJ",,
"b0c0be43-3473-410b-aa70-54679b4cf1e2","c4078226-dae0-43b4-9634-1cdd9c2b8b24","JORN_018.mammalGrid.mam","D14","JORN","JORN_018","2017-05-04","2017-05-04","NEON.DOC.000481vJ",,
"e272c1db-44a9-4123-8f3f-a31a1cc99705","18672343-4c2a-4f9f-b093-50ac186bc7a1","JORN_017.mammalGrid.mam","D14","JORN","JORN_017","2017-05-04","2017-05-04","NEON.DOC.000481vJ",,
"fa1dc42b-7592-4cf8-8ada-b75a93f8c306","e177cb62-02f2-4780-929d-d598d18bd1e5","JORN_018.mammalGrid.mam","D14","JORN","JORN_018","2017-05-05","2017-05-05","NEON.DOC.000481vJ",,
"9bc64ae9-9e4e-4a9a-9568-e87f226d599e","5842f7c2-bc6d-43ab-be70-a30c40654465","JORN_017.mammalGrid.mam","D14","JORN","JORN_017","2017-05-05","2017-05-05","NEON.DOC.000481vJ",,
"fdc303cf-69d8-44ae-887f-eaa20a04801f","aa1e371e-c7c4-4093-8a8a-1292961d8879","JORN_007.mammalGrid.mam","D14","JORN","JORN_007","2017-05-06","2017-05-06","NEON.DOC.000481vJ",,
"fb88296c-1d79-4ed1-abb4-50ae012ec90a","eb493751-f893-46ff-9cca-831837ae55fc","JORN_001.mammalGrid.mam","D14","JORN","JORN_001","2017-05-06","2017-05-06","NEON.DOC.000481vJ","High level of trap disturbance from unknown animal across plot",
"fee78871-d95c-440c-8f9f-fa5c1d76f193","068f665f-5590-4e11-8e89-6724c94dd7de","JORN_011.mammalGrid.mam","D14","JORN","JORN_011","2017-05-07","2017-05-07","NEON.DOC.000481vJ",,
"2303b88e-a69c-4919-91cd-382e9204ca3b","6927fdc3-1594-42c6-a67c-c5d362c7fce1","JORN_001.mammalGrid.mam","D14","JORN","JORN_001","2017-05-07","2017-05-07","NEON.DOC.000481vJ","High level of trap disturbance from unknown animal across plot",
"77bcb5e4-eb21-4587-86a8-e60cc1867c4e","bf89f10f-09fc-490a-a09f-cc81cd79138a","JORN_031.mammalGrid.mam","D14","JORN","JORN_031","2017-05-08","2017-05-08","NEON.DOC.000481vJ",,
"df75e672-cb2c-4a43-9151-0b694d74a59b","ae37bd2b-4b6c-4c46-a266-013b8ed0f700","JORN_001.mammalGrid.mam","D14","JORN","JORN_001","2017-05-08","2017-05-08","NEON.DOC.000481vJ","High level of trap disturbance from unknown animal across plot",
"fd6c1aa6-106a-469c-ba4a-bfde83bd7c81","9ceaf3df-2a97-453d-9ab4-c556ef1028a6","JORN_018.mammalGrid.mam","D14","JORN","JORN_018","2017-05-31","2017-05-31","NEON.DOC.000481vJ","Many traps were filled with sand due to heavy rain which obstructed the closing mechanism",
