uid,nightuid,namedLocation,domainID,siteID,plotID,collectDate,endDate,samplingProtocolVersion,remarks,dataQF
"74d4736a-6fa3-4f8d-b7c1-82196c416542","41CD1AAE5D45436997F6CB720B9CF1B1","BART_007.mammalGrid.mam","D01","BART","BART_007","2014-07-01","2014-07-01",,,
"044a2ffd-015b-4a08-9585-a2ce44c79707","C298E46344344B3F93F5DEC4FBAC59FA","BART_015.mammalGrid.mam","D01","BART","BART_015","2014-07-01","2014-07-01",,,
"133a8d42-d299-4218-a9c3-d86aa66b6917","F0FC72EA8E3A4AA1876E37BECF608D70","BART_007.mammalGrid.mam","D01","BART","BART_007","2014-07-02","2014-07-02",,,
"a7cf2795-6170-4ccb-8f8c-88316791d483","B91E9ABD60234CFD88D219341250F6E9","BART_015.mammalGrid.mam","D01","BART","BART_015","2014-07-02","2014-07-02",,,
"5a3d7e8c-b745-4a4c-88dc-89350361b8ac","D02B22D166FD4E3A9AF8B8A0BFF5842F","BART_007.mammalGrid.mam","D01","BART","BART_007","2014-07-03","2014-07-03",,,
"98b17929-c4a2-46a6-9534-63035a3fdfd8","F1468003E4594CC7924C65727F70FB13","BART_015.mammalGrid.mam","D01","BART","BART_015","2014-07-03","2014-07-03",,,
