uid,nightuid,namedLocation,domainID,siteID,plotID,collectDate,endDate,samplingProtocolVersion,remarks,dataQF
"44990ce8-e99d-4b11-8cfb-a181f8fbeaf5","3c892188-aeb6-4713-9ba4-98eece8ac9a6","ORNL_039.mammalGrid.mam","D07","ORNL","ORNL_039","2018-06-12","2018-06-12","NEON.DOC.000481vK",,
"5aa61d2c-9404-42f9-b657-95c222ae5c83","3e3403ca-adf3-4d6a-93d4-7e4a2ad8527b","ORNL_003.mammalGrid.mam","D07","ORNL","ORNL_003","2018-06-12","2018-06-12","NEON.DOC.000481vK",,
"58bb0ffd-383f-4ca8-864c-b2a0a6bb8a3b","2b1a5a9d-96a1-4a2a-b387-dc9aa54e1d4c","ORNL_001.mammalGrid.mam","D07","ORNL","ORNL_001","2018-06-12","2018-06-12","NEON.DOC.000481vK",,
"bfed2177-1ffe-4ab9-8189-abe12f0269cc","04f380f2-9938-46b2-a8a3-201c9e8e22ea","ORNL_002.mammalGrid.mam","D07","ORNL","ORNL_002","2018-06-12","2018-06-12","NEON.DOC.000481vK",,
"2563056f-35f8-41c1-973e-d7e876f6b74a","92064a74-7b84-45da-909e-8baa1023f4d3","ORNL_001.mammalGrid.mam","D07","ORNL","ORNL_001","2018-06-13","2018-06-13","NEON.DOC.000481vK",,
"7d81e14c-8447-4ff4-82d5-1df57c89ca62","dc6ff072-59c4-4d2c-ba98-8d14bba56b79","ORNL_003.mammalGrid.mam","D07","ORNL","ORNL_003","2018-06-13","2018-06-13","NEON.DOC.000481vK",,
"f61c6dab-0b43-4615-a28a-f74802850021","b7111e8d-2b55-4d2f-808b-c69612dcdf18","ORNL_007.mammalGrid.mam","D07","ORNL","ORNL_007","2018-06-13","2018-06-13","NEON.DOC.000481vK",,
"11791de9-f9a3-4d9d-8cb8-92b7f96c3bd4","47f206a3-d37d-4c1c-97ce-2f290ef5ee68","ORNL_002.mammalGrid.mam","D07","ORNL","ORNL_002","2018-06-13","2018-06-13","NEON.DOC.000481vK",,
"f8c481e6-2f2f-4b92-865d-e97cc0496c13","c7569356-2936-4eb3-b750-8c43d6bdf091","ORNL_001.mammalGrid.mam","D07","ORNL","ORNL_001","2018-06-14","2018-06-14","NEON.DOC.000481vK",,
"eb0764e2-55fa-4b8f-b1b4-9d63ea602221","a41c7a0d-6c00-40f8-ae2a-51c152109a49","ORNL_002.mammalGrid.mam","D07","ORNL","ORNL_002","2018-06-14","2018-06-14","NEON.DOC.000481vK",,
"a9a11df8-db85-4fe8-92c9-f671a17937a7","0afc5078-b76a-4a79-9d88-4e9c43a6fa08","ORNL_003.mammalGrid.mam","D07","ORNL","ORNL_003","2018-06-14","2018-06-14","NEON.DOC.000481vK",,
"01e9ee7b-fa00-4649-bf0e-4d0406aa76c2","b0ebdb48-c909-4844-aee2-a016695be734","ORNL_027.mammalGrid.mam","D07","ORNL","ORNL_027","2018-06-14","2018-06-14","NEON.DOC.000481vK",,
