uid,nightuid,namedLocation,domainID,siteID,plotID,collectDate,endDate,samplingProtocolVersion,remarks,dataQF
"fa0df1ff-bfce-415b-a428-704b30f79b1e","8412d658-4128-40fc-b155-db84a18a8391","SRER_014.mammalGrid.mam","D14","SRER","SRER_014","2017-09-13","2017-09-13","NEON.DOC.000481vJ","Only set a 7x7 grid due to high capture rates",
"729b43d2-faf2-46ef-9085-51f27e81d425","aaa94bde-447e-41e8-bb80-707310402c1c","SRER_007.mammalGrid.mam","D14","SRER","SRER_007","2017-09-13","2017-09-13","NEON.DOC.000481vJ","Only set a 7x7 grid due to high capture rates",
"902be020-2a19-42cb-88b9-ab6c07471d4c","bc87591e-b464-4bde-aab5-b930d64c90e4","SRER_008.mammalGrid.mam","D14","SRER","SRER_008","2017-09-14","2017-09-14","NEON.DOC.000481vJ","Only set a 7x7 grid due to capture rates",
"2ebf0b27-8b29-4867-ac25-fa7bde3a8ad3","725d37ed-f08c-4683-a217-68f3ad74a2d4","SRER_007.mammalGrid.mam","D14","SRER","SRER_007","2017-09-14","2017-09-14","NEON.DOC.000481vJ","7x7 grid set purposefully due to high capture rates",
"bd0d1132-9a2c-4eee-8ab3-94467be3513d","2db229bb-a2a5-48e5-a890-ed2b088672b0","SRER_009.mammalGrid.mam","D14","SRER","SRER_009","2017-09-15","2017-09-15","NEON.DOC.000481vJ",,
"32f2e78b-e6ea-49bc-8d9f-75a4ad824389","8fcf420c-fc4c-4947-a383-ae0ac1456df5","SRER_007.mammalGrid.mam","D14","SRER","SRER_007","2017-09-15","2017-09-15","NEON.DOC.000481vJ","Set a 7x7 grid due to high capture rates",
"bae43794-3580-4640-85fd-e0edb57ba8a2","2eaf18d1-2638-4b31-89ff-344fe66ecaa1","SRER_005.mammalGrid.mam","D14","SRER","SRER_005","2017-09-16","2017-09-16","NEON.DOC.000481vJ","Set a 7x7 grid due to high capture rates",
"71eb18fd-8a72-4ae8-9749-53cd99dfeeba","0bbb4f91-ed07-4491-95ac-878b9e8b1455","SRER_012.mammalGrid.mam","D14","SRER","SRER_012","2017-09-16","2017-09-16","NEON.DOC.000481vJ","Set a 7x7 grid due to high capture rates",
"5d3e2c5e-330c-4648-a42f-53d60b2fecf3","d7958f62-e2ba-41cf-8ea4-fbc9d768be78","SRER_012.mammalGrid.mam","D14","SRER","SRER_012","2017-09-17","2017-09-17","NEON.DOC.000481vJ","Set a 7x7 grid due to high capture rates",
"76e9401e-dfee-4fb8-8f92-917514bf949a","dbed54c6-88d6-44f7-acdc-f700a648da67","SRER_005.mammalGrid.mam","D14","SRER","SRER_005","2017-09-18","2017-09-18","NEON.DOC.000481vJ",,
"c1fe4aed-eb0e-4095-9747-6dada154ac13","785b3a7c-740b-431c-99c8-bfbb31482663","SRER_012.mammalGrid.mam","D14","SRER","SRER_012","2017-09-18","2017-09-18","NEON.DOC.000481vJ",,
"8b79bfac-7331-45c2-b76b-619eb071a1b2","93ba0658-ca1d-4395-a00a-9d517158228f","SRER_005.mammalGrid.mam","D14","SRER","SRER_005","2017-09-19","2017-09-19","NEON.DOC.000481vJ",,
