uid,nightuid,namedLocation,domainID,siteID,plotID,collectDate,endDate,samplingProtocolVersion,remarks,dataQF
"07e0046f-7225-4311-a85c-d88f1d27297c","0FF01B9FE7F54CB992FA5DFC85065E5F","TREE_004.mammalGrid.mam","D05","TREE","TREE_004","2015-06-08","2015-06-08",,,
"4de1fa92-882b-4e0b-aea3-b1da8e9fd541","7AE282D6CA244883A130FDCED1CB6EAA","TREE_016.mammalGrid.mam","D05","TREE","TREE_016","2015-06-08","2015-06-08",,,
"7eed1aa4-582e-4a9a-9215-8efc6327ec07","F814014B9B8F46D088D01125C14056B7","TREE_019.mammalGrid.mam","D05","TREE","TREE_019","2015-06-08","2015-06-08",,,
"c9e5533f-88ab-4a8f-a34d-7135a758fe7f","3CC4EADE49ED4D198F0503AE61FE9C98","TREE_019.mammalGrid.mam","D05","TREE","TREE_019","2015-06-09","2015-06-09",,,
"0b8b06bb-4a2d-4fff-986f-7a22c092817a","EA2A60199517402ABB249478EE00FBFE","TREE_004.mammalGrid.mam","D05","TREE","TREE_004","2015-06-09","2015-06-09",,,
"82061070-6576-4d42-9317-25f715db883d","89A5329C773949F98A8815F6BD0487A1","TREE_016.mammalGrid.mam","D05","TREE","TREE_016","2015-06-09","2015-06-09",,,
"8b4ef90b-c513-49ec-a81f-5247ba391ab1","EA339479C64041B68FE288C4BD722797","TREE_016.mammalGrid.mam","D05","TREE","TREE_016","2015-06-10","2015-06-10",,,
"30740f11-3d7a-4c43-a7b5-37b9416dcf41","1F108CD7F63B4C1F87217CB2AE823C8D","TREE_019.mammalGrid.mam","D05","TREE","TREE_019","2015-06-10","2015-06-10",,,
"5cd6eafd-2a12-4514-ae19-c2344b4233f4","DC5D6882591141EA82AE5B5B30B4863A","TREE_004.mammalGrid.mam","D05","TREE","TREE_004","2015-06-10","2015-06-10",,"Was not set on the night of 6/9. When the trap setters arrived at the grid they found about 20 traps destroyed by a bear. In total 74 traps were destroyed",
"11241cd7-86b1-473a-82ef-61477ebf899f","60E196484E4B4231BAE6A07FFFAEC9CD","TREE_027.mammalGrid.mam","D05","TREE","TREE_027","2015-06-11","2015-06-11",,,
"d690af70-687b-4022-9592-48d1f2d5332b","5D7A4AFC74CC43A7BEBBE7271FC6C4F5","TREE_002.mammalGrid.mam","D05","TREE","TREE_002","2015-06-11","2015-06-11",,,
"e5a8aac6-57d5-4f78-a404-26258a096957","6D9FB902524D4953BF899928F676185E","TREE_028.mammalGrid.mam","D05","TREE","TREE_028","2015-06-11","2015-06-11",,,
