uid,nightuid,namedLocation,domainID,siteID,plotID,collectDate,endDate,samplingProtocolVersion,remarks,dataQF
"7d5c500e-2304-41fc-adef-9f3942ad2855","61C156D075E84D5BBEEA2843B29B0C4C","DSNY_009.mammalGrid.mam","D03","DSNY","DSNY_009","2015-10-14","2015-10-14",,"this plot was not set due to the overwhelmingly destroyed pasture road road destroyed by being submerged under flood water and previous trucks use",
"e70c9e9c-2c57-4d0a-95d7-486f540362f4","3DE1B34BAE404039AE11F0D3BAD2EBB1","DSNY_004.mammalGrid.mam","D03","DSNY","DSNY_004","2015-10-20","2015-10-20",,"traps with a code 1 were actually placed but termed 1 due to a difficulty closing the traps while checking in the morningthis difficulty closing is likely due to weather fluctuation human error or trap malfunction",
"4b53cab5-59c9-4410-97c7-43987e6e7f41","E003C5C02A2D4D85B090D8B61038AE8C","DSNY_001.mammalGrid.mam","D03","DSNY","DSNY_001","2015-10-20","2015-10-20",,"traps with a code 1 were actually placed but termed 1 due to a difficulty closing the traps while checking in the morningthis difficulty closing is likely due to weather fluctuation human error or trap malfunction",
"0a55e9c6-67c3-4486-bfda-e090976680b2","D9393B3AE22D4472B54672D0E8C4C4ED","DSNY_005.mammalGrid.mam","D03","DSNY","DSNY_005","2015-10-20","2015-10-20",,,
"5fa04a03-b2fc-433f-9d59-23fe7035bac7","DA10BE05626B4B75A0CDE71DD1719106","DSNY_001.mammalGrid.mam","D03","DSNY","DSNY_001","2015-10-21","2015-10-21",,"traps with a code 1 were actually placed but termed 1 due to a difficulty closing the traps while checking in the morning this difficulty closing is likely due to weather fluctuation human error or trap malfunction",
"59ef7c7d-e7a2-4494-8722-be9ae5e23ed2","534FD7DCCD644493850115997C993C54","DSNY_004.mammalGrid.mam","D03","DSNY","DSNY_004","2015-10-21","2015-10-21",,"traps with a code 1 were actually placed but termed 1 due to a difficulty closing the traps while checking in the morning this difficulty closing is likely due to weather fluctuation human error or trap malfunction",
"a33d5482-724b-4a05-9fcc-43280d71ce46","4146208610F349C7A2937378E12F2421","DSNY_005.mammalGrid.mam","D03","DSNY","DSNY_005","2015-10-21","2015-10-21",,,
"507b36f7-791b-4c16-a73b-9b1bc980a882","03AE0BAC14B34BA6931711AFD6694A81","DSNY_016.mammalGrid.mam","D03","DSNY","DSNY_016","2015-10-21","2015-10-21",,,
"4fb298fc-246d-484a-b107-16682f41e8a0","2EB835EBDB0945558F46AAA8F0D9F9CD","DSNY_001.mammalGrid.mam","D03","DSNY","DSNY_001","2015-10-22","2015-10-22",,,
"a72e6964-bc26-4efe-9053-1b2181c50b77","056C764372674465B24F2F8CCFE66C62","DSNY_004.mammalGrid.mam","D03","DSNY","DSNY_004","2015-10-22","2015-10-22",,,
"fcd8ffa9-1de9-4293-bf71-d52236466955","54A5B6DBCB4D48CE99AA01366BC4750C","DSNY_005.mammalGrid.mam","D03","DSNY","DSNY_005","2015-10-22","2015-10-22",,,
