uid,nightuid,namedLocation,domainID,siteID,plotID,collectDate,endDate,samplingProtocolVersion,remarks,dataQF
"b1ae9ef0-2e6d-4d2e-bba8-6228e474cf59","8eada471-4519-441a-8eab-955dddb171c0","BONA_014.mammalGrid.mam","D19","BONA","BONA_014","2017-06-27","2017-06-27","NEON.DOC.000481vJ",,
"ca7f1367-2b9d-43ab-840f-253a89d6fb7b","faeb1fba-7b9b-4a94-be86-d5341ea3e805","BONA_004.mammalGrid.mam","D19","BONA","BONA_004","2017-06-27","2017-06-27","NEON.DOC.000481vJ",,
"01f25794-fb15-462c-bf3c-c91334f53d45","b68ac8b8-3c33-4799-9df2-b6722f2ace1b","BONA_094.mammalGrid.mam","D19","BONA","BONA_094","2017-06-27","2017-06-27","NEON.DOC.000481vJ",,
"084bd495-807b-4965-bfd1-80b3d56a773d","bff34313-924e-4504-a5f6-6c342457533e","BONA_014.mammalGrid.mam","D19","BONA","BONA_014","2017-06-28","2017-06-28","NEON.DOC.000481vJ",,
"cc7f7db7-73ac-44a7-a585-e3a192900bbc","533510af-911a-4b16-94f0-2d0ce3e59ab6","BONA_094.mammalGrid.mam","D19","BONA","BONA_094","2017-06-28","2017-06-28","NEON.DOC.000481vJ","Rain",
"8bf84473-f2cd-4014-9a39-51b2cc5113a7","44191d40-6ef8-47fa-b35b-72be5ceb42cb","BONA_004.mammalGrid.mam","D19","BONA","BONA_004","2017-06-28","2017-06-28","NEON.DOC.000481vJ",,
"09d9ef78-ee49-4a68-a565-e93a441bfa44","d38b30de-72f9-42af-a093-8638fd166055","BONA_020.mammalGrid.mam","D19","BONA","BONA_020","2017-06-28","2017-06-28","NEON.DOC.000481vJ",,
"017c579a-35b8-4f3f-a8b5-e886e420656f","65060090-3c02-4920-bee2-3891168a8078","BONA_094.mammalGrid.mam","D19","BONA","BONA_094","2017-06-29","2017-06-29","NEON.DOC.000481vJ",,
"d230d103-d8bf-4c5f-8790-35166ddc4b60","236133c0-7e7d-491c-bcdd-ddea343876c3","BONA_004.mammalGrid.mam","D19","BONA","BONA_004","2017-06-29","2017-06-29","NEON.DOC.000481vJ",,
"18e37682-1f88-4275-abfa-8f0aed1fc8fa","90f785dc-d355-4afe-8b03-78c931c0f1a9","BONA_014.mammalGrid.mam","D19","BONA","BONA_014","2017-06-29","2017-06-29","NEON.DOC.000481vJ",,
