uid,nightuid,namedLocation,domainID,siteID,plotID,collectDate,endDate,samplingProtocolVersion,remarks,dataQF
"78897592-1d18-4aed-898f-91eca4295baa","00521AB52CB84F7FBF2B7B77632A5D3D","TREE_004.mammalGrid.mam","D05","TREE","TREE_004","2016-09-21","2016-09-21","NEON.DOC.000481vH",,
"ef356dc6-3567-4e9c-a8f2-29a2ca6d7785","105A26F95F7A4CDE91A123D450647574","TREE_027.mammalGrid.mam","D05","TREE","TREE_027","2016-09-21","2016-09-21","NEON.DOC.000481vH",,
"a73bded4-b945-40b6-b945-f4f2fd1710eb","A792CB60BED44C1EA816FD35AFFF0E43","TREE_002.mammalGrid.mam","D05","TREE","TREE_002","2016-09-21","2016-09-21","NEON.DOC.000481vH",,
"8cfa3b96-9342-492a-bd1c-76ca8a6666f7","4777EEB5538F497F8ED2BB16EC5BEC7D","TREE_019.mammalGrid.mam","D05","TREE","TREE_019","2016-09-22","2016-09-22","NEON.DOC.000481vH","Grid not set due to storms",
"e26a39cf-886e-4dfd-b89b-73307017ec94","33D24ACD5EE044B0BF1C3255B08B96AB","TREE_028.mammalGrid.mam","D05","TREE","TREE_028","2016-09-22","2016-09-22","NEON.DOC.000481vH",,
"118b2e79-b272-40ec-abfa-2e150a8a8ce1","D216141AAF35449695769AF1BA01D833","TREE_016.mammalGrid.mam","D05","TREE","TREE_016","2016-09-22","2016-09-22","NEON.DOC.000481vH","Grid not set due to storms",
"68bbb975-427e-44a6-8ce1-8618aae8f8b3","703EC5E30C204F9C9A14F920FC2C98AD","TREE_019.mammalGrid.mam","D05","TREE","TREE_019","2016-09-23","2016-09-23","NEON.DOC.000481vH",,
"72192b75-dc94-453a-b1c7-367898cd72de","D76666ED12C441329DC183C898D5C99C","TREE_028.mammalGrid.mam","D05","TREE","TREE_028","2016-09-23","2016-09-23","NEON.DOC.000481vH","No bait used for this grid.",
"377ac717-e6c4-4a61-9d29-83cc0746381d","8FB8731C1B814EEBA9197C083D3BE357","TREE_016.mammalGrid.mam","D05","TREE","TREE_016","2016-09-23","2016-09-23","NEON.DOC.000481vH",,
"4e6d82a5-de51-4e4e-a277-ff28c799e68e","E5BA4095570D430CBCFCEAC55A5F79A7","TREE_019.mammalGrid.mam","D05","TREE","TREE_019","2016-09-24","2016-09-24","NEON.DOC.000481vH","Limited processing performed due to time constraint.",
"9bbd7f79-d83f-473b-9acd-512be479a5ae","69951A69D9844270AF8D7C645252C9C5","TREE_028.mammalGrid.mam","D05","TREE","TREE_028","2016-09-24","2016-09-24","NEON.DOC.000481vH","Limited processing",
"97a430e3-ca67-46c1-a7e5-c3cc68e4078f","D426A79F71C54DB3A77F6C0C2DE57063","TREE_016.mammalGrid.mam","D05","TREE","TREE_016","2016-09-24","2016-09-24","NEON.DOC.000481vH","Limited processing on entire grid except for R2007 and R3976.",
