uid,nightuid,namedLocation,domainID,siteID,plotID,collectDate,endDate,samplingProtocolVersion,remarks,dataQF
"da7a51af-df97-4182-836f-bbefd59861d9","c4d0bc62-5788-4f42-a0c3-4a07700e9d73","LENO_006.mammalGrid.mam","D08","LENO","LENO_006","2018-07-17","2018-07-17","NEON.DOC.000481vK",,
"80f77c60-631b-43c1-aa2f-885d3c548d3c","75022e8c-d596-4e6a-924a-5c56621cbbc2","LENO_002.mammalGrid.mam","D08","LENO","LENO_002","2018-07-17","2018-07-17","NEON.DOC.000481vK",,
"a70140e0-13e4-4f5a-88a4-fc224da9ce45","e6640de3-ac99-4da0-b7bb-40514750d6cd","LENO_008.mammalGrid.mam","D08","LENO","LENO_008","2018-07-17","2018-07-17","NEON.DOC.000481vK","Animal disturbance at all status 2 traps except A4; B1; B9; C4; and D1.",
"a1c2ee6f-a12d-48a8-8f0a-8ba34d7eb0fb","27e931aa-61f1-40e4-89a9-7646fbebc47d","LENO_031.mammalGrid.mam","D08","LENO","LENO_031","2018-07-17","2018-07-17","NEON.DOC.000481vK",,
"c421a1c3-3c13-4585-b3b1-a31cd59b8ebc","02d00639-d92d-446f-b5a0-9a45f681d1e9","LENO_015.mammalGrid.mam","D08","LENO","LENO_015","2018-07-18","2018-07-18","NEON.DOC.000481vK","Significant animal disturbance across plot. Traps moved and kicked over.",
"2c22bb0a-17bc-4159-88f6-63fbe689c845","7fb3a3f7-7b71-4bc3-acaa-874dfe0328dd","LENO_031.mammalGrid.mam","D08","LENO","LENO_031","2018-07-18","2018-07-18","NEON.DOC.000481vK","Animal disturbance at all status 2 traps except A3; A6; C6; and D9.",
"5caf93ef-55c7-4b52-b4ff-51e620664298","db97fed8-468e-4e1a-b951-59573db2f67f","LENO_002.mammalGrid.mam","D08","LENO","LENO_002","2018-07-18","2018-07-18","NEON.DOC.000481vK",,
"b9d1649e-b8c3-433f-9a74-8e4979505797","f40e1539-5524-43cb-8f2e-6875fd886249","LENO_022.mammalGrid.mam","D08","LENO","LENO_022","2018-07-18","2018-07-18","NEON.DOC.000481vK","Animal disturbance in plot closed and turned over many traps.",
"24b29731-6697-4a91-849f-1a95e5e253fa","cb9fd6f0-cb43-4d90-b557-1bd936df3786","LENO_002.mammalGrid.mam","D08","LENO","LENO_002","2018-07-19","2018-07-19","NEON.DOC.000481vK","Traps not set due to high fire ant presence",
