uid,nightuid,namedLocation,domainID,siteID,plotID,collectDate,endDate,samplingProtocolVersion,remarks,dataQF
"4e0fde2e-95e4-4356-8f54-78bedd18b6c3","0d38c1e2-ad05-4614-89fd-7553440e8777","CPER_015.mammalGrid.mam","D10","CPER","CPER_015","2018-06-05","2018-06-05","NEON.DOC.000481vK",,
"721cd525-2b1e-4c3e-8ac4-cad526e8602d","6fc348ec-ca38-4a95-a3fe-f400c4f0fd65","CPER_004.mammalGrid.mam","D10","CPER","CPER_004","2018-06-05","2018-06-05","NEON.DOC.000481vK",,
"be479fbc-4ef1-43b8-b449-c67830afa4c9","ac8dd4cd-54c6-4218-8eda-14b26ff9302e","CPER_011.mammalGrid.mam","D10","CPER","CPER_011","2018-06-05","2018-06-05","NEON.DOC.000481vK","Heavy cow disturbance; present while setting",
"d40be00b-6c6f-4c7d-904a-5dd49a18f34c","29eaf826-9c20-4ae4-b6a2-2ef1c8b84877","CPER_005.mammalGrid.mam","D10","CPER","CPER_005","2018-06-05","2018-06-05","NEON.DOC.000481vK",,
"bdefad6f-4bf7-468b-b2a6-35af036852f7","538c8db5-072a-488c-bc95-6da4700ccf4f","CPER_005.mammalGrid.mam","D10","CPER","CPER_005","2018-06-06","2018-06-06","NEON.DOC.000481vK",,
"aa1a1419-9c1a-46cb-ab11-80c347d2fd02","2979530f-0c2d-4034-9b14-83dc5a569c93","CPER_015.mammalGrid.mam","D10","CPER","CPER_015","2018-06-06","2018-06-06","NEON.DOC.000481vK",,
"e0922177-cad9-4db1-8c42-83c6bb9302d7","f7cb60d8-cb65-40af-a6c2-d781b7999772","CPER_002.mammalGrid.mam","D10","CPER","CPER_002","2018-06-06","2018-06-06","NEON.DOC.000481vK",,
"d2de1688-fde7-4565-b4de-2887f5bafedf","3cb2641d-e2bd-44b2-a294-bc7cc05482fc","CPER_011.mammalGrid.mam","D10","CPER","CPER_011","2018-06-06","2018-06-06","NEON.DOC.000481vK","Heavy cow disturbance",
"87d5a4a1-a887-4c7c-be49-41957d41322e","ced8c9d9-7c62-429f-8916-64bb6accb754","CPER_008.mammalGrid.mam","D10","CPER","CPER_008","2018-06-06","2018-06-06","NEON.DOC.000481vK",,
"e5e149dc-d054-4fae-a79d-a12970b6e612","6782f889-bade-44b2-bf8e-5131a39ac302","CPER_005.mammalGrid.mam","D10","CPER","CPER_005","2018-06-07","2018-06-07","NEON.DOC.000481vK",,
"134175b4-8cb0-41fe-b1f7-585025246922","712f8a97-a722-4839-82dd-9108e679870f","CPER_015.mammalGrid.mam","D10","CPER","CPER_015","2018-06-07","2018-06-07","NEON.DOC.000481vK",,
"8e830050-2674-4757-bf0e-5c4bb0d2cf66","18008fc9-5dce-4c66-94df-7de13e3718fa","CPER_006.mammalGrid.mam","D10","CPER","CPER_006","2018-06-07","2018-06-07","NEON.DOC.000481vK",,
"976e95b4-b219-49c8-9dc0-4691ebf9c93b","95d62a59-ca52-49c4-8d8e-91503bb3769c","CPER_011.mammalGrid.mam","D10","CPER","CPER_011","2018-06-07","2018-06-07","NEON.DOC.000481vK","Heavy cow disturbance",
"0ffe5606-5d1f-4a30-a3c8-70d0df0e61fa","a8a3742c-27be-453c-9db1-fc499d286a17","CPER_009.mammalGrid.mam","D10","CPER","CPER_009","2018-06-07","2018-06-07","NEON.DOC.000481vK",,
