uid,nightuid,namedLocation,domainID,siteID,plotID,collectDate,endDate,samplingProtocolVersion,remarks,dataQF
"f2b549a2-969a-4169-9b37-49de276a1cf6","3758febb-f4b1-4014-af25-57e733e16442","KONA_003.mammalGrid.mam","D06","KONA","KONA_003","2017-10-09","2017-10-09","NEON.DOC.000481vJ",,
"7617364d-66bd-4127-ae39-c303d8058678","10eae2f7-865c-4189-a297-7929d9519b79","KONA_004.mammalGrid.mam","D06","KONA","KONA_004","2017-10-09","2017-10-09","NEON.DOC.000481vJ",,
"653f0367-a488-4aab-a3c8-cf29aaf118d9","6b060576-937f-4244-926b-24fb50e7b5ad","KONA_006.mammalGrid.mam","D06","KONA","KONA_006","2017-10-09","2017-10-09","NEON.DOC.000481vJ",,
"f0c5a510-41e3-4766-a2ed-a648977cfb3c","94eb9f19-166c-4a03-b978-b7b4af48168b","KONA_016.mammalGrid.mam","D06","KONA","KONA_016","2017-10-12","2017-10-12","NEON.DOC.000481vJ",,
"7201011d-6d14-4cfb-8f3f-35cf650cc6cd","589cf522-5489-4019-8309-39f0d13aadcc","KONA_001.mammalGrid.mam","D06","KONA","KONA_001","2017-10-12","2017-10-12","NEON.DOC.000481vJ","Soybean field is now harvested",
"a1cfcc41-7edf-42d8-9e02-bd5648325b02","7bfd397f-d355-4409-bc5e-2cd738322415","KONA_013.mammalGrid.mam","D06","KONA","KONA_013","2017-10-12","2017-10-12","NEON.DOC.000481vJ",,
"e9dd8ee9-28c0-40f7-bb75-fe54cdac7a7c","76789bb9-9a4f-41f4-ac44-a0b7bc9af18a","KONA_013.mammalGrid.mam","D06","KONA","KONA_013","2017-10-13","2017-10-13","NEON.DOC.000481vJ",,
"2105e34d-db43-4b77-ad7e-3f43b4af67d0","625c235a-0fa2-4047-afca-9849378f80e5","KONA_016.mammalGrid.mam","D06","KONA","KONA_016","2017-10-13","2017-10-13","NEON.DOC.000481vJ",,
"d75280fb-4364-4b22-b3c2-94e639190146","3dcc946d-d409-48ca-b253-e9dca463bab9","KONA_001.mammalGrid.mam","D06","KONA","KONA_001","2017-10-13","2017-10-13","NEON.DOC.000481vJ",,
