uid,nightuid,namedLocation,domainID,siteID,plotID,collectDate,endDate,samplingProtocolVersion,remarks,dataQF
"30c13f20-4dbc-4e35-9d89-e83b342a4d52","09ddafbe-9ede-4019-91e2-053971d4d5de","GRSM_015.mammalGrid.mam","D07","GRSM","GRSM_015","2017-05-02","2017-05-02","NEON.DOC.000481vG",,
"8f538157-c124-479c-b268-54620310b0f6","e47916c5-dda6-4b2f-8ed4-0f103117ecaf","GRSM_033.mammalGrid.mam","D07","GRSM","GRSM_033","2017-05-02","2017-05-02","NEON.DOC.000481vG",,
"95793b1a-df03-493a-b2c4-c818e07a11fa","ce8b312b-b452-436c-bb10-c2af1d9cbacf","GRSM_013.mammalGrid.mam","D07","GRSM","GRSM_013","2017-05-02","2017-05-02","NEON.DOC.000481vG",,
"ef0efd89-146f-426b-adb8-ebb778e9bac1","3a8601b5-7774-49be-96d6-d74e4d6eb8d2","GRSM_003.mammalGrid.mam","D07","GRSM","GRSM_003","2017-05-03","2017-05-03","NEON.DOC.000481vJ","Plot burned in earlier wildfire",
"2a35422e-b3a0-4fdd-8b76-70d3e135e1e7","19284b22-258f-4c88-bdee-1c4cfdb79dd7","GRSM_020.mammalGrid.mam","D07","GRSM","GRSM_020","2017-05-03","2017-05-03","NEON.DOC.000481vG",,
"5b0ad5e2-4361-4c96-a87e-9c6cace8dc9c","26b78cd3-c27f-43d2-b0d9-7740dc0bb328","GRSM_014.mammalGrid.mam","D07","GRSM","GRSM_014","2017-05-03","2017-05-03","NEON.DOC.000481vG",,
"6b66d692-fe80-465a-8a0c-19c8c900f984","3865369a-cecc-46e8-9ce3-2d717f3fe2f8","GRSM_014.mammalGrid.mam","D07","GRSM","GRSM_014","2017-05-04","2017-05-04","NEON.DOC.000481vJ",,
"46118d17-424d-444c-a493-22e8c040f170","3eabd658-5608-462d-b282-a2ad77fbfa9c","GRSM_020.mammalGrid.mam","D07","GRSM","GRSM_020","2017-05-04","2017-05-04","NEON.DOC.000481vJ",,
"27a70a8b-ca0d-4e38-9e2a-8dfa8cc6dd7a","22932bb4-2cf3-49f9-b532-e47899ab1b87","GRSM_003.mammalGrid.mam","D07","GRSM","GRSM_003","2017-05-04","2017-05-04","NEON.DOC.000481vJ","Plot in post wilfire",
