uid,nightuid,namedLocation,domainID,siteID,plotID,collectDate,endDate,samplingProtocolVersion,remarks,dataQF
"89c40af0-7339-4837-ba60-952a278b711b","E2ABFEADCBB74B129E6DDC559AB57D48","DSNY_009.mammalGrid.mam","D03","DSNY","DSNY_009","2014-05-06","2014-05-06",,"no captures",
"ff3da61a-60a3-40c7-acfe-fc10c05e30f5","8D40FBB2105A43C8AFB37F92629262DF","DSNY_004.mammalGrid.mam","D03","DSNY","DSNY_004","2014-05-06","2014-05-06",,"traps not set",
"4b193334-5d05-412c-88a6-08f804f6d25a","34CF02671785481BBAAC0F6FFFA114DB","DSNY_005.mammalGrid.mam","D03","DSNY","DSNY_005","2014-05-06","2014-05-06",,,
"04a3a293-ef63-4f2c-9c84-5c1394653775","4F04201C596A4F4C83090E8E76B5874D","DSNY_016.mammalGrid.mam","D03","DSNY","DSNY_016","2014-05-06","2014-05-06",,"no captures",
"e95e129c-5d22-424b-a292-d5637e4541b1","77E67992DDA34C9E83EAFDA5C7072000","DSNY_004.mammalGrid.mam","D03","DSNY","DSNY_004","2014-05-06","2014-05-06",,,
"b09fb4bc-b1a2-4bd2-ba20-6cfb5c887c69","BB0FBA692D9D41608BB4FD72BF00102D","DSNY_005.mammalGrid.mam","D03","DSNY","DSNY_005","2014-05-07","2014-05-07",,"no captures",
"e82dce11-ffeb-459c-b2a9-1394da1886a0","243C28011C594E7BB4887441EE2BCD3E","DSNY_016.mammalGrid.mam","D03","DSNY","DSNY_016","2014-05-07","2014-05-07",,,
"1969ad4e-ae53-4910-ba94-44e4210330e9","34A3C9420B0B45BA95A2A5358A6CBA6B","DSNY_004.mammalGrid.mam","D03","DSNY","DSNY_004","2014-05-07","2014-05-07",,,
"66ad45b6-e09b-49f3-aac9-e48ee06a20d8","6DE8C371BFD04C2B8995C77BF73D701D","DSNY_009.mammalGrid.mam","D03","DSNY","DSNY_009","2014-05-08","2014-05-08",,,
"a71a6d61-a6ac-472f-81cd-7be160f3d09e","CBAA35BB0A874B718424D4122D1C7CBE","DSNY_005.mammalGrid.mam","D03","DSNY","DSNY_005","2014-05-08","2014-05-08",,,
"f8f11ef2-b247-4cc1-bf7f-a302f0ef96f8","4D6161F9243546F0A6B47C63BFA47CBB","DSNY_016.mammalGrid.mam","D03","DSNY","DSNY_016","2014-05-08","2014-05-08",,,
"70fcd722-dcfb-4fef-99d2-c298316b5903","76F8381702D1441A8607979F6282E981","DSNY_004.mammalGrid.mam","D03","DSNY","DSNY_004","2014-05-08","2014-05-08",,,
"70a54446-9d72-47c8-9051-8788a25c3a7b","4C974D403A46427E8507FE61E9884D71","DSNY_009.mammalGrid.mam","D03","DSNY","DSNY_009","2014-05-09","2014-05-09",,,
