uid,nightuid,namedLocation,domainID,siteID,plotID,collectDate,endDate,samplingProtocolVersion,remarks,dataQF
"712ff4cc-0e8f-4a4d-b109-22217e9ccb86","56f4fa2e-fe37-4163-954f-9dd30dfa9bae","TALL_010.mammalGrid.mam","D08","TALL","TALL_010","2018-06-12","2018-06-12","NEON.DOC.000481vK",,
"bca87d4f-913e-4900-9fe9-4b88e1098931","72e49041-93ed-4e96-a716-81763abd1d7a","TALL_024.mammalGrid.mam","D08","TALL","TALL_024","2018-06-12","2018-06-12","NEON.DOC.000481vK",,
"a1343ea3-12e4-4b4e-8e1f-e47822e079d7","f4737474-e76c-48ad-8f52-54f79bacb27a","TALL_012.mammalGrid.mam","D08","TALL","TALL_012","2018-06-12","2018-06-12","NEON.DOC.000481vK",,
"0aefdf6e-70ac-4989-8a80-faa4ff19f5c1","53aca575-ff2e-4ec4-a30f-90a7ed14993e","TALL_015.mammalGrid.mam","D08","TALL","TALL_015","2018-06-12","2018-06-12","NEON.DOC.000481vK",,
"59a3dc39-5d92-4b77-bd6d-21d8fb3a3e22","4472e47b-9dab-49e9-bd23-fdc54c9ee6ff","TALL_012.mammalGrid.mam","D08","TALL","TALL_012","2018-06-13","2018-06-13","NEON.DOC.000481vK",,
"fdeef710-c762-45eb-bddc-17a4b022fc85","2fa9e754-6b2a-424e-97b1-e7c77132f671","TALL_015.mammalGrid.mam","D08","TALL","TALL_015","2018-06-13","2018-06-13","NEON.DOC.000481vK",,
"b2e19bcb-7fda-4065-8480-6ed6bef6c89e","7b12a821-91d0-4037-8ba5-f97c7592fcf7","TALL_010.mammalGrid.mam","D08","TALL","TALL_010","2018-06-13","2018-06-13","NEON.DOC.000481vK",,
"411d67fc-cc59-4192-9c23-d503371d540f","028c0b4e-9ecb-44b7-961b-672acc5db614","TALL_024.mammalGrid.mam","D08","TALL","TALL_024","2018-06-13","2018-06-13","NEON.DOC.000481vK",,
"0375bc69-e0c2-4b5c-8f4b-1baea3b9551e","1e92034c-afed-43e9-8b90-368b650711ed","TALL_015.mammalGrid.mam","D08","TALL","TALL_015","2018-06-14","2018-06-14","NEON.DOC.000481vK",,
"6ed309df-185a-4560-9125-f1e95cbd9999","7060382c-cc38-4a8d-8c51-ed9cf598e676","TALL_012.mammalGrid.mam","D08","TALL","TALL_012","2018-06-14","2018-06-14","NEON.DOC.000481vK",,
"640a1158-13f6-495d-b3f5-9ae0ecede7e1","49d705a9-4811-45d4-85ea-074a27a95481","TALL_024.mammalGrid.mam","D08","TALL","TALL_024","2018-06-14","2018-06-14","NEON.DOC.000481vK",,
"262b3eac-b6c6-43c5-a7ef-885b5e548504","dd3afb71-34f9-4ead-a60d-9c7e2d119c72","TALL_010.mammalGrid.mam","D08","TALL","TALL_010","2018-06-14","2018-06-14","NEON.DOC.000481vK",,
"07aa8491-f573-4698-84ea-2de281f56a64","1e30f325-9eb9-4c15-97df-6de6e4ab1296","TALL_005.mammalGrid.mam","D08","TALL","TALL_005","2018-06-15","2018-06-15","NEON.DOC.000481vK",,
"0ad5c349-3c72-40d4-bb84-3971b29c3ab1","a31dd130-6e7d-4521-b901-b8d04dea716f","TALL_006.mammalGrid.mam","D08","TALL","TALL_006","2018-06-15","2018-06-15","NEON.DOC.000481vK",,
"f8e0a392-5a07-44a0-96cb-38f07096f439","099023a7-64ca-4e30-9c3a-4947c0d4ce8a","TALL_031.mammalGrid.mam","D08","TALL","TALL_031","2018-06-15","2018-06-15","NEON.DOC.000481vK",,
"e2ff8e08-b059-4148-8452-29318a0d417b","dc951124-0943-4425-bbe9-1498405c0933","TALL_013.mammalGrid.mam","D08","TALL","TALL_013","2018-06-15","2018-06-15","NEON.DOC.000481vK",,
