uid,nightuid,namedLocation,domainID,siteID,plotID,collectDate,endDate,samplingProtocolVersion,remarks,dataQF
"3c08fbce-7dce-4beb-a3f1-a692434888b5","9441c74c-d6c0-487a-991b-7b1d138c0dba","SRER_007.mammalGrid.mam","D14","SRER","SRER_007","2017-06-13","2017-06-13","NEON.DOC.000481vJ","Only set a 7 x 7 (49 traps) grid due to high capture rates.",
"124c3506-fedf-471f-a2f9-277757669df7","80a05924-b2a5-49f1-805e-161fb42480c5","SRER_014.mammalGrid.mam","D14","SRER","SRER_014","2017-06-13","2017-06-13","NEON.DOC.000481vJ","Only set a 7x7 grid due to high capture rates",
"98962e93-8a63-4057-ad47-deb8b4023431","9dd6c889-a07b-46ef-8122-81096a5355f5","SRER_007.mammalGrid.mam","D14","SRER","SRER_007","2017-06-14","2017-06-14","NEON.DOC.000481vJ","49 traps set on a 7 x 7 grid (A1-A7 - G1-G7)",
"f08ff950-218a-4221-a83e-21e92e015a6b","615e8162-0176-482b-8d88-a129c09068b4","SRER_008.mammalGrid.mam","D14","SRER","SRER_008","2017-06-14","2017-06-14","NEON.DOC.000481vJ","Only set a 7x7 grid due to high capture rates",
"453ab06f-f236-4ee0-a5a6-24aee311d538","4f33bdce-b983-4e44-8deb-c1d7d8ce7b57","SRER_007.mammalGrid.mam","D14","SRER","SRER_007","2017-06-15","2017-06-15","NEON.DOC.000481vJ","7x7 grid set due to high capture rates",
"5b968f15-2b5f-4db1-a255-9978a41026ce","3b28136c-b142-45e3-8d39-ce51f49ea39b","SRER_009.mammalGrid.mam","D14","SRER","SRER_009","2017-06-15","2017-06-15","NEON.DOC.000481vJ","Only set a 7x7 grid due to high capture rates",
"a4ff5fe5-7a2f-4891-b995-f706aeeda256","3df96326-76c4-410a-bc5e-91c29056e52a","SRER_012.mammalGrid.mam","D14","SRER","SRER_012","2017-06-16","2017-06-16","NEON.DOC.000481vJ","Purposefully set a 7x7 grid due to high capture rates",
"da683e81-67ad-4b80-bdfb-65ed003e4e76","8ba5bc5c-30d5-4883-9266-1c08ee38066a","SRER_005.mammalGrid.mam","D14","SRER","SRER_005","2017-06-16","2017-06-16","NEON.DOC.000481vJ","Purposefully set a 7x7 grid due to high capture rates",
"7eab3bde-a7d0-4e68-99e5-84bd756c8be4","eb4a97b4-9401-48f1-b7a6-32e3cd8d8ab7","SRER_012.mammalGrid.mam","D14","SRER","SRER_012","2017-06-17","2017-06-17","NEON.DOC.000481vJ","Only set a 7x7 grid due to high capture rates",
"3f5a960e-7ae9-49d9-a3c7-1b0c60659bf7","281e973d-82fc-4680-b02d-5c3c1ecebf9b","SRER_005.mammalGrid.mam","D14","SRER","SRER_005","2017-06-17","2017-06-17","NEON.DOC.000481vJ","Only set a 7x7 grid due to high capture rates",
"d5568691-0b92-47fb-b20d-6f3ae9267f68","775aa730-5cb6-4bdb-adf5-72c94f0ac6fa","SRER_012.mammalGrid.mam","D14","SRER","SRER_012","2017-06-18","2017-06-18","NEON.DOC.000481vJ","Set 7 by 7 grid due to high capture rates",
"c4655de8-d00a-4c1d-8497-4c44eaddbdc2","80e690ad-3980-4987-915c-f7a444642595","SRER_005.mammalGrid.mam","D14","SRER","SRER_005","2017-06-18","2017-06-18","NEON.DOC.000481vJ","Purposefully set a 7x7 grid due to high capture rates",
