uid,nightuid,namedLocation,domainID,siteID,plotID,collectDate,endDate,samplingProtocolVersion,remarks,dataQF
"85bfada9-b1a0-4bcd-8932-762c6999c49f","8BE0FAB954954210A07BAB69327816FE","KONZ_029.mammalGrid.mam","D06","KONZ","KONZ_029","2016-04-11","2016-04-11","NEON.DOC.000481vG",,
"0a3582b6-3ea6-470d-bcda-4f2f5f398bdb","E440DB84CDFD4BEB9FD95734632B38A1","KONZ_008.mammalGrid.mam","D06","KONZ","KONZ_008","2016-04-13","2016-04-13","NEON.DOC.000481vG",,
"4c6c769d-6d76-45c9-bbd4-086140188c2a","4075B3303EE5470C9D639D1E58F17286","KONZ_001.mammalGrid.mam","D06","KONZ","KONZ_001","2016-04-13","2016-04-13","NEON.DOC.000481vG",,
"df84f44c-f477-43da-83da-6f422aacf2b5","CC2F28B25DA342608D8B8E1ECF64888E","KONZ_008.mammalGrid.mam","D06","KONZ","KONZ_008","2016-04-14","2016-04-14","NEON.DOC.000481vG",,
"cccf41c3-4243-4c1e-8dd4-88f9c3d4a04a","118FB6B4F77F4ACD864A48A6545D26BD","KONZ_001.mammalGrid.mam","D06","KONZ","KONZ_001","2016-04-14","2016-04-14","NEON.DOC.000481vG",,
"4fcffcc4-2f68-4d0d-bf8a-b98927138388","1B2BD8E48937422184B14DB9FD2E8D19","KONZ_001.mammalGrid.mam","D06","KONZ","KONZ_001","2016-04-15","2016-04-15","NEON.DOC.000481vG",,
"b1c232d9-c016-412e-a020-6da6202a75b3","5269E10772BD44D4B1E58F0712D6F224","KONZ_008.mammalGrid.mam","D06","KONZ","KONZ_008","2016-04-15","2016-04-15","NEON.DOC.000481vG",,
