uid,nightuid,namedLocation,domainID,siteID,plotID,collectDate,endDate,samplingProtocolVersion,remarks,dataQF
"ac10df9f-72d1-4854-935b-92b6d9ec3f76","f03ff97e-afae-4f06-b32a-e14c63331cda","ABBY_002.mammalGrid.mam","D16","ABBY","ABBY_002","2018-09-05","2018-09-05","NEON.DOC.000481vK","100 traps set",
"0fcfe2c9-1417-47c9-9dd9-9e3e7546ec5a","99aca7fd-018a-48ce-b5e7-6e69f0d3a557","ABBY_010.mammalGrid.mam","D16","ABBY","ABBY_010","2018-09-05","2018-09-05","NEON.DOC.000481vK","100 traps set",
"894106ff-ecba-4560-a8a8-cf337367d4d3","ae1fe6fd-9e77-4053-af8c-441eedc1cbd9","ABBY_004.mammalGrid.mam","D16","ABBY","ABBY_004","2018-09-05","2018-09-05","NEON.DOC.000481vK","100 traps set",
"487530cb-056a-44c5-8037-e58dca6d74ae","f32b37ea-a820-4a93-b0a8-901bb856f49c","ABBY_004.mammalGrid.mam","D16","ABBY","ABBY_004","2018-09-06","2018-09-06","NEON.DOC.000481vK","100 traps set",
"e37257d2-12c7-4a7a-b1da-ca66c54f1da8","596f12c3-2608-4c1b-b968-017511625d99","ABBY_004.mammalGrid.mam","D16","ABBY","ABBY_004","2018-09-07","2018-09-07","NEON.DOC.000481vK","100 traps set",
