uid,nightuid,namedLocation,domainID,siteID,plotID,collectDate,endDate,samplingProtocolVersion,remarks,dataQF
"0bbe53df-193a-48d8-9ebb-ef443175e4f7","90A644AC03344DF4818604DC696E34AD","OSBS_002.mammalGrid.mam","D03","OSBS","OSBS_002","2013-07-09","2013-07-09",,"2013 updated to 2014 protocol format.",
"040664f4-b72b-4e30-aa11-8d277ddd2867","AA1AD779FA0C4D21B4419E48BBAD532A","OSBS_004.mammalGrid.mam","D03","OSBS","OSBS_004","2013-07-09","2013-07-09",,"2013 updated to 2014 protocol format",
"846a01f7-fbf9-4d33-9255-0feb2af3fe55","2E705498E75542999FAD2B0DE6A6A4BD","OSBS_004.mammalGrid.mam","D03","OSBS","OSBS_004","2013-07-10","2013-07-10",,"2013 updated to 2014 data format",
"b696a4d1-c9c3-4a58-b5b9-113e70276bec","9048F82F3C1E476FA1A97372B9C33D14","OSBS_002.mammalGrid.mam","D03","OSBS","OSBS_002","2013-07-10","2013-07-10",,"2031 updated to 2014 protocol format",
"0a688967-0d1d-4b2a-a4f0-474832d264e5","F83D1835008843BA95AF3A822C9F186B","OSBS_004.mammalGrid.mam","D03","OSBS","OSBS_004","2013-07-11","2013-07-11",,"2013 updated to 2014 data format",
"8400361f-d031-4d4e-837e-0c29bd97e608","650735740F6B4FE198A48FE2C8C7339C","OSBS_002.mammalGrid.mam","D03","OSBS","OSBS_002","2013-07-11","2013-07-11",,"2013 updated to 2014 protocol/ data format",
"e9c2b985-1c53-4244-a4c3-4cc3fe22a25a","39F0ED29FE6144B090DD81835B94BBDB","OSBS_023.mammalGrid.mam","D03","OSBS","OSBS_023","2013-07-12","2013-07-12",,"2013 updated to 2014 data format",
"77d74285-5b3e-466d-bbff-d9c89293c1c4","174FB95C8A9D493F9F3AC582F24AB8EA","OSBS_023.mammalGrid.mam","D03","OSBS","OSBS_023","2013-07-13","2013-07-13",,"2013 updated to 2014 data format",
"b82dee0b-b9a1-42e6-aa1a-22ebbeb0ad70","8AEF59795AC34326BA0BE05FD94BA717","OSBS_012.mammalGrid.mam","D03","OSBS","OSBS_012","2013-07-13","2013-07-13",,"2013 updated to 2014 format. no captures",
"1719a5a9-dc34-4c79-964e-a455c7491ebf","36E952266C2C4A7B852A1661E02116DD","OSBS_012.mammalGrid.mam","D03","OSBS","OSBS_012","2013-07-14","2013-07-14",,,
"160d2b11-5287-401c-9f73-8a5a68b357df","47BF3F6FE41A4999AA437DA593606180","OSBS_023.mammalGrid.mam","D03","OSBS","OSBS_023","2013-07-14","2013-07-14",,"pulled due to storm",
