uid,nightuid,namedLocation,domainID,siteID,plotID,collectDate,endDate,samplingProtocolVersion,remarks,dataQF
"1f892045-723c-44be-a20c-d4d0985e3cbf","4A8D0E622AB74C79A881B2E03E22BC87","BART_001.mammalGrid.mam","D01","BART","BART_001","2014-06-28","2014-06-28",,,
"ef4ed156-27ac-4de6-81c0-a86209e1c2e0","92E735F53AB74EAFBABB79C53C9304E7","BART_012.mammalGrid.mam","D01","BART","BART_012","2014-06-28","2014-06-28",,,
"bc40b175-fffd-4200-beee-e65132a3f9b9","3A20629AE9AB4794A324E67A0551501C","BART_062.mammalGrid.mam","D01","BART","BART_062","2014-06-28","2014-06-28","NEON.DOC.000481vD",,
"ab03bbc2-cda4-4c37-8a0e-b3e3e7cdc12b","C5A2F5A380D244C18FC53B462B8C86D5","BART_012.mammalGrid.mam","D01","BART","BART_012","2014-06-28","2014-06-28",,,
"b6d52b73-5283-4cae-8918-349a7d0d22fd","0669FA7B45884BA4B589CE1988E9A91D","BART_012.mammalGrid.mam","D01","BART","BART_012","2014-06-28","2014-06-28",,,
"9aa9df1b-b866-4008-99a3-73abbead9f71","D36F1B6D76E540C19BC41BC83B3416E8","BART_001.mammalGrid.mam","D01","BART","BART_001","2014-06-29","2014-06-29",,,
"ec30cdb2-9456-45fd-99b4-12303fa4e6f9","E59ACCF41F62444A94E41B5AF3DF75F7","BART_062.mammalGrid.mam","D01","BART","BART_062","2014-06-29","2014-06-29","NEON.DOC.000481vD",,
"7091fa70-3eae-46bf-b453-4ce3dd145fab","59A1B1308AA649F18CA982168D92947E","BART_012.mammalGrid.mam","D01","BART","BART_012","2014-06-29","2014-06-29",,,
"57c9ab47-081c-4405-bc0d-4a7766f749c1","4A5EB00BD956496D9EE7DFC002F90FC5","BART_012.mammalGrid.mam","D01","BART","BART_012","2014-06-29","2014-06-29",,,
"dfe63b0b-6f6d-46e0-b33a-652b2393cec7","CDE6848DCA96467A8602C51DCEDCCCF0","BART_012.mammalGrid.mam","D01","BART","BART_012","2014-06-30","2014-06-30",,"Many measurements not taken due to time constraints.",
"79eca7c3-ad79-4974-bf6b-3990b963e4eb","0C488E6F187E467DAC3BACB7574D5FE3","BART_012.mammalGrid.mam","D01","BART","BART_012","2014-06-30","2014-06-30",,,
"234cc985-e797-46ce-90c9-0cdfa28b1b65","2A9DDBAD8B704FA7A2F8D734E5A06E4F","BART_062.mammalGrid.mam","D01","BART","BART_062","2014-06-30","2014-06-30","NEON.DOC.000481vD",,
"eb4f704f-7bc8-467d-b60c-3dc81b1b79e8","2BA40415925E491980F4223A6827DDBB","BART_001.mammalGrid.mam","D01","BART","BART_001","2014-06-30","2014-06-30",,,
