uid,nightuid,namedLocation,domainID,siteID,plotID,collectDate,endDate,samplingProtocolVersion,remarks,dataQF
"d3f2c706-b5c2-46c7-88a4-c9410bfa1f2c","133AF3C4F95348CCA3B383AD21BB408E","TALL_010.mammalGrid.mam","D08","TALL","TALL_010","2016-07-06","2016-07-06","NEON.DOC.000481vH",,
"d2badd9d-070c-4dd8-bd3b-f378204efdc7","A4092B8DEAD54D12B496C4D8D8A1BC40","TALL_015.mammalGrid.mam","D08","TALL","TALL_015","2016-07-06","2016-07-06","NEON.DOC.000481vH",,
"c365de4f-841d-4a6b-8211-0a0248245d6a","A1B6AFF1B2DC4F1493F912E37AB03B0F","TALL_012.mammalGrid.mam","D08","TALL","TALL_012","2016-07-06","2016-07-06","NEON.DOC.000481vH",,
"a9e13b97-5e8d-45bf-930c-f3675f738dfa","651D6C35DF3444E7AF16573FBC3A7DBC","TALL_024.mammalGrid.mam","D08","TALL","TALL_024","2016-07-06","2016-07-06","NEON.DOC.000481vH",,
"d70e42d7-67d0-46ad-aa66-730ee5423ecc","A02F9ECB3C224F6FBB6693A62FD6B569","TALL_006.mammalGrid.mam","D08","TALL","TALL_006","2016-07-07","2016-07-07","NEON.DOC.000481vH",,
"ba4f059f-fab2-4ad4-b95f-6354e6125fa9","E78E0EEF84E5469D9F872DD19337A7A8","TALL_024.mammalGrid.mam","D08","TALL","TALL_024","2016-07-07","2016-07-07","NEON.DOC.000481vH",,
"c084c2ff-6625-4090-bff6-8d07b45583cb","BCBF519BC42F4F9DAB68D9E3AB9D6E6A","TALL_010.mammalGrid.mam","D08","TALL","TALL_010","2016-07-07","2016-07-07","NEON.DOC.000481vH",,
"439f539e-51d7-4a44-b9fd-45cb6fe0b82c","A6A18255C2EB49E2A613C37A4034FC23","TALL_015.mammalGrid.mam","D08","TALL","TALL_015","2016-07-07","2016-07-07","NEON.DOC.000481vH",,
"995ef4ae-4788-4bce-88de-6c01e39e5600","FC132ABFFA904D2AA526357B7838A2B4","TALL_012.mammalGrid.mam","D08","TALL","TALL_012","2016-07-07","2016-07-07","NEON.DOC.000481vH",,
"a41bcbb3-f340-4f71-9e99-b7efd7db178c","329562CE7B7F47A581D71C31AB56DBC5","TALL_013.mammalGrid.mam","D08","TALL","TALL_013","2016-07-07","2016-07-07","NEON.DOC.000481vH",,
"da9c6671-62f7-443d-9669-9aae1f0cf09f","737B10FB101A43F383C3925DCAC7DA2E","TALL_012.mammalGrid.mam","D08","TALL","TALL_012","2016-07-08","2016-07-08","NEON.DOC.000481vH",,
"c9b7ef75-5af5-4c05-9a86-6e8902d4a582","B264D21D621A4A3CAAB8000E15807E24","TALL_005.mammalGrid.mam","D08","TALL","TALL_005","2016-07-08","2016-07-08","NEON.DOC.000481vH",,
"99f12df9-99da-458c-b62a-78dd6a4fb716","1AF11BF365E84582BBEB428A8DA50B23","TALL_015.mammalGrid.mam","D08","TALL","TALL_015","2016-07-08","2016-07-08","NEON.DOC.000481vH",,
"5b58356a-7622-4dd6-a268-035debc87a6b","9B82C324053C451F904CA1038E5E05F6","TALL_031.mammalGrid.mam","D08","TALL","TALL_031","2016-07-08","2016-07-08","NEON.DOC.000481vH",,
"73b9e97c-551b-4462-870a-1f01c572421e","C7DE7B6CA687496F9924E8004EA83135","TALL_024.mammalGrid.mam","D08","TALL","TALL_024","2016-07-08","2016-07-08","NEON.DOC.000481vH",,
"d8bf469b-9659-4d3e-af71-b63e9eb88cad","38636791A0AA4F2DB13EFC64906D43EE","TALL_010.mammalGrid.mam","D08","TALL","TALL_010","2016-07-08","2016-07-08","NEON.DOC.000481vH",,
