uid,nightuid,namedLocation,domainID,siteID,plotID,collectDate,endDate,samplingProtocolVersion,remarks,dataQF
"9b07f43e-26d6-414f-b8be-58e77c19afaf","706AE0AC03664E568C032874690D723C","SERC_015.mammalGrid.mam","D02","SERC","SERC_015","2016-09-07","2016-09-07","NEON.DOC.000481vH",,
"073c1dbd-5587-4d90-8811-db80447edc0e","EED1A147283642DE8C5F368A482AA6BA","SERC_008.mammalGrid.mam","D02","SERC","SERC_008","2016-09-07","2016-09-07","NEON.DOC.000481vH","Soybeans were greater than 1m tall so flags were difficult to locate; temps between 75 and 95 degrees F",
"f1dd89dd-6c33-4875-b16c-56dbeada2844","2C2F0BAD363E4EEEBBC82C8CCC61F96F","SERC_007.mammalGrid.mam","D02","SERC","SERC_007","2016-09-07","2016-09-07","NEON.DOC.000481vH","Soybean height varied between less than and greater than 1m; difficult to locate flags; temps ranged between 75 and 95 degrees F",
"21151d4d-5da6-403f-b14f-bb0659ba22d4","9786A5EAF4A2481A8089D3F82AA6C1A9","SERC_014.mammalGrid.mam","D02","SERC","SERC_014","2016-09-07","2016-09-07","NEON.DOC.000481vH","Plot heavily disturbed and closed after one night",
"ef6af2fe-439b-4898-bdb5-9f3740c05fd9","8CDB97825CE449BDB1E8BAC4781BD64D","SERC_031.mammalGrid.mam","D02","SERC","SERC_031","2016-09-08","2016-09-08","NEON.DOC.000481vH",,
"70d8a892-dafe-4954-86d4-f2cff2c236c9","C9EACAA8474A43C0BAC0092D16FF4A57","SERC_014.mammalGrid.mam","D02","SERC","SERC_014","2016-09-08","2016-09-08","NEON.DOC.000481vH","Plot not set due to heavy disturbance on first trap night",
"7975b66b-6cbb-4a74-9fe4-df6cf3364219","BB2C5080857446A1A6D8B673A13E463C","SERC_016.mammalGrid.mam","D02","SERC","SERC_016","2016-09-08","2016-09-08","NEON.DOC.000481vH",,
"a4c84510-5391-4fac-92f6-23bc1448e105","9CEAF6FB080A44908A42AD5534764FED","SERC_015.mammalGrid.mam","D02","SERC","SERC_015","2016-09-08","2016-09-08","NEON.DOC.000481vH",,
"acfae712-13c6-4c69-bedd-61c0a5b8d23f","AF679D6A93B54B29AF47C4184FCA58F5","SERC_011.mammalGrid.mam","D02","SERC","SERC_011","2016-09-08","2016-09-08","NEON.DOC.000481vH",,
"60054833-52e1-436c-b7bb-c763d2cbe325","18C79D747AA74495AC7FD0876A27ADA1","SERC_011.mammalGrid.mam","D02","SERC","SERC_011","2016-09-09","2016-09-09","NEON.DOC.000481vH",,
"50f9ac09-a42f-46e8-a6be-24a8c79fc69a","E3803164DE6E4E52B79895F0FC986315","SERC_015.mammalGrid.mam","D02","SERC","SERC_015","2016-09-09","2016-09-09","NEON.DOC.000481vH",,
"33a7584f-f4fe-43d4-8e5f-62b8b4462cc5","2172E4E081184EB9986BEDA721BFCB1A","SERC_032.mammalGrid.mam","D02","SERC","SERC_032","2016-09-09","2016-09-09","NEON.DOC.000481vH",,
"87fd12fc-843d-4af4-9674-98899e942779","0074D8C30DB34C508C2BCA9A5BFE04B7","SERC_014.mammalGrid.mam","D02","SERC","SERC_014","2016-09-09","2016-09-09","NEON.DOC.000481vH","Plot not set due to heavy disturbance on first trap night",
"366e3c53-674b-4383-abf9-6d46c814f966","8D067059B998451EB70B8EF71A9F1292","SERC_011.mammalGrid.mam","D02","SERC","SERC_011","2016-09-10","2016-09-10","NEON.DOC.000481vH",,
