uid,nightuid,namedLocation,domainID,siteID,plotID,collectDate,endDate,samplingProtocolVersion,remarks,dataQF
"1eece0f3-929c-4aed-9e2d-660231561a32","55D7992C0D474C0698D382665054E846","CPER_011.mammalGrid.mam","D10","CPER","CPER_011","2014-08-01","2014-08-01",,,
"88e8b216-c69a-45a6-8ea9-036d7c2daf98","19E7863035804E3A97EBD9E0FB18C4EC","CPER_015.mammalGrid.mam","D10","CPER","CPER_015","2014-08-01","2014-08-01",,,
"c160953c-00fd-4bf6-a5ee-94b65da439c3","F2284DA5F41245FC933B6EC9C3B81390","CPER_005.mammalGrid.mam","D10","CPER","CPER_005","2014-08-01","2014-08-01",,,
"a4c373e2-deb3-48ff-8fe3-158d0064676f","2C714CF2F5434C54B7C6F87662D054BD","CPER_005.mammalGrid.mam","D10","CPER","CPER_005","2014-08-02","2014-08-02",,"No captures or disturbed traps.",
"08f1ff05-33f5-4606-913a-e7672a944fa3","8C3EAA78163341F095E912B10B12FC11","CPER_015.mammalGrid.mam","D10","CPER","CPER_015","2014-08-02","2014-08-02",,,
"b31100b7-23fd-4853-a946-a1134d50dd80","5263060EE05444B48CE96F27C11D3E37","CPER_011.mammalGrid.mam","D10","CPER","CPER_011","2014-08-02","2014-08-02",,,
"c3213755-4a1b-46a2-942c-a9f86b867f79","781ED60A66604A52A241D37F4A58AC95","CPER_015.mammalGrid.mam","D10","CPER","CPER_015","2014-08-05","2014-08-05",,,
"d489c34f-77c8-44e2-95c2-b5fefd8d5f82","2D7B9896B0C8470FA1F0E70367AA2D12","CPER_005.mammalGrid.mam","D10","CPER","CPER_005","2014-08-05","2014-08-05",,,
"eac3ff8c-8903-4254-b45b-07bc7571bda7","D62F2266388B469AAD160A2CF55E4855","CPER_011.mammalGrid.mam","D10","CPER","CPER_011","2014-08-05","2014-08-05",,,
"46b2b4c5-5ac1-480c-a222-901365aa0c9b","925CDA0C8E2240D8AD54F10F47C00F81","CPER_008.mammalGrid.mam","D10","CPER","CPER_008","2014-08-24","2014-08-24",,,
"3c8ebfe1-b4d2-4efa-8f81-f72a1fb6dcb4","E293157CC2534CDCA7B41B6FD3CD2A9C","CPER_002.mammalGrid.mam","D10","CPER","CPER_002","2014-08-24","2014-08-24",,,
"5fd6329a-fc3c-4e10-8def-5e80576a977a","DFFE37F2F2B24C19BD2C994364605783","CPER_009.mammalGrid.mam","D10","CPER","CPER_009","2014-08-24","2014-08-24",,,
"889c53eb-ed79-49f9-b8da-b4a30b24ebe0","2525D595B9B141C9961FAA633D6EDA05","CPER_006.mammalGrid.mam","D10","CPER","CPER_006","2014-08-24","2014-08-24",,,
"a2f6960e-d913-4bd5-9ef3-fc447ff30799","81BC1666E06D477BAE681D8E4AF031A6","CPER_006.mammalGrid.mam","D10","CPER","CPER_006","2014-08-25","2014-08-25",,,
"28670273-2067-4b22-ad8f-7ccceb8a94b2","4834DEE0BB7D47099153E3F5F520DADB","CPER_009.mammalGrid.mam","D10","CPER","CPER_009","2014-08-25","2014-08-25",,,
"25c7fb70-94b6-46c9-be40-a3a49f4851ea","730CE276350A4454A2AD9A7A941254CD","CPER_008.mammalGrid.mam","D10","CPER","CPER_008","2014-08-25","2014-08-25",,,
"d576e042-9230-4e59-a660-62aba5baa12e","B0A776B42BEF4C4CBFE1310EE7ADACFB","CPER_002.mammalGrid.mam","D10","CPER","CPER_002","2014-08-25","2014-08-25",,"heavily disturbed",
"2fd3ea27-4df9-45f9-a41b-59a66fb9049c","E30556655F084760BAFCDEA33890E408","CPER_002.mammalGrid.mam","D10","CPER","CPER_002","2014-08-26","2014-08-26",,,
"00c8a2e4-c060-4d43-a837-6210b83c315d","3AA70C5B479C4286A36BADAA8B607D7A","CPER_015.mammalGrid.mam","D10","CPER","CPER_015","2014-08-26","2014-08-26",,,
"83fae1a0-4887-42f2-9d6b-af0f9b1397fb","563E90FCF73F440580110FD7B300146F","CPER_005.mammalGrid.mam","D10","CPER","CPER_005","2014-08-26","2014-08-26",,,
"2922425b-3c50-407f-9241-9ec8512283ee","F3C2B53EAB134CE5882979D437316AF2","CPER_004.mammalGrid.mam","D10","CPER","CPER_004","2014-08-26","2014-08-26",,,
"4e13cb7a-a2e5-45a2-a102-1dd2de97cf90","54B31A9AAA534EF98CC0625A0FDC8AFB","CPER_009.mammalGrid.mam","D10","CPER","CPER_009","2014-08-26","2014-08-26",,"No captures or disturbed traps.",
"6479f416-32b7-4336-837f-d60d78f0b3bc","23F9D27E19B945309389AFA4586603CF","CPER_006.mammalGrid.mam","D10","CPER","CPER_006","2014-08-26","2014-08-26",,,
"a27045c0-80fc-4777-8da6-a8b31c015063","AEB8AC30876C4809B5C089634580CCA3","CPER_008.mammalGrid.mam","D10","CPER","CPER_008","2014-08-26","2014-08-26",,,
"6a1d4713-c2f3-49c6-8d0f-272dd2532b64","59CDB8A9647D4323B16CADE5FD58B773","CPER_015.mammalGrid.mam","D10","CPER","CPER_015","2014-08-27","2014-08-27",,,
"f0b5e960-816c-4e48-9b27-311ee9bf8fa7","D90600AEB4B44EEC895BD9C1CF3D2450","CPER_005.mammalGrid.mam","D10","CPER","CPER_005","2014-08-27","2014-08-27",,,
"bad5182b-a04b-46bc-88cb-e7888140bf19","9C7C489B8E09402A9320D2BBECD1E25F","CPER_011.mammalGrid.mam","D10","CPER","CPER_011","2014-08-27","2014-08-27",,,
"0a503b2d-5f3e-4bda-88d6-b07d156906b1","AF5EE9D2F43F43A6B9FFDB661FBB2971","CPER_011.mammalGrid.mam","D10","CPER","CPER_011","2014-08-27","2014-08-27",,"Corrected data.",
"67218ad0-5acd-4a0b-ae04-294b7008ebec","EB172C2A8D2C49AC930A863FEB7C9611","CPER_004.mammalGrid.mam","D10","CPER","CPER_004","2014-08-27","2014-08-27",,,
"1e2469e2-865d-459d-8213-63132b82390b","3750E1F41B5743E7B9C256D8F551A6C4","CPER_015.mammalGrid.mam","D10","CPER","CPER_015","2014-08-28","2014-08-28",,,
"471188fd-b1cf-4bc2-925d-131a8bbbe919","DB5CF3B6D65F48459450CEEDBAA1B35D","CPER_005.mammalGrid.mam","D10","CPER","CPER_005","2014-08-28","2014-08-28",,,
"900bfaca-1f0a-4e0b-a158-d7c5e1bbd91a","BBF27352B9F44408B1C9495E0019E1EC","CPER_004.mammalGrid.mam","D10","CPER","CPER_004","2014-08-28","2014-08-28",,,
"14d0af1b-b462-4a3e-ac54-40a3c35eb1fc","6BB5697E5A0846D8AD99D23D94428A83","CPER_011.mammalGrid.mam","D10","CPER","CPER_011","2014-08-28","2014-08-28",,,
