uid,nightuid,namedLocation,domainID,siteID,plotID,collectDate,endDate,samplingProtocolVersion,remarks,dataQF
"8843d178-ea69-412f-94c5-f2887c240648","e20940e1-b2b4-4a7e-ba9a-e0fc20ffca64","YELL_023.mammalGrid.mam","D12","YELL","YELL_023","2018-09-03","2018-09-03","NEON.DOC.000481vK",,
"aade6293-2ee2-4c47-afc8-470a3c7764a1","a2d1acd7-ce62-4b0d-9fb5-93ee3de5454f","YELL_001.mammalGrid.mam","D12","YELL","YELL_001","2018-09-03","2018-09-03","NEON.DOC.000481vK",,
"5c26108d-1e87-4970-b008-9b952d030301","34eaabd6-dbf4-4912-8f18-d5b8dcc83c07","YELL_031.mammalGrid.mam","D12","YELL","YELL_031","2018-09-03","2018-09-03","NEON.DOC.000481vK",,
"17c371b0-1fda-494e-8fcd-cf5c1fb189b9","c36952e8-1bc7-4c6f-9a88-c8a23f93cb9a","YELL_001.mammalGrid.mam","D12","YELL","YELL_001","2018-09-04","2018-09-04","NEON.DOC.000481vK",,
"e3017b7f-bcb1-4a05-97c2-7ddfe31aab45","69239346-c2f0-4c18-9971-05ac417443a3","YELL_023.mammalGrid.mam","D12","YELL","YELL_023","2018-09-04","2018-09-04","NEON.DOC.000481vK",,
"b487aa86-4ae5-4d01-9bb3-98693ea344a0","a2de2499-5fc3-4368-b834-2647a42fe065","YELL_031.mammalGrid.mam","D12","YELL","YELL_031","2018-09-04","2018-09-04","NEON.DOC.000481vK",,
"4559b5b8-cb2c-4ee6-8de2-8773e2bb97e2","eaf81f96-52b2-466b-9ce7-54ea52dc0715","YELL_001.mammalGrid.mam","D12","YELL","YELL_001","2018-09-05","2018-09-05","NEON.DOC.000481vK",,
"a4e4d40e-9e1e-425a-9670-9f5d34b80856","58883992-3fe7-4ef3-93d5-91c775207986","YELL_031.mammalGrid.mam","D12","YELL","YELL_031","2018-09-05","2018-09-05","NEON.DOC.000481vK",,
"5d9eb063-fbb0-4afd-9e25-1f131fd01981","8512a615-9891-436d-a015-1da9205165b4","YELL_023.mammalGrid.mam","D12","YELL","YELL_023","2018-09-05","2018-09-05","NEON.DOC.000481vK",,
"875d3134-81cf-4baf-86c1-fee2b175879d","ae00d0dc-5b25-4c5b-83e6-c2230d2d33be","YELL_011.mammalGrid.mam","D12","YELL","YELL_011","2018-09-07","2018-09-07","NEON.DOC.000481vK",,
"fbdefd49-bb55-4320-b85c-16b863c41a93","6096cafd-b07b-4d56-b309-33fc1a1d2258","YELL_020.mammalGrid.mam","D12","YELL","YELL_020","2018-09-07","2018-09-07","NEON.DOC.000481vK",,
"5b2aa6ce-4c0a-462c-b124-7759fe3e7eb9","9d499210-4151-47b8-97b0-e46c9045e984","YELL_032.mammalGrid.mam","D12","YELL","YELL_032","2018-09-07","2018-09-07","NEON.DOC.000481vK",,
