uid,nightuid,namedLocation,domainID,siteID,plotID,collectDate,endDate,samplingProtocolVersion,remarks,dataQF
"c0b0a4af-c154-49e9-9cd0-932b0a630fe3","C8AB5508FD6644E29F45F0D00043F0CB","STEI_022.mammalGrid.mam","D05","STEI","STEI_022","2016-06-01","2016-06-01","NEON.DOC.000481vG",,
"4320b80d-ac38-482c-b727-6826bd5acdad","399C018575D04C80AA158933A0123D34","STEI_019.mammalGrid.mam","D05","STEI","STEI_019","2016-06-01","2016-06-01","NEON.DOC.000481vG",,
"f1c5662b-34f6-418b-bb39-d6dbb19aaf72","DAD2F105C15F4687A0DB3308A8A8D355","STEI_001.mammalGrid.mam","D05","STEI","STEI_001","2016-06-01","2016-06-01","NEON.DOC.000481vG",,
"ae1878b6-de23-4db1-aba6-96d0823cef00","3437252AABA14AE4A59110EE9128B2F1","STEI_005.mammalGrid.mam","D05","STEI","STEI_005","2016-06-24","2016-06-24","NEON.DOC.000481vG",,
"1a753a41-cbee-4baf-b8d5-be1ef3ccb3f5","2B1F8B0729574093AD294A2B14E6CAC4","STEI_002.mammalGrid.mam","D05","STEI","STEI_002","2016-06-24","2016-06-24","NEON.DOC.000481vG",,
"6067585a-d52c-4b1d-b21b-25bc87e55db3","9FC27A2288CE4690A5486A379574E14A","STEI_012.mammalGrid.mam","D05","STEI","STEI_012","2016-06-24","2016-06-24","NEON.DOC.000481vG",,
"0aad6c25-387e-4847-8b2d-1b20765b76b8","5974CA0DE56C48E38EEA8C01AAD8AECC","STEI_012.mammalGrid.mam","D05","STEI","STEI_012","2016-06-25","2016-06-25","NEON.DOC.000481vH",,
"d4cd8cf2-1e1e-4b03-ae4a-59b48e0b957b","15D0D3A07384463C98AB8C611AA2521C","STEI_005.mammalGrid.mam","D05","STEI","STEI_005","2016-06-25","2016-06-25","NEON.DOC.000481vH",,
"f12fb9f5-dd30-4251-b261-00296380fa12","2E9A5317AC9549B185C3F96CB1026BB6","STEI_002.mammalGrid.mam","D05","STEI","STEI_002","2016-06-25","2016-06-25","NEON.DOC.000481vH",,
"7bcf45b5-e9fc-4c13-8339-73b73729fb51","EED1A89E2FE14B319F9D0090451D0F73","STEI_001.mammalGrid.mam","D05","STEI","STEI_001","2016-06-25","2016-06-25","NEON.DOC.000481vH",,
"df61f648-b3bb-440e-863f-6248b38700b1","04F5CF23C62D4951A6CDFA8DC22A9B25","STEI_005.mammalGrid.mam","D05","STEI","STEI_005","2016-06-26","2016-06-26","NEON.DOC.000481vH",,
"57fb6ae3-5996-484f-b9f9-1eed6e088fb2","5139C95E71CB422587A7FBA4F41773C2","STEI_002.mammalGrid.mam","D05","STEI","STEI_002","2016-06-26","2016-06-26","NEON.DOC.000481vG",,
"3f34050c-5811-485b-be17-5c2342c5cfc1","8161D35F888F4287B58EC56A55FCF7C0","STEI_022.mammalGrid.mam","D05","STEI","STEI_022","2016-06-27","2016-06-27","NEON.DOC.000481vH","Ran out of dry ice so all samples stored on ice packs for 3-6 hours",
"9094a74f-8b19-44ee-becd-4b478b4528e2","A99DE1A2E57A4C21B539BFC9D7B68A78","STEI_012.mammalGrid.mam","D05","STEI","STEI_012","2016-06-27","2016-06-27","NEON.DOC.000481vH","Ran out of dry ice so all samples were stored on ice packs for 3-6 hours",
"3e686ce7-973d-4680-b676-2ccf64dec3b9","88EC0D87232548B0A20E655B784A0DBB","STEI_019.mammalGrid.mam","D05","STEI","STEI_019","2016-06-27","2016-06-27","NEON.DOC.000481vH","ran out of dry ice so all samples were stored on ice packs for 3-6 hours",
