uid,nightuid,namedLocation,domainID,siteID,plotID,collectDate,endDate,samplingProtocolVersion,remarks,dataQF
"925511f0-104b-4bb9-a3bd-8ca417cda35c","D78AC7F3177246A3A5F3FAF48520D961","CPER_015.mammalGrid.mam","D10","CPER","CPER_015","2015-05-12","2015-05-12",,"Using protocol vf",
"f4290ea4-9d43-4b33-9d22-fd143e500537","6EBAC5315B2445289854186D1E09CCEB","CPER_006.mammalGrid.mam","D10","CPER","CPER_006","2015-05-12","2015-05-12",,"Using protocol vf",
"8a17cdc3-7cbc-4b37-afc4-4a456efd4741","CF0AB4885A9D41D4AD3B203BA4EA2688","CPER_011.mammalGrid.mam","D10","CPER","CPER_011","2015-05-12","2015-05-12",,"Using protocol vf",
"8dae079c-8689-4fd3-bf75-84a658e46406","9F3DB4CCAEC2497D8D656657BDB505AC","CPER_009.mammalGrid.mam","D10","CPER","CPER_009","2015-05-12","2015-05-12",,"Using protocol vf",
"e3c217b8-6d8d-4295-a67e-06334f9764f9","A44916A32DF04581A9CCC9B0C5C986B2","CPER_005.mammalGrid.mam","D10","CPER","CPER_005","2015-05-12","2015-05-12",,"Using protocol vf",
"f1a5aa04-f5d6-409d-bb75-20feb0ad832c","8BC2419242934956955BD785C095B8D4","CPER_011.mammalGrid.mam","D10","CPER","CPER_011","2015-05-13","2015-05-13",,"Using protocol vg",
"f3fb5702-bdd1-4617-b1c3-6aecedb01b79","E0191791946A4273B17AB62793F4FC9C","CPER_005.mammalGrid.mam","D10","CPER","CPER_005","2015-05-13","2015-05-13",,"Using protocol vg; lots of cattle in and near plot",
"2f9cdca9-95c6-4ca4-94d5-1ebc2388bf2f","70BD12A9837E40FA87535F9D5364FC84","CPER_002.mammalGrid.mam","D10","CPER","CPER_002","2015-05-13","2015-05-13",,"Using protocol vg",
"15433e77-02f5-4999-8f4a-cfa3f5127e49","9B8E593BABC8429EB21F2D75AD107C12","CPER_015.mammalGrid.mam","D10","CPER","CPER_015","2015-05-13","2015-05-13",,"Using protocol vg",
"98e9c1c5-710b-441e-8c75-6734f1fe3293","D0BDADFD4E734052BE6DAB8B26655FD4","CPER_008.mammalGrid.mam","D10","CPER","CPER_008","2015-05-13","2015-05-13",,"Using protocol vg",
"7ac34e9e-e3d4-47cc-bcb8-f123e2912f87","49ED447296E64BD3B51B1377DB6DCB0F","CPER_004.mammalGrid.mam","D10","CPER","CPER_004","2015-05-15","2015-05-15",,"Using protocol vg",
"17cb982a-ea08-4423-b559-d0436904c660","48D1C6389A6B46B6913EE3A6919F37A4","CPER_005.mammalGrid.mam","D10","CPER","CPER_005","2015-05-15","2015-05-15",,"Using protocol vg",
"647bc77b-8e3e-4056-93c0-6b5fea6efadd","1CE1581C42A249B18D0ED85A41F8A815","CPER_015.mammalGrid.mam","D10","CPER","CPER_015","2015-05-15","2015-05-15",,"Using protocol vg",
"5aaf9a05-94a1-48d5-a8c1-9e0e74f35490","787D8CCAEAA94A1E9617CD451600757A","CPER_011.mammalGrid.mam","D10","CPER","CPER_011","2015-05-15","2015-05-15",,"Using protocol vg",
