uid,nightuid,namedLocation,domainID,siteID,plotID,collectDate,endDate,samplingProtocolVersion,remarks,dataQF
"dc94985c-b77e-4b6f-a635-38393adbe5ce","24AD224C944C433ABC24F8292C84791F","DELA_001.mammalGrid.mam","D08","DELA","DELA_001","2015-08-04","2015-08-04",,,
"bd8f6c2a-294a-40ef-abfd-0ee03829a882","648897B1D9C3489F912862302B5D05CD","DELA_007.mammalGrid.mam","D08","DELA","DELA_007","2015-08-04","2015-08-04",,,
"d0fb70b6-adb7-44d5-ab82-9017f8052aae","419A98A4FC35479EBC8B83436BBABD01","DELA_002.mammalGrid.mam","D08","DELA","DELA_002","2015-08-04","2015-08-04",,,
"60f9e1d9-f27d-4836-824b-6bf4472c99f1","94C51CFFEA6048EA9EAF3629F00AAA2A","DELA_002.mammalGrid.mam","D08","DELA","DELA_002","2015-08-05","2015-08-05",,,
"044a04f7-2f08-4bb7-95fb-744d76db9b24","99AFE4FA8F9B4D1D94F65B453F5B2A26","DELA_007.mammalGrid.mam","D08","DELA","DELA_007","2015-08-05","2015-08-05",,,
"458df161-03f8-4cae-8f2d-eaab1b1fb6f1","F8C8F1F1120A4C54B5C872F2179D8016","DELA_001.mammalGrid.mam","D08","DELA","DELA_001","2015-08-05","2015-08-05",,,
"b5cf4490-3ac9-4673-adfe-52136de34dd2","E073E9F9ECAF4CFAA449440E39733398","DELA_001.mammalGrid.mam","D08","DELA","DELA_001","2015-08-06","2015-08-06",,,
"ad2be47e-9aa5-43b2-a755-fe44a712f467","85FE5F2234964318A853D66A2B823683","DELA_007.mammalGrid.mam","D08","DELA","DELA_007","2015-08-06","2015-08-06",,,
"e963e374-4c00-483b-a51e-dc8175581987","BAC45FA64F1744B4BAE445E0B26BDBB3","DELA_002.mammalGrid.mam","D08","DELA","DELA_002","2015-08-06","2015-08-06",,,
