uid,nightuid,namedLocation,domainID,siteID,plotID,collectDate,endDate,samplingProtocolVersion,remarks,dataQF
"303700ef-ce2a-496f-9513-3552e6d377a1","7D8B5FE5DC8B484CAC7A5AB7D8C85794","CPER_008.mammalGrid.mam","D10","CPER","CPER_008","2014-05-02","2014-05-02",,,
"c0f7a045-398e-495b-8c5b-2f22d6992f01","D6E9FA91E1174661BAE4352F72E18B17","CPER_009.mammalGrid.mam","D10","CPER","CPER_009","2014-05-02","2014-05-02",,,
"f7e827f4-b902-4811-b134-dc5689ab00fe","D0B4D0088C3642B8890A3AE8DB5B11A9","CPER_006.mammalGrid.mam","D10","CPER","CPER_006","2014-05-02","2014-05-02",,,
"4da89ce4-31ab-474b-8069-9ecd98885de9","3EB2F3F5B9064555BBED50628C6344BA","CPER_002.mammalGrid.mam","D10","CPER","CPER_002","2014-05-02","2014-05-02",,,
"8e933579-ad8c-48a4-b354-af8e46a8f805","70235F38F5214EEB93F957C638265538","CPER_009.mammalGrid.mam","D10","CPER","CPER_009","2014-05-03","2014-05-03",,,
"b44b12f9-b6bf-4977-891b-0d2ba4ed1488","7295298E4A794DD0BA847BAB82506D43","CPER_006.mammalGrid.mam","D10","CPER","CPER_006","2014-05-03","2014-05-03",,,
"2cbcc79f-2aac-4769-9d66-d40557f1ad7f","C99EC196E4EF4E978F6E56706E31A4CF","CPER_008.mammalGrid.mam","D10","CPER","CPER_008","2014-05-03","2014-05-03",,,
"c774b5b3-de84-469a-a7d5-11f02e5c3cda","5197BE06951341A8BB7BA60A668B56B9","CPER_002.mammalGrid.mam","D10","CPER","CPER_002","2014-05-03","2014-05-03",,,
"53b5b740-28d6-47bc-9eba-828dcdfcb6d5","78056E7C49004D75A9070220009B9B11","CPER_015.mammalGrid.mam","D10","CPER","CPER_015","2014-05-04","2014-05-04",,,
"ef732a13-7fca-4c56-86ce-433bb5175bbb","998D3450D174477C91E0D40285363966","CPER_011.mammalGrid.mam","D10","CPER","CPER_011","2014-05-04","2014-05-04",,,
"654660be-6e8e-46a9-ac8d-7c0ed79aecc9","1330FA83A0F24425AB25356752523415","CPER_005.mammalGrid.mam","D10","CPER","CPER_005","2014-05-04","2014-05-04",,,
"51ac8c78-6211-42cb-9b65-b21be2678762","9635EC6CD5064418BE9641BA725197E9","CPER_004.mammalGrid.mam","D10","CPER","CPER_004","2014-05-04","2014-05-04",,,
"4a733bde-190d-45f9-a43a-046f38929808","63D03C6D598C47A99EB8CC5E600282B3","CPER_005.mammalGrid.mam","D10","CPER","CPER_005","2014-05-05","2014-05-05",,,
"f6086990-8524-4857-943e-1a0b40d208ff","D1160C29E694454F9A0D6C5912A0FD8E","CPER_015.mammalGrid.mam","D10","CPER","CPER_015","2014-05-05","2014-05-05",,,
"2287f864-60d0-4d97-8a77-405b8e251f00","5B84112C27EF4170A05D2A603C90833C","CPER_011.mammalGrid.mam","D10","CPER","CPER_011","2014-05-05","2014-05-05",,,
"0d72ade4-f889-48a0-b976-e44e3acfa4de","343EB3DB57AA4F4E97C13F0C0852AA59","CPER_004.mammalGrid.mam","D10","CPER","CPER_004","2014-05-05","2014-05-05",,,
"22be6f9d-1846-42c2-958a-578a7aedd1c7","843C1B73534B46A4B36903C777257CEE","CPER_011.mammalGrid.mam","D10","CPER","CPER_011","2014-05-06","2014-05-06",,,
"a07cbc9b-ea6a-4e69-aec4-2bff599e0e41","97FA0AFDAF77470286BF7326B18E61CA","CPER_015.mammalGrid.mam","D10","CPER","CPER_015","2014-05-06","2014-05-06",,,
"0fd79b7c-cde4-4dc1-8322-03e2cf9d1d6e","18F9A1CB0AB04590A44BD113461396AA","CPER_005.mammalGrid.mam","D10","CPER","CPER_005","2014-05-06","2014-05-06",,,
"bdf149f6-e21f-424d-ad69-9d6ae603cb28","32E1D183E5D0499388BE50B82941976C","CPER_011.mammalGrid.mam","D10","CPER","CPER_011","2014-05-06","2014-05-06",,,
"ce060131-63b9-4c1e-b740-72a43e46d1b8","9F2F2D08FA284D1F91BA5CF21654C6E0","CPER_004.mammalGrid.mam","D10","CPER","CPER_004","2014-05-06","2014-05-06",,,
"4eeb3731-5222-4c6e-8b81-0cfd22332bc7","3915DE7539B64CB19F3E11BC35C570A1","CPER_015.mammalGrid.mam","D10","CPER","CPER_015","2014-05-28","2014-05-28",,,
"89907b3b-081d-4015-a850-344c567094d8","C489D672408649708CB17CC36EF229B9","CPER_011.mammalGrid.mam","D10","CPER","CPER_011","2014-05-29","2014-05-29",,,
"37a264f8-6f54-423f-b5c2-94326bf27532","E666775C9A424D1EA7D8723B7031E48B","CPER_015.mammalGrid.mam","D10","CPER","CPER_015","2014-05-29","2014-05-29",,,
"1fc33687-b931-44de-9587-c044a4629e0a","C77CF31948984507ACBE241644AF29BB","CPER_005.mammalGrid.mam","D10","CPER","CPER_005","2014-05-29","2014-05-29",,,
"10d55fb3-86be-4765-a68e-a949932ce6d3","A56D0B631DCE4503AB28E1F21F529E11","CPER_005.mammalGrid.mam","D10","CPER","CPER_005","2014-05-30","2014-05-30",,,
"4f35fbe3-9718-46c7-921c-82adf337e378","6957C3C56FB44917965EC0C24C751F51","CPER_015.mammalGrid.mam","D10","CPER","CPER_015","2014-05-30","2014-05-30",,,
"0b2ff830-0113-432c-a971-3cc78f16a976","F7318C9FF731457A99A5C2D3D79E1952","CPER_011.mammalGrid.mam","D10","CPER","CPER_011","2014-05-30","2014-05-30",,,
"6cc32f6b-b24d-4b67-9054-d67ee5f5544c","F9B2F7254531443EB8B50BBDC91AC9C8","CPER_015.mammalGrid.mam","D10","CPER","CPER_015","2014-05-31","2014-05-31",,,
"1c4ab306-d06d-44ec-b4a7-d08125dcadf4","074E9B43A5E5493F8CF6F6BD38F7877C","CPER_005.mammalGrid.mam","D10","CPER","CPER_005","2014-05-31","2014-05-31",,,
"940e01ea-fa93-4506-8cd8-87640121d8d6","616BB4B09E694D87A9DCBC0680159A9B","CPER_011.mammalGrid.mam","D10","CPER","CPER_011","2014-05-31","2014-05-31",,,
