uid,nightuid,namedLocation,domainID,siteID,plotID,collectDate,endDate,samplingProtocolVersion,remarks,dataQF
"1a9e1500-bea9-4531-b842-0392aa924353","f8a5b4a8-7bfe-4b3e-bec8-50a8bd68af03","WOOD_009.mammalGrid.mam","D09","WOOD","WOOD_009","2018-09-10","2018-09-10","NEON.DOC.000481vK",,
"0ee0d82e-c404-4f70-ab12-fc6d3264c9c3","85f3fb18-d063-4afe-9d33-8d5a1ec4239e","WOOD_002.mammalGrid.mam","D09","WOOD","WOOD_002","2018-09-10","2018-09-10","NEON.DOC.000481vK",,
"1c0ceccc-2635-4ae1-9f85-96feb499198a","fe658937-ed92-423e-b841-04a044cf6c37","WOOD_007.mammalGrid.mam","D09","WOOD","WOOD_007","2018-09-10","2018-09-10","NEON.DOC.000481vK",,
"f6e7b16f-a3ba-460e-914e-78a84fadc104","43a1e587-35a6-44ca-bd5e-564ef328673c","WOOD_010.mammalGrid.mam","D09","WOOD","WOOD_010","2018-09-10","2018-09-10","NEON.DOC.000481vK",,
"af480dc6-814d-427a-84e5-0acfcadfd8e2","77683ff6-8ecc-4a92-8ab5-de48d89c6563","WOOD_008.mammalGrid.mam","D09","WOOD","WOOD_008","2018-09-11","2018-09-11","NEON.DOC.000481vK",,
"d1121b35-465b-4d69-97c1-33dc866a0fd8","48683457-13d7-42ee-895f-e70cfcec60b6","WOOD_002.mammalGrid.mam","D09","WOOD","WOOD_002","2018-09-11","2018-09-11","NEON.DOC.000481vK","Disturbance most likely caused by raccoon. Last night of trapping canceled due to 50 disturbed traps",
"8b279027-3776-4289-9cb3-0dc429877789","e586f6e5-ceb1-4d74-a3f7-7e4bd5a6b7a9","WOOD_009.mammalGrid.mam","D09","WOOD","WOOD_009","2018-09-11","2018-09-11","NEON.DOC.000481vK",,
"3518959d-72e5-4090-b525-55150557444c","f9388b20-ab3d-49df-b392-44d049a34c3c","WOOD_007.mammalGrid.mam","D09","WOOD","WOOD_007","2018-09-11","2018-09-11","NEON.DOC.000481vK",,
"b07f33b2-dd66-4973-8abd-e8782a6eac47","f35f006c-e0a5-4e77-85f4-cf2183bb79af","WOOD_003.mammalGrid.mam","D09","WOOD","WOOD_003","2018-09-12","2018-09-12","NEON.DOC.000481vK",,
"0891cb7e-9fd2-43aa-a210-14a3e3ca5602","e1c8b7a6-01ff-4eee-9e9e-c316254ffaef","WOOD_007.mammalGrid.mam","D09","WOOD","WOOD_007","2018-09-12","2018-09-12","NEON.DOC.000481vK",,
"747b6ae6-192c-44bb-8325-fe75fce4e643","ed59c36b-00bc-46c8-9652-c2b3c4e89d9a","WOOD_009.mammalGrid.mam","D09","WOOD","WOOD_009","2018-09-12","2018-09-12","NEON.DOC.000481vK",,
