uid,nightuid,namedLocation,domainID,siteID,plotID,collectDate,endDate,samplingProtocolVersion,remarks,dataQF
"1ff748f5-5a39-46f0-985a-6e8435398887","D9292F66542A4301AB25D0BF0FD120B8","BART_015.mammalGrid.mam","D01","BART","BART_015","2016-10-05","2016-10-05","NEON.DOC.000481vH",,
"2c26cb05-de6b-4dc2-b7ab-fb31bd8fa736","AB265DF65883469A8223D89D2786BD06","BART_012.mammalGrid.mam","D01","BART","BART_012","2016-10-05","2016-10-05","NEON.DOC.000481vH",,
"0bf742c9-3402-498b-96f1-c702b0fef33f","925B8AA8211E4A19A4B6B886E61CF5DC","BART_062.mammalGrid.mam","D01","BART","BART_062","2016-10-05","2016-10-05","NEON.DOC.000481vH",,
"347a6487-998f-4bbc-a822-6bf85036ef04","293F3D052FAF46929737A29CB8E3676F","BART_007.mammalGrid.mam","D01","BART","BART_007","2016-10-06","2016-10-06","NEON.DOC.000481vH",,
"5f42f329-8644-41d3-b955-ec9d78d9a06d","63A7BE8F5A8A442390CFD8B71FF5B906","BART_015.mammalGrid.mam","D01","BART","BART_015","2016-10-06","2016-10-06","NEON.DOC.000481vH",,
"6bbccca4-d93e-473a-a9f1-eb0d2c2713dd","ACC260DA80E344449B003BB908C58AC5","BART_062.mammalGrid.mam","D01","BART","BART_062","2016-10-06","2016-10-06","NEON.DOC.000481vH",,
"243faf46-73b6-468c-a63d-77368541371b","1AAB885E875F481A98D35A7CE8999564","BART_084.mammalGrid.mam","D01","BART","BART_084","2016-10-07","2016-10-07","NEON.DOC.000481vH",,
"dd134323-5558-47c1-82ec-c7fadb96eaf0","9129A0ED261B4F709C36BA6FFDCD96A7","BART_015.mammalGrid.mam","D01","BART","BART_015","2016-10-07","2016-10-07","NEON.DOC.000481vH",,
"318c2bc6-e804-4413-8f45-f7f3a382131b","596DAEAC9DF64113B54AE7F08515357E","BART_062.mammalGrid.mam","D01","BART","BART_062","2016-10-07","2016-10-07","NEON.DOC.000481vH",,
"aa5237e7-5ce5-4568-8b01-c68601727cf2","128195F808AC4A2196E41481E9FC95BB","BART_001.mammalGrid.mam","D01","BART","BART_001","2016-10-08","2016-10-08","NEON.DOC.000481vH",,
