uid,nightuid,namedLocation,domainID,siteID,plotID,collectDate,endDate,samplingProtocolVersion,remarks,dataQF
"dffc19c0-69fa-4ed3-8968-304e9da00d5d","a90ef213-a33a-456d-a292-02f45e0e2e87","DELA_002.mammalGrid.mam","D08","DELA","DELA_002","2017-08-22","2017-08-22","NEON.DOC.000481vJ",,
"76f9535c-7ee5-4fb6-a2a5-c34bb2dbe873","057d6b37-4afd-4e94-a5a8-add1fbd44ef2","DELA_001.mammalGrid.mam","D08","DELA","DELA_001","2017-08-22","2017-08-22","NEON.DOC.000481vJ",,
"fac9ca1f-9b4f-44d9-ac3d-5df8d5db3301","1c284142-e800-4be9-82ef-a12aadcb86dd","DELA_007.mammalGrid.mam","D08","DELA","DELA_007","2017-08-22","2017-08-22","NEON.DOC.000481vJ",,
"15b7c022-4463-4e4a-8508-7f0aab873162","13848b1d-20a2-446d-8276-6b9440052f23","DELA_001.mammalGrid.mam","D08","DELA","DELA_001","2017-08-23","2017-08-23","NEON.DOC.000481vJ",,
"c291507d-ce32-4100-b669-ddf88e758473","154a96f5-c0e7-49d1-868a-522eec5e5819","DELA_007.mammalGrid.mam","D08","DELA","DELA_007","2017-08-23","2017-08-23","NEON.DOC.000481vJ",,
"0dc91537-0b9f-4040-890d-058c14074f45","45d83213-2860-416c-a4ad-2a69bfed83e1","DELA_002.mammalGrid.mam","D08","DELA","DELA_002","2017-08-23","2017-08-23","NEON.DOC.000481vJ",,
"22ab0452-d0b4-4340-bf52-16314f29965d","5c41e4e5-4ddc-408e-bb36-567e3d9b800b","DELA_001.mammalGrid.mam","D08","DELA","DELA_001","2017-08-24","2017-08-24","NEON.DOC.000481vJ",,
"13311b9b-83a2-4500-aaed-4a1b87e25fda","e16df8c5-dde3-4763-b379-f9346ff7d137","DELA_002.mammalGrid.mam","D08","DELA","DELA_002","2017-08-24","2017-08-24","NEON.DOC.000481vJ",,
"b897a323-ae0f-409e-b02c-ea3908d2a2fd","f02042e4-fa70-45ed-a4ec-2a0faa0e93b5","DELA_007.mammalGrid.mam","D08","DELA","DELA_007","2017-08-24","2017-08-24","NEON.DOC.000481vJ",,
