uid,nightuid,namedLocation,domainID,siteID,plotID,collectDate,endDate,samplingProtocolVersion,remarks,dataQF
"995cd34d-a861-4465-be94-5d8ff97dc909","16f4f0ef-fc34-4368-b842-66d48e3d7beb","KONZ_002.mammalGrid.mam","D06","KONZ","KONZ_002","2017-05-01","2017-05-01","NEON.DOC.000481vG",,
"19f1c58b-7919-4207-8e30-057ad47b1474","71a295cb-37c6-46de-b953-0caa5c7a7adf","KONZ_003.mammalGrid.mam","D06","KONZ","KONZ_003","2017-05-01","2017-05-01","NEON.DOC.000481vG",,
"26949598-2519-4e7b-8063-53aea29f857f","90e2f145-2ba1-4992-8655-5ec125e3f4b9","KONZ_005.mammalGrid.mam","D06","KONZ","KONZ_005","2017-05-01","2017-05-01","NEON.DOC.000481vG",,
"dca8f4e5-f823-49a2-8c2f-a1e0c7eadc29","a7b37c4f-f7b1-49ad-bd12-b9d5284e4606","KONZ_001.mammalGrid.mam","D06","KONZ","KONZ_001","2017-05-03","2017-05-03","NEON.DOC.000481vJ",,
"c078f9b9-a59a-47dd-8225-9e6e3731cef2","724fbbb4-52bf-480a-986b-c5598b8cfe83","KONZ_006.mammalGrid.mam","D06","KONZ","KONZ_006","2017-05-03","2017-05-03","NEON.DOC.000481vJ",,
"2714e02a-ef9d-4ec3-a50e-1f58f6f1932b","6e4061d6-8678-442e-9a80-0dba5a83a064","KONZ_027.mammalGrid.mam","D06","KONZ","KONZ_027","2017-05-03","2017-05-03","NEON.DOC.000481vJ",,
"701df64a-a443-49fc-8a0d-0a0abaa30ac4","4864596a-bc50-4e85-8bab-52db06db8405","KONZ_006.mammalGrid.mam","D06","KONZ","KONZ_006","2017-05-04","2017-05-04","NEON.DOC.000481vJ",,
"88d432a6-e3ed-4245-81dd-a4e09ec58e45","38c5a5e4-62fa-4c42-88c5-c614d3f73205","KONZ_027.mammalGrid.mam","D06","KONZ","KONZ_027","2017-05-04","2017-05-04","NEON.DOC.000481vJ",,
"024cad28-c788-4523-bba1-782c0548c8b6","f1c60e43-eb93-428f-92b6-76eab559f2fa","KONZ_001.mammalGrid.mam","D06","KONZ","KONZ_001","2017-05-04","2017-05-04","NEON.DOC.000481vJ",,
"d448c615-10be-48bc-85a9-f95f67118b36","644a8f54-4669-4489-bdd8-14fa943d908e","KONZ_001.mammalGrid.mam","D06","KONZ","KONZ_001","2017-05-05","2017-05-05","NEON.DOC.000481vJ",,
"233a1685-c050-43d9-8e36-da6fd2af2c1e","9d6d0365-312f-4660-8e8e-b1606a811b0e","KONZ_027.mammalGrid.mam","D06","KONZ","KONZ_027","2017-05-05","2017-05-05","NEON.DOC.000481vG",,
"80f4ea64-ced7-43f6-8317-5b2f1e21ff81","ec4969f6-d7ad-48bb-9b4a-7f3912b1bf27","KONZ_006.mammalGrid.mam","D06","KONZ","KONZ_006","2017-05-05","2017-05-05","NEON.DOC.000481vJ",,
"a58e87c3-e50c-4eed-af44-15b11e9bf308","508ff252-4787-4576-95ba-5deb659e8b5f","KONZ_003.mammalGrid.mam","D06","KONZ","KONZ_003","2017-05-31","2017-05-31","NEON.DOC.000481vG",,
"5159d1ea-9873-4fa8-b5fc-33071cf88b14","36888c4e-cb9a-4072-b9a8-8a1fc62acf77","KONZ_002.mammalGrid.mam","D06","KONZ","KONZ_002","2017-05-31","2017-05-31","NEON.DOC.000481vG",,
"6598264c-2dfe-4a53-b3a3-15d713b7e194","a07b96bf-34e6-4f3b-a0de-f5d0ba75fd88","KONZ_005.mammalGrid.mam","D06","KONZ","KONZ_005","2017-05-31","2017-05-31","NEON.DOC.000481vG",,
