uid,nightuid,namedLocation,domainID,siteID,plotID,collectDate,endDate,samplingProtocolVersion,remarks,dataQF
"111e32af-9a59-434b-9885-3bf3c73a82ed","879768a1-4fa6-468d-a97e-62ca2b8d9718","WOOD_002.mammalGrid.mam","D09","WOOD","WOOD_002","2017-04-26","2017-04-26",,,
"3761b058-eb2f-4b4b-94a9-699b495d0e92","286f955a-9fbb-4efb-81d5-24a846d4ff27","WOOD_009.mammalGrid.mam","D09","WOOD","WOOD_009","2017-04-26","2017-04-26",,,
"95ae8541-1d85-48a9-b296-81aaffa84312","1b01982b-aa81-4267-96ba-2e7cf422b79b","WOOD_009.mammalGrid.mam","D09","WOOD","WOOD_009","2017-04-27","2017-04-27",,,
"b81b6436-aba5-463c-9be9-bf1ecc179162","f4b450b9-3545-4062-96a4-949072a786d8","WOOD_002.mammalGrid.mam","D09","WOOD","WOOD_002","2017-04-27","2017-04-27",,,
"982e7d8c-91d1-4885-9ced-e4237005b49c","90e392d5-9c47-49b8-8609-7da680e68a8f","WOOD_008.mammalGrid.mam","D09","WOOD","WOOD_008","2017-04-27","2017-04-27","NEON.DOC.000481vJ",,
"1d96fd04-f860-4c4b-af29-638f56ffe2c9","a6009af8-ba58-46ab-98a4-931394da3ff6","WOOD_002.mammalGrid.mam","D09","WOOD","WOOD_002","2017-04-28","2017-04-28",,,
"c69f2d62-13d5-418d-aa53-531f9f66da7e","d0fa66a8-fbe4-4f3c-b6af-1c3eae9445a6","WOOD_009.mammalGrid.mam","D09","WOOD","WOOD_009","2017-04-28","2017-04-28",,,
