uid,nightuid,namedLocation,domainID,siteID,plotID,collectDate,endDate,samplingProtocolVersion,remarks,dataQF
"f9a1cdcc-d375-41d8-951f-2f58b7ef81a1","467FECE58A314410BE1482CE732B9A39","STER_031.mammalGrid.mam","D10","STER","STER_031","2015-07-21","2015-07-21",,"used version 'vG",
"37320a82-a4ce-4595-b09e-16559b764360","B3EE3D03D7F94B96A91FA69BC1B21AA9","STER_029.mammalGrid.mam","D10","STER","STER_029","2015-07-21","2015-07-21",,"protocol vG",
"eeef7713-3cfb-4217-bea7-0b56ed588ab3","F7A457902684416FBE721B34EDA59032","STER_006.mammalGrid.mam","D10","STER","STER_006","2015-07-21","2015-07-21",,"Using protocol vg",
"fe82369b-afa3-4d49-a216-93f1cfff6079","7A5F73C5DA8B403680BD4D779426EF4D","STER_029.mammalGrid.mam","D10","STER","STER_029","2015-07-22","2015-07-22",,"used version 'vG",
"4bdb37a7-6879-4458-8072-03e9f775dbb4","68EEA41D05AF4BBCB359C3D3C9FFD4E1","STER_031.mammalGrid.mam","D10","STER","STER_031","2015-07-22","2015-07-22",,"Used protocol v 'G",
"40ff6aac-c85b-4e5f-8d00-c387077c5409","AEAB51B7A9B44B70A63835F40C4CF810","STER_006.mammalGrid.mam","D10","STER","STER_006","2015-07-22","2015-07-22",,"used version 'vG",
"4231492d-56ea-443f-a68d-cd01924cf01b","2196BE3064C046DA81D072E2BB454C19","STER_029.mammalGrid.mam","D10","STER","STER_029","2015-07-23","2015-07-23",,"Used protocol v 'G",
"85be838a-cefa-46ed-87e1-a0b2284cb793","AF1178006AEC4876A4BCC7B1832D86A9","STER_006.mammalGrid.mam","D10","STER","STER_006","2015-07-23","2015-07-23",,,
"0b5d44dc-7e1b-428a-8e62-e62ee7fb344e","793EC22E61054230B507BEAD13E09221","STER_031.mammalGrid.mam","D10","STER","STER_031","2015-07-23","2015-07-23",,"Used protocol v 'G",
"b65bd81e-5429-451a-a207-08a86e709fc1","595CE5A0D2684224A298E30095E3427A","STER_026.mammalGrid.mam","D10","STER","STER_026","2015-07-24","2015-07-24",,"Used protocol v 'G",
"d8918dd4-1755-47fe-962a-de4fa7c77c2c","4B6C401F6DE344D795F3423C3E0A7218","STER_027.mammalGrid.mam","D10","STER","STER_027","2015-07-24","2015-07-24",,"Used protocol v 'G",
"e3118e07-f419-476c-bdf7-ab478520bb1a","8FD7AC63C1BA4CD9B4D5B78409C1C391","STER_028.mammalGrid.mam","D10","STER","STER_028","2015-07-24","2015-07-24",,"Used protocol v 'G",
