uid,nightuid,namedLocation,domainID,siteID,plotID,collectDate,endDate,samplingProtocolVersion,remarks,dataQF
"a63641ec-59b4-44cf-8c29-746e0b0ed2b0","da6a16c5-3033-4755-ae74-0784f715b72c","DEJU_003.mammalGrid.mam","D19","DEJU","DEJU_003","2017-07-25","2017-07-25","NEON.DOC.000481vJ",,
"d2daf55b-5608-43b7-a28a-b03f352b3c19","bc0ad82b-7381-44c7-8742-92f688f23143","DEJU_017.mammalGrid.mam","D19","DEJU","DEJU_017","2017-07-25","2017-07-25","NEON.DOC.000481vH",,
"83c1b99a-7201-4698-8b1b-ef52cf5a9c21","f25eb878-4262-41f8-984b-fd65c743c0e6","DEJU_005.mammalGrid.mam","D19","DEJU","DEJU_005","2017-07-25","2017-07-25","NEON.DOC.000481vH",,
"582ecc3f-2d31-4280-a2b7-94266f815246","1c5520af-2ce6-422f-80cf-bebc0a764d9c","DEJU_014.mammalGrid.mam","D19","DEJU","DEJU_014","2017-07-25","2017-07-25","NEON.DOC.000481vJ",,
"a1949fe2-dffe-4613-bbc6-8a169f7a4c8c","cf507354-1221-4980-bb62-5beaa4737399","DEJU_017.mammalGrid.mam","D19","DEJU","DEJU_017","2017-07-26","2017-07-26","NEON.DOC.000481vJ",,
"57084f7d-e69a-4061-b2ba-6f93870a49e5","2d424e9d-54e9-4882-97aa-0091d7d19be7","DEJU_005.mammalGrid.mam","D19","DEJU","DEJU_005","2017-07-26","2017-07-26","NEON.DOC.000481vJ",,
"fc7f8b01-18bb-406b-a460-60fa5b9dcca7","910adfbf-e43d-4608-972c-88b6ef48cfec","DEJU_003.mammalGrid.mam","D19","DEJU","DEJU_003","2017-07-26","2017-07-26","NEON.DOC.000481vJ","Snowshoe hares disturbed many traps..removing batting and setting off traps",
"9231f9f7-2a0d-4ea2-aebe-6143b0392a96","9ed57a1d-b5d1-41c5-9933-562c66a51000","DEJU_006.mammalGrid.mam","D19","DEJU","DEJU_006","2017-07-26","2017-07-26","NEON.DOC.000481vJ",,
"9b5fdf4e-4bca-4af5-b12f-aa9a2938a541","2ab726b1-6248-464a-8854-7dc6030e539a","DEJU_005.mammalGrid.mam","D19","DEJU","DEJU_005","2017-07-27","2017-07-27","NEON.DOC.000481vJ",,
"9f4e674e-554c-4253-960d-fdce1095b7f9","a0ceebd6-1a23-4298-9dcb-574b0694537e","DEJU_003.mammalGrid.mam","D19","DEJU","DEJU_003","2017-07-27","2017-07-27","NEON.DOC.000481vJ",,
"f0aae0ca-d7ee-465b-83ed-834a457c76a3","2c2ebee9-184c-4d5d-b266-1b496ae24d2e","DEJU_001.mammalGrid.mam","D19","DEJU","DEJU_001","2017-07-27","2017-07-27",,,
"fd845d8c-a1c4-45ac-bc9d-fa308cdf14eb","19226b2a-7e50-4807-971c-49f50b981e14","DEJU_017.mammalGrid.mam","D19","DEJU","DEJU_017","2017-07-27","2017-07-27","NEON.DOC.000481vJ",,
