uid,nightuid,namedLocation,domainID,siteID,plotID,collectDate,endDate,samplingProtocolVersion,remarks,dataQF
"7613d2fe-3053-4782-9285-fd0df457877c","296724DC4AA443DF8DC4BB2DE91840AE","GRSM_014.mammalGrid.mam","D07","GRSM","GRSM_014","2015-09-15","2015-09-15",,"used NEON.DOC.000481vG",
"fc9ae0f1-bba4-4ee4-8056-3f675fe16444","61EF8E0161274B77A30DB49C6CBC4330","GRSM_003.mammalGrid.mam","D07","GRSM","GRSM_003","2015-09-15","2015-09-15",,"used NEON.DOC.000481vG; 2 lines not set. Bears removed 95-98% of the flags causing us to remark the plot, and we ran out of sunlight.",
"dedb5cc0-13b9-4be3-b683-fabe28627854","602CE4516900439881ECCF6FF8C3955A","GRSM_020.mammalGrid.mam","D07","GRSM","GRSM_020","2015-09-15","2015-09-15",,"used NEON.DOC.000481vG",
"11f0f000-b733-4e8b-9a27-2ce603608f31","3539AFF130F1491D93DF0C10EE1350C5","GRSM_003.mammalGrid.mam","D07","GRSM","GRSM_003","2015-09-16","2015-09-16",,"used NEON.DOC.000481vG",
"2ed18e3e-5bfd-4154-9866-cd2fbf055f0d","9BCF0C60CA6046D69FAAE2E5A14CB744","GRSM_014.mammalGrid.mam","D07","GRSM","GRSM_014","2015-09-16","2015-09-16",,"used NEON.DOC.000481vG",
"d9c4eadd-605d-4f14-9aa0-7c94c1634d8c","58285D91B1CA423081A9D6496F10D535","GRSM_020.mammalGrid.mam","D07","GRSM","GRSM_020","2015-09-16","2015-09-16",,"used NEON.DOC.000481vG",
"3dfc68ce-a2f3-4069-b89e-7953fe1d1e12","4D7D2B16D4BF48F99AD6EF4267A9349F","GRSM_003.mammalGrid.mam","D07","GRSM","GRSM_003","2015-09-17","2015-09-17",,"used NEON.DOC.000481vG",
"ebb4106f-a45c-4451-bbd2-c72b7cfc071c","396C77BA880D49418DCAC0650E1C885A","GRSM_020.mammalGrid.mam","D07","GRSM","GRSM_020","2015-09-17","2015-09-17",,"used NEON.DOC.000481vG",
"8ed22c5a-5e2b-4648-b22c-98328e14cb51","18AECC48A5904E7AB907EF1FCC78BE00","GRSM_014.mammalGrid.mam","D07","GRSM","GRSM_014","2015-09-17","2015-09-17",,"used NEON.DOC.000481vG",
