uid,nightuid,namedLocation,domainID,siteID,plotID,collectDate,endDate,samplingProtocolVersion,remarks,dataQF
"1e142bc2-ad0b-4a59-987f-4045213bee12","27b466cf-2a07-40c1-a34b-f89cf753780f","UKFS_018.mammalGrid.mam","D06","UKFS","UKFS_018","2017-09-18","2017-09-18","NEON.DOC.000481vJ",,
"fc01bcf1-7735-4111-bd65-8c22f3ddf0b0","a0acc863-0f69-4018-8fce-ce9b343dc9a4","UKFS_003.mammalGrid.mam","D06","UKFS","UKFS_003","2017-09-18","2017-09-18","NEON.DOC.000481vJ",,
"01ff3e93-7fa5-469e-b95a-287d2e44ef49","867ce698-be7b-498e-bb10-6162bdf80ca3","UKFS_007.mammalGrid.mam","D06","UKFS","UKFS_007","2017-09-18","2017-09-18","NEON.DOC.000481vJ",,
"08248e29-ed98-4ead-91b0-1b083078aab1","304ea6df-53d2-4174-b48a-c94149558993","UKFS_009.mammalGrid.mam","D06","UKFS","UKFS_009","2017-09-20","2017-09-20","NEON.DOC.000481vJ",,
"e54978f3-10a6-4a00-a2ee-f1dbc57deff7","ad12aa47-5ac1-416c-86a6-14385634cf31","UKFS_010.mammalGrid.mam","D06","UKFS","UKFS_010","2017-09-20","2017-09-20","NEON.DOC.000481vJ",,
"80f06487-c2f3-4be4-a573-d6d5591caf20","cd66faff-9b42-497b-b8d4-c6cb5d0c9e2e","UKFS_004.mammalGrid.mam","D06","UKFS","UKFS_004","2017-09-20","2017-09-20","NEON.DOC.000481vJ",,
"c489b339-5ef4-4607-b3da-7f2d92c4ad50","5f8813eb-9ae7-4f56-b68e-b6f0d3c4b3a6","UKFS_004.mammalGrid.mam","D06","UKFS","UKFS_004","2017-09-21","2017-09-21","NEON.DOC.000481vJ",,
"8be19839-0bf6-4002-a40a-0fc63b3c8a6d","ec5fc76e-8df1-459c-8a63-67149fa99d77","UKFS_010.mammalGrid.mam","D06","UKFS","UKFS_010","2017-09-21","2017-09-21","NEON.DOC.000481vJ",,
"997d30b3-9032-44f1-b48e-3c256f9a14d2","309f80c5-c07b-49f8-9cc1-02a70ae57a6f","UKFS_009.mammalGrid.mam","D06","UKFS","UKFS_009","2017-09-21","2017-09-21","NEON.DOC.000481vJ",,
"e13e917d-3f5c-4fac-8bc1-1bfa2cac5f34","98e15f63-fc4a-4e65-9dda-2dc2ef9ad0fc","UKFS_009.mammalGrid.mam","D06","UKFS","UKFS_009","2017-09-22","2017-09-22","NEON.DOC.000481vJ",,
"60447601-6632-42a4-a0b3-137ba808329f","169f2147-8113-4412-8038-5101b1f38f36","UKFS_004.mammalGrid.mam","D06","UKFS","UKFS_004","2017-09-22","2017-09-22","NEON.DOC.000481vJ",,
"6404cb4b-feeb-468f-86e5-e61de1efbb32","df9b6729-74cc-4e1c-9cc9-8803ffd75583","UKFS_010.mammalGrid.mam","D06","UKFS","UKFS_010","2017-09-22","2017-09-22","NEON.DOC.000481vJ",,
