uid,nightuid,namedLocation,domainID,siteID,plotID,collectDate,endDate,samplingProtocolVersion,remarks,dataQF
"140102d2-22f0-44f9-be77-e7e3c5d19158","f3eca853-e81d-47a3-924b-356f6e28be43","TREE_027.mammalGrid.mam","D05","TREE","TREE_027","2017-09-26","2017-09-26",,,
"d4c4c1cd-af3c-480c-8183-ed98084f1889","c0ef39b5-b800-4ada-8e70-c4989c6e6da4","TREE_004.mammalGrid.mam","D05","TREE","TREE_004","2017-09-26","2017-09-26",,,
"6e87f5d3-1662-4eeb-aa6d-ea697f0083f8","e25025b0-3f58-4b64-baae-a993d03bae46","TREE_002.mammalGrid.mam","D05","TREE","TREE_002","2017-09-26","2017-09-26",,,
"58aa2071-157a-4c74-b0c1-fb461f751001","8b2574cd-f52e-4c4d-b585-16194e125e54","TREE_016.mammalGrid.mam","D05","TREE","TREE_016","2017-09-27","2017-09-27",,,
"4d65db99-b632-4adb-a1a9-f2c752ec35d6","e92f5c6c-7abd-4111-be9e-8a376e4c1724","TREE_019.mammalGrid.mam","D05","TREE","TREE_019","2017-09-27","2017-09-27",,,
"b3a7111a-4f7d-4caf-a60d-58cac031f68b","ce11c8c4-dbf3-40bb-94fb-c7e6650b9571","TREE_028.mammalGrid.mam","D05","TREE","TREE_028","2017-09-27","2017-09-27",,,
"ea7db48b-b8c1-45d4-9edf-2ee21123587a","55ff6817-bba6-4f9e-9e5d-80c0d6887367","TREE_016.mammalGrid.mam","D05","TREE","TREE_016","2017-09-28","2017-09-28",,,
"ba58f1f5-b1ea-4d8f-8c56-5d8767de6feb","376f0b02-a63c-419e-bf9e-4e904cc7bcbb","TREE_028.mammalGrid.mam","D05","TREE","TREE_028","2017-09-28","2017-09-28",,,
"f17dbc0d-18a2-44ee-982f-cce250d77112","2daa6960-6e19-4e87-9e81-58a89e1d31cd","TREE_016.mammalGrid.mam","D05","TREE","TREE_016","2017-09-29","2017-09-29",,,
"f5049898-ea43-46b8-92d8-a84806eb0b9b","a7c41f6b-cb19-4454-8a19-7102be251a7a","TREE_028.mammalGrid.mam","D05","TREE","TREE_028","2017-09-29","2017-09-29",,,
