uid,nightuid,namedLocation,domainID,siteID,plotID,collectDate,endDate,samplingProtocolVersion,remarks,dataQF
"66434419-93eb-4933-9eb0-207b35406006","BB9912505BC043A6A83AE284A4418776","DSNY_001.mammalGrid.mam","D03","DSNY","DSNY_001","2013-07-16","2013-07-16",,,
"3861e3a1-ffda-4da7-a3e8-84210d966cc6","06EBA0B59D8F459C9B4DD66314CB7750","DSNY_004.mammalGrid.mam","D03","DSNY","DSNY_004","2013-07-16","2013-07-16",,,
"52fdffe1-74f4-4c8c-8272-ffbbf27c26df","E40F11E1FCDC48A291D466F522418688","DSNY_009.mammalGrid.mam","D03","DSNY","DSNY_009","2013-07-16","2013-07-16",,,
"c43f1dfc-6a8c-439c-94e7-80426ddd8d9d","1CF9CC2882AD417A92E9C0448F24375C","DSNY_009.mammalGrid.mam","D03","DSNY","DSNY_009","2013-07-17","2013-07-17",,,
"4970d452-0a40-4b07-8565-78b432f837be","B1196EC40B6F417F822C26664E22A7C5","DSNY_001.mammalGrid.mam","D03","DSNY","DSNY_001","2013-07-17","2013-07-17",,,
"c9caa58f-4e78-4beb-8192-bcf01ec67744","BECBB0AAEFB94B19AF744956285B6C75","DSNY_004.mammalGrid.mam","D03","DSNY","DSNY_004","2013-07-17","2013-07-17",,,
"5119faf0-32a9-4b06-b928-6a2cfea2e1f9","480DBC6EF18440649FF1D171F54EF11D","DSNY_009.mammalGrid.mam","D03","DSNY","DSNY_009","2013-07-18","2013-07-18",,,
"5940509c-603e-441a-bc73-dff1a55196d7","1AC62231BBBD41E195D546AAA58C0FA5","DSNY_004.mammalGrid.mam","D03","DSNY","DSNY_004","2013-07-18","2013-07-18",,,
"cf5c8e5c-6029-4f1d-be84-1c984bebb732","A27DC05D409C4B1098D006A542EF58FA","DSNY_001.mammalGrid.mam","D03","DSNY","DSNY_001","2013-07-18","2013-07-18",,,
"3df8ea39-cca7-422a-9cfb-4a3a83ff20ae","461E0EB8AFE74816BF611F6E49A1B7AF","DSNY_005.mammalGrid.mam","D03","DSNY","DSNY_005","2013-07-30","2013-07-30",,,
"e35258cf-a7c1-4263-ad93-f1fefe72b2f1","F06346C5900C49D898D6EB381DB20F0E","DSNY_016.mammalGrid.mam","D03","DSNY","DSNY_016","2013-07-30","2013-07-30",,"cows in field",
"4d9a07fd-628b-4ee7-b9e7-a501cd3caef8","3FAEC21CF3F94F13AA8CE83C8C74C138","DSNY_016.mammalGrid.mam","D03","DSNY","DSNY_016","2013-07-31","2013-07-31",,"ENTIRE PLOT IN COW PASTURE, cows and coyotes in field",
"283cd699-aa38-4ba8-b012-53508cc80107","D6F133B034A34EE4A771F445D79A8761","DSNY_005.mammalGrid.mam","D03","DSNY","DSNY_005","2013-07-31","2013-07-31",,,
