uid,nightuid,namedLocation,domainID,siteID,plotID,collectDate,endDate,samplingProtocolVersion,remarks,dataQF
"e5449df8-5888-4a9b-87fc-dfdee988e43c","B629D67E63584AB1948D98C66A75C1CA","CPER_015.mammalGrid.mam","D10","CPER","CPER_015","2015-07-08","2015-07-08",,,
"3e35ceee-b500-4c9c-9413-826140230a50","B7BDC42B01E64F7590D042A39E4BC798","CPER_006.mammalGrid.mam","D10","CPER","CPER_006","2015-07-08","2015-07-08",,"Used version 'vG",
"57da6015-9bf1-47ae-905e-b47fea02f77d","6BBEE7C953514BD496FADC6CF68444C7","CPER_009.mammalGrid.mam","D10","CPER","CPER_009","2015-07-08","2015-07-08",,"Used version 'vG",
"778d66d5-9e08-4167-90df-592210a720c0","2D2BA720AF764B7FAC005640CBAADDD1","CPER_011.mammalGrid.mam","D10","CPER","CPER_011","2015-07-08","2015-07-08",,"Used version 'vG",
"7b095961-a273-4411-836b-2c157eb3e472","09DFD78613C8447FBD934F94A4A24337","CPER_005.mammalGrid.mam","D10","CPER","CPER_005","2015-07-08","2015-07-08",,,
"c9ceac2c-cc31-4631-b9d3-c90ca759a393","30B34BC3CA764AB78FEE50915C694954","CPER_011.mammalGrid.mam","D10","CPER","CPER_011","2015-07-09","2015-07-09",,"used version 'vG",
"343d986e-01ec-48eb-ba26-c5768dfd3ef1","341135CB082643379E838225EA992A05","CPER_008.mammalGrid.mam","D10","CPER","CPER_008","2015-07-09","2015-07-09",,"used version 'vG",
"9fb61b1d-b533-4fd9-8bc2-808d48139f2e","C56133009168409796A9434BA0656014","CPER_015.mammalGrid.mam","D10","CPER","CPER_015","2015-07-09","2015-07-09",,"used version 'vG",
"2d3855ba-df19-4c7e-8ed4-7b1339a54dbf","ACA32E366ADA4A958473AB5CF2582504","CPER_005.mammalGrid.mam","D10","CPER","CPER_005","2015-07-09","2015-07-09",,"used version 'vG",
"d0f74944-dc01-4b7b-a911-79ad16e2725d","7243A1B20E454444800C2FA7EE2161EE","CPER_002.mammalGrid.mam","D10","CPER","CPER_002","2015-07-09","2015-07-09",,"used version 'vG",
"b9f48541-69ea-47cf-a621-c7220de2c19d","50AD278832714EE980C7EC2ACAF88CAB","CPER_004.mammalGrid.mam","D10","CPER","CPER_004","2015-07-09","2015-07-09",,"used version 'vG",
"311e60b3-37d4-4fa9-8ccf-61c490a56ef4","7ECFD1D84C6C428C9B669C0EDF19DB3D","CPER_005.mammalGrid.mam","D10","CPER","CPER_005","2015-07-10","2015-07-10",,"used version 'vG",
"6ba4cd75-5357-401a-bbdc-9c863b64a2c6","6EFCCCB992D14AEBA2C5388AE82F978A","CPER_011.mammalGrid.mam","D10","CPER","CPER_011","2015-07-10","2015-07-10",,"Used v 'G",
"461282fe-f615-4d97-9a1a-01d6ff35f2b7","835B09CD8F3F4623B6786C5AF1F5A220","CPER_015.mammalGrid.mam","D10","CPER","CPER_015","2015-07-10","2015-07-10",,"used version 'vG",
