uid,nightuid,namedLocation,domainID,siteID,plotID,collectDate,endDate,samplingProtocolVersion,remarks,dataQF
"901a72d0-a75b-46ba-99e2-6d41130206d3","E43E7007824C42E2981F16989BE81E36","ONAQ_008.mammalGrid.mam","D15","ONAQ","ONAQ_008","2014-05-28","2014-05-28",,,
"dd41df16-34ab-4980-804d-f42030151acd","68448159F19A453198EDDD1077A9D57A","ONAQ_021.mammalGrid.mam","D15","ONAQ","ONAQ_021","2014-05-28","2014-05-28",,,
"911f2127-4084-4ef0-8126-261f2220c6a0","E21D69E0FA6947DD8394E1DA714A97E7","ONAQ_014.mammalGrid.mam","D15","ONAQ","ONAQ_014","2014-05-28","2014-05-28",,,
"d039c0ea-8eac-4796-91b1-164b47ad4f9d","88F50A7DD7384EA58A2EC0D3E79128DF","ONAQ_003.mammalGrid.mam","D15","ONAQ","ONAQ_003","2014-05-28","2014-05-28",,,
"77086862-8213-4d4b-90e1-274fe5cc85b0","9763E733115D4122861F5DED3FC01E3E","ONAQ_021.mammalGrid.mam","D15","ONAQ","ONAQ_021","2014-05-29","2014-05-29",,,
"7f2edff9-2104-435d-b546-76716ef2fcdb","26A4FC74073444778651D2AA9B1CA6D1","ONAQ_014.mammalGrid.mam","D15","ONAQ","ONAQ_014","2014-05-29","2014-05-29",,,
"f802d818-dd5d-47f8-80a8-579e232c12c3","997FFBBA5DD742B5BA96465767B3C735","ONAQ_003.mammalGrid.mam","D15","ONAQ","ONAQ_003","2014-05-29","2014-05-29",,,
"349517e0-7493-4b43-b69f-32734dbe6bea","710ADBA9B1184954BCD7C61AF5BECE31","ONAQ_008.mammalGrid.mam","D15","ONAQ","ONAQ_008","2014-05-29","2014-05-29",,,
"7fc0f3f9-5780-4e9e-99a4-c75822c3e670","5E793FE00ADC4A41A3099B50BDF21C35","ONAQ_014.mammalGrid.mam","D15","ONAQ","ONAQ_014","2014-05-30","2014-05-30",,,
"f9e889b5-4f4c-45a8-8ea4-02f4d64c1a0f","DB14AB6506E44F37A631DA967C9A6A5A","ONAQ_003.mammalGrid.mam","D15","ONAQ","ONAQ_003","2014-05-30","2014-05-30",,,
"4164828d-bb29-45c8-b28d-ea31699fb3cd","BD8C38826DFC4447AC0799A8DBE83B16","ONAQ_017.mammalGrid.mam","D15","ONAQ","ONAQ_017","2014-05-31","2014-05-31",,,
"8e6d5184-2083-4ef0-bdd8-5dc3410b55c6","9FA50FA9324F4C57958C8E9E7F7E3249","ONAQ_004.mammalGrid.mam","D15","ONAQ","ONAQ_004","2014-05-31","2014-05-31",,,
"f693a17e-f0dc-409c-8d4e-93831c3ba67d","7061804830034D6D977866355C477DCA","ONAQ_005.mammalGrid.mam","D15","ONAQ","ONAQ_005","2014-05-31","2014-05-31",,,
