uid,nightuid,namedLocation,domainID,siteID,plotID,collectDate,endDate,samplingProtocolVersion,remarks,dataQF
"aa148183-a886-47bc-97e6-a8559623304b","111858B6F8DD4D0AA3E65B4D03F95E90","ONAQ_021.mammalGrid.mam","D15","ONAQ","ONAQ_021","2014-09-20","2014-09-20",,,
"3184fd54-87e0-41da-84ec-810b9845bb72","650718307F5A41CF873C19EC2CEE3EE4","ONAQ_015.mammalGrid.mam","D15","ONAQ","ONAQ_015","2014-09-20","2014-09-20",,"Some captured animals not processed because of logistical time constraints due to high capture rates. Species and trap location recorded, as well as recapture status when possible.",
"8bf2b540-e0ba-4d75-948c-30de7ba75bb5","BBCB9E4E00AE4723A1F18E159CC6B431","ONAQ_014.mammalGrid.mam","D15","ONAQ","ONAQ_014","2014-09-20","2014-09-20",,,
"041354a9-b38d-4aca-a72d-7fb58ec0c7a3","C71D6A83F53242B8AF396C5AC9075AB5","ONAQ_015.mammalGrid.mam","D15","ONAQ","ONAQ_015","2014-09-21","2014-09-21",,"Most captured animals on plot were released w/o processing, though species/trap station of all animals were recorded. Recapture status also recorded, when possible.",
"39c44162-7e40-4752-9de6-a0d7b9298632","E6F5F71C8CC34D99873BDBC982023FE2","ONAQ_014.mammalGrid.mam","D15","ONAQ","ONAQ_014","2014-09-21","2014-09-21",,,
"bd77033c-cd40-4c5b-ab88-ed907f30f0fb","9FF51EDAD36744D08C501992872A53B8","ONAQ_021.mammalGrid.mam","D15","ONAQ","ONAQ_021","2014-09-21","2014-09-21",,"No measurements for recaptured animals and no samples taken from any animals because of high capture rates.",
