uid,nightuid,namedLocation,domainID,siteID,plotID,collectDate,endDate,samplingProtocolVersion,remarks,dataQF
"387aab3d-205b-464e-b39d-c5860e44c46d","8f187b30-03a6-472d-a243-b64ddbba41a1","ORNL_002.mammalGrid.mam","D07","ORNL","ORNL_002","2017-07-18","2017-07-18","NEON.DOC.000481vH",,
"1d8595c4-62e5-475b-a7e4-c7f3748adbe7","5f499ccf-6d77-4bc5-89bd-6e31c1e1c964","ORNL_001.mammalGrid.mam","D07","ORNL","ORNL_001","2017-07-18","2017-07-18","NEON.DOC.000481vJ",,
"845dccbb-9c55-40db-b64f-77569edaa40e","aa09e921-7841-4016-8782-4f92f140bc93","ORNL_039.mammalGrid.mam","D07","ORNL","ORNL_039","2017-07-18","2017-07-18","NEON.DOC.000481vJ","Always go to this plot first!",
"a5de8a2d-a141-4452-9581-469610a6fbdf","1151c6af-70cb-4fc5-a988-7e0b2e08e565","ORNL_003.mammalGrid.mam","D07","ORNL","ORNL_003","2017-07-18","2017-07-18","NEON.DOC.000481vH",,
"bc9808bc-cf12-4995-98a2-669639d4747d","5c86bd89-ee1f-415c-9584-5b9158ba461d","ORNL_001.mammalGrid.mam","D07","ORNL","ORNL_001","2017-07-19","2017-07-19","NEON.DOC.000481vJ",,
"3b459e04-6902-4729-a579-9a384f013754","711286f4-794b-46ec-8f86-ef1d2c589781","ORNL_027.mammalGrid.mam","D07","ORNL","ORNL_027","2017-07-19","2017-07-19","NEON.DOC.000481vJ",,
"d77797bd-8880-445d-919e-6b2a7465b0da","11d183f3-1fe3-4706-a70b-7c1e1ea90795","ORNL_003.mammalGrid.mam","D07","ORNL","ORNL_003","2017-07-19","2017-07-19","NEON.DOC.000481vH",,
"f5bcc317-a60c-44dc-a459-2d93da7d43cf","22a80a98-bb48-445c-a430-08977e6dc71b","ORNL_002.mammalGrid.mam","D07","ORNL","ORNL_002","2017-07-19","2017-07-19","NEON.DOC.000481vH",,
"d2fe2373-a4d1-4ca5-82ac-28cabad19c45","328d4f5d-742a-4179-9408-8bd714246271","ORNL_007.mammalGrid.mam","D07","ORNL","ORNL_007","2017-07-20","2017-07-20","NEON.DOC.000481vJ",,
"51b89ffc-e3da-4da4-8eaa-2723b033f30a","9c4aafb8-c397-421d-8540-9e76682434e8","ORNL_003.mammalGrid.mam","D07","ORNL","ORNL_003","2017-07-20","2017-07-20","NEON.DOC.000481vJ",,
"00f072ae-f91e-4fe4-a59c-3b88fbd19658","50e2840c-0277-4356-a7ba-405290be871a","ORNL_001.mammalGrid.mam","D07","ORNL","ORNL_001","2017-07-20","2017-07-20","NEON.DOC.000481vJ",,
"39e5cb59-4932-4f8b-a5f2-ca4b1655ebff","8db0bd30-c41a-47f2-a76b-b38975207c64","ORNL_002.mammalGrid.mam","D07","ORNL","ORNL_002","2017-07-20","2017-07-20","NEON.DOC.000481vJ",,
