uid,nightuid,namedLocation,domainID,siteID,plotID,collectDate,endDate,samplingProtocolVersion,remarks,dataQF
"57d901c5-d965-4c0e-af8b-167e42974cc8","a01e2448-c650-4215-ba9a-d4c078687bc3","JORN_001.mammalGrid.mam","D14","JORN","JORN_001","2018-05-06","2018-05-06","NEON.DOC.000481vK",,
"4545d840-d6d9-47ec-865d-77db5e82d756","ffcfa188-637f-4760-9784-6e03febd0a17","JORN_018.mammalGrid.mam","D14","JORN","JORN_018","2018-05-06","2018-05-06","NEON.DOC.000481vK",,
"5a995f0e-aa92-4ba1-b567-f5b96598ab36","69a188bb-edec-43a7-8831-4ae036f79aa7","JORN_017.mammalGrid.mam","D14","JORN","JORN_017","2018-05-06","2018-05-06","NEON.DOC.000481vK",,
"b7783d4d-e00e-4241-ad2e-880e9387b5f9","35987ea7-f8f8-449a-b449-79c605ee9bd5","JORN_017.mammalGrid.mam","D14","JORN","JORN_017","2018-05-07","2018-05-07","NEON.DOC.000481vK",,
"fdfd2dee-938a-462e-9838-bda9957adb9e","3aa703ce-9045-44d7-8c8a-b1efcc1b3267","JORN_001.mammalGrid.mam","D14","JORN","JORN_001","2018-05-07","2018-05-07","NEON.DOC.000481vK",,
"253172d5-4f9b-423b-842f-6d0666f1b01c","9ea5971f-8a9a-4452-af87-ccae943a219b","JORN_018.mammalGrid.mam","D14","JORN","JORN_018","2018-05-07","2018-05-07","NEON.DOC.000481vK",,
"44d9c222-ddb9-4467-a7e4-1e901dd58051","38c7c0f3-c3ad-4039-b62a-a22360b1cf30","JORN_018.mammalGrid.mam","D14","JORN","JORN_018","2018-05-08","2018-05-08","NEON.DOC.000481vK",,
"147ffc9d-576a-4097-afe0-ac1cc31e394e","f115aa3a-0f79-4b71-9cc3-df56ee1b86b1","JORN_017.mammalGrid.mam","D14","JORN","JORN_017","2018-05-08","2018-05-08","NEON.DOC.000481vK",,
"47107752-131f-4780-a608-4ec8682e5946","2f7955ac-8fbb-4f63-9b7e-156737ac6214","JORN_001.mammalGrid.mam","D14","JORN","JORN_001","2018-05-08","2018-05-08","NEON.DOC.000481vK",,
"6e78cd1f-bce6-4e0c-9f3e-f1776103c237","39ea713c-b4f8-4d23-9a13-acd9715c29e7","JORN_007.mammalGrid.mam","D14","JORN","JORN_007","2018-05-09","2018-05-09","NEON.DOC.000481vK",,
"e8d2b471-b819-4196-a2c0-0dcfcc535437","956bed73-c9fb-4d68-abe6-6bf47e2353e4","JORN_011.mammalGrid.mam","D14","JORN","JORN_011","2018-05-09","2018-05-09","NEON.DOC.000481vK",,
"7cda3a45-c262-4eab-960c-9d5df2b24974","1b32db8b-d7b2-4421-9391-381f4ff56f4c","JORN_031.mammalGrid.mam","D14","JORN","JORN_031","2018-05-09","2018-05-09","NEON.DOC.000481vK",,
