uid,nightuid,namedLocation,domainID,siteID,plotID,collectDate,endDate,samplingProtocolVersion,remarks,dataQF
"03ecb017-41c3-4dfa-808e-459c9281082e","DCAA7890216845ABB3134B4C88401187","TALL_010.mammalGrid.mam","D08","TALL","TALL_010","2015-04-21","2015-04-21",,,
"4198abe4-33e1-4c5a-8385-679e8c8343b6","30E48B1A9BAB4A50956E8DBFE7EA582D","TALL_015.mammalGrid.mam","D08","TALL","TALL_015","2015-04-21","2015-04-21",,,
"3d84f6f6-9741-4448-8765-23522f25a2c2","A158F6B91303422EBD57548DBBBD893E","TALL_031.mammalGrid.mam","D08","TALL","TALL_031","2015-04-21","2015-04-21",,,
"67b35b89-e9c8-4202-887b-9bf31c039e86","C61B5A59DE0B456594B9D50822187B28","TALL_024.mammalGrid.mam","D08","TALL","TALL_024","2015-04-21","2015-04-21",,,
"c36b46ca-dc6e-4b17-80f2-b7c649688c39","EB4C95DBD1B442FA9B66B4FC462B410C","TALL_010.mammalGrid.mam","D08","TALL","TALL_010","2015-04-22","2015-04-22",,,
"cdf00f72-44ae-4840-9d7f-ca0bfe7acb65","3D6E27AFDAC544E3B56A5EB558ECBBEE","TALL_015.mammalGrid.mam","D08","TALL","TALL_015","2015-04-22","2015-04-22",,,
"812a01ff-94a9-4e0f-bc12-2d6abaa0c2e6","D636F0A20F654C5F898D399A1F58D5D5","TALL_031.mammalGrid.mam","D08","TALL","TALL_031","2015-04-22","2015-04-22",,,
"b7afa2bb-c004-44de-b67b-0a8a4571b01d","114C0B9136184DF3B35EA86B12CE725A","TALL_024.mammalGrid.mam","D08","TALL","TALL_024","2015-04-22","2015-04-22",,,
"61204798-8ddd-4546-b7b5-e30260441c55","7B1F8A25A3EE45CFA66561D78858B0D7","TALL_010.mammalGrid.mam","D08","TALL","TALL_010","2015-04-23","2015-04-23",,,
"ca2179db-2817-47ff-ab40-b1ae8a1b047b","A565D01499354921987D13BF64ACB88E","TALL_015.mammalGrid.mam","D08","TALL","TALL_015","2015-04-23","2015-04-23",,,
"29d9b727-7f95-4b70-a021-8fbd2501b361","ED4EAE83704D484092ADC57DAA25425D","TALL_031.mammalGrid.mam","D08","TALL","TALL_031","2015-04-23","2015-04-23",,,
"4982bc36-ebbf-4b6d-97e6-ffb095501fa4","DCF085DA9B4C4CE0BD08EE3678292025","TALL_024.mammalGrid.mam","D08","TALL","TALL_024","2015-04-23","2015-04-23",,,
"ad7538e4-e01f-431a-8edc-e5e1c7a544fd","4FC0F94F4B21456F98D1663AC4471C4E","TALL_012.mammalGrid.mam","D08","TALL","TALL_012","2015-04-24","2015-04-24",,,
"0e5ccffa-623a-4088-9583-8953e5e0da3a","A6201693087B49C49EBD854B6D3BE569","TALL_005.mammalGrid.mam","D08","TALL","TALL_005","2015-04-24","2015-04-24",,,
"ff9c9070-c212-4c32-865b-e08be5e83551","A3516A8D8E374DDB929FD38753313E34","TALL_013.mammalGrid.mam","D08","TALL","TALL_013","2015-04-24","2015-04-24",,,
"e491b4c9-ca4e-40da-baee-bfb3f9ff4a09","AD574B31F30D44B0AAD8A930F82B8A76","TALL_006.mammalGrid.mam","D08","TALL","TALL_006","2015-04-24","2015-04-24",,,
