uid,nightuid,namedLocation,domainID,siteID,plotID,collectDate,endDate,samplingProtocolVersion,remarks,dataQF
"2a5779e9-cd79-44c8-8434-7b321347be9e","571cd9c0-f61e-44b8-904a-58a078adae2d","DSNY_001.mammalGrid.mam","D03","DSNY","DSNY_001","2018-11-13","2018-11-13","NEON.DOC.000481vK",,
"93b8bb7f-b773-46f3-801e-9e3f567ba9a5","5e877ebf-ca53-472e-bba0-9754fab9caae","DSNY_016.mammalGrid.mam","D03","DSNY","DSNY_016","2018-11-13","2018-11-13","NEON.DOC.000481vK",,
"224c0479-b099-4ac1-a3ad-ea081df20627","0d84a116-ba7d-43e1-a20e-e89f3fc40729","DSNY_004.mammalGrid.mam","D03","DSNY","DSNY_004","2018-11-13","2018-11-13","NEON.DOC.000481vK",,
"4050f575-8215-49a4-9eca-ba0eb33125a6","0af45bf5-015b-4ded-b032-c137e295e0b3","DSNY_005.mammalGrid.mam","D03","DSNY","DSNY_005","2018-11-13","2018-11-13","NEON.DOC.000481vK",,
"179284d0-7786-425d-8097-4053095fd29b","23f9aaaa-3e80-4521-8fd8-23f9fcc497cb","DSNY_010.mammalGrid.mam","D03","DSNY","DSNY_010","2018-11-14","2018-11-14","NEON.DOC.000481vK",,
"08ee1c1f-6e38-42f6-a02c-9557a52ecc8e","1afb78d6-0551-4b45-af2f-6f128260c3da","DSNY_005.mammalGrid.mam","D03","DSNY","DSNY_005","2018-11-14","2018-11-14","NEON.DOC.000481vK",,
"f8079e6f-8377-42d5-a6ef-7c5c2fe26366","4a420bcc-1cc9-4deb-93db-08b86f5253bc","DSNY_001.mammalGrid.mam","D03","DSNY","DSNY_001","2018-11-14","2018-11-14","NEON.DOC.000481vK",,
"5c8e44df-9444-42a6-98ab-f8c84aea020e","b8882b39-4a1a-4cd9-89c1-d2e5f2a7b5aa","DSNY_004.mammalGrid.mam","D03","DSNY","DSNY_004","2018-11-14","2018-11-14","NEON.DOC.000481vK",,
"5f36032a-5003-4c6e-8b45-2ba0b7d98168","15074cf9-94ee-4589-baca-150aa58acc6c","DSNY_004.mammalGrid.mam","D03","DSNY","DSNY_004","2018-11-15","2018-11-15","NEON.DOC.000481vK",,
"06dbf46f-b8f1-493a-8a62-b41fbafea1e0","5758b923-98ba-4c65-b154-cf8bfb3981c8","DSNY_006.mammalGrid.mam","D03","DSNY","DSNY_006","2018-11-15","2018-11-15","NEON.DOC.000481vK",,
"3807d78d-b671-4d4c-8b80-e77e45837928","67116282-9993-49b8-9f84-8d18f2ede049","DSNY_001.mammalGrid.mam","D03","DSNY","DSNY_001","2018-11-15","2018-11-15","NEON.DOC.000481vK",,
"60c54f94-43c7-4caf-98e0-0aedb92eb528","bfe47274-bb3b-459a-a621-b01c6ee5bd71","DSNY_005.mammalGrid.mam","D03","DSNY","DSNY_005","2018-11-15","2018-11-15","NEON.DOC.000481vK",,
