uid,nightuid,namedLocation,domainID,siteID,plotID,collectDate,endDate,samplingProtocolVersion,remarks,dataQF
"73ccc6d9-72d3-4534-b63f-1d2831689144","17C0EDBF910747C2A27825E8F4D0F82B","SCBI_008.mammalGrid.mam","D02","SCBI","SCBI_008","2016-04-01","2016-04-01","NEON.DOC.000481vG","Canceled this night of trapping due to hazardous weather",
"6f357852-f423-4631-9885-3fb7df7ee1f6","8D4B32839BF9401B9FA98CB553C0026C","SCBI_035.mammalGrid.mam","D02","SCBI","SCBI_035","2016-04-01","2016-04-01","NEON.DOC.000481vG","This night was canceled due to hazardous weather",
"4e3126d1-31ee-4294-ba71-1027dfe929c0","F6CE5572E3C8400285E3E99928A06806","SCBI_008.mammalGrid.mam","D02","SCBI","SCBI_008","2016-04-02","2016-04-02","NEON.DOC.000481vG","Low 50s F",
"52872d61-4774-431e-a3aa-3db0e12ce01b","E2D3C9D575FE488B8938F8765797AA39","SCBI_035.mammalGrid.mam","D02","SCBI","SCBI_035","2016-04-02","2016-04-02","NEON.DOC.000481vG","Overnight low in the 50s; plot has not yet been burned for management; grass 1.5m tall",
"458d708e-b2b9-4fda-9b18-2c920597ebed","385DBB9DC563446FBD1D14AB49ECD9B1","SCBI_035.mammalGrid.mam","D02","SCBI","SCBI_035","2016-04-03","2016-04-03","NEON.DOC.000481vG","Overnight low of 29 degrees F; snowing during trap checking; this plot has not yet been burned; grass 1.5m tall",
"5f43969e-3611-42e7-85eb-e381d6546f4d","61AE43ACBC9F4489A3DEA77E4E874B22","SCBI_008.mammalGrid.mam","D02","SCBI","SCBI_008","2016-04-03","2016-04-03","NEON.DOC.000481vG","Low 28 F; snowing this morning",
"a428e062-60d6-4498-a89c-49cc5d3f1382","5685EF7594D24CA287A108E1CC0BD2E6","SCBI_002.mammalGrid.mam","D02","SCBI","SCBI_002","2016-04-27","2016-04-27","NEON.DOC.000481vG",,
"f1181c47-2f9e-4b3d-a77b-5357f0897e5f","A5188EB497784D05AF07C47F1D6E486F","SCBI_035.mammalGrid.mam","D02","SCBI","SCBI_035","2016-04-27","2016-04-27","NEON.DOC.000481vG","Half of this plot was burned as part of site host management; burn was 2-3 weeks prior to trapping",
"7f65eebe-9c72-41fa-ad10-0d30fe72efd9","C428BDCAC44647869E8CC2AEF6F9C4A2","SCBI_008.mammalGrid.mam","D02","SCBI","SCBI_008","2016-04-27","2016-04-27","NEON.DOC.000481vG",,
"3d5b8b6b-d2b7-48a7-b035-03e7a2416b69","ECCB90C67DFF4A0D86E9BB2828B5B70C","SCBI_035.mammalGrid.mam","D02","SCBI","SCBI_035","2016-04-28","2016-04-28","NEON.DOC.000481vG",,
"9b159696-b700-49b5-996c-5028c405b8d2","84B66466A2234240B04762CF376F9051","SCBI_002.mammalGrid.mam","D02","SCBI","SCBI_002","2016-04-28","2016-04-28","NEON.DOC.000481vG","Heavily disturbed; plot pulled",
"f3db97bf-0485-4883-ad10-537d265b7dd8","464E3D91B9564F62AD209C3628F5DD1C","SCBI_008.mammalGrid.mam","D02","SCBI","SCBI_008","2016-04-28","2016-04-28","NEON.DOC.000481vG","may have more scat notes than actual as there was heavy rain overnight and traps were dirty",
"d1ba35b6-bd12-4f1a-a6ef-bcfea28f746b","47A55B72E7CC4FB88C1C539732170BC4","SCBI_039.mammalGrid.mam","D02","SCBI","SCBI_039","2016-04-29","2016-04-29","NEON.DOC.000481vG",,
"1ae04bcf-dbf5-4efb-9d7e-0cb92d035c0e","E2C40E6A481D4DC7B7133C57A7EE848C","SCBI_002.mammalGrid.mam","D02","SCBI","SCBI_002","2016-04-29","2016-04-29","NEON.DOC.000481vG","Plot pulled prior to this trap night due to heavy disturbance",
"ed2da796-e272-4977-a8b7-a3dddbc0e0d9","651B5111D3294B20A2414E1F719828F5","SCBI_008.mammalGrid.mam","D02","SCBI","SCBI_008","2016-04-29","2016-04-29","NEON.DOC.000481vG",,
"0885f7c9-92ab-492c-a9f4-99e243841608","E444F982001E40AB997D6E5A063B2F93","SCBI_035.mammalGrid.mam","D02","SCBI","SCBI_035","2016-04-29","2016-04-29","NEON.DOC.000481vG",,
"eb920762-48e2-480b-bc8f-e459f5da313a","88637F99E07C48D3B51F809BCF22C53B","SCBI_003.mammalGrid.mam","D02","SCBI","SCBI_003","2016-04-30","2016-04-30","NEON.DOC.000481vG",,
"c2f2b60e-6fc9-4ff4-8f42-4c544ba003f9","35391D24531E4924AC53DCE4E3593189","SCBI_004.mammalGrid.mam","D02","SCBI","SCBI_004","2016-04-30","2016-04-30","NEON.DOC.000481vG",,
