uid,nightuid,namedLocation,domainID,siteID,plotID,collectDate,endDate,samplingProtocolVersion,remarks,dataQF
"bfdbd2c0-3237-4309-9128-158da2c90e32","2ea6418a-6a38-42b3-9c67-542ddda31080","UNDE_003.mammalGrid.mam","D05","UNDE","UNDE_003","2018-06-12","2018-06-12","NEON.DOC.000481vK",,
"618fa6d6-60fc-4909-9596-5449ded24052","51efb089-ca9b-48e2-b175-f5c8e3821312","UNDE_002.mammalGrid.mam","D05","UNDE","UNDE_002","2018-06-12","2018-06-12","NEON.DOC.000481vK",,
"4e11b9a4-6bd9-454b-8800-f635f7eaa81f","7671ab14-ab71-419a-ae44-c752318eb8ed","UNDE_008.mammalGrid.mam","D05","UNDE","UNDE_008","2018-06-12","2018-06-12","NEON.DOC.000481vK",,
"c1f207fa-5977-4fff-b1f1-0809ac13b20a","bccd9562-ac9b-4ba9-96c9-812d991c467a","UNDE_012.mammalGrid.mam","D05","UNDE","UNDE_012","2018-06-13","2018-06-13","NEON.DOC.000481vK",,
"c88ab25c-3c07-40a0-8cb8-8efbc3a14759","f607e7ab-cd74-45be-9292-aa4a72b26d72","UNDE_027.mammalGrid.mam","D05","UNDE","UNDE_027","2018-06-13","2018-06-13","NEON.DOC.000481vK",,
"c08b1716-9c4f-4cec-9c79-cfd9cee2b982","aff45ed6-a9bc-4fe8-8443-c708feef3321","UNDE_001.mammalGrid.mam","D05","UNDE","UNDE_001","2018-06-13","2018-06-13","NEON.DOC.000481vK",,
"be391c00-25c9-488e-9726-3037f40c98a4","68b87755-ec6d-4145-9d90-7e3461ddb748","UNDE_032.mammalGrid.mam","D05","UNDE","UNDE_032","2018-06-13","2018-06-13","NEON.DOC.000481vK",,
"0651b477-7f09-4b0d-92ad-bf5035090879","e5d1aa27-e5f7-441f-bcc3-1f6ab327850e","UNDE_027.mammalGrid.mam","D05","UNDE","UNDE_027","2018-06-14","2018-06-14","NEON.DOC.000481vK",,
"8de1d948-12f4-4884-bf5d-a983dd385f0f","2b0ad3a5-1818-4422-9c3f-aa279e9c579c","UNDE_012.mammalGrid.mam","D05","UNDE","UNDE_012","2018-06-14","2018-06-14","NEON.DOC.000481vK",,
"e2cea528-08eb-470f-9e26-88df690cdcae","89815986-83cf-42ed-83aa-5ffb21ae73c1","UNDE_032.mammalGrid.mam","D05","UNDE","UNDE_032","2018-06-14","2018-06-14","NEON.DOC.000481vK",,
