uid,nightuid,namedLocation,domainID,siteID,plotID,collectDate,endDate,samplingProtocolVersion,remarks,dataQF
"f7e9329a-cb87-4494-9dd1-ea4b0096b021","199497f0-f728-4eb0-be85-2e61f216a025","LENO_006.mammalGrid.mam","D08","LENO","LENO_006","2017-08-01","2017-08-01","NEON.DOC.000481vJ",,
"16c333d3-3d3d-4b42-80c7-c890075838f6","33fa7e53-0206-409c-a814-d97dd610df6e","LENO_008.mammalGrid.mam","D08","LENO","LENO_008","2017-08-01","2017-08-01","NEON.DOC.000481vJ",,
"349487f6-1bdc-484f-82a1-bd205c55df2f","c05c185e-1164-4ed8-9a2f-832dea85d436","LENO_031.mammalGrid.mam","D08","LENO","LENO_031","2017-08-01","2017-08-01","NEON.DOC.000481vJ",,
"8cfba354-edae-4b70-8850-2d0e83f6931d","57d2418d-f4db-4046-a78e-f75864de6cb8","LENO_002.mammalGrid.mam","D08","LENO","LENO_002","2017-08-01","2017-08-01","NEON.DOC.000481vJ",,
"fc6ced0a-bd74-4804-a70d-dfbded1b9709","e8094b80-a4ed-42a0-b1c5-bf104bcd30c3","LENO_022.mammalGrid.mam","D08","LENO","LENO_022","2017-08-01","2017-08-01","NEON.DOC.000481vJ",,
"6420523f-eb33-4d24-a586-c9c57d86a896","65714636-ded3-42cb-9c7a-8c4e91356240","LENO_003.mammalGrid.mam","D08","LENO","LENO_003","2017-08-01","2017-08-01","NEON.DOC.000481vJ",,
"71b75240-3914-4339-9562-d67cad224425","f8fc12ad-7233-4c40-936a-097a312171ee","LENO_006.mammalGrid.mam","D08","LENO","LENO_006","2017-08-02","2017-08-02","NEON.DOC.000481vJ",,
"f8de0974-958d-4976-acc8-0b551f92f8ad","6c1908e9-c7f5-4774-912b-d3fc80c1b43f","LENO_008.mammalGrid.mam","D08","LENO","LENO_008","2017-08-02","2017-08-02","NEON.DOC.000481vJ",,
"148e6f1e-4eaf-428d-83bf-e49eb1c9a4b2","108a5ebb-3820-4c96-b8ac-0404e5947516","LENO_031.mammalGrid.mam","D08","LENO","LENO_031","2017-08-02","2017-08-02","NEON.DOC.000481vJ",,
"8df7b0dc-52cd-4a5a-8bcb-4ecdf48cac44","c4283337-a277-4676-94cf-a68516e17243","LENO_002.mammalGrid.mam","D08","LENO","LENO_002","2017-08-02","2017-08-02","NEON.DOC.000481vJ",,
"ff9a56dd-71b0-44ca-be88-9cf8b86c5b69","7d44f7bf-accd-4791-9e7d-a90c48c03fc7","LENO_015.mammalGrid.mam","D08","LENO","LENO_015","2017-08-02","2017-08-02","NEON.DOC.000481vJ",,
"04f19584-67aa-428c-ad66-7b0928c7fcc8","3a92beb4-deb7-43e8-8c2b-ae0bdbba2405","LENO_002.mammalGrid.mam","D08","LENO","LENO_002","2017-08-29","2017-08-29","NEON.DOC.000481vJ",,
"e3cb5a0b-840f-4464-a802-b61e4241deed","8129981d-4f7d-4a3a-906d-d5cf0961dd89","LENO_008.mammalGrid.mam","D08","LENO","LENO_008","2017-08-29","2017-08-29","NEON.DOC.000481vJ",,
"cf63d7d5-86c5-49bf-9729-8c114ea68093","14ff06d5-dc10-41de-aa7a-e8b83e8b7c9b","LENO_006.mammalGrid.mam","D08","LENO","LENO_006","2017-08-29","2017-08-29","NEON.DOC.000481vJ",,
"dfbe9cb0-5a53-465f-b24f-48d98c44f5fd","b830410b-ab89-4266-b6bc-5b728a494d86","LENO_031.mammalGrid.mam","D08","LENO","LENO_031","2017-08-29","2017-08-29","NEON.DOC.000481vJ",,
"20284551-db3e-4bca-9134-97c7a078904d","01da47fe-bf6c-48a6-a526-8b577529ee0e","LENO_006.mammalGrid.mam","D08","LENO","LENO_006","2017-08-30","2017-08-30","NEON.DOC.000481vJ",,
"437ba38a-55f0-483a-8eee-71e41ee577a4","8023f44d-dc24-47ae-9144-45680895bd8b","LENO_031.mammalGrid.mam","D08","LENO","LENO_031","2017-08-30","2017-08-30","NEON.DOC.000481vJ",,
"9567de26-fd65-4ad6-ab06-15e6f3f996f6","a5950a29-3584-4062-8962-f5b08dd4b8f2","LENO_003.mammalGrid.mam","D08","LENO","LENO_003","2017-08-30","2017-08-30","NEON.DOC.000481vJ",,
"c9ecddff-4d6c-4a6b-942a-50d684f947f6","ea5abeb6-8bde-4fea-8d8c-5c027ccfaffb","LENO_008.mammalGrid.mam","D08","LENO","LENO_008","2017-08-30","2017-08-30","NEON.DOC.000481vJ",,
"0524a8c3-b82d-4781-a8eb-e3b4c8f0212c","b040cae3-f6db-431a-8bd8-d863e336ca00","LENO_002.mammalGrid.mam","D08","LENO","LENO_002","2017-08-30","2017-08-30","NEON.DOC.000481vJ",,
"ab285c1c-1d57-4ff3-bdb2-50ffe0a4683c","15d30023-0de3-4d8f-877c-aac3d97df1cb","LENO_008.mammalGrid.mam","D08","LENO","LENO_008","2017-08-31","2017-08-31","NEON.DOC.000481vJ",,
"3cf5ef02-1f73-4315-890e-c0320a07be73","10c06cdc-2734-4ff3-bd77-cfa5d03458e0","LENO_015.mammalGrid.mam","D08","LENO","LENO_015","2017-08-31","2017-08-31","NEON.DOC.000481vJ",,
"64fbe751-1a80-4bb3-bea8-5ca4d61e8d1f","92f1db55-5fbf-42e7-9f37-f704f00b431e","LENO_002.mammalGrid.mam","D08","LENO","LENO_002","2017-08-31","2017-08-31","NEON.DOC.000481vJ",,
"0b6ac8b8-eaa8-4d2f-bbe6-bd301f2c51f7","a1c53abf-e997-411e-832d-38b23b7c8373","LENO_031.mammalGrid.mam","D08","LENO","LENO_031","2017-08-31","2017-08-31","NEON.DOC.000481vJ",,
"2ecd4de1-c21e-4274-96e3-aa40a1eee30c","d13061bf-76e4-4350-bd7e-aae2b2cd0678","LENO_006.mammalGrid.mam","D08","LENO","LENO_006","2017-08-31","2017-08-31","NEON.DOC.000481vJ",,
"fe662638-6d17-4c87-90b9-7912a9245ce2","e57c7486-170a-4643-9b7b-22863d82955e","LENO_022.mammalGrid.mam","D08","LENO","LENO_022","2017-08-31","2017-08-31","NEON.DOC.000481vJ",,
