uid,nightuid,namedLocation,domainID,siteID,plotID,collectDate,endDate,samplingProtocolVersion,remarks,dataQF
"0b1e70d5-c359-4de7-944f-052bd64dd5a5","BDE8602303574F87A42E0FB07ADB661D","WOOD_006.mammalGrid.mam","D09","WOOD","WOOD_006","2016-06-01","2016-06-01","NEON.DOC.000481vG",,
"fc37f5c5-a9cb-48c6-ac57-21c24154f16b","916EC3FC4E51402CB4C53BA37A9DF1FB","WOOD_001.mammalGrid.mam","D09","WOOD","WOOD_001","2016-06-01","2016-06-01","NEON.DOC.000481vG",,
"2cb07a74-63e6-48f1-833d-f8d70989d010","B4F74023324A4D268488021EC356B531","WOOD_002.mammalGrid.mam","D09","WOOD","WOOD_002","2016-06-02","2016-06-02","NEON.DOC.000481vG",,
"693b3d61-f521-4cd5-8c0b-fc0239a96e0d","ABFD6B6322C742AFBA238997AECFF3BF","WOOD_001.mammalGrid.mam","D09","WOOD","WOOD_001","2016-06-02","2016-06-02","NEON.DOC.000481vG",,
"5bf51b51-362d-4397-b3d3-164eb89618f9","D8C2B80101B74834A24DBCB0D82F633F","WOOD_009.mammalGrid.mam","D09","WOOD","WOOD_009","2016-06-02","2016-06-02","NEON.DOC.000481vG",,
"f23c8de0-efd1-4971-9b64-66b869ffcbac","AD163BD14C9E45FE9463DA6D7DA7AD5F","WOOD_011.mammalGrid.mam","D09","WOOD","WOOD_011","2016-06-02","2016-06-02","NEON.DOC.000481vG",,
"4072d227-7406-45af-aa07-7bcea086833f","40B41030F7274622956F1B092E09F1BB","WOOD_009.mammalGrid.mam","D09","WOOD","WOOD_009","2016-06-03","2016-06-03","NEON.DOC.000481vG",,
"177f77ea-1d7e-43e5-9ed0-0995f4f771e1","DC6D4DEE6FD5471F9A4A10C8F51B7391","WOOD_002.mammalGrid.mam","D09","WOOD","WOOD_002","2016-06-03","2016-06-03","NEON.DOC.000481vG",,
"e5b9b2fb-cf34-42a7-a75d-58cefe66799b","97986EFACC314F0BA26FEA5FAE753495","WOOD_013.mammalGrid.mam","D09","WOOD","WOOD_013","2016-06-03","2016-06-03","NEON.DOC.000481vG",,
"0627bc06-6f61-4e0c-915b-c67cccdbab37","78B53864EF1748A48E2F5ABE73E665A1","WOOD_001.mammalGrid.mam","D09","WOOD","WOOD_001","2016-06-03","2016-06-03","NEON.DOC.000481vG",,
"2823a499-3906-442f-9691-60bebb77c760","DFD12AABFB554A7FAADAAC675E7E268E","WOOD_008.mammalGrid.mam","D09","WOOD","WOOD_008","2016-06-04","2016-06-04","NEON.DOC.000481vG",,
"7ea966de-448a-469a-a259-f831b5dc0309","663B5C8F64E74D98BE744762388ED393","WOOD_015.mammalGrid.mam","D09","WOOD","WOOD_015","2016-06-04","2016-06-04","NEON.DOC.000481vG",,
"6790b2e8-e2ec-4f2c-bb52-15a89a9801cf","8CD29BA5B87048E3A91D03257B7F335B","WOOD_002.mammalGrid.mam","D09","WOOD","WOOD_002","2016-06-04","2016-06-04","NEON.DOC.000481vG",,
"d5f7c932-b2b3-4aad-982b-1bdd579b5e5a","2B62B7A17DF142BEA803A8AEC24885EB","WOOD_009.mammalGrid.mam","D09","WOOD","WOOD_009","2016-06-04","2016-06-04","NEON.DOC.000481vG",,
