uid,nightuid,namedLocation,domainID,siteID,plotID,collectDate,endDate,samplingProtocolVersion,remarks,dataQF
"6b87ef7e-90d8-4ed1-80b2-c6fbbcd07e0e","a9c0dbab-28b8-45bb-bdcf-739a86312a93","BONA_094.mammalGrid.mam","D19","BONA","BONA_094","2018-09-05","2018-09-05","NEON.DOC.000481vK","Lines A and B not set due to batting shortage. Ear and fecal samples were collected and stored on ice packs instead of on dry ice due to lack of dry ice",
"c13563b5-6921-4f1c-a226-dc08150dcb52","81034843-89d3-4100-b4bd-32ce699b3e5c","BONA_033.mammalGrid.mam","D19","BONA","BONA_033","2018-09-05","2018-09-05","NEON.DOC.000481vK","Due to lack of dry ice blood samples were not collected. Ear and fecal samples were collected and stored on ice packs instead of on dry ice.",
"31f44612-71be-45a6-8b83-560477d46663","a1f89eea-1c4e-4c3a-bc53-51fd6ecc89b9","BONA_002.mammalGrid.mam","D19","BONA","BONA_002","2018-09-05","2018-09-05","NEON.DOC.000481vK","Due to lack of dry ice blood samples were not collected. Ear and fecal samples were collected and stored on ice packs instead of on dry ice.",
"39a236c4-22e0-43a9-8311-d6851b1ec843","db1dd4aa-201e-4f08-99e2-faf513bcd41e","BONA_014.mammalGrid.mam","D19","BONA","BONA_014","2018-09-05","2018-09-05","NEON.DOC.000481vK","Due to lack of dry ice blood samples were not collected. Ear and fecal samples were collected and stored on ice packs instead of on dry ice.",
"aeaa409e-826b-413d-9ffc-5c750ddccb18","7dc5500a-4a4c-476a-bcf6-7f94ca61ad20","BONA_023.mammalGrid.mam","D19","BONA","BONA_023","2018-09-07","2018-09-07","NEON.DOC.000481vK",,
"3cc7155a-24f8-49e8-b750-e547072d2b69","10ac79ea-f752-4646-94f8-e9e952d364d9","BONA_033.mammalGrid.mam","D19","BONA","BONA_033","2018-09-07","2018-09-07","NEON.DOC.000481vK",,
"8f77ae45-10e0-4689-9fa1-ed5588b8287c","46190b63-8c0b-4cac-a040-fe3e0180ffb1","BONA_014.mammalGrid.mam","D19","BONA","BONA_014","2018-09-07","2018-09-07","NEON.DOC.000481vK",,
"c02ea744-0dbb-46a9-b901-ba5048158f62","3804ad39-32b7-42cc-b829-d1b776a5ce52","BONA_002.mammalGrid.mam","D19","BONA","BONA_002","2018-09-07","2018-09-07","NEON.DOC.000481vK",,
"9d45636b-5470-41bb-8ca5-1e3fe0a8afbb","eac3b233-0273-4a43-aac8-5966de5d629e","BONA_004.mammalGrid.mam","D19","BONA","BONA_004","2018-09-08","2018-09-08","NEON.DOC.000481vK",,
"ddf94766-a31b-4ead-b6fa-b9b27d135ab0","3ee41cb9-0e3c-4357-a112-506048f883e0","BONA_002.mammalGrid.mam","D19","BONA","BONA_002","2018-09-08","2018-09-08","NEON.DOC.000481vK",,
"ee14399a-6f4e-413b-893b-bbe7b38846ff","265e0391-5785-469e-b554-bd6f198d9800","BONA_020.mammalGrid.mam","D19","BONA","BONA_020","2018-09-08","2018-09-08","NEON.DOC.000481vK","Major data recording error occurred after processing. All data lost except for voucher information which was written on a datasheet",
"9a1f2fdd-91a5-4c80-8c5d-809bfae31f4b","d2957d8c-7882-426b-b46c-0231d61dd792","BONA_014.mammalGrid.mam","D19","BONA","BONA_014","2018-09-08","2018-09-08","NEON.DOC.000481vK",,
