uid,nightuid,namedLocation,domainID,siteID,plotID,collectDate,endDate,samplingProtocolVersion,remarks,dataQF
"61db34c7-1380-4b4e-a8be-d2f84ea49a52","044F58D7247A4E2CA086213C512F54C7","TALL_010.mammalGrid.mam","D08","TALL","TALL_010","2016-04-12","2016-04-12","NEON.DOC.000481vG","We were unable to set most of the A and B lines because of weather. A thunderstorm forced us to stop and head back for safety concerns.",
"783a61bf-d3da-487a-abb9-2f7bf4935948","22B8829A9E644B8CA5019C96A66C57DF","TALL_015.mammalGrid.mam","D08","TALL","TALL_015","2016-04-12","2016-04-12","NEON.DOC.000481vG",,
"4e46ac8e-609e-4c1f-838e-285a8e4ff180","C556325201CD46F3B24EAAA79AB6D544","TALL_012.mammalGrid.mam","D08","TALL","TALL_012","2016-04-12","2016-04-12","NEON.DOC.000481vG","Most of the traps at this plot were not set due to weather. We were forced to stop early and head in because of lightning and rain.",
"835ee454-98f5-494f-a701-9f3bd4e419cc","C33B7D990DBB48BE8C6502A11C49D037","TALL_024.mammalGrid.mam","D08","TALL","TALL_024","2016-04-12","2016-04-12","NEON.DOC.000481vG","This plot had some flooding so we were unable to set a few traps.",
"838d072e-b200-4b8a-b525-6bfa7d4aea07","9A775FE2C297438E888E0A9EDE614B0A","TALL_012.mammalGrid.mam","D08","TALL","TALL_012","2016-04-13","2016-04-13","NEON.DOC.000481vG",,
"6ab66472-a92d-45d4-919a-a190e1e3afbf","A888D95E56494B0C92F4206743FE4EE6","TALL_024.mammalGrid.mam","D08","TALL","TALL_024","2016-04-13","2016-04-13","NEON.DOC.000481vG",,
"889c2e0c-4182-4ea1-b028-900c554008db","33AC1A8271EF45BD958F94E7DD34CDA3","TALL_010.mammalGrid.mam","D08","TALL","TALL_010","2016-04-13","2016-04-13","NEON.DOC.000481vG",,
"12461bf9-d279-4cb2-9ad1-7f04a472468d","6A8B7559FAA64F22B0D5596BD4AF184D","TALL_012.mammalGrid.mam","D08","TALL","TALL_012","2016-04-13","2016-04-13","NEON.DOC.000481vG",,
"04b659df-40ae-41fc-9d1a-814e43435f47","21E9F2B296D74849ACCC8440D35662BE","TALL_015.mammalGrid.mam","D08","TALL","TALL_015","2016-04-13","2016-04-13","NEON.DOC.000481vG",,
"47b915ce-23cf-4764-b753-0a13ae50c1fe","10CE69A2B46343E385518D1E1D667E49","TALL_024.mammalGrid.mam","D08","TALL","TALL_024","2016-04-14","2016-04-14","NEON.DOC.000481vG","A few traps were not set because of flooding. There was significant animal disturbance throughout the plot. All code 3 traps were knocked over or moved.",
"3b322bcc-d51a-4fa6-8ad5-5fdf639922fd","FBA4676F5F1343F3A67B36670407180E","TALL_010.mammalGrid.mam","D08","TALL","TALL_010","2016-04-14","2016-04-14","NEON.DOC.000481vG","There was significant animal disturbance throughout the plot. All code 3 traps were knocked over or moved, some had batting removed.",
"96134e95-c63d-4f87-a73d-fc3a97179f83","114A5AAF6598479B8F7C40A5D07B2F11","TALL_015.mammalGrid.mam","D08","TALL","TALL_015","2016-04-14","2016-04-14","NEON.DOC.000481vG",,
"f348aa80-8e02-4dc8-b4bb-08d68b4eaca9","30F3485160F84CD2969076B29A5ED122","TALL_013.mammalGrid.mam","D08","TALL","TALL_013","2016-04-15","2016-04-15","NEON.DOC.000481vG",,
"b2279a0a-a347-4d15-96a3-95514c248beb","431BC4CCE3A54B3680F3447E1F60302B","TALL_031.mammalGrid.mam","D08","TALL","TALL_031","2016-04-15","2016-04-15","NEON.DOC.000481vG",,
"fb00b3db-4313-4d8e-a7fe-015aebf320ac","A1B5833A0BAD42BA8D29C56B19D6B47A","TALL_005.mammalGrid.mam","D08","TALL","TALL_005","2016-04-15","2016-04-15","NEON.DOC.000481vG",,
"961a701a-6d6a-48bd-98d6-3f2f67328b22","3BE668A2E8764EE98505C2E879CA8419","TALL_006.mammalGrid.mam","D08","TALL","TALL_006","2016-04-15","2016-04-15","NEON.DOC.000481vG",,
