uid,nightuid,namedLocation,domainID,siteID,plotID,collectDate,endDate,samplingProtocolVersion,remarks,dataQF
"16228e2a-316a-42df-a8f4-a68e16d0250f","3F8C6BA000E2455DA502E1C7CB1998BB","LENO_031.mammalGrid.mam","D08","LENO","LENO_031","2016-09-07","2016-09-07","NEON.DOC.000481vH",,
"a5988020-cd9e-4836-a82e-1a09e4002af0","0E0A2A29F1884A77A2A997E2F7F02801","LENO_002.mammalGrid.mam","D08","LENO","LENO_002","2016-09-07","2016-09-07","NEON.DOC.000481vH","This plot was not sampled because we did not have access due to a USFWS wood duck banding project, see JIRA 3824.",
"b94aa946-b223-40aa-9ec1-28aa76e79ea3","59D70B6E63244DDF8CAD982A96DD0CC8","LENO_008.mammalGrid.mam","D08","LENO","LENO_008","2016-09-07","2016-09-07","NEON.DOC.000481vH",,
"5b09af46-9495-4ba4-93f9-74c7f8960335","124A823C8A124F50A608A978D7B82234","LENO_006.mammalGrid.mam","D08","LENO","LENO_006","2016-09-07","2016-09-07","NEON.DOC.000481vH",,
"dcd13215-f729-446c-aec0-23a6dd89751f","1DEC3FE3AA3B48A4A0FF69A261F6D44B","LENO_015.mammalGrid.mam","D08","LENO","LENO_015","2016-09-07","2016-09-07","NEON.DOC.000481vH",,
"0973568a-b10a-4162-b321-c8bef63f8e37","EFFAF3FA77D54AFEA2429033B52278B8","LENO_002.mammalGrid.mam","D08","LENO","LENO_002","2016-09-08","2016-09-08","NEON.DOC.000481vH","This plot was not set because access was prevented due to a USFWS wood duck banding project, see JIRA 3824.",
"55d1baca-f2fd-4b3d-b6cc-7cd3ce280f69","68219338D86E4CBCAF613C0B54A059F6","LENO_031.mammalGrid.mam","D08","LENO","LENO_031","2016-09-08","2016-09-08","NEON.DOC.000481vH",,
"34659536-63d6-4c58-b602-96d22e6e7ddb","8C761DB455664E20B351537F82818711","LENO_006.mammalGrid.mam","D08","LENO","LENO_006","2016-09-08","2016-09-08","NEON.DOC.000481vH",,
"e46e2527-bec0-449d-86ae-127ca2fb6809","4F722B109E904F53BB92E52818EC3686","LENO_008.mammalGrid.mam","D08","LENO","LENO_008","2016-09-08","2016-09-08","NEON.DOC.000481vH",,
"2c4cac7b-c1e7-4ea2-9beb-f3c5ba358abf","8F54D48D80A143A38ECDA2D01542CEE1","LENO_003.mammalGrid.mam","D08","LENO","LENO_003","2016-09-08","2016-09-08","NEON.DOC.000481vH","This plot was not set because access was prevented due to a USFWS wood duck banding project, see JIRA 3824.",
"610155d3-b21a-4205-9bf3-a0d04c836133","30427F0813CA415A89C78D626DA8DCAB","LENO_022.mammalGrid.mam","D08","LENO","LENO_022","2016-09-08","2016-09-08","NEON.DOC.000481vH",,
"73cb3030-aa54-4caf-93c2-150bb28ae14b","298CF4939EAE40D6AAB68910C0ACF973","LENO_031.mammalGrid.mam","D08","LENO","LENO_031","2016-09-09","2016-09-09","NEON.DOC.000481vH",,
"5b7b84d0-a6a9-4cfa-9abf-354dd02a70f9","A168202D6DF045259450D48FB08EC304","LENO_006.mammalGrid.mam","D08","LENO","LENO_006","2016-09-09","2016-09-09","NEON.DOC.000481vH",,
"f0b990e1-2c3a-4b66-b1b6-7ad3db944b90","1F849C45014D484FA3449054EAF8D1D7","LENO_002.mammalGrid.mam","D08","LENO","LENO_002","2016-09-09","2016-09-09","NEON.DOC.000481vH","This plot was not set because access was prevented due to a USFWS wood duck banding project, see JIRA 3824.",
"0946b4ab-ef48-4942-8f13-382a85b84fba","9D832759EBEF43F7BA16B25A09FFD994","LENO_008.mammalGrid.mam","D08","LENO","LENO_008","2016-09-09","2016-09-09","NEON.DOC.000481vH",,
"3123e4b9-fbec-4207-86e5-01067e7e7cee","8466E60AAD3F441886D61778E6E3D8F4","LENO_015.mammalGrid.mam","D08","LENO","LENO_015","2016-09-27","2016-09-27","NEON.DOC.000481vH",,
"c54f56f9-a51b-436d-816b-0b178328785a","3B8DE8617D8F40B08BC67312416A6E56","LENO_008.mammalGrid.mam","D08","LENO","LENO_008","2016-09-27","2016-09-27","NEON.DOC.000481vH",,
"57777ada-9f5f-438f-956c-73f132e530ad","1A22D89B54E1439CA76D23A46D8148FC","LENO_031.mammalGrid.mam","D08","LENO","LENO_031","2016-09-27","2016-09-27","NEON.DOC.000481vH",,
"749d8110-c7fc-4669-8add-fc31b4243cf4","ED0CE74259D94769B33F6200988B45A4","LENO_006.mammalGrid.mam","D08","LENO","LENO_006","2016-09-27","2016-09-27","NEON.DOC.000481vH",,
"0666f8b5-546c-40be-a951-067819f9ebc0","132E6E370B1840C7B42A90650C15C906","LENO_002.mammalGrid.mam","D08","LENO","LENO_002","2016-09-27","2016-09-27","NEON.DOC.000481vH","This plot was not set because access was restricted due to a USFWS wood duck banding project, see JIRA 3824.",
"1ee5b269-f5b3-4be4-a751-fab6e6ee6921","989F82A360364414B1A02519A5CF399B","LENO_031.mammalGrid.mam","D08","LENO","LENO_031","2016-09-28","2016-09-28","NEON.DOC.000481vH",,
"fea9790a-668b-474e-93b8-424d6783ee67","B2CA223848464FA79D407CC3D3E134D2","LENO_006.mammalGrid.mam","D08","LENO","LENO_006","2016-09-28","2016-09-28","NEON.DOC.000481vH",,
"128955c0-f78e-444c-a31a-984cb52823b4","5E9E0EBB93644A75874BE3435B364655","LENO_022.mammalGrid.mam","D08","LENO","LENO_022","2016-09-28","2016-09-28","NEON.DOC.000481vH",,
"90870173-7a7e-4cd8-b55d-2c466c6a2aad","D246B04C13C84E3D8830F262B6AAA54C","LENO_002.mammalGrid.mam","D08","LENO","LENO_002","2016-09-28","2016-09-28","NEON.DOC.000481vH","This plot was not set because access was restricted due to a USFWS wood duck banding project, see JIRA 3824.",
"f8e306ef-89b8-48fa-9e00-d51fb89f2c74","0BDF0A71C30D4D2DA2B87541A2FA365B","LENO_008.mammalGrid.mam","D08","LENO","LENO_008","2016-09-28","2016-09-28","NEON.DOC.000481vH",,
"48d582aa-9498-4375-9ab5-a6dcfc31d078","EEBB7C1504A6496382E609C6715F563C","LENO_002.mammalGrid.mam","D08","LENO","LENO_002","2016-09-29","2016-09-29","NEON.DOC.000481vH","This plot was not set because access was restricted due to a USFWS wood duck banding project, see JIRA 3824.",
"bfbd45d2-303e-4597-8c34-97fc1479ab91","658332189D104DAD9751E7652B1188FD","LENO_003.mammalGrid.mam","D08","LENO","LENO_003","2016-09-29","2016-09-29","NEON.DOC.000481vH","This plot was not set because access was restricted due to a USFWS wood duck banding project, see JIRA 3824.",
"c5756d5f-624b-4825-95b0-91306aa8925f","88A9D7AE8F5E4D78BFA15737DFDB6F92","LENO_031.mammalGrid.mam","D08","LENO","LENO_031","2016-09-29","2016-09-29","NEON.DOC.000481vH",,
"05eddb67-f369-4377-8d99-286e2eb3712e","01C9AA8943554586AD1A5CF89511D357","LENO_006.mammalGrid.mam","D08","LENO","LENO_006","2016-09-29","2016-09-29","NEON.DOC.000481vH",,
"94c44320-5204-4c3d-9da4-98cd09e00601","D53BC6F380ED4D6591E76C6659A7AED9","LENO_008.mammalGrid.mam","D08","LENO","LENO_008","2016-09-29","2016-09-29","NEON.DOC.000481vH",,
