uid,nightuid,namedLocation,domainID,siteID,plotID,collectDate,endDate,samplingProtocolVersion,remarks,dataQF
"384b6408-5613-4cca-a0f2-ac388ee0fe3f","5fb40f75-3fd4-41fb-91ef-353e9d332a71","SCBI_008.mammalGrid.mam","D02","SCBI","SCBI_008","2017-06-14","2017-06-14","NEON.DOC.000481vJ",,
"65d51c37-de1a-49eb-b02d-5a18478aee38","0afa8e5b-5382-49cc-92b5-19ecb230cb82","SCBI_002.mammalGrid.mam","D02","SCBI","SCBI_002","2017-06-14","2017-06-14","NEON.DOC.000481vJ",,
"ac8a3212-dd6a-479a-ba81-8db7d5a4e692","dd6f588a-ea2a-48ce-bb2c-837dcca4b3b7","SCBI_039.mammalGrid.mam","D02","SCBI","SCBI_039","2017-06-15","2017-06-15","NEON.DOC.000481vJ","Temperatures in the 70s and 80s with high humidity",
"7b9632f1-e1c3-46e8-a745-ebba1d66f12d","ef822f02-2e0f-44a8-ae3b-c9ac09330ead","SCBI_035.mammalGrid.mam","D02","SCBI","SCBI_035","2017-06-15","2017-06-15","NEON.DOC.000481vJ",,
"e6fa8ca2-11cd-4aeb-bc79-c04abe77eacf","c84b9bdc-2ad1-4dc5-b5d5-b2a3adde21dd","SCBI_008.mammalGrid.mam","D02","SCBI","SCBI_008","2017-06-15","2017-06-15","NEON.DOC.000481vJ",,
"59dd2b6e-49af-4b47-be7d-14504404e53c","e7af2b89-8955-4d7a-9a6a-24ec258cefa3","SCBI_035.mammalGrid.mam","D02","SCBI","SCBI_035","2017-06-16","2017-06-16","NEON.DOC.000481vJ",,
"9b526401-d496-4d27-aafb-72366ec3fa48","a5f24aa1-9d7f-4756-8cf9-bbac37d60487","SCBI_008.mammalGrid.mam","D02","SCBI","SCBI_008","2017-06-16","2017-06-16","NEON.DOC.000481vJ",,
"fdcb4917-423c-4e6b-a18e-086701bb5082","37aee1ca-ef92-42b4-a17a-dde08d49dbf2","SCBI_004.mammalGrid.mam","D02","SCBI","SCBI_004","2017-06-16","2017-06-16","NEON.DOC.000481vJ","Bear in plot while collecting traps",
"9fae9a22-ee38-46bb-9bae-12333597d0c4","42aeda22-1a06-4593-9f78-1f68ae84ebf1","SCBI_035.mammalGrid.mam","D02","SCBI","SCBI_035","2017-06-17","2017-06-17","NEON.DOC.000481vJ",,
"de1a0e2a-0fa1-453a-996f-593bbfd518d0","cc7411d7-2bbf-453e-9c50-f87f8c786de1","SCBI_003.mammalGrid.mam","D02","SCBI","SCBI_003","2017-06-17","2017-06-17","NEON.DOC.000481vJ","Rained during setting; foggy and 80s in AM",
