uid,nightuid,namedLocation,domainID,siteID,plotID,collectDate,endDate,samplingProtocolVersion,remarks,dataQF
"2dd5523e-2a75-466b-9355-67ac151220df","2659a35c-670b-4bf2-85aa-ab776f48ba4d","MLBS_006.mammalGrid.mam","D07","MLBS","MLBS_006","2017-10-10","2017-10-10","NEON.DOC.000481vJ",,
"c4cc2cff-75f7-4bbe-83ed-4965193f251a","56fd795b-9eb2-4255-b9cf-f63c197c334f","MLBS_002.mammalGrid.mam","D07","MLBS","MLBS_002","2017-10-10","2017-10-10","NEON.DOC.000481vJ",,
"b2649024-39f1-4c12-9f16-266b0ea57caf","864d84d9-bf2f-49d2-bb80-b80659d3229d","MLBS_009.mammalGrid.mam","D07","MLBS","MLBS_009","2017-10-10","2017-10-10","NEON.DOC.000481vJ",,
"02ba927e-764d-4772-8a29-f8aec0486bff","4d64aab9-e370-453c-8992-03f3881cfc09","MLBS_008.mammalGrid.mam","D07","MLBS","MLBS_008","2017-10-10","2017-10-10","NEON.DOC.000481vJ",,
"dffbcdc3-71d3-4b78-80a4-0403edca2f06","267b434f-084d-4cad-9176-e3530df5a95c","MLBS_006.mammalGrid.mam","D07","MLBS","MLBS_006","2017-10-11","2017-10-11","NEON.DOC.000481vJ",,
"ee3b5aa7-935f-4985-af56-18062bdac932","f063a18d-6cc7-4d3e-b1b5-0d66d1c0546f","MLBS_009.mammalGrid.mam","D07","MLBS","MLBS_009","2017-10-11","2017-10-11","NEON.DOC.000481vJ",,
"aebf3a3a-450b-4ac4-95ad-2187e16d5a94","30dc4d25-1552-4838-b9fa-4540566b23c4","MLBS_004.mammalGrid.mam","D07","MLBS","MLBS_004","2017-10-11","2017-10-11","NEON.DOC.000481vJ",,
"5bdf505b-c66c-473a-bd6f-f91d73dfba1a","3ea2b70e-036a-4a94-a883-fb7f0d10241e","MLBS_008.mammalGrid.mam","D07","MLBS","MLBS_008","2017-10-11","2017-10-11","NEON.DOC.000481vJ",,
"fda2d6bb-1f82-4feb-bee6-0eafd22b8047","d459c080-08e5-48ea-9176-223c817143e2","MLBS_003.mammalGrid.mam","D07","MLBS","MLBS_003","2017-10-12","2017-10-12","NEON.DOC.000481vJ",,
"bcd10b0e-7bac-4586-9605-366b309e5b04","be02cc6d-0044-45e7-951f-9d9735bdcb32","MLBS_008.mammalGrid.mam","D07","MLBS","MLBS_008","2017-10-12","2017-10-12","NEON.DOC.000481vJ",,
"e2d74774-9a3f-4789-ac29-e7c00cf6b707","80531ad5-493a-4b88-ad24-d232ce3e7dbf","MLBS_006.mammalGrid.mam","D07","MLBS","MLBS_006","2017-10-12","2017-10-12","NEON.DOC.000481vJ",,
"406e14eb-91fd-4074-8a77-bd83208bbf4c","69948c56-a36c-4bf5-8f05-fc40c78b8047","MLBS_009.mammalGrid.mam","D07","MLBS","MLBS_009","2017-10-12","2017-10-12","NEON.DOC.000481vJ",,
