uid,nightuid,namedLocation,domainID,siteID,plotID,collectDate,endDate,samplingProtocolVersion,remarks,dataQF
"5114afe0-6d0d-4d8b-a927-865da18f953c","C842B11442B849B2A5FA832DF8A076E4","KONZ_005.mammalGrid.mam","D06","KONZ","KONZ_005","2016-07-06","2016-07-06","NEON.DOC.000481vH",,
"467d7b8f-74fe-4fe8-919f-52c52899ae98","9225C3287454452089F78AA958BAC958","KONZ_003.mammalGrid.mam","D06","KONZ","KONZ_003","2016-07-06","2016-07-06","NEON.DOC.000481vH",,
"3baa2053-49e4-4a45-908b-491b88250bb6","ED9823021E064672BB9FF7B9A223444C","KONZ_029.mammalGrid.mam","D06","KONZ","KONZ_029","2016-07-06","2016-07-06","NEON.DOC.000481vH",,
"12f3fd5b-1350-43e4-aa32-c21f4ff745fc","AAC55F1909004091AB909FA9DF187E02","KONZ_008.mammalGrid.mam","D06","KONZ","KONZ_008","2016-07-07","2016-07-07","NEON.DOC.000481vH",,
"870a68f4-aea9-41e2-90f8-f8a266c8ab4e","45398A425694479F95CBC7DDF305A69B","KONZ_027.mammalGrid.mam","D06","KONZ","KONZ_027","2016-07-07","2016-07-07","NEON.DOC.000481vH",,
"fe2bdcfe-17c3-42c6-afc9-7eaad107b0af","34A1B67585D347CAAF371F4779B45AC1","KONZ_001.mammalGrid.mam","D06","KONZ","KONZ_001","2016-07-07","2016-07-07","NEON.DOC.000481vH","More than 30 captures on the grid; only blood samples taken, and measurements recorded if applicable.",
"a3d6356a-8a30-4256-a042-aaa62ec678bb","86D0F98E1ACB41589F6C400E19FA2566","KONZ_027.mammalGrid.mam","D06","KONZ","KONZ_027","2016-07-08","2016-07-08","NEON.DOC.000481vH",,
"f27b30fc-c67f-4908-835f-b87d83f62de6","FAFDF8C33919402582B5B187243B9D0A","KONZ_001.mammalGrid.mam","D06","KONZ","KONZ_001","2016-07-08","2016-07-08","NEON.DOC.000481vH",,
"f782349f-6f02-42ce-923b-7630990041be","CFFE7D0153D1424B98EAA318B44A5AA3","KONZ_008.mammalGrid.mam","D06","KONZ","KONZ_008","2016-07-08","2016-07-08","NEON.DOC.000481vH",,
"094e0c57-0a35-4165-ada8-2742526907c4","86B5668ED0A84E728F2D4A79325A2CF1","KONZ_027.mammalGrid.mam","D06","KONZ","KONZ_027","2016-07-09","2016-07-09","NEON.DOC.000481vH",,
"21f2afde-dc79-4a0d-a4d8-f6a966597a09","72F88C9073A343479F59F53CAB2454A2","KONZ_001.mammalGrid.mam","D06","KONZ","KONZ_001","2016-07-09","2016-07-09","NEON.DOC.000481vH",,
"013880d4-24d8-49ec-add5-793660afa46b","F3ADF4AFB3004118A2A08A8EB9C67BA3","KONZ_008.mammalGrid.mam","D06","KONZ","KONZ_008","2016-07-09","2016-07-09","NEON.DOC.000481vH",,
