uid,nightuid,namedLocation,domainID,siteID,plotID,collectDate,endDate,samplingProtocolVersion,remarks,dataQF
"295d7f1d-da73-4b45-b798-79c1aa4d31c7","43F1347AC091461182DA5DB082A45D96","HEAL_031.mammalGrid.mam","D19","HEAL","HEAL_031","2016-07-01","2016-07-01","NEON.DOC.000481vH",,
"2a91849c-d2b9-49e2-93b2-ce41e5186dec","C6524D209479456D8963E70FA3693981","HEAL_034.mammalGrid.mam","D19","HEAL","HEAL_034","2016-07-01","2016-07-01","NEON.DOC.000481vH",,
"dd7f8fc1-f8c5-4d89-921b-53606ade7209","31155F9E10D6457D91B05938AD652691","HEAL_032.mammalGrid.mam","D19","HEAL","HEAL_032","2016-07-01","2016-07-01","NEON.DOC.000481vG",,
"b2ac3b24-1534-4add-b6e7-cd4c2a25d1da","0FFD9C9C78DA49699832896EBC4C1DFC","HEAL_033.mammalGrid.mam","D19","HEAL","HEAL_033","2016-07-01","2016-07-01","NEON.DOC.000481vH",,
