uid,nightuid,namedLocation,domainID,siteID,plotID,collectDate,endDate,samplingProtocolVersion,remarks,dataQF
"65ff40e8-9a58-480a-8548-0592b291a3b1","497a38af-5939-4720-af56-3a9a604e05eb","ABBY_010.mammalGrid.mam","D16","ABBY","ABBY_010","2017-06-15","2017-06-15","NEON.DOC.000481vJ","100 traps set",
"8dfbef48-33dd-4a41-98ee-f1a867d170cc","958c929e-6eb5-4749-bc02-bc9b0ff3b78b","ABBY_010.mammalGrid.mam","D16","ABBY","ABBY_010","2017-06-17","2017-06-17","NEON.DOC.000481vJ","101 total traps- 25 traps reset; unsure if 1 trap went missing between last collection and set or if 1 point has 2 traps",
"8c6c4031-4214-4885-b4bf-a2966bbdb4df","d7fcc18d-7703-4011-85bd-5868fddebb4e","ABBY_003.mammalGrid.mam","D16","ABBY","ABBY_003","2017-06-17","2017-06-17",,"98 traps set",
"cd550577-8eae-4402-8b5c-c67b5bc413b4","a732a263-da57-45d2-bc81-6322e86986a0","ABBY_007.mammalGrid.mam","D16","ABBY","ABBY_007","2017-06-17","2017-06-17",,"100 traps set",
"78394371-16e7-403a-92f7-6157b91aa6fb","9abfbae1-2798-48f0-adf5-4e974db635e6","ABBY_023.mammalGrid.mam","D16","ABBY","ABBY_023","2017-06-18","2017-06-18","NEON.DOC.000481vG","Set 98 traps",
"79ad1c57-9d5f-4114-a179-6fbd56464f43","a3ecb489-2240-47c2-ad85-2d1dcc54e22c","ABBY_011.mammalGrid.mam","D16","ABBY","ABBY_011","2017-06-18","2017-06-18","NEON.DOC.000481vJ","100 traps set",
"626b645e-a5c5-45ae-9d4e-4f5178a472e3","2dbd213b-247a-422b-b019-fa1110c0dbb1","ABBY_010.mammalGrid.mam","D16","ABBY","ABBY_010","2017-06-18","2017-06-18","NEON.DOC.000481vJ","100 traps set- 18 resets",
"384b65fd-c5b6-4205-bfa4-8d0c3cd93e09","936a01c1-ef98-4d1f-a23e-415564f148b3","ABBY_004.mammalGrid.mam","D16","ABBY","ABBY_004","2017-06-19","2017-06-19","NEON.DOC.000481vG",,
"fdab25b0-9adb-464c-b36a-10ced6219aaf","704a81be-ab1f-4702-b5fa-dfa689f6cb4a","ABBY_014.mammalGrid.mam","D16","ABBY","ABBY_014","2017-06-19","2017-06-19",,"all set",
"a72861c8-634a-4695-ab65-23be7884b4fc","49c024d7-f291-47ea-a29b-1d72c608c1cc","ABBY_002.mammalGrid.mam","D16","ABBY","ABBY_002","2017-06-19","2017-06-19",,"all set",
"2edde405-2f18-4b46-8e24-8ab7494cfe2e","bd65eade-4221-41fb-b418-b77f61a19210","ABBY_004.mammalGrid.mam","D16","ABBY","ABBY_004","2017-06-20","2017-06-20","NEON.DOC.000481vG","set 100 traps",
"07332fe9-2b45-4681-83a0-18b1e53b032e","bba2150c-e1fe-4083-9fe9-44c1d4371b5a","ABBY_002.mammalGrid.mam","D16","ABBY","ABBY_002","2017-06-20","2017-06-20","NEON.DOC.000481vG","Set 100 traps",
"f87c2b89-6a84-4f5f-a9eb-35cb69107ac5","bd986756-a711-4d6e-a630-fb0a096ea031","ABBY_004.mammalGrid.mam","D16","ABBY","ABBY_004","2017-06-21","2017-06-21","NEON.DOC.000481vG","100 traps set",
"3b3048f3-c024-419e-9160-e762799fd253","e5c0455f-659b-412d-ba12-5e0d3ac0f391","ABBY_002.mammalGrid.mam","D16","ABBY","ABBY_002","2017-06-21","2017-06-21","NEON.DOC.000481vG","100 traps set",
