uid,nightuid,namedLocation,domainID,siteID,plotID,collectDate,endDate,samplingProtocolVersion,remarks,dataQF
"d19ff06d-19d0-4799-9d05-0da07bbff7e1","4ac80418-8cd3-4811-9fb4-53c9ba82ccfe","CPER_005.mammalGrid.mam","D10","CPER","CPER_005","2017-08-13","2017-08-13","NEON.DOC.000481vG",,
"07720728-b368-452f-9a51-6b9a8aa5f31c","1029548a-14c2-42a5-bf3d-7cf37c2c90b9","CPER_015.mammalGrid.mam","D10","CPER","CPER_015","2017-08-13","2017-08-13","NEON.DOC.000481vG",,
"041b382c-c15f-472a-9139-0b33f91ee6ad","f3d37192-010d-432c-aff3-ee2b91821b6b","CPER_009.mammalGrid.mam","D10","CPER","CPER_009","2017-08-13","2017-08-13","NEON.DOC.000481vG",,
"be90f32d-2ba6-46e9-9046-7ec2b30240ab","eb74c7fb-5765-41b0-9612-0d06558bb90a","CPER_011.mammalGrid.mam","D10","CPER","CPER_011","2017-08-13","2017-08-13","NEON.DOC.000481vG",,
"fe265096-8e4d-4b26-a941-bf5c81d6c7b4","27eed5a6-4b8e-4125-8f48-c7b13f326169","CPER_006.mammalGrid.mam","D10","CPER","CPER_006","2017-08-13","2017-08-13","NEON.DOC.000481vG",,
"9cea5ca1-90e0-4e3c-bf98-ffb8f2bd0544","e1083e04-55a7-42b7-ab80-073f9baed451","CPER_015.mammalGrid.mam","D10","CPER","CPER_015","2017-08-14","2017-08-14","NEON.DOC.000481vH",,
"c4b6b913-f310-496d-9bc2-b750d315ae9c","70e898d7-65cb-4180-8022-36d262968676","CPER_005.mammalGrid.mam","D10","CPER","CPER_005","2017-08-14","2017-08-14","NEON.DOC.000481vH",,
"b34831bb-5873-4a91-b692-a958de6d9d05","a34f96ae-9167-4917-aaf3-3dfb4cbcaea6","CPER_011.mammalGrid.mam","D10","CPER","CPER_011","2017-08-14","2017-08-14","NEON.DOC.000481vH",,
"1b562005-f529-4bb4-adea-a431aae72030","455ff0b0-7456-43af-8c92-9260a8dddc05","CPER_002.mammalGrid.mam","D10","CPER","CPER_002","2017-08-14","2017-08-14","NEON.DOC.000481vH",,
"c4e99606-de1f-43ea-9ced-b62e5d2b2334","7ebb71ef-2b9f-45f6-ac0c-ea69233a20f4","CPER_008.mammalGrid.mam","D10","CPER","CPER_008","2017-08-14","2017-08-14","NEON.DOC.000481vH",,
"d85580d8-33c2-4115-a5fa-4bff2320dd84","4c385536-d8f5-4e00-92fd-08feb156d41b","CPER_015.mammalGrid.mam","D10","CPER","CPER_015","2017-08-15","2017-08-15","NEON.DOC.000481vJ",,
"e2e895d9-ee9c-48fc-b36d-9d5ed18d42e5","09cdd180-4576-4964-8a8f-a49e3cc026b7","CPER_004.mammalGrid.mam","D10","CPER","CPER_004","2017-08-15","2017-08-15","NEON.DOC.000481vJ",,
"ebb5370c-bd2b-4bae-b173-15c5b874f017","19a6d98e-a91b-44cf-8fef-f7bbf5eab80e","CPER_011.mammalGrid.mam","D10","CPER","CPER_011","2017-08-15","2017-08-15","NEON.DOC.000481vJ",,
"9d7c4567-38e5-472f-a50a-b20db256edc9","3eb60758-07d6-40a2-97b3-d7ae821a4fc7","CPER_005.mammalGrid.mam","D10","CPER","CPER_005","2017-08-15","2017-08-15","NEON.DOC.000481vJ",,
