uid,nightuid,namedLocation,domainID,siteID,plotID,collectDate,endDate,samplingProtocolVersion,remarks,dataQF
"461f89ee-8a25-4c20-9f68-32784453d1e5","dc5ab88a-7a0e-43de-a096-e29a81bbee51","UKFS_003.mammalGrid.mam","D06","UKFS","UKFS_003","2018-05-21","2018-05-21","NEON.DOC.000481vK",,
"36be0337-4aa2-4512-8a08-0b6bc5dedc22","75dbe613-435f-47d3-b079-495e42b08070","UKFS_018.mammalGrid.mam","D06","UKFS","UKFS_018","2018-05-21","2018-05-21","NEON.DOC.000481vK",,
"f3a34f09-6386-499a-bad0-7f837264704d","092f2c1f-c94d-411a-a0ee-101746e78389","UKFS_007.mammalGrid.mam","D06","UKFS","UKFS_007","2018-05-21","2018-05-21","NEON.DOC.000481vK",,
"f2f92ba7-f8a9-4739-ae25-4f813947e9b4","61a7038a-ae2e-4a18-8bd7-f23b1b7d67cc","UKFS_010.mammalGrid.mam","D06","UKFS","UKFS_010","2018-05-23","2018-05-23","NEON.DOC.000481vK","More than 30 disturbances so the grid is shut down for this bout",
"8bd51aea-ba29-4b8e-ae9c-650fad88571e","55d6414a-a9e9-4142-b799-24af0045d238","UKFS_004.mammalGrid.mam","D06","UKFS","UKFS_004","2018-05-23","2018-05-23","NEON.DOC.000481vK","I line is incorrect",
"1e3b50f9-7fe1-40b4-b5c0-41aa24b08f4d","0c7825c6-8253-4bdc-8c97-a144cf091592","UKFS_009.mammalGrid.mam","D06","UKFS","UKFS_009","2018-05-23","2018-05-23","NEON.DOC.000481vK",,
"1cf65d50-5f85-4003-9e39-7063f03b675a","0b8ac805-df1b-4885-bade-feab3c12106e","UKFS_009.mammalGrid.mam","D06","UKFS","UKFS_009","2018-05-24","2018-05-24","NEON.DOC.000481vK",,
"3d702f51-7215-49b0-abac-b370e988d437","057ceb63-d541-4849-8cda-ce56b5147e39","UKFS_004.mammalGrid.mam","D06","UKFS","UKFS_004","2018-05-24","2018-05-24","NEON.DOC.000481vK",,
"f2d01b85-5211-4a85-9e93-3a12b663f999","27b68d95-9ebf-4cbb-bc3e-0793ae187aba","UKFS_009.mammalGrid.mam","D06","UKFS","UKFS_009","2018-05-25","2018-05-25","NEON.DOC.000481vK",,
"6a5fb918-d77f-4556-bfc9-0679f57ef9da","5da4ed09-01b1-44fc-a82f-c4a7ab464704","UKFS_004.mammalGrid.mam","D06","UKFS","UKFS_004","2018-05-25","2018-05-25","NEON.DOC.000481vK",,
