uid,nightuid,namedLocation,domainID,siteID,plotID,collectDate,endDate,samplingProtocolVersion,remarks,dataQF
"23fd2239-f00c-4351-b448-cd5e5f3ca459","1C8EC0EAB5434F47944FDA93935C3D9D","ONAQ_015.mammalGrid.mam","D15","ONAQ","ONAQ_015","2014-06-01","2014-06-01",,,
"3af24827-01e9-46bd-87f0-ab4efc4ed887","DB0064D4E1C647569DA8D523EC2A70CF","ONAQ_004.mammalGrid.mam","D15","ONAQ","ONAQ_004","2014-06-01","2014-06-01",,,
"1d6d80d5-3d7a-478c-a7d5-2017f88fb7e6","7895D2B713A64B00BEE38987D2CC08A8","ONAQ_005.mammalGrid.mam","D15","ONAQ","ONAQ_005","2014-06-01","2014-06-01",,,
"641a28bd-af40-43dd-940e-0426f358e835","3F22C5FB805542B492D6000252D55FE3","ONAQ_005.mammalGrid.mam","D15","ONAQ","ONAQ_005","2014-06-02","2014-06-02",,,
"5bec89fb-9e7e-4914-a809-14f425018d62","D3B690C5A5734B5AA275BE47C9125A4A","ONAQ_015.mammalGrid.mam","D15","ONAQ","ONAQ_015","2014-06-02","2014-06-02",,,
"b83795c0-aaec-459f-bb0f-3ad618afac96","46AACF079F104898B343D87C4037B9F2","ONAQ_004.mammalGrid.mam","D15","ONAQ","ONAQ_004","2014-06-02","2014-06-02",,,
"e79a7dc9-d896-4ec6-b882-67994624de81","56E12D8DFC27402B941AA2BF0EE34EF4","ONAQ_003.mammalGrid.mam","D15","ONAQ","ONAQ_003","2014-06-24","2014-06-24",,,
"ae725aed-76dd-4dc6-94de-f56471cf0369","1A1B074422E7422FA9564A036D0917F4","ONAQ_021.mammalGrid.mam","D15","ONAQ","ONAQ_021","2014-06-24","2014-06-24",,,
"f88e111d-6d66-4c11-a7ad-b44e13948eb7","8AC125708FC947CCB1C4438721EE4E62","ONAQ_005.mammalGrid.mam","D15","ONAQ","ONAQ_005","2014-06-24","2014-06-24",,,
"64250fed-099a-4baa-8ae8-f755becdbb50","7303C9D4466D49CDA73A4CD9B13BEDB1","ONAQ_021.mammalGrid.mam","D15","ONAQ","ONAQ_021","2014-06-25","2014-06-25",,,
"9c7e09e5-053c-4cd5-983a-c40fd633f320","07CBDBA36E7E45C28F24F7726A2BC0F7","ONAQ_003.mammalGrid.mam","D15","ONAQ","ONAQ_003","2014-06-25","2014-06-25",,,
"f77a2d70-5c1e-4166-8087-7c7ffd588e76","BC7E2A1EEAD24A84A0014B7FC07D66CE","ONAQ_005.mammalGrid.mam","D15","ONAQ","ONAQ_005","2014-06-25","2014-06-25",,,
"487f3bed-7c2f-4816-9681-7e961e97fc4a","D089B610F414433C9AAC9837E5A7CF35","ONAQ_021.mammalGrid.mam","D15","ONAQ","ONAQ_021","2014-06-26","2014-06-26",,,
"587e6ede-913f-46d3-8178-09f5e1e697a0","F5A82C470F984007B52EB26D0BAB4B41","ONAQ_005.mammalGrid.mam","D15","ONAQ","ONAQ_005","2014-06-26","2014-06-26",,,
