uid,nightuid,namedLocation,domainID,siteID,plotID,collectDate,endDate,samplingProtocolVersion,remarks,dataQF
"9a721a1c-c6d1-446c-b9e6-b0f70d33df80","d7084d71-aa7f-4045-950b-5b1be653adda","SERC_031.mammalGrid.mam","D02","SERC","SERC_031","2018-08-14","2018-08-14","NEON.DOC.000481vK","Thunderstorms during the night",
"e093e653-8c59-4a52-9089-f86d1258ebdd","291eeef6-d9c8-4c64-982e-0b48ed9e6419","SERC_015.mammalGrid.mam","D02","SERC","SERC_015","2018-08-14","2018-08-14","NEON.DOC.000481vK","Rain overnight",
"6b55f169-443a-490b-a890-493ef47c3dc6","024d2f7b-53e9-4dd3-a41a-c5f567578dfb","SERC_007.mammalGrid.mam","D02","SERC","SERC_007","2018-08-14","2018-08-14","NEON.DOC.000481vK","herbicide sprayed in plot 6 weeks prior to trapping; not planted; not much vegetation; rain overnight; many traps disturbed with being knocked over or up-side-down",
"3e041b87-b548-457e-b212-0fa0f29c991c","c120b6d1-bc96-449d-84eb-50db6e7790f1","SERC_011.mammalGrid.mam","D02","SERC","SERC_011","2018-08-14","2018-08-14","NEON.DOC.000481vK","Thunderstorms during the night",
"5a6d414b-ae68-476f-be09-1683b21858cc","1d7b059c-65a4-4d84-9e76-a0a2f205f9bc","SERC_015.mammalGrid.mam","D02","SERC","SERC_015","2018-08-15","2018-08-15","NEON.DOC.000481vK",,
"a228be06-f05e-46fa-bb90-78dcb89224b0","db469d21-fd5a-48b3-9bd9-29a208d0fb09","SERC_011.mammalGrid.mam","D02","SERC","SERC_011","2018-08-15","2018-08-15","NEON.DOC.000481vK",,
"177b0ca5-3fc9-49b2-bcb1-332732316ae5","20de9356-9ac7-4f0e-a221-950c560d9a96","SERC_031.mammalGrid.mam","D02","SERC","SERC_031","2018-08-15","2018-08-15","NEON.DOC.000481vK",,
"e6f433ea-df62-4d6f-b0b1-b9bb876a7795","1ceb473f-71b3-487f-9b26-b047700596a8","SERC_014.mammalGrid.mam","D02","SERC","SERC_014","2018-08-15","2018-08-15","NEON.DOC.000481vK","Thunderstorms during the night and disturbed and knocked over traps",
"9d2a1f52-bd6a-4c7a-a3a6-bdf4487bfe57","cb491329-909a-4ffc-bdbc-26d1c5502beb","SERC_016.mammalGrid.mam","D02","SERC","SERC_016","2018-08-16","2018-08-16","NEON.DOC.000481vK","Many disturbed and knocked over traps",
"97b0fd88-d00a-45ec-8c1e-8f0dd73d4c72","2e3cda62-3030-4c5b-b380-f0a1d55e4509","SERC_032.mammalGrid.mam","D02","SERC","SERC_032","2018-08-16","2018-08-16","NEON.DOC.000481vK",,
"20c1714a-c970-441b-bd27-1cfbd0fca554","b8702a12-347f-48fd-b691-9f636020feab","SERC_011.mammalGrid.mam","D02","SERC","SERC_011","2018-08-16","2018-08-16","NEON.DOC.000481vK",,
"ac448c12-7a1f-40a2-a92c-aea0280598c7","e730adf3-9be8-40bb-87e6-924827ed40df","SERC_015.mammalGrid.mam","D02","SERC","SERC_015","2018-08-16","2018-08-16","NEON.DOC.000481vK",,
"65286b39-4b6b-4954-864c-afa1bf23436f","dbab17d9-d30d-4a89-9650-0e2ec5b34e0c","SERC_008.mammalGrid.mam","D02","SERC","SERC_008","2018-08-17","2018-08-17","NEON.DOC.000481vK","Many disturbed knocked over traps; field not planted with soybeans; unplanted vegetation 1-2 feet tall",
