uid,nightuid,namedLocation,domainID,siteID,plotID,collectDate,endDate,samplingProtocolVersion,remarks,dataQF
"f48a18b4-f93f-4796-b771-30c16a49bd79","16d863ea-960f-4755-bace-376c346394ce","CLBJ_040.mammalGrid.mam","D11","CLBJ","CLBJ_040","2018-10-11","2018-10-11","NEON.DOC.000481vK",,
"1757ca8f-81fe-49ec-875e-1124b0b80709","48907098-963f-4233-916c-1062ec8aa043","CLBJ_041.mammalGrid.mam","D11","CLBJ","CLBJ_041","2018-10-11","2018-10-11","NEON.DOC.000481vK",,
"d10012f1-93a3-4b1f-8367-35bb7f237f6d","e4a12e04-bd4a-4261-b98e-c45445e082d7","CLBJ_033.mammalGrid.mam","D11","CLBJ","CLBJ_033","2018-10-11","2018-10-11","NEON.DOC.000481vK",,
"e34cac4f-d128-4f58-a484-720be978b019","399185b9-e1ee-42c3-a354-58ad0fb20834","CLBJ_042.mammalGrid.mam","D11","CLBJ","CLBJ_042","2018-10-11","2018-10-11","NEON.DOC.000481vK",,
"40b9f32a-230b-408b-b206-6cb87044dd66","596fd782-d283-4e32-89d4-42863b9318f2","CLBJ_042.mammalGrid.mam","D11","CLBJ","CLBJ_042","2018-10-12","2018-10-12","NEON.DOC.000481vK",,
"85fb9d04-018d-4555-936e-9bfe6fedac13","f440ff6c-015f-475a-b20b-4fc87c76e571","CLBJ_041.mammalGrid.mam","D11","CLBJ","CLBJ_041","2018-10-12","2018-10-12","NEON.DOC.000481vK",,
"70fb9383-3dfd-4bb6-ac61-e85e073c57d3","f3b0e2db-21d7-4239-8095-b80b708e5371","CLBJ_057.mammalGrid.mam","D11","CLBJ","CLBJ_057","2018-10-12","2018-10-12","NEON.DOC.000481vK",,
"5b39136c-8bcd-4e0d-b51c-071d9a64d628","3863b1ed-2360-4424-9a8c-c34361dc0c71","CLBJ_039.mammalGrid.mam","D11","CLBJ","CLBJ_039","2018-10-12","2018-10-12","NEON.DOC.000481vK",,
"f454130b-3fb4-4479-95fd-57547fef4b39","76ed3cb3-2e8d-47ba-8116-81108f55085b","CLBJ_034.mammalGrid.mam","D11","CLBJ","CLBJ_034","2018-10-12","2018-10-12","NEON.DOC.000481vK",,
"bf01cc05-9588-4957-8597-d5ddce3df571","768b126b-79e8-4004-9353-15c8353cf0b9","CLBJ_033.mammalGrid.mam","D11","CLBJ","CLBJ_033","2018-10-12","2018-10-12","NEON.DOC.000481vK",,
