uid,nightuid,namedLocation,domainID,siteID,plotID,collectDate,endDate,samplingProtocolVersion,remarks,dataQF
"e3b70c95-add8-4a02-b9e9-a0920b927dfe","9BBBCFCF93A84A61ABB8AEA9DE1FE45B","DSNY_001.mammalGrid.mam","D03","DSNY","DSNY_001","2015-06-23","2015-06-23",,,
"b7bc3b63-9fdf-4985-9ad6-9146039da260","056C07B1C394413AAA3AD6E5FA87358E","DSNY_005.mammalGrid.mam","D03","DSNY","DSNY_005","2015-06-23","2015-06-23",,"no captures did catch small toad site was burned last week and reestablished the evening before only a few sprigs of grass have sprouted up at this point",
"93d35eb3-caaf-4f60-ba68-7bbcb468f707","DB7A3A9910B44FD7BE2B904452247454","DSNY_016.mammalGrid.mam","D03","DSNY","DSNY_016","2015-06-23","2015-06-23",,,
"c073c783-2a9a-4972-b919-cab2dad08d30","EEB5E4467DE045F9A96A388A066FC61A","DSNY_004.mammalGrid.mam","D03","DSNY","DSNY_004","2015-06-23","2015-06-23",,,
"81f27696-a74a-4965-ae33-cbcb92c3779d","8CD977F025E04D688A778222DB1F6004","DSNY_005.mammalGrid.mam","D03","DSNY","DSNY_005","2015-06-24","2015-06-24",,"no captures",
"c6e31f85-6f4a-49ee-9934-2a83fab65612","7ACA3685C6404101BDB5E1A7A7792261","DSNY_001.mammalGrid.mam","D03","DSNY","DSNY_001","2015-06-24","2015-06-24",,"traps not set due to thunderstorm producing lightning very close to the plot",
"57793c72-e002-478a-8d4f-41804e1276ed","934D1443D8444523A3C0A9BF736DD6B9","DSNY_004.mammalGrid.mam","D03","DSNY","DSNY_004","2015-06-24","2015-06-24",,"no captures",
"8f9e51d5-f516-4706-88c4-a67d94e041cf","87D44E942AE44A4187859651AD6CFDF9","DSNY_009.mammalGrid.mam","D03","DSNY","DSNY_009","2015-06-25","2015-06-25",,"no captures",
"1d85e5fe-9c9f-4835-80a5-a806a1d428cd","5DC6080532184978B3F3273B4092ABD1","DSNY_005.mammalGrid.mam","D03","DSNY","DSNY_005","2015-06-25","2015-06-25",,"no captures",
"a44c6f2d-b14e-4182-af34-81eb148f5c6e","4FD727BAFA7C434594BF50CD8C52B1BD","DSNY_004.mammalGrid.mam","D03","DSNY","DSNY_004","2015-06-25","2015-06-25",,,
"0bfc55bb-a5c5-4253-b5c8-4eebfac5c9f4","2A45FB9E24834FA6A523E4E168E0BD8A","DSNY_001.mammalGrid.mam","D03","DSNY","DSNY_001","2015-06-26","2015-06-26",,"no captures",
