uid,nightuid,namedLocation,domainID,siteID,plotID,collectDate,endDate,samplingProtocolVersion,remarks,dataQF
"2078bcc0-3723-484d-9c83-dc95e3735144","b2f15ba9-e3d6-4949-90bf-b03f9460b859","OSBS_005.mammalGrid.mam","D03","OSBS","OSBS_005","2018-04-10","2018-04-10","NEON.DOC.000481vK",,
"56abb7b7-e690-4956-808a-333cee85142c","2c55e590-022b-4b6b-a0cb-027ac9fe6c74","OSBS_003.mammalGrid.mam","D03","OSBS","OSBS_003","2018-04-10","2018-04-10","NEON.DOC.000481vK","Raining",
"e21ebb42-f691-4991-9747-93eedf5c89a0","40f6d043-bd7c-44a7-91c1-3691936a786e","OSBS_004.mammalGrid.mam","D03","OSBS","OSBS_004","2018-04-11","2018-04-11","NEON.DOC.000481vK",,
"f717be16-2de7-49a9-82f2-0e1d1c683f24","16ae53e4-a768-4be9-820e-138c77c9758c","OSBS_002.mammalGrid.mam","D03","OSBS","OSBS_002","2018-04-11","2018-04-11","NEON.DOC.000481vK",,
"1562af0c-3f52-49e0-9360-fcebdd51f554","f267e42e-0f2c-46e2-bbbc-5f00954484b5","OSBS_003.mammalGrid.mam","D03","OSBS","OSBS_003","2018-04-11","2018-04-11","NEON.DOC.000481vK",,
"71d3bef3-5527-4ccc-b36e-7e9ec2a5a874","8ca06155-3f1c-4b80-948f-54f811551ae9","OSBS_003.mammalGrid.mam","D03","OSBS","OSBS_003","2018-04-12","2018-04-12","NEON.DOC.000481vK",,
"1435328f-a0d2-4b9f-a3c9-d5d520f5c7d5","47180a31-c7bc-49c7-83f6-cb008093e807","OSBS_002.mammalGrid.mam","D03","OSBS","OSBS_002","2018-04-12","2018-04-12","NEON.DOC.000481vK",,
"dc04dc28-46bd-4d04-ba57-ea4fdada24f4","dc22b666-9dd5-4a2b-ad25-6e8121d003af","OSBS_002.mammalGrid.mam","D03","OSBS","OSBS_002","2018-04-13","2018-04-13","NEON.DOC.000481vK",,
