uid,nightuid,namedLocation,domainID,siteID,plotID,collectDate,endDate,samplingProtocolVersion,remarks,dataQF
"48fcee2b-da5c-4ec8-8ef1-7c650601a4f4","66dd8544-de35-4d75-81af-9dc71d1334f5","TREE_002.mammalGrid.mam","D05","TREE","TREE_002","2017-07-28","2017-07-28","NEON.DOC.000481vG",,
"ba7b73d8-ce36-4175-9808-71b924321eef","486461ca-0524-4711-97a7-8b9e9e3216b8","TREE_004.mammalGrid.mam","D05","TREE","TREE_004","2017-07-28","2017-07-28","NEON.DOC.000481vG","animal disturbance. some traps thrown or taken apart. A lot were disturbed.",
"de39596b-0631-4228-884b-a8c55abe6dea","38bd651a-c627-441c-b06b-a337f9a46487","TREE_027.mammalGrid.mam","D05","TREE","TREE_027","2017-07-28","2017-07-28","NEON.DOC.000481vG",,
"6a2ff08f-f46c-4f70-9500-2965a183d68e","b2010fc9-1b8b-4f53-9493-59e68e2bd5ed","TREE_028.mammalGrid.mam","D05","TREE","TREE_028","2017-07-29","2017-07-29","NEON.DOC.000481vG",,
"5c7c3042-4c17-4391-be29-bb1e6d144183","1345f864-940a-4627-b037-662b46516038","TREE_019.mammalGrid.mam","D05","TREE","TREE_019","2017-07-29","2017-07-29","NEON.DOC.000481vG",,
"bf4e9a65-6cab-4b4b-b549-625a18534c06","9ba0eb7f-8cdc-423e-9c69-06821c7f486b","TREE_016.mammalGrid.mam","D05","TREE","TREE_016","2017-07-29","2017-07-29","NEON.DOC.000481vG",,
"6773500e-2b1e-4747-825b-8db0f0f9fc3c","50dc2251-a501-46fd-93af-4319fde833f5","TREE_016.mammalGrid.mam","D05","TREE","TREE_016","2017-07-30","2017-07-30","NEON.DOC.000481vG",,
"64aa4874-153f-45c9-85ca-4b0a95469cd4","9f91860b-0855-423f-87a0-9e04ad2623bc","TREE_019.mammalGrid.mam","D05","TREE","TREE_019","2017-07-30","2017-07-30","NEON.DOC.000481vG",,
"3f4568d0-7d38-47a3-a008-e0cb0bc89545","07761b16-6e4f-4b38-9ad3-1b1d9e3c5985","TREE_028.mammalGrid.mam","D05","TREE","TREE_028","2017-07-30","2017-07-30","NEON.DOC.000481vG",,
"79fc3384-f900-46bb-aa77-9cf675018c3c","f329378b-59b8-429b-be55-da7bd883a4b7","TREE_019.mammalGrid.mam","D05","TREE","TREE_019","2017-07-31","2017-07-31","NEON.DOC.000481vG","Animal disturbance many traps were smashed tossed flipped taken apart etc.",
"f1c41083-9df6-4b18-aac8-a171f2a1ddf0","578c9b46-2fc3-46fa-9460-96c3a1b8d841","TREE_028.mammalGrid.mam","D05","TREE","TREE_028","2017-07-31","2017-07-31","NEON.DOC.000481vG",,
"d496971f-7d31-44de-a722-f532629531b7","af6c05ce-8cd3-4410-99cb-9dff7029d3e5","TREE_016.mammalGrid.mam","D05","TREE","TREE_016","2017-07-31","2017-07-31","NEON.DOC.000481vG",,
