uid,nightuid,namedLocation,domainID,siteID,plotID,collectDate,endDate,samplingProtocolVersion,remarks,dataQF
"22f52a8c-6d6d-4250-92f4-abc30cfad15a","e91b4c7d-9976-499f-881e-887b49d00eba","MOAB_025.mammalGrid.mam","D13","MOAB","MOAB_025","2017-08-17","2017-08-17","NEON.DOC.000481vJ",,
"bd9a96d1-a9ab-40f6-abdd-acafbe0043f1","851e5c12-d1ef-4c3f-846a-a24cd06ebe49","MOAB_006.mammalGrid.mam","D13","MOAB","MOAB_006","2017-08-17","2017-08-17","NEON.DOC.000481vJ",,
"f10e5ec7-3293-4a70-8a14-fc44d997ca1f","d57bb1d7-ba92-46e6-a578-b4d84aacf392","MOAB_009.mammalGrid.mam","D13","MOAB","MOAB_009","2017-08-17","2017-08-17","NEON.DOC.000481vJ",,
"8c0374e5-03d5-48d2-b52f-e2a8812b93db","0d0401cc-dc89-4251-a9a5-b49f1609e00d","MOAB_003.mammalGrid.mam","D13","MOAB","MOAB_003","2017-08-17","2017-08-17","NEON.DOC.000481vJ",,
"abaa0fdd-3235-4fc9-b1dd-ae724c507ef5","64541cb0-b33c-43e0-8aed-367e9ea2cdca","MOAB_006.mammalGrid.mam","D13","MOAB","MOAB_006","2017-08-18","2017-08-18","NEON.DOC.000481vJ",,
"fb64a8ad-e966-451c-9d10-bb06b987e950","e566049f-7b20-42c2-8ecc-7d9c6f65a801","MOAB_025.mammalGrid.mam","D13","MOAB","MOAB_025","2017-08-18","2017-08-18","NEON.DOC.000481vJ",,
"721fec85-c932-41c6-b842-e8bfb878bf4c","01817480-260a-439e-b181-9bbefc3773ba","MOAB_002.mammalGrid.mam","D13","MOAB","MOAB_002","2017-08-18","2017-08-18","NEON.DOC.000481vJ",,
"dfb8d322-9a97-430c-9a38-d242e457a7bc","fdec4692-4430-450a-9021-0c0e725a24c3","MOAB_003.mammalGrid.mam","D13","MOAB","MOAB_003","2017-08-18","2017-08-18","NEON.DOC.000481vJ",,
"294aaa7c-c5b1-415b-8fc8-de365eb3c4e0","d81530a6-b55e-4235-a472-0cc955b238eb","MOAB_004.mammalGrid.mam","D13","MOAB","MOAB_004","2017-08-19","2017-08-19","NEON.DOC.000481vJ",,
"97559f5e-197c-410b-9e22-d86c9050e8c9","dc4dc975-b868-4ed6-b056-8a8139a2fdac","MOAB_006.mammalGrid.mam","D13","MOAB","MOAB_006","2017-08-19","2017-08-19","NEON.DOC.000481vJ",,
"106cd928-1e00-4494-a494-9730afb862f3","6fec7fa8-0d4b-44d6-ba0b-8244f02cb726","MOAB_025.mammalGrid.mam","D13","MOAB","MOAB_025","2017-08-19","2017-08-19","NEON.DOC.000481vJ",,
"d76222e0-9e9c-4fdb-97c4-4097ac170aef","42765f90-c238-4f83-bdb9-ebc08e47996e","MOAB_003.mammalGrid.mam","D13","MOAB","MOAB_003","2017-08-19","2017-08-19","NEON.DOC.000481vJ",,
