uid,nightuid,namedLocation,domainID,siteID,plotID,collectDate,endDate,samplingProtocolVersion,remarks,dataQF
"a8d43dd2-8d95-4154-a5ea-932e8b3a2b42","E33AE0DB9A984352A50D09E73B1783F9","GUAN_003.mammalGrid.mam","D04","GUAN","GUAN_003","2016-03-01","2016-03-01","NEON.DOC.000481vG","Protocol use 000481vG",
"f6c8e679-c64c-46a3-b29b-b817038c5d76","B44E88A951C64383B5044699BEFC646A","GUAN_007.mammalGrid.mam","D04","GUAN","GUAN_007","2016-03-02","2016-03-02","NEON.DOC.000481vG","Protocol use 000481vH",
"b8e4903c-dff4-4c47-b889-41cbf4888a0e","712600B791E44FB1BB4E5F64139AFAD2","GUAN_025.mammalGrid.mam","D04","GUAN","GUAN_025","2016-03-02","2016-03-02","NEON.DOC.000481vG","Protocol use 000481vH",
"57946d19-a237-4afd-8c7e-bb93b02d96a1","C8B915D12FAA48E6940F1AEF0C74153F","GUAN_003.mammalGrid.mam","D04","GUAN","GUAN_003","2016-03-02","2016-03-02","NEON.DOC.000481vG","Protocol use 000481vH",
"928f29df-263c-40a9-9cd7-090a276dcba6","9232B13648B0492D9FE491E88349F535","GUAN_025.mammalGrid.mam","D04","GUAN","GUAN_025","2016-03-03","2016-03-03","NEON.DOC.000481vG","protocol use 000481vH",
"22217c62-f729-4271-b6b3-ad0cb63c2690","3257F8EB299A48229BE07143832906C6","GUAN_007.mammalGrid.mam","D04","GUAN","GUAN_007","2016-03-03","2016-03-03","NEON.DOC.000481vG","Protocol use 000481vH",
"482d66af-4d64-4601-8645-7d95237b80cc","9C1F6112279A4A44B7EDC4EE989D3C36","GUAN_003.mammalGrid.mam","D04","GUAN","GUAN_003","2016-03-03","2016-03-03","NEON.DOC.000481vG","protocol use 000481vH",
"e18739d5-a8ea-4850-8769-8ddde380fecc","7F42BF97AAB4489DA5DB8BC5CD7F8B03","GUAN_007.mammalGrid.mam","D04","GUAN","GUAN_007","2016-03-04","2016-03-04","NEON.DOC.000481vG","protocol use 000481vH",
"49c5d6cf-cb36-4156-ae81-b3fe48906d7d","750689C89370404F9B913A2A7B8C733E","GUAN_025.mammalGrid.mam","D04","GUAN","GUAN_025","2016-03-04","2016-03-04","NEON.DOC.000481vG","Protocol use 000481vH",
"75cbcd2c-46ee-438f-b259-db0a20bbeddb","2E9D3E478C7947CB9AAA43E810472880","GUAN_004.mammalGrid.mam","D04","GUAN","GUAN_004","2016-03-04","2016-03-04","NEON.DOC.000481vG","Protocol use 0048vH",
"24339e11-4cd3-4997-847f-9e9817fc95f9","1FF39FA22B0F4B78BC30DCCCE47ED9F0","GUAN_005.mammalGrid.mam","D04","GUAN","GUAN_005","2016-03-05","2016-03-05","NEON.DOC.000481vG","protocol us 000481vH",
"60e62f66-e7d9-4f8f-9958-4deb16c58ccd","A5D56EC1BF2E41748F5994B19794ADD1","GUAN_002.mammalGrid.mam","D04","GUAN","GUAN_002","2016-03-05","2016-03-05","NEON.DOC.000481vG","protocol use 000481vH",
