uid,nightuid,namedLocation,domainID,siteID,plotID,collectDate,endDate,samplingProtocolVersion,remarks,dataQF
"1647aaf1-2504-48ab-8161-a48f3a4bebd3","abfd2829-9a40-4cbd-8dea-401d308a6dbf","NOGP_017.mammalGrid.mam","D09","NOGP","NOGP_017","2018-05-23","2018-05-23","NEON.DOC.000481vK","Traps A1 through A10 not set due to thunderstorm during evening set",
"f28da23b-64b3-4dd7-be4b-bbfde4d718e4","79bc1cdb-a903-4fa6-b3ba-35c96b973468","NOGP_005.mammalGrid.mam","D09","NOGP","NOGP_005","2018-05-23","2018-05-23","NEON.DOC.000481vK",,
"ea400304-0a8c-41ca-ac8b-3a267d44c82d","f1ac2447-6e86-404f-82a7-c8be80cc16b0","NOGP_005.mammalGrid.mam","D09","NOGP","NOGP_005","2018-05-24","2018-05-24","NEON.DOC.000481vK",,
"a7f669be-fa7d-41d7-a826-7268d59fe18c","e6c6c671-5bdc-42f5-b4eb-0128bbe45204","NOGP_014.mammalGrid.mam","D09","NOGP","NOGP_014","2018-05-24","2018-05-24","NEON.DOC.000481vK",,
"231124cf-b3f0-4227-a075-325b038bf02d","1d742901-6b81-4d7f-a08f-0567d930eb9e","NOGP_002.mammalGrid.mam","D09","NOGP","NOGP_002","2018-05-24","2018-05-24","NEON.DOC.000481vK",,
"cc822ee4-fa98-4f57-a6d0-d41ac38d4b2e","3d631be1-6823-4b8f-adb1-8ffe79899005","NOGP_009.mammalGrid.mam","D09","NOGP","NOGP_009","2018-05-24","2018-05-24","NEON.DOC.000481vK","P",
"c1a115bd-af1d-499f-83d5-a7cfc3233dab","89d74ec6-2056-4a04-bcd8-550faa04bf03","NOGP_017.mammalGrid.mam","D09","NOGP","NOGP_017","2018-05-24","2018-05-24","NEON.DOC.000481vK",,
"73d06b9e-f4e2-4527-93ad-42abccc605f7","ff4664eb-4163-45db-b3e3-57e9170a849f","NOGP_017.mammalGrid.mam","D09","NOGP","NOGP_017","2018-05-25","2018-05-25","NEON.DOC.000481vK",,
"f0b99693-0b02-47f5-ab0a-8ad90d8191ef","bdb4fa80-eff1-4e39-bcc2-93c9a026a2e7","NOGP_005.mammalGrid.mam","D09","NOGP","NOGP_005","2018-05-25","2018-05-25","NEON.DOC.000481vK",,
"7c6f0785-23fb-4dba-9606-8877cd84107c","b2006448-5c0b-4c6f-ad87-6523f4bce438","NOGP_007.mammalGrid.mam","D09","NOGP","NOGP_007","2018-05-25","2018-05-25","NEON.DOC.000481vK",,
"7bc660e7-5b53-4dd8-bc43-91b5e013371b","2f31a7cc-7851-4232-8ac4-0507c3b976f2","NOGP_002.mammalGrid.mam","D09","NOGP","NOGP_002","2018-05-25","2018-05-25","NEON.DOC.000481vK",,
