uid,nightuid,namedLocation,domainID,siteID,plotID,collectDate,endDate,samplingProtocolVersion,remarks,dataQF
"8bc97e68-200d-4f18-ac74-996a82944890","2E35CFF178AE4423B704E56BD6BBC486","SERC_015.mammalGrid.mam","D02","SERC","SERC_015","2015-04-20","2015-04-20",,"Heavy rains overnight; some traps not set due to small but possibly driveable roads in plot",
"5ac9ee12-05e0-4615-8f42-418d2eab69e0","1F3D0AD857654885869350EC3DF6C8B0","SERC_007.mammalGrid.mam","D02","SERC","SERC_007","2015-04-20","2015-04-20",,"Heavy rains overnight, likely closed many traps. no sign of animal disturbance",
"d5bea68b-dd3e-4708-a5e1-bdea5d612363","F3DC81229F1B4884A78527B824E404E5","SERC_008.mammalGrid.mam","D02","SERC","SERC_008","2015-04-20","2015-04-20",,"Heavy rains overnight, likely closed traps",
"b1bc5ef3-6b84-4049-8747-1f86d3f102b9","1B21FDFE4DB7406BB6DE4B780507B64B","SERC_014.mammalGrid.mam","D02","SERC","SERC_014","2015-04-20","2015-04-20",,"No bleeding this morning as lancets were not packed",
"ffbbb3e1-ac16-4f46-b968-1324462d5652","50B0F34C2F394FFF8531AFCE508C6EF0","SERC_007.mammalGrid.mam","D02","SERC","SERC_007","2015-04-21","2015-04-21",,"Heavy rains and storms overnight. likely cause of many closed traps. many traps set too tightly - likely combination of new traps and water",
"c46c1568-4fae-4211-84d7-23873ef0e015","1050EB33937A47D38601713A1BBEC4D7","SERC_014.mammalGrid.mam","D02","SERC","SERC_014","2015-04-21","2015-04-21",,"Heavy rains overnight; several traps had seeds eaten in them but only in the front part of the traps so the trap was not set off",
"0b507f75-df33-4f2e-9475-a11606399078","1C2F5B077F5C4F73973F8935A1F0224D","SERC_008.mammalGrid.mam","D02","SERC","SERC_008","2015-04-21","2015-04-21",,"Heavy rains overnight, likely closed traps",
"137f60f7-b877-4d2d-ab31-dd2b79d85827","2C9A2D5709C946179EB29B1355A9EC61","SERC_015.mammalGrid.mam","D02","SERC","SERC_015","2015-04-21","2015-04-21",,"Heavy rains overnight; many slugs and snails in traps",
"e0fb6560-65ca-44dd-a45d-bd0f71cdb744","56181BCD39394B6D9316690B09B99821","SERC_008.mammalGrid.mam","D02","SERC","SERC_008","2015-04-22","2015-04-22",,,
"1c72cb1c-39a7-47c4-a246-512db8d6fa3f","2B3F76DFD4EA4AEB8263794FA3705E0D","SERC_014.mammalGrid.mam","D02","SERC","SERC_014","2015-04-22","2015-04-22",,,
"2cc30fa8-50a5-4a7b-9d7d-f061bcd29246","CC88163B2618461DBD0425CDE08D3319","SERC_007.mammalGrid.mam","D02","SERC","SERC_007","2015-04-22","2015-04-22",,,
"197dc775-29e4-4194-89ef-0c36f843f28c","5FCF6783981B46F1B8F88454769F72E9","SERC_015.mammalGrid.mam","D02","SERC","SERC_015","2015-04-22","2015-04-22",,,
"5dd9c84e-f2b6-4861-8338-b157c8b8c8cd","BFABF6F222F94B1D89E0DE458F7B7898","SERC_032.mammalGrid.mam","D02","SERC","SERC_032","2015-04-23","2015-04-23",,,
"69a34290-16ae-40a3-af62-958c9bda084d","53E959BA398841B49C316F6DE3D0E1B8","SERC_011.mammalGrid.mam","D02","SERC","SERC_011","2015-04-23","2015-04-23",,,
"9d3d0467-cea1-4a29-8497-a103197b3ac8","B26BC1C228F04C65AD07E296B3429E5A","SERC_016.mammalGrid.mam","D02","SERC","SERC_016","2015-04-23","2015-04-23",,,
"280dab20-d747-4d4e-8ba8-024298c1bf88","70DF4792A99E47A093DA955D74E0FD8A","SERC_031.mammalGrid.mam","D02","SERC","SERC_031","2015-04-23","2015-04-23",,,
"0de73844-5ffa-46d5-820d-c9ddda80b6f1","9247E17A73AA4C4F95C1D8ADB2D7CB41","SERC_031.mammalGrid.mam","D02","SERC","SERC_031","2015-04-24","2015-04-24",,"Overnight lows in the 30's (Fahrenheit)",
"7c7436bd-ae29-4a13-b482-ca31a32eac2f","15F21479577A4B918DA277E146EE5946","SERC_011.mammalGrid.mam","D02","SERC","SERC_011","2015-04-24","2015-04-24",,,
"2900a5cd-295c-409c-8075-2e291bb336fb","FEE182089AC44633850885B00552C8C1","SERC_016.mammalGrid.mam","D02","SERC","SERC_016","2015-04-24","2015-04-24",,,
"5338721f-d65d-4d59-bf00-8760460b1f3d","EC79C3B783334C938673756A943580B5","SERC_032.mammalGrid.mam","D02","SERC","SERC_032","2015-04-24","2015-04-24",,,
"997e401a-ca26-4779-b8fc-ded74b828031","0F0746CEC21F4B6381972F13644C6854","SERC_016.mammalGrid.mam","D02","SERC","SERC_016","2015-04-25","2015-04-25",,"Many disturbed traps",
"7ceb0f84-a7a8-4505-b309-4f96d733ad14","C01BF34FC90D4123A8C8BBD02E732ED0","SERC_011.mammalGrid.mam","D02","SERC","SERC_011","2015-04-25","2015-04-25",,,
"6a4c943e-358f-427f-8d07-c808e9d455c7","F1920103BD9C4550BA058E53F6565270","SERC_031.mammalGrid.mam","D02","SERC","SERC_031","2015-04-25","2015-04-25",,,
"c269e7a7-e44b-435f-b49c-69d908b7b848","A601787F2A2E4C9F88D5B4F237D56B8B","SERC_032.mammalGrid.mam","D02","SERC","SERC_032","2015-04-25","2015-04-25",,"We did not trap this night as grid was pulled due to high disturbance the second night of trapping",
