uid,nightuid,namedLocation,domainID,siteID,plotID,collectDate,endDate,samplingProtocolVersion,remarks,dataQF
"7e6b70fe-9eac-4e36-ad20-dd1ededb966f","351e0730-417d-4133-ab18-ad7bb7b586c1","WOOD_009.mammalGrid.mam","D09","WOOD","WOOD_009","2018-05-15","2018-05-15","NEON.DOC.000481vK",,
"af8af34e-6a4d-4d61-9308-d70ef48b1410","0b9ff24f-1945-475a-822a-97dac65d2428","WOOD_007.mammalGrid.mam","D09","WOOD","WOOD_007","2018-05-15","2018-05-15","NEON.DOC.000481vK","A1 and B1 not set due to water",
"5fa52668-5d19-416c-9951-b6cdb8bd4688","f90cf452-69e9-432c-91a5-14d7dbf88c75","WOOD_002.mammalGrid.mam","D09","WOOD","WOOD_002","2018-05-15","2018-05-15","NEON.DOC.000481vK",,
"ce497b99-6dd7-4444-8719-2dfe0a2ae0c3","a7ce2371-407c-4f81-a774-a1a03b221216","WOOD_002.mammalGrid.mam","D09","WOOD","WOOD_002","2018-05-16","2018-05-16","NEON.DOC.000481vK",,
"b15282ca-59eb-44fe-af8f-155e9f2369c2","96cf6adf-27f7-434a-9d54-c582f5e42492","WOOD_007.mammalGrid.mam","D09","WOOD","WOOD_007","2018-05-16","2018-05-16","NEON.DOC.000481vK",,
"49d79c72-bb82-43f3-b49a-38ab25cd8513","56c69acd-1720-4770-bd3e-765c5a78fe47","WOOD_010.mammalGrid.mam","D09","WOOD","WOOD_010","2018-05-16","2018-05-16","NEON.DOC.000481vK",,
"36b1c374-d2ab-4ad3-b31a-a2d38d218d68","6d6e2dd3-8f42-489d-a2ea-83f97358b94e","WOOD_009.mammalGrid.mam","D09","WOOD","WOOD_009","2018-05-16","2018-05-16","NEON.DOC.000481vK",,
"ad6741b9-02e2-421a-93a8-8a49f15f8888","c12ef2d0-0d6c-4b2e-b5a1-cdae38ee3e7c","WOOD_007.mammalGrid.mam","D09","WOOD","WOOD_007","2018-05-17","2018-05-17","NEON.DOC.000481vK",,
"f511b67d-15ad-4a39-943b-af93a64ce02b","37de7e61-2a6f-4ef8-8ea0-b1806a802023","WOOD_008.mammalGrid.mam","D09","WOOD","WOOD_008","2018-05-17","2018-05-17","NEON.DOC.000481vK",,
"03a34ded-be20-417d-a1ba-ce0f199350ba","80e1f9e0-fc9d-407a-a85f-5edaf5be48f2","WOOD_003.mammalGrid.mam","D09","WOOD","WOOD_003","2018-05-17","2018-05-17","NEON.DOC.000481vK",,
"cd68ef41-f812-4f38-85a4-5e56bcbe53f6","5b70c42e-0280-49f0-90fe-a450e4a3c67a","WOOD_009.mammalGrid.mam","D09","WOOD","WOOD_009","2018-05-17","2018-05-17","NEON.DOC.000481vK",,
