uid,nightuid,namedLocation,domainID,siteID,plotID,collectDate,endDate,samplingProtocolVersion,remarks,dataQF
"3eb2ae9e-9730-4cd8-94e7-1f86cd21dd2c","0ecace16-7b59-4d04-8b65-2a4b008b2765","DCFS_009.mammalGrid.mam","D09","DCFS","DCFS_009","2018-06-05","2018-06-05","NEON.DOC.000481vK","A10 and B9-B10 not set due to standing water",
"586fe433-4649-4478-8f60-7cf345584eea","7b33a80e-3639-477c-aa09-e2336fc8d6f8","DCFS_014.mammalGrid.mam","D09","DCFS","DCFS_014","2018-06-05","2018-06-05","NEON.DOC.000481vK",,
"cfb19603-a41e-4123-be63-b8454a42577d","5978fd94-4de9-4492-9505-5572f35c3133","DCFS_006.mammalGrid.mam","D09","DCFS","DCFS_006","2018-06-05","2018-06-05","NEON.DOC.000481vK",,
"d20638be-75f1-4dae-a2f4-c2629ee4a8b8","f68ebec8-659e-4f55-813b-e226ae8d2cbf","DCFS_003.mammalGrid.mam","D09","DCFS","DCFS_003","2018-06-05","2018-06-05","NEON.DOC.000481vK","J5-J7 and I6 not set due to standing water",
"c18f9db2-94bc-4a3c-adf8-b4f7554c26e5","79024f87-e507-476e-9e6d-5f0aa71ffeda","DCFS_014.mammalGrid.mam","D09","DCFS","DCFS_014","2018-06-06","2018-06-06","NEON.DOC.000481vK",,
"ee30978d-0dfb-4f1d-844c-0f972704fbcb","09c1c318-2f1f-4eef-bf04-6fd355deb6e0","DCFS_006.mammalGrid.mam","D09","DCFS","DCFS_006","2018-06-06","2018-06-06","NEON.DOC.000481vK","A lot of traps were disturbed. Cows on plot.",
"a54dd767-1795-4c3d-b5d8-5cdf54f4a73e","0c103ce9-024f-4457-9536-f7bc50b8627f","DCFS_003.mammalGrid.mam","D09","DCFS","DCFS_003","2018-06-06","2018-06-06","NEON.DOC.000481vK","I5 I6 J5 J7 J10 not set due to standing water",
"74831cb7-3b88-4877-80ff-e93df63c189f","4eb7e10e-08eb-4520-ae62-41a00b9fc13b","DCFS_004.mammalGrid.mam","D09","DCFS","DCFS_004","2018-06-06","2018-06-06","NEON.DOC.000481vK",,
"15793a69-7712-4c98-8d07-bec03dec3c10","4f7d7a1d-5659-4ec0-aa7a-41e31e2e2f08","DCFS_014.mammalGrid.mam","D09","DCFS","DCFS_014","2018-06-07","2018-06-07","NEON.DOC.000481vK",,
"c3aa9598-d400-4c5d-bf9e-776902c74065","b1bd69fc-bcd9-4127-88a2-6a187aaba29a","DCFS_006.mammalGrid.mam","D09","DCFS","DCFS_006","2018-06-07","2018-06-07","NEON.DOC.000481vK",,
"11872489-b1e2-46bb-b528-de4b763169d8","13f23a5f-4d00-4139-8766-78513f4b10c6","DCFS_020.mammalGrid.mam","D09","DCFS","DCFS_020","2018-06-07","2018-06-07","NEON.DOC.000481vK",,
"9353e625-d9c6-4217-854f-e1a60bc97760","b1c3c602-b03c-4b56-809e-7aedc6ba537c","DCFS_003.mammalGrid.mam","D09","DCFS","DCFS_003","2018-06-07","2018-06-07","NEON.DOC.000481vK",,
