uid,nightuid,namedLocation,domainID,siteID,plotID,collectDate,endDate,samplingProtocolVersion,remarks,dataQF
"82603ee5-dd7e-4cfa-a7da-e6c2db42ff7c","492E831114BE41F4AEA173A173553449","TALL_012.mammalGrid.mam","D08","TALL","TALL_012","2016-08-02","2016-08-02","NEON.DOC.000481vH",,
"138d4ba1-8baf-47e8-8e55-381de9230405","48A9B869F4B1457DBFF2DB085A2B34F4","TALL_024.mammalGrid.mam","D08","TALL","TALL_024","2016-08-02","2016-08-02","NEON.DOC.000481vH",,
"6381d349-f66e-4ed9-a4a9-12adbde08092","6E84359524C740A4B5D7F96FD449B36F","TALL_010.mammalGrid.mam","D08","TALL","TALL_010","2016-08-02","2016-08-02","NEON.DOC.000481vH",,
"0eea0c7f-6743-4703-9846-c83c4287b63a","5CB26B1E126F477F9FC03EEE295A9B6E","TALL_015.mammalGrid.mam","D08","TALL","TALL_015","2016-08-02","2016-08-02","NEON.DOC.000481vH",,
"3db2e7ce-a56e-4945-8a06-ffb314baefdc","CEAE97F1B0394FA3A9CF8CD777CCCB57","TALL_012.mammalGrid.mam","D08","TALL","TALL_012","2016-08-03","2016-08-03","NEON.DOC.000481vH",,
"a3409d5a-c544-49f8-86b8-5bed5a3f26a3","9E520783A8634F42BDF100AA97F3EF0F","TALL_024.mammalGrid.mam","D08","TALL","TALL_024","2016-08-03","2016-08-03","NEON.DOC.000481vH",,
"fa9de61a-bc6e-479f-8d50-5c22406be99b","9AE2E327CB394767893F8E542620967A","TALL_010.mammalGrid.mam","D08","TALL","TALL_010","2016-08-03","2016-08-03","NEON.DOC.000481vH",,
"e1a6925c-68e2-4558-a01d-ad1cdcad812d","D567FBC6F79D49C8B13FB0B85E236432","TALL_015.mammalGrid.mam","D08","TALL","TALL_015","2016-08-03","2016-08-03","NEON.DOC.000481vH",,
"30294421-95e5-45d7-8c90-10fa1d9d3d69","09340FFC37284E6BA4DC0C947DBE1924","TALL_012.mammalGrid.mam","D08","TALL","TALL_012","2016-08-04","2016-08-04","NEON.DOC.000481vH",,
"d9be8a77-cf5b-475c-9f1c-a99d6082b8c5","75FFA9DA360644A3B56B3E3CCF2B7040","TALL_024.mammalGrid.mam","D08","TALL","TALL_024","2016-08-04","2016-08-04","NEON.DOC.000481vH",,
"880c80df-1b44-4ce6-a923-c8474cd4b05a","6132CF4414BA477694A688C04E80D0BE","TALL_010.mammalGrid.mam","D08","TALL","TALL_010","2016-08-04","2016-08-04","NEON.DOC.000481vH",,
"e2a2356b-5567-4351-ab21-66b22eadd9bf","8A05F817599A47EBAEEB2C3C7F5A0C91","TALL_015.mammalGrid.mam","D08","TALL","TALL_015","2016-08-04","2016-08-04","NEON.DOC.000481vH",,
"88de5ce0-d94c-4896-9749-a4d59a030271","E9EA32642833450A870B48796D3C8225","TALL_005.mammalGrid.mam","D08","TALL","TALL_005","2016-08-05","2016-08-05","NEON.DOC.000481vH",,
"88fe156f-1910-49a8-aafc-1c86cec356a2","D9BDFE07B2304A1289EEBFE46EC78A9D","TALL_013.mammalGrid.mam","D08","TALL","TALL_013","2016-08-05","2016-08-05","NEON.DOC.000481vH",,
"96a408e6-a9f9-47fd-b527-08e1447b2dee","E47745826C6F4599990A33CEE0554CA6","TALL_006.mammalGrid.mam","D08","TALL","TALL_006","2016-08-05","2016-08-05","NEON.DOC.000481vH",,
"7a501379-7725-48df-af6d-fe7160a0f737","6EC1751A2A1542158EA83A05EFA3FD64","TALL_031.mammalGrid.mam","D08","TALL","TALL_031","2016-08-05","2016-08-05","NEON.DOC.000481vH",,
