uid,nightuid,namedLocation,domainID,siteID,plotID,collectDate,endDate,samplingProtocolVersion,remarks,dataQF
"0d5c866a-e43a-4e1a-8df0-b8abbeeb60af","6C4F13F78C2347F6AD7ECF94EA040480","JERC_005.mammalGrid.mam","D03","JERC","JERC_005","2016-09-27","2016-09-27","NEON.DOC.000481vH",,
"0a7a77f0-6a80-4230-9328-66cb3c9a0e91","3E16A1025A804C78A715B0A34E2DD22A","JERC_003.mammalGrid.mam","D03","JERC","JERC_003","2016-09-27","2016-09-27","NEON.DOC.000481vH",,
"8ad42876-2fdf-49ec-9888-d7c3b72171da","0931283FBE6D47AE9C340905BEDF2400","JERC_019.mammalGrid.mam","D03","JERC","JERC_019","2016-09-27","2016-09-27","NEON.DOC.000481vH",,
"ff3f16db-9def-4132-bfec-e74927fc1ed6","E59173A6E4A54F88ADF4B88D4A4E630D","JERC_009.mammalGrid.mam","D03","JERC","JERC_009","2016-09-27","2016-09-27","NEON.DOC.000481vH",,
"a4fee4d1-a2d6-479c-b91b-aec778ce2193","45490FD84DD24C009CEDDF8060C03CEC","JERC_005.mammalGrid.mam","D03","JERC","JERC_005","2016-09-28","2016-09-28","NEON.DOC.000481vH",,
"1d4234ed-2eef-434c-b676-e784731bcc4a","905B1CB7EACA411199809AF337F51497","JERC_009.mammalGrid.mam","D03","JERC","JERC_009","2016-09-28","2016-09-28","NEON.DOC.000481vH",,
"0dc13c04-1b3e-4cc4-bcf1-4ff01915af8d","388B31E968EF4355894786E2F7F1CF64","JERC_006.mammalGrid.mam","D03","JERC","JERC_006","2016-09-28","2016-09-28","NEON.DOC.000481vH",,
"a6abad8c-1ae2-4617-9f57-4fb9498aa772","CF495896F5D846A2A52135A2C1E51C08","JERC_003.mammalGrid.mam","D03","JERC","JERC_003","2016-09-28","2016-09-28","NEON.DOC.000481vH",,
"9659dff9-31e7-4d0d-8797-b4bdf13fe866","5D293EE813934BFDBFC32B8553EECE68","JERC_005.mammalGrid.mam","D03","JERC","JERC_005","2016-09-29","2016-09-29","NEON.DOC.000481vH",,
"b64b55db-0908-41e9-aaf8-3f64593fb8e6","5CD6EB775032427FBC0CD32088EF567B","JERC_003.mammalGrid.mam","D03","JERC","JERC_003","2016-09-29","2016-09-29","NEON.DOC.000481vH",,
"bbb88a9b-106c-4828-86a9-3338ddb4f125","3E7AAF0889194B7CB5DE9C55CF8108F2","JERC_002.mammalGrid.mam","D03","JERC","JERC_002","2016-09-29","2016-09-29","NEON.DOC.000481vH",,
"fc3c503a-8531-4291-9bb2-65688aaed714","8FD4212D95EC42A9A03402A630470BA6","JERC_009.mammalGrid.mam","D03","JERC","JERC_009","2016-09-29","2016-09-29","NEON.DOC.000481vH",,
