uid,nightuid,namedLocation,domainID,siteID,plotID,collectDate,endDate,samplingProtocolVersion,remarks,dataQF
"3cde3820-f439-4dec-8285-972a1ab13e2a","3B1A17FDC260427BA4698F63666CD8E0","OSBS_003.mammalGrid.mam","D03","OSBS","OSBS_003","2015-09-15","2015-09-15",,,
"bbc859c2-727d-47f2-8c59-eb096db3000f","4C570454983346AD83782A6FAB97DD29","OSBS_023.mammalGrid.mam","D03","OSBS","OSBS_023","2015-09-15","2015-09-15",,,
"b146cce8-7c67-4371-a679-08c68b881618","7B71FB5A27914A24B70DC465E65EF94B","OSBS_005.mammalGrid.mam","D03","OSBS","OSBS_005","2015-09-15","2015-09-15",,,
"00ccd136-d639-4ae0-91f3-37677ae171fc","EC89D718392A4714AF6271F8D358551B","OSBS_004.mammalGrid.mam","D03","OSBS","OSBS_004","2015-09-15","2015-09-15",,,
"7b7eecc7-42b3-46e2-ac39-fd4c3de0e665","2ADAAB5F99244DA9BBEEEC561D13D98C","OSBS_012.mammalGrid.mam","D03","OSBS","OSBS_012","2015-09-16","2015-09-16",,,
"979c897d-bd0c-4637-b7f7-6ee1318e9067","F9B2AD10B2C348479E388C5B9B53B2C7","OSBS_023.mammalGrid.mam","D03","OSBS","OSBS_023","2015-09-16","2015-09-16",,,
"0ea20300-5428-428d-9aa1-80380191698e","6D755C61EF95469EAE8A618D32BD7C96","OSBS_004.mammalGrid.mam","D03","OSBS","OSBS_004","2015-09-16","2015-09-16",,,
"e73bf44f-c7db-4dfd-b944-2576d7194eb6","CAC8B0A9F1054B06969786E449AFF87D","OSBS_003.mammalGrid.mam","D03","OSBS","OSBS_003","2015-09-16","2015-09-16",,,
"c3b4b9da-161c-46ca-9571-a794fe2a3d1d","B1089D7C21AB4653B5B8183F74583272","OSBS_004.mammalGrid.mam","D03","OSBS","OSBS_004","2015-09-17","2015-09-17",,,
"d7dbce03-b8cf-4dbd-83ce-417f5c1003a7","E419D049344B48E8998B087AF74699B0","OSBS_002.mammalGrid.mam","D03","OSBS","OSBS_002","2015-09-17","2015-09-17",,,
"0afe4331-f9fc-4ff4-8767-62cf991b6325","65572748EF204158ACE8A156C651A1F9","OSBS_003.mammalGrid.mam","D03","OSBS","OSBS_003","2015-09-17","2015-09-17",,,
"3d113106-4a45-442e-9a9c-dce425426add","F01CF4F798184AAEB0EF804D6CCB0A63","OSBS_023.mammalGrid.mam","D03","OSBS","OSBS_023","2015-09-18","2015-09-18",,,
