uid,nightuid,namedLocation,domainID,siteID,plotID,collectDate,endDate,samplingProtocolVersion,remarks,dataQF
"951b901b-e317-42bd-bae5-d0011593ad06","AA9DA12EF522411F99EACCECD9AF64AD","SCBI_008.mammalGrid.mam","D02","SCBI","SCBI_008","2016-06-01","2016-06-01","NEON.DOC.000481vG",,
"f1a83b59-2911-4699-b52d-3c9ab75726e8","6999725C00924B1A977990E81749CD5F","SCBI_035.mammalGrid.mam","D02","SCBI","SCBI_035","2016-06-01","2016-06-01","NEON.DOC.000481vG",,
"a3e305f6-cf07-4d22-8235-d4f0944a3e0b","8820A3A6FC1C4741A724E137618D65EF","SCBI_002.mammalGrid.mam","D02","SCBI","SCBI_002","2016-06-01","2016-06-01","NEON.DOC.000481vG","Almost entirely disturbed; bear damage to 28 traps; grid pulled",
"f083448b-2218-4e14-8177-4b62468307d6","82B78D13FC2F49A4A6220AAE35615F32","SCBI_035.mammalGrid.mam","D02","SCBI","SCBI_035","2016-06-02","2016-06-02","NEON.DOC.000481vG",,
"f3b2077a-a308-486e-bff8-de2c61e373a7","789D43A406164D2290ECBAD9EA37301B","SCBI_002.mammalGrid.mam","D02","SCBI","SCBI_002","2016-06-02","2016-06-02","NEON.DOC.000481vG","All not set due to high level of disturbance on 20160601",
"3ae4aef5-3ceb-40b8-8a0b-d888be3bd34c","5711E126E2DC45C5A3A9445054E80EE7","SCBI_039.mammalGrid.mam","D02","SCBI","SCBI_039","2016-06-02","2016-06-02","NEON.DOC.000481vG",,
"94e4e16e-85d2-4bfa-aea2-2225d2a0bdf7","CC3FCC2C417545839B28D167406BD31A","SCBI_008.mammalGrid.mam","D02","SCBI","SCBI_008","2016-06-02","2016-06-02","NEON.DOC.000481vG",,
"5e3cfc5d-4f24-4be7-bd4c-87e9323a9b02","714A8C5DEBE14AD3902D24C4DC80F671","SCBI_004.mammalGrid.mam","D02","SCBI","SCBI_004","2016-06-03","2016-06-03","NEON.DOC.000481vG",,
"8675f0ca-fcb5-4b0c-b5d4-6be970e7f5c6","F6D3A164AD9B492F976491BE1CBDE6AE","SCBI_003.mammalGrid.mam","D02","SCBI","SCBI_003","2016-06-03","2016-06-03","NEON.DOC.000481vG",,
"34308689-5916-47b2-a024-3fe3683d06b1","262166CE72CD4A629F54719CA182E2C6","SCBI_035.mammalGrid.mam","D02","SCBI","SCBI_035","2016-06-28","2016-06-28","NEON.DOC.000481vH","Not all traps set due to thunderstorms in pm; grass is 5 to 6 ft tall",
"4997cfd4-a771-452a-849a-a91e8dda3d74","9A497C9D2BC0462CB0B69E414D280CDD","SCBI_002.mammalGrid.mam","D02","SCBI","SCBI_002","2016-06-28","2016-06-28","NEON.DOC.000481vH","Not all traps set due to thunderstorms in the pm",
"7645f197-a724-4788-bdf7-372c7030564d","4638368391C44ABC9B61001CEAD20595","SCBI_008.mammalGrid.mam","D02","SCBI","SCBI_008","2016-06-28","2016-06-28","NEON.DOC.000481vH","Thunderstorms in pm so not all traps set",
"b8ece7b4-2700-4a41-8293-00e7d13ddb06","00D1AA7980B442B886FA7F526B96D6F4","SCBI_035.mammalGrid.mam","D02","SCBI","SCBI_035","2016-06-29","2016-06-29","NEON.DOC.000481vH",,
"4556b7f9-c212-4fc6-8388-301624745e58","8478DD5FC4D149238C433B3B35663FD5","SCBI_002.mammalGrid.mam","D02","SCBI","SCBI_002","2016-06-29","2016-06-29","NEON.DOC.000481vH",,
"a34213e5-35cf-4b68-87ab-798e11d27e46","14C5E494D1A9445180A907CF98CE7207","SCBI_008.mammalGrid.mam","D02","SCBI","SCBI_008","2016-06-29","2016-06-29","NEON.DOC.000481vH","Heavy disturbance with some smashed traps",
"02814d8c-40fa-48e9-ab29-d003ba5d3cce","1F427BF9ACC34B1F8F662068AC9BBA09","SCBI_039.mammalGrid.mam","D02","SCBI","SCBI_039","2016-06-30","2016-06-30","NEON.DOC.000481vH",,
"1db5cb2e-b32a-4cab-b5de-af5264e6176a","D68A09EB69C345C2A83AF10172B8BDD5","SCBI_008.mammalGrid.mam","D02","SCBI","SCBI_008","2016-06-30","2016-06-30","NEON.DOC.000481vH","Plot not set due to high disturbance rate after night 2",
"4f16daca-09c9-4e4a-be44-4c11e9aea7ee","CE20BBFB47274E188C9610C7A25D069E","SCBI_002.mammalGrid.mam","D02","SCBI","SCBI_002","2016-06-30","2016-06-30","NEON.DOC.000481vH","Many traps destroyed by bears; over 80 percent disturbance",
"87724ee2-828f-4aa6-9e65-faaa08b60aeb","41C1DDF460454768A426D4F48C86AF39","SCBI_035.mammalGrid.mam","D02","SCBI","SCBI_035","2016-06-30","2016-06-30","NEON.DOC.000481vH",,
