uid,nightuid,namedLocation,domainID,siteID,plotID,collectDate,endDate,samplingProtocolVersion,remarks,dataQF
"a63a5a64-a1e7-46b6-9deb-69b04a660ded","0E9098065AEE4AF795F483368C25C247","WOOD_008.mammalGrid.mam","D09","WOOD","WOOD_008","2014-06-01","2014-06-01",,,
"dcaf395f-d4ad-48ca-8b4c-2ce886bfdc8f","DCE4E48C5CDF494DA368462D94C01B23","WOOD_006.mammalGrid.mam","D09","WOOD","WOOD_006","2014-06-01","2014-06-01",,,
"54d408a9-00b9-47bb-aa00-ab777d1b7068","F07DF97FF1A74223BAB2F8ADDEE4C40B","WOOD_002.mammalGrid.mam","D09","WOOD","WOOD_002","2014-06-01","2014-06-01",,,
"b2ac06b2-0b6a-4a1e-94f3-b06553c47b2a","07C748AF872A4EEBBFC06742490AD28D","WOOD_013.mammalGrid.mam","D09","WOOD","WOOD_013","2014-06-01","2014-06-01",,,
"e48f4b13-c375-4f74-9191-32b27009c5d8","E8F9215756EE4C45876FCEEF609AF813","WOOD_002.mammalGrid.mam","D09","WOOD","WOOD_002","2014-06-02","2014-06-02",,,
"c679754b-38d7-4a5a-88ae-10536ae34960","7FD1237B43704E709091438C10ADC4C1","WOOD_013.mammalGrid.mam","D09","WOOD","WOOD_013","2014-06-02","2014-06-02",,,
"bdb5a67a-3f9a-4841-8100-0a6341ec11bd","690BC384D90649A2A92DFF9C6068A67F","WOOD_008.mammalGrid.mam","D09","WOOD","WOOD_008","2014-06-02","2014-06-02",,,
"4007b83e-61d6-426c-b080-e30cd65ffcce","D275E0A4CA8D485595F42DDEE9866D4C","WOOD_006.mammalGrid.mam","D09","WOOD","WOOD_006","2014-06-02","2014-06-02",,,
"6d7d034e-7544-4b63-bd7c-8e0e94bbc7d3","58F0A52515434D8EBB9F996E285DB237","WOOD_009.mammalGrid.mam","D09","WOOD","WOOD_009","2014-06-24","2014-06-24",,,
"097b87ff-009b-48c8-bdcb-f9a81a1c15d3","8693DE9C9EBB43C199347A8519FF7119","WOOD_011.mammalGrid.mam","D09","WOOD","WOOD_011","2014-06-24","2014-06-24",,,
"13f59b70-b775-4161-93a1-a5b6bfdf8766","E9377B589793444C92D335865A02E332","WOOD_013.mammalGrid.mam","D09","WOOD","WOOD_013","2014-06-24","2014-06-24",,"B10 ON DATASHEET TWICE, HOWEVER TRAP COUNT DATA INDICATED THAT B10 AND D10 ATRE THE SOURCE OF THE ERROR",
"8a54c26e-0f9e-4f51-a5bc-6533a12e0f6e","AE739ECA9AC64A79A02C7F7CCFC56645","WOOD_002.mammalGrid.mam","D09","WOOD","WOOD_002","2014-06-24","2014-06-24",,,
"61d5be49-8b10-49f8-bb84-1f430359b562","ACA041857263492798D160C3CF264FF8","WOOD_002.mammalGrid.mam","D09","WOOD","WOOD_002","2014-06-25","2014-06-25",,,
"d08c6310-327f-4f2e-b1c7-860ffafcfbf8","3991CDCC6C2649179D17328B2010CA34","WOOD_013.mammalGrid.mam","D09","WOOD","WOOD_013","2014-06-25","2014-06-25",,,
"da8df28b-032c-43c3-ac0e-68e37709fc8c","86CF552C32B848F6A7456183995503CB","WOOD_009.mammalGrid.mam","D09","WOOD","WOOD_009","2014-06-25","2014-06-25",,,
"25556418-f664-4a00-b497-3d87ca66c75a","E9E919EE59E2466BB53067FE961999C7","WOOD_011.mammalGrid.mam","D09","WOOD","WOOD_011","2014-06-25","2014-06-25",,,
"32aab947-21c7-4a66-8068-da975c905c33","1064E98DD0E64C06A372C69260FD1FDE","WOOD_011.mammalGrid.mam","D09","WOOD","WOOD_011","2014-06-26","2014-06-26",,,
"eb4410bb-ebf2-4203-932a-3953804df402","E0FA10D7E3CC47888D59674BBE27D917","WOOD_009.mammalGrid.mam","D09","WOOD","WOOD_009","2014-06-26","2014-06-26",,,
"2754221b-bb3c-4e66-9196-b506ff405136","F6A6E674E0E445179F9D4C00D3E2E3A0","WOOD_002.mammalGrid.mam","D09","WOOD","WOOD_002","2014-06-26","2014-06-26",,,
"f9e30cb1-3a18-416a-9504-40a708efb30f","A5D6EA496C9E43F8AA0BBCE2EB435650","WOOD_013.mammalGrid.mam","D09","WOOD","WOOD_013","2014-06-26","2014-06-26",,,
