uid,nightuid,namedLocation,domainID,siteID,plotID,collectDate,endDate,samplingProtocolVersion,remarks,dataQF
"253f21c1-c446-4dd4-9da1-492d91311050","b108e4d2-4690-46f9-a7b9-9f787aebe8a1","WOOD_010.mammalGrid.mam","D09","WOOD","WOOD_010","2017-06-27","2017-06-27",,"Recorded by mgentzkow",
"b86bec42-5e18-487b-99f3-ae0c9ffc5b81","d14b7141-c3c4-44c4-a415-d362933c7def","WOOD_008.mammalGrid.mam","D09","WOOD","WOOD_008","2017-06-27","2017-06-27","NEON.DOC.000481vJ",,
"4ecce971-c7b7-49b5-875a-1948ecffe0aa","0d936bd3-647e-4590-b0e0-6f2bff6a9256","WOOD_009.mammalGrid.mam","D09","WOOD","WOOD_009","2017-06-27","2017-06-27","NEON.DOC.000481vJ",,
"1881d3b0-dee5-4c15-8455-3788de7f0090","cc14fa42-ac74-488f-80c6-4f6ac4e9cb0b","WOOD_009.mammalGrid.mam","D09","WOOD","WOOD_009","2017-06-28","2017-06-28",,,
"c29cb8db-14f0-4e58-b645-4c7cbddc712c","6a5623e3-27cb-44d3-8186-0aad6f0847b4","WOOD_007.mammalGrid.mam","D09","WOOD","WOOD_007","2017-06-28","2017-06-28",,,
"0db6cf2c-b1ba-4309-aabb-226b978f8c6e","769f5b1d-7ee0-4b88-a013-5272925424c9","WOOD_002.mammalGrid.mam","D09","WOOD","WOOD_002","2017-06-28","2017-06-28",,,
"eb501778-2192-4bbf-943c-75cff13eb9f9","0302329b-aaf4-458b-b1cd-ee9506d64794","WOOD_003.mammalGrid.mam","D09","WOOD","WOOD_003","2017-06-29","2017-06-29",,"Measured by swenner",
"80480304-b3ad-40fd-8d3c-9aca248cf50f","440c8681-93bb-4669-9d53-6fd7cc6154e7","WOOD_009.mammalGrid.mam","D09","WOOD","WOOD_009","2017-06-29","2017-06-29","NEON.DOC.000481vJ",,
"2e131cd5-8e7f-4699-a164-c2e3e9f0455a","89ff8829-79c7-4198-8d54-1ec6a8f731b2","WOOD_002.mammalGrid.mam","D09","WOOD","WOOD_002","2017-06-29","2017-06-29",,,
"58d972d5-3917-44ce-9437-9205edd4165e","367281e0-2253-4e42-b461-9148282ff1e2","WOOD_007.mammalGrid.mam","D09","WOOD","WOOD_007","2017-06-29","2017-06-29",,"Swenner",
"0721bd4d-7ac6-4794-8a77-4968da0d7c30","ddc1d9b2-a5ab-45a6-a342-3e5896d939d4","WOOD_007.mammalGrid.mam","D09","WOOD","WOOD_007","2017-06-30","2017-06-30",,,
"acf70681-abaa-4ff7-8f57-fdc49c213c72","73332504-4e55-4116-af27-51541527db8f","WOOD_002.mammalGrid.mam","D09","WOOD","WOOD_002","2017-06-30","2017-06-30","NEON.DOC.000481vJ",,
