uid,nightuid,namedLocation,domainID,siteID,plotID,collectDate,endDate,samplingProtocolVersion,remarks,dataQF
"2e216c33-c28c-4da2-9d61-6ac56ca0483d","2502e7b1-0f7d-4e75-846d-4d0941cfbcdb","BONA_004.mammalGrid.mam","D19","BONA","BONA_004","2018-08-07","2018-08-07","NEON.DOC.000481vK",,
"6d01c805-90f1-44ee-bd8b-29cc7fb31cf1","a48b0e34-9d41-4c07-a23d-adbe20de4a18","BONA_014.mammalGrid.mam","D19","BONA","BONA_014","2018-08-07","2018-08-07","NEON.DOC.000481vK",,
"15f483ff-dc97-47a9-b1f6-2ca03180e4ed","1b089ab5-5c9e-4b8b-bf30-d0aeea0e0d4e","BONA_033.mammalGrid.mam","D19","BONA","BONA_033","2018-08-07","2018-08-07","NEON.DOC.000481vK",,
"7c401fa4-79a1-46f0-ae74-9bf085725682","d96a41e6-df81-46d1-a98b-4b54cf3550d1","BONA_020.mammalGrid.mam","D19","BONA","BONA_020","2018-08-07","2018-08-07","NEON.DOC.000481vK",,
"1f7e8fc0-4719-49f5-aa1c-b2ea5c5b3958","cbcb401c-3e7c-4bcd-984c-6d31cc9b730c","BONA_002.mammalGrid.mam","D19","BONA","BONA_002","2018-08-07","2018-08-07","NEON.DOC.000481vK",,
"80dc8ffa-c1de-49ce-92d6-56312ef790a6","6d9393cb-1983-43b2-af00-2ef01d5b0180","BONA_033.mammalGrid.mam","D19","BONA","BONA_033","2018-08-08","2018-08-08","NEON.DOC.000481vK","Traps heavily seeded resulting in more code 3s then expected.",
"c9148b4a-d818-400d-9f83-e58af0bfe7c5","3db7b70f-9341-4e36-8d94-b44006df2461","BONA_014.mammalGrid.mam","D19","BONA","BONA_014","2018-08-08","2018-08-08","NEON.DOC.000481vK",,
"f70ab764-91a7-4aa2-af3b-107036535510","9c8c9693-8a13-4604-9042-1d2ef3da67b0","BONA_094.mammalGrid.mam","D19","BONA","BONA_094","2018-08-08","2018-08-08","NEON.DOC.000481vK",,
"4833b26e-9345-4d34-94f7-921a8b807134","bfc5a251-0e6d-4770-b059-312a10380970","BONA_002.mammalGrid.mam","D19","BONA","BONA_002","2018-08-08","2018-08-08","NEON.DOC.000481vK",,
"0ff27e37-e9fc-4e92-a68e-8ff550464137","f31639cd-2a4e-4821-b373-92980c50ca1f","BONA_014.mammalGrid.mam","D19","BONA","BONA_014","2018-08-09","2018-08-09","NEON.DOC.000481vK",,
"8f7ce410-3ac5-4024-ada8-d7c8286dc499","2477308a-7e51-4936-a510-616aaf56c91d","BONA_033.mammalGrid.mam","D19","BONA","BONA_033","2018-08-09","2018-08-09","NEON.DOC.000481vK",,
"228f89bc-ab24-4b51-bb52-85318b983e05","5665560a-b084-4aea-9520-106a436900b8","BONA_023.mammalGrid.mam","D19","BONA","BONA_023","2018-08-09","2018-08-09","NEON.DOC.000481vK",,
"6c1e3e37-d8a1-4459-a2be-e95bc20615ac","3624cf5b-277b-4005-a5df-8b7d98e5dfdc","BONA_002.mammalGrid.mam","D19","BONA","BONA_002","2018-08-09","2018-08-09","NEON.DOC.000481vK",,
