uid,nightuid,namedLocation,domainID,siteID,plotID,collectDate,endDate,samplingProtocolVersion,remarks,dataQF
"9613ca9a-7b5c-4c94-b01f-6f39e0c63ff9","60baa897-cd04-4893-a4cb-d653b8b2dba9","HARV_021.mammalGrid.mam","D01","HARV","HARV_021","2017-08-15","2017-08-15","NEON.DOC.000481vJ",,
"e48ffd80-1cc8-485d-a0f7-039069e7e0c5","2f4ce12b-7dfa-4236-9445-3930bd3b9596","HARV_023.mammalGrid.mam","D01","HARV","HARV_023","2017-08-15","2017-08-15","NEON.DOC.000481vJ",,
"093a0501-b5de-462c-ab03-2770a9f04376","850e3847-2100-48d5-92fc-50ca4d662fde","HARV_008.mammalGrid.mam","D01","HARV","HARV_008","2017-08-15","2017-08-15","NEON.DOC.000481vJ",,
"2ef93e7b-65b6-445d-a068-d134329445f7","2766618c-ef31-4f4d-8cf3-a69d315d887c","HARV_023.mammalGrid.mam","D01","HARV","HARV_023","2017-08-16","2017-08-16","NEON.DOC.000481vG",,
"c954b56e-8a1e-49bf-8d78-262ec9876b67","2e622f13-992e-48e8-9a5a-43f6ee324156","HARV_021.mammalGrid.mam","D01","HARV","HARV_021","2017-08-16","2017-08-16","NEON.DOC.000481vG",,
"6f1e0807-2564-40a6-a6c7-6237177acce9","e39a9aae-7a85-4559-adf0-4901f33f6058","HARV_008.mammalGrid.mam","D01","HARV","HARV_008","2017-08-16","2017-08-16","NEON.DOC.000481vG",,
"b33acdfe-23c7-4184-9242-168dcea7d896","b7b39fb8-c37c-44a8-8300-294c5d83929d","HARV_023.mammalGrid.mam","D01","HARV","HARV_023","2017-08-17","2017-08-17","NEON.DOC.000481vJ",,
"417d5166-0635-4caa-b0c4-afc1731d69a6","d7d2ca29-d8c4-42ab-af18-0ce85f3ff029","HARV_008.mammalGrid.mam","D01","HARV","HARV_008","2017-08-17","2017-08-17","NEON.DOC.000481vJ",,
"84889fcd-3449-4bb5-9328-c45747228c30","8c372fa4-7161-4d38-a0df-f45050c6daa5","HARV_021.mammalGrid.mam","D01","HARV","HARV_021","2017-08-17","2017-08-17","NEON.DOC.000481vJ",,
"d0fb43e6-6d65-4b83-845e-fde67ac320ac","5de27c56-5b98-4360-893c-332934f8f23d","HARV_001.mammalGrid.mam","D01","HARV","HARV_001","2017-08-18","2017-08-18","NEON.DOC.000481vJ",,
"84154448-bad6-4ef9-a173-7716709b1fe3","f9362d23-3c73-47e0-8e6f-1db13df1b916","HARV_006.mammalGrid.mam","D01","HARV","HARV_006","2017-08-18","2017-08-18","NEON.DOC.000481vJ",,
"52fa430e-6bcb-466b-b156-c51e4b28a34b","a7563e64-7c28-442e-a135-56d2299488ac","HARV_010.mammalGrid.mam","D01","HARV","HARV_010","2017-08-18","2017-08-18","NEON.DOC.000481vJ",,
