uid,nightuid,namedLocation,domainID,siteID,plotID,collectDate,endDate,samplingProtocolVersion,remarks,dataQF
"e3fdd64a-d70a-4de4-b044-d2d83c94e6c4","c15f57e6-fc76-4745-b454-28665d984ff2","DELA_001.mammalGrid.mam","D08","DELA","DELA_001","2017-07-25","2017-07-25","NEON.DOC.000481vJ",,
"447bf172-b619-4552-8b05-8d6e0da225c8","0ef7c19c-a78c-429e-a052-82d6a9f3ed17","DELA_002.mammalGrid.mam","D08","DELA","DELA_002","2017-07-25","2017-07-25","NEON.DOC.000481vJ",,
"400796c9-3ff9-459c-a48d-f4269884916d","9bbccb38-c317-4ea7-ab99-9a9f3ed4b2ff","DELA_007.mammalGrid.mam","D08","DELA","DELA_007","2017-07-25","2017-07-25","NEON.DOC.000481vJ",,
"1aa3c032-78cb-46dd-bb02-c80945496c53","dbfdb7cb-9501-4885-9887-e819f9e3fd89","DELA_007.mammalGrid.mam","D08","DELA","DELA_007","2017-07-26","2017-07-26","NEON.DOC.000481vJ",,
"51ff0cf1-37c0-44e1-932f-3715a393099f","63c9ca9d-0334-406d-bb35-c649c218920d","DELA_001.mammalGrid.mam","D08","DELA","DELA_001","2017-07-26","2017-07-26","NEON.DOC.000481vJ",,
"a7df5e1d-2db3-4bea-b00b-f7d0d84dc2a8","82464020-8b73-44e8-97b0-db6f7236dc7e","DELA_002.mammalGrid.mam","D08","DELA","DELA_002","2017-07-26","2017-07-26","NEON.DOC.000481vJ",,
"c319f65c-0c85-4015-9783-e50f52318f51","e9c025b8-2d96-4708-8710-d4c2c8d93523","DELA_002.mammalGrid.mam","D08","DELA","DELA_002","2017-07-27","2017-07-27","NEON.DOC.000481vH",,
"2c221d30-513c-45a3-9204-4916a7a36d3d","7199ff16-ced3-491f-b3e4-92ccb51a10df","DELA_001.mammalGrid.mam","D08","DELA","DELA_001","2017-07-27","2017-07-27","NEON.DOC.000481vH",,
"e5d6667d-b33f-4611-bf83-f47724f0d56a","49c8e169-640f-4e77-9367-dac43c025152","DELA_007.mammalGrid.mam","D08","DELA","DELA_007","2017-07-27","2017-07-27","NEON.DOC.000481vH",,
