uid,nightuid,namedLocation,domainID,siteID,plotID,collectDate,endDate,samplingProtocolVersion,remarks,dataQF
"1bac99fb-1355-4a6f-95b4-f81282d240c9","4B93DC4424B24E699CC5AD7E4151BC6A","SERC_015.mammalGrid.mam","D02","SERC","SERC_015","2016-10-04","2016-10-04","NEON.DOC.000481vH",,
"4e56d526-533e-42cd-9faf-ff5a2de75792","0B4D6B32A6EF42958970CBFE6D75DBFC","SERC_007.mammalGrid.mam","D02","SERC","SERC_007","2016-10-04","2016-10-04","NEON.DOC.000481vH","soybeans are 2-3 ft tall and now senescing",
"33d499fb-45e9-48c9-b77a-b37adab21d96","B4FF419F3AFA48C6824B2838892FE54E","SERC_014.mammalGrid.mam","D02","SERC","SERC_014","2016-10-04","2016-10-04","NEON.DOC.000481vH",,
"85a07eb2-4041-4b60-964b-ee5891c66944","07ADE9CFA56C49B18C0E9D362FC0CD0F","SERC_008.mammalGrid.mam","D02","SERC","SERC_008","2016-10-04","2016-10-04","NEON.DOC.000481vH",,
"008965e6-08cf-4d0c-8aca-d54111ac8c70","5AB91D3D5AE0455A9B7D0902CF159EFB","SERC_031.mammalGrid.mam","D02","SERC","SERC_031","2016-10-05","2016-10-05","NEON.DOC.000481vH",,
"610bfbdd-2a02-4c42-938d-d2f5e3fc0cf5","6F49A21FE3A041D2958C26F314DF19FA","SERC_011.mammalGrid.mam","D02","SERC","SERC_011","2016-10-05","2016-10-05","NEON.DOC.000481vH",,
"ec2dec2e-f1ca-4f39-94a6-b45c2c4df73d","31400982B88143C38DF89456E83F027E","SERC_015.mammalGrid.mam","D02","SERC","SERC_015","2016-10-05","2016-10-05","NEON.DOC.000481vH",,
"0cd8d17a-537d-4467-bd20-2df9bdbd84d7","3B1A440522DD4CFCBEE653EB872C9E8A","SERC_014.mammalGrid.mam","D02","SERC","SERC_014","2016-10-05","2016-10-05","NEON.DOC.000481vH",,
"331afc98-527f-4c40-b557-6077c4b0e488","5D3BE73FA2BC4A27A92574474B902802","SERC_014.mammalGrid.mam","D02","SERC","SERC_014","2016-10-06","2016-10-06","NEON.DOC.000481vH",,
"a5a2a17c-a55b-4847-95c7-4cb7e81826e2","3F36BFF3782F4D77A4DEA65664D9F74F","SERC_016.mammalGrid.mam","D02","SERC","SERC_016","2016-10-06","2016-10-06","NEON.DOC.000481vH",,
"62225807-cdd3-418e-9043-35f8b0e0100d","C38E41D446CA41B285B2E988F3F6B9B0","SERC_011.mammalGrid.mam","D02","SERC","SERC_011","2016-10-06","2016-10-06","NEON.DOC.000481vH",,
"7358bdb3-d629-4263-b75a-3d419a87d9fc","42768227520A4F77AE7243B706B643A7","SERC_015.mammalGrid.mam","D02","SERC","SERC_015","2016-10-06","2016-10-06","NEON.DOC.000481vH",,
"76d23d28-1f47-47db-8cd5-c73c60df9949","96D9487B167F405892240EF2ADC26305","SERC_011.mammalGrid.mam","D02","SERC","SERC_011","2016-10-07","2016-10-07","NEON.DOC.000481vH",,
"e9713cfc-4b64-420e-a094-4907a4ff78b3","25B4970C6E6E469E86C01E59271332ED","SERC_032.mammalGrid.mam","D02","SERC","SERC_032","2016-10-07","2016-10-07","NEON.DOC.000481vH",,
