uid,nightuid,namedLocation,domainID,siteID,plotID,collectDate,endDate,samplingProtocolVersion,remarks,dataQF
"83c497f1-53f9-4b4a-a75f-38d684f9a723","B4022102120D4C51B3915673469D20CD","OSBS_003.mammalGrid.mam","D03","OSBS","OSBS_003","2015-08-19","2015-08-19",,,
"e7edb005-ab4a-48d0-89d9-98a476fc193f","ACFD70A3994B483E951E94687C6BD158","OSBS_004.mammalGrid.mam","D03","OSBS","OSBS_004","2015-08-19","2015-08-19",,"Rain storm prevented setting - set next day 08/19/2015",
"75a7bcf9-e060-47c1-8be5-34fda29e4ca6","B7251F5EC0F448BCBE9D596CFEA894A1","OSBS_023.mammalGrid.mam","D03","OSBS","OSBS_023","2015-08-19","2015-08-19",,"Not set due to weather",
"fedf97e1-614d-44a5-a9a0-01c1f6e1d0d7","3ED74DA56B494F15A1BD79DDF845F7B7","OSBS_005.mammalGrid.mam","D03","OSBS","OSBS_005","2015-08-19","2015-08-19",,,
"f1f052f0-84b0-4132-8c75-dc080ab30059","3BB5C49551E4413EBB13DB24CE90EADD","OSBS_004.mammalGrid.mam","D03","OSBS","OSBS_004","2015-08-20","2015-08-20",,,
"e863f82c-a3f4-493e-92ea-50f96a016ad5","A95561D8DA6D438B9A3DBD8EF8E18AB8","OSBS_023.mammalGrid.mam","D03","OSBS","OSBS_023","2015-08-20","2015-08-20",,"Traps not set due to terrible weather - tropical storm developing",
"a7525a36-64f1-45d9-adb7-e708882706c1","ADBE8F2F045E4AC69591192548BE747A","OSBS_012.mammalGrid.mam","D03","OSBS","OSBS_012","2015-08-20","2015-08-20",,"Traps not set due to terrible weather - tropical storm developing",
"17458bc7-a491-4bc9-bd89-a3866a709ad6","8EF9CED4BD1B428DBFF5877046434E42","OSBS_002.mammalGrid.mam","D03","OSBS","OSBS_002","2015-08-20","2015-08-20",,"There were single captures in traps A2 B2 and B7 - these were released due to an emergency with the technician",
"1fc1e7d2-10d4-43de-b2b8-91b793796798","C3B59643D6C84839B387089FEADE8CC8","OSBS_003.mammalGrid.mam","D03","OSBS","OSBS_003","2015-08-20","2015-08-20",,,
"c84fbd5a-36d9-4374-a185-3d222024f8af","12D73EAAC48C48BCACF05B32473872ED","OSBS_003.mammalGrid.mam","D03","OSBS","OSBS_003","2015-08-21","2015-08-21",,,
"4b68c490-9f97-47e5-b54d-8dc017bc5f9f","615BEB3302E04E1099A51038745FEDD9","OSBS_004.mammalGrid.mam","D03","OSBS","OSBS_004","2015-08-21","2015-08-21",,,
