uid,nightuid,namedLocation,domainID,siteID,plotID,collectDate,endDate,samplingProtocolVersion,remarks,dataQF
"f6d16476-9623-4f6d-a632-01c6b5b9f728","8EBC6D91D8AD4440BE47751C17165970","BART_062.mammalGrid.mam","D01","BART","BART_062","2015-09-18","2015-09-18",,,
"8731325f-e9d6-4545-b5ff-1504e9ea3370","D2EF85EEE48F41FABEB9896C9851B9BD","BART_012.mammalGrid.mam","D01","BART","BART_012","2015-09-18","2015-09-18",,,
"c5cfcf7b-b826-4d9c-b5ee-49a1bc45e231","2D65FD23838E49F1A10FF01408C42AE2","BART_012.mammalGrid.mam","D01","BART","BART_012","2015-09-18","2015-09-18",,,
"c21cfde0-f05f-4701-b501-a8b04a99cd42","23651A9942FD4E12B9B87982A106DEB8","BART_015.mammalGrid.mam","D01","BART","BART_015","2015-09-19","2015-09-19",,,
"aa5d6206-c257-4786-997f-086a1781acc4","C54726DE9FD244BAA5B33EFC440E473B","BART_012.mammalGrid.mam","D01","BART","BART_012","2015-09-19","2015-09-19",,,
"d1dcf352-37f6-48bb-8813-b36921a5e8cc","86319DC3C2104280A02620F63D0823BF","BART_062.mammalGrid.mam","D01","BART","BART_062","2015-09-19","2015-09-19",,,
"41f1da6c-053f-4894-9b38-7422db2c7f6f","6ED3CB162F014E25A99B5D8B7C862CA0","BART_062.mammalGrid.mam","D01","BART","BART_062","2015-09-20","2015-09-20",,,
"5c37528e-13c4-418d-bcb2-e13b34995620","C9F4D6630D584085A8AD9E7AFF20562E","BART_012.mammalGrid.mam","D01","BART","BART_012","2015-09-20","2015-09-20",,,
"fbacdca0-e8d2-4d2c-a861-f4795f6de567","AC502572605649B39054CB2EAD79793C","BART_015.mammalGrid.mam","D01","BART","BART_015","2015-09-20","2015-09-20",,,
"2dd9b575-f249-4df5-ad5e-7045d39e66c3","05A6D4546B7244BEA65744F99BB6773D","BART_001.mammalGrid.mam","D01","BART","BART_001","2015-09-21","2015-09-21",,,
"79733f6b-db99-4ffb-9bbb-c7691dbaa045","3B258B754A32440ABA4BDF5F6F880122","BART_084.mammalGrid.mam","D01","BART","BART_084","2015-09-21","2015-09-21",,,
"db9a4dc9-c06a-46f4-ac61-8e4ba101c43b","61FAD73FC5C34525BB35F409DCCE8124","BART_007.mammalGrid.mam","D01","BART","BART_007","2015-09-21","2015-09-21",,,
