uid,nightuid,namedLocation,domainID,siteID,plotID,collectDate,endDate,samplingProtocolVersion,remarks,dataQF
"6201caa8-b42c-41f4-91d1-8020d0bf511e","632BE1C73AE8487782CE93742FB9B4CA","UKFS_004.mammalGrid.mam","D06","UKFS","UKFS_004","2015-08-04","2015-08-04",,,
"8a941e4f-1654-48b1-827e-839806d70828","9C3619A73B104FCBB2A8A65693C008E4","UKFS_010.mammalGrid.mam","D06","UKFS","UKFS_010","2015-08-04","2015-08-04",,,
"0a21f95b-c937-47e7-ae73-a9f143f265ca","3FE7B5C297AD4C5AB610097D804252F0","UKFS_009.mammalGrid.mam","D06","UKFS","UKFS_009","2015-08-04","2015-08-04",,"Stopped bleeding due to high temps",
"a9a035d7-01fb-4259-b71c-b2668cca8cbe","254BC05AFBB144D3A9853A9835839763","UKFS_004.mammalGrid.mam","D06","UKFS","UKFS_004","2015-08-05","2015-08-05",,,
"243fcd0e-dc64-42e5-8379-b8b5d7ef5368","D5E80721C0674D2BA2C202F7A5AA12D7","UKFS_010.mammalGrid.mam","D06","UKFS","UKFS_010","2015-08-05","2015-08-05",,,
"20a75aa1-5746-4f23-a4b3-ee70e04e02ec","F93CB5186A3A40FA89CA780A9147FFE1","UKFS_009.mammalGrid.mam","D06","UKFS","UKFS_009","2015-08-05","2015-08-05",,,
"0829b410-6990-4cb4-a992-103eaade9378","A3494366C6A5495E87191CDB2866EB94","UKFS_010.mammalGrid.mam","D06","UKFS","UKFS_010","2015-08-06","2015-08-06",,,
"4071f2a3-450a-43a6-a1b7-33db1a65f513","C191D4C6C940423A8AAE6665E68AF50B","UKFS_009.mammalGrid.mam","D06","UKFS","UKFS_009","2015-08-06","2015-08-06",,,
"04c88204-9916-4ee8-bc7a-ea416d72218a","D691EDFF48984806A10C315C2EA4E1D9","UKFS_004.mammalGrid.mam","D06","UKFS","UKFS_004","2015-08-06","2015-08-06",,,
"0b956a4c-29ca-4920-9c28-0a8fd7e1fb4b","F8D21C760BFA492AB4E95C63565D4554","UKFS_003.mammalGrid.mam","D06","UKFS","UKFS_003","2015-08-07","2015-08-07",,,
"d1dd939d-a6b7-4bbf-b107-8a6effe0a6e8","2ABADE86B5C348A8801F69CF6929721C","UKFS_018.mammalGrid.mam","D06","UKFS","UKFS_018","2015-08-07","2015-08-07",,,
"b4c70c63-ba28-43c2-a24c-dc51630a864e","397187ED78CA4359B51F15556A1DBFFD","UKFS_007.mammalGrid.mam","D06","UKFS","UKFS_007","2015-08-07","2015-08-07",,,
