uid,nightuid,namedLocation,domainID,siteID,plotID,collectDate,endDate,samplingProtocolVersion,remarks,dataQF
"d83fd4d0-21da-4e92-869a-54fc56191cc2","302D3925517C4F659F53F26DD9F8EA1A","DELA_007.mammalGrid.mam","D08","DELA","DELA_007","2016-08-30","2016-08-30","NEON.DOC.000481vH",,
"c3d029ac-7633-4160-925f-bd0162e00fe2","64A64D9F82134B9A857D22A283B4EAC4","DELA_002.mammalGrid.mam","D08","DELA","DELA_002","2016-08-30","2016-08-30","NEON.DOC.000481vH",,
"0caac644-ff32-4b0c-a9e2-d2661cf15b52","8BDA6541975145A6BBA0C87CEB701F9E","DELA_001.mammalGrid.mam","D08","DELA","DELA_001","2016-08-30","2016-08-30","NEON.DOC.000481vH",,
"0d9824f8-ea8e-4d5a-a519-4bd12e1a6d42","9178F0CCB9954036A031C601214C5222","DELA_007.mammalGrid.mam","D08","DELA","DELA_007","2016-08-31","2016-08-31","NEON.DOC.000481vH",,
"f7acf4bf-860d-4bc0-b694-2d0788fd2477","68D586B403944927B1AAED6BD782B9D1","DELA_002.mammalGrid.mam","D08","DELA","DELA_002","2016-08-31","2016-08-31","NEON.DOC.000481vH",,
"20c1cc23-df55-4509-ace1-acd5de903307","603778AA7B3A409B8AB399475F470281","DELA_001.mammalGrid.mam","D08","DELA","DELA_001","2016-08-31","2016-08-31","NEON.DOC.000481vH",,
