uid,nightuid,namedLocation,domainID,siteID,plotID,collectDate,endDate,samplingProtocolVersion,remarks,dataQF
"59f4d084-72c3-4df7-b919-dbe4514c44b9","CA7B52CE28D849DE8DF0E11403320843","STEI_022.mammalGrid.mam","D05","STEI","STEI_022","2016-08-23","2016-08-23","NEON.DOC.000481vH","Did not collect hair/whiskers due to high capture numbers. Also stopped collecting ear clips on some.",
"5425b052-1e7e-4d16-aee1-b82deb7d7f7a","90F43F4814E84CC1BA11F21F4B09EF02","STEI_019.mammalGrid.mam","D05","STEI","STEI_019","2016-08-23","2016-08-23","NEON.DOC.000481vH",,
"184c05d9-9fed-4935-b8e5-890c1e903727","F416507032CB4024A62940CCF02A9218","STEI_001.mammalGrid.mam","D05","STEI","STEI_001","2016-08-23","2016-08-23","NEON.DOC.000481vH","Limited processing for most of the traps due to high capture rates.",
"9e5e13bc-0cd5-4375-9c2d-b8da8eb2e026","E0D36C8E5B1542528FB047BFF0EC9EA1","STEI_012.mammalGrid.mam","D05","STEI","STEI_012","2016-08-24","2016-08-24","NEON.DOC.000481vH","limited processing",
"136a5c1b-6d1c-4505-9c52-c75b902aca81","AFD4A0CC96A9448C93ABF2C20455D705","STEI_002.mammalGrid.mam","D05","STEI","STEI_002","2016-08-24","2016-08-24","NEON.DOC.000481vH",,
"d1a39554-180f-49e1-b02c-e67b43d97351","CAA48CB236B9400B9C96A2C5C20E106E","STEI_005.mammalGrid.mam","D05","STEI","STEI_005","2016-08-24","2016-08-24","NEON.DOC.000481vH",,
"3ee2bd8a-6668-45e3-97ee-94ce75cc5056","D5CC43050A4D46188054C1F84223F4EA","STEI_002.mammalGrid.mam","D05","STEI","STEI_002","2016-08-25","2016-08-25","NEON.DOC.000481vH","Limited processing was performed",
"949f1264-3630-4867-9a22-8aa69f2658d7","1FCF74BAE6904F70B1F13510F26C7F61","STEI_005.mammalGrid.mam","D05","STEI","STEI_005","2016-08-25","2016-08-25","NEON.DOC.000481vH",,
"fd55dd30-3f8c-4aeb-8edc-000bee74f165","ADB455C49F084241AA20601DBEA293A8","STEI_012.mammalGrid.mam","D05","STEI","STEI_012","2016-08-25","2016-08-25","NEON.DOC.000481vH","Processing limited.",
"3b15cfdc-b74d-4af1-a3fe-5c5b1ccb4388","895A02865651486485A4A7726803CBE5","STEI_012.mammalGrid.mam","D05","STEI","STEI_012","2016-08-26","2016-08-26","NEON.DOC.000481vH","Limited Processing due to high capture rates, all PEMA and PELES were 'CSed' because ear lengths were not taken",
"a6af309b-c6a3-46c8-9de4-84aaf43b776b","3FA0664FF9284918A55AD51ED13C3522","STEI_002.mammalGrid.mam","D05","STEI","STEI_002","2016-08-26","2016-08-26","NEON.DOC.000481vH","Some trap codes (2's and 3's) are missing due to a lost field notebook. Limited processing was employed due to high captures. All PEMAs and PELEs were 'CSed' because ear lengths were not taken.",
"c3204671-16f3-4b35-bc7a-3c356cec0396","F966CD2BEE024837A00BAFBE09919347","STEI_005.mammalGrid.mam","D05","STEI","STEI_005","2016-08-26","2016-08-26","NEON.DOC.000481vH","Limited processing. All Peromycus species were 'CS'ed because ear lengths were not taken.",
"9fedc9d5-5332-4d29-981e-38d4e9686e1f","F4BA59CCAD5F4BB6A7C2DD4A71A60030","STEI_022.mammalGrid.mam","D05","STEI","STEI_022","2016-08-29","2016-08-29","NEON.DOC.000481vH","limited processing",
