uid,nightuid,namedLocation,domainID,siteID,plotID,collectDate,endDate,samplingProtocolVersion,remarks,dataQF
"e00d9cb3-346b-483d-bddb-24ec283d5a42","069ecbfd-8dc1-4fcf-89a3-bf8aaea63bf0","ABBY_007.mammalGrid.mam","D16","ABBY","ABBY_007","2018-07-02","2018-07-02","NEON.DOC.000481vK",,
"bf34b93f-a9b4-428a-9808-aaad0a670f56","88a466ff-78eb-4e92-931d-e29a45802d48","ABBY_023.mammalGrid.mam","D16","ABBY","ABBY_023","2018-07-02","2018-07-02","NEON.DOC.000481vK",,
"312f6d7b-ac88-4358-8225-13c37d0e25dd","5ab4cc6c-196d-43e8-bf7e-a4e554862aab","ABBY_004.mammalGrid.mam","D16","ABBY","ABBY_004","2018-07-06","2018-07-06","NEON.DOC.000481vK",,
"cb073b1c-a7b5-49be-92fd-2b4e098f57a3","999cd845-e4ea-43d4-895f-2fc968904b74","ABBY_002.mammalGrid.mam","D16","ABBY","ABBY_002","2018-07-06","2018-07-06","NEON.DOC.000481vK",,
"ac647558-ad66-4f5f-9768-accd2bbdba11","66e4b48e-4030-45b8-afd1-50946c28404a","ABBY_002.mammalGrid.mam","D16","ABBY","ABBY_002","2018-07-07","2018-07-07","NEON.DOC.000481vK",,
"4d979c97-f770-4cce-bd3e-a614bfc864d2","12a0fb65-70fb-4cd9-813e-fe079bb67bec","ABBY_014.mammalGrid.mam","D16","ABBY","ABBY_014","2018-07-07","2018-07-07","NEON.DOC.000481vK",,
"f982de04-50ab-43ca-b806-9dd9e8926228","06b3b9c0-9e9a-4061-9693-7203d3427124","ABBY_004.mammalGrid.mam","D16","ABBY","ABBY_004","2018-07-07","2018-07-07","NEON.DOC.000481vK",,
"3da25cfa-be8d-4005-b85d-74d2a00a3732","2c2337f7-353e-4435-be69-9badd2aa54a1","ABBY_010.mammalGrid.mam","D16","ABBY","ABBY_010","2018-07-07","2018-07-07","NEON.DOC.000481vK",,
"51ed8095-d80f-4fd9-bc84-b5ff43918c55","08285a85-93ef-434c-953d-51d898b2c2fd","ABBY_004.mammalGrid.mam","D16","ABBY","ABBY_004","2018-07-08","2018-07-08","NEON.DOC.000481vK","100 traps set",
"3218f718-8c60-42cf-b9e8-53edfed16e69","bf3e2433-723b-492c-ae05-f403a6c0dacf","ABBY_010.mammalGrid.mam","D16","ABBY","ABBY_010","2018-07-08","2018-07-08","NEON.DOC.000481vK","100 traps set",
"29ec81e9-aa1e-4be7-b015-6f69ee56ece9","91f8d0d3-fe2f-4c86-b573-2af22ed5310d","ABBY_010.mammalGrid.mam","D16","ABBY","ABBY_010","2018-07-09","2018-07-09","NEON.DOC.000481vK",,
"21189c11-86b2-4cb2-b895-c5d58a0997e0","0f39f9ae-c572-4a01-a2ec-4905eb7c5fbc","ABBY_002.mammalGrid.mam","D16","ABBY","ABBY_002","2018-07-09","2018-07-09","NEON.DOC.000481vK",,
