uid,nightuid,namedLocation,domainID,siteID,plotID,collectDate,endDate,samplingProtocolVersion,remarks,dataQF
"724afda3-8d4c-463f-aac7-d71f133068f5","B01BECDCAD324EDAA0370BC2E0FBA4B5","ORNL_007.mammalGrid.mam","D07","ORNL","ORNL_007","2016-08-23","2016-08-23","NEON.DOC.000481vH",,
"ea3833f5-f154-4b5c-8c14-ddcc3a2d8b1b","83CE6A995EE8443F95839324BB86B6C1","ORNL_003.mammalGrid.mam","D07","ORNL","ORNL_003","2016-08-23","2016-08-23","NEON.DOC.000481vH",,
"d9854a3e-ed3c-4561-9206-a31dbc4a52ea","8AB57DE4FD0F43698CD20B0611F2414F","ORNL_001.mammalGrid.mam","D07","ORNL","ORNL_001","2016-08-23","2016-08-23","NEON.DOC.000481vH",,
"6cf2f5e4-896a-4cf0-9b0b-06d245980e9e","AC5EA659DA4A4463B44DFDA28B69A6B5","ORNL_002.mammalGrid.mam","D07","ORNL","ORNL_002","2016-08-24","2016-08-24","NEON.DOC.000481vH",,
"4ee4264f-a627-4572-b6e9-58151d5d9d25","8DAF039CBBB944768E437B8A35DA1FD0","ORNL_001.mammalGrid.mam","D07","ORNL","ORNL_001","2016-08-24","2016-08-24","NEON.DOC.000481vH",,
"04c6b6ff-e20a-4e1b-818d-da178044f532","DD3FCAA3166C448BB491ECAC52DEE066","ORNL_003.mammalGrid.mam","D07","ORNL","ORNL_003","2016-08-24","2016-08-24","NEON.DOC.000481vH",,
"603568f7-f76b-4149-8be0-b6f8f774121d","751967ED6D9F48B488CACCB28841976E","ORNL_001.mammalGrid.mam","D07","ORNL","ORNL_001","2016-08-25","2016-08-25","NEON.DOC.000481vH",,
"0afd43d6-2c2c-44b5-b63c-2f918ade4fbd","7B17974DF2224390B6AF9237ADA05084","ORNL_002.mammalGrid.mam","D07","ORNL","ORNL_002","2016-08-25","2016-08-25","NEON.DOC.000481vH",,
"a17724be-c51d-43c9-89b6-085a1bf1f456","F832D5B260974D5FA47F132754E7F92F","ORNL_003.mammalGrid.mam","D07","ORNL","ORNL_003","2016-08-25","2016-08-25","NEON.DOC.000481vH",,
"15c94210-92da-4138-9c0b-26a6b6544640","829F54F9C69A4AC9B37857C45D1F3EB2","ORNL_039.mammalGrid.mam","D07","ORNL","ORNL_039","2016-08-25","2016-08-25","NEON.DOC.000481vH",,
"2affb256-104f-4e66-ad82-f1e73c2f7022","73D6C47374B0434F829CC8CEF97F5EAD","ORNL_007.mammalGrid.mam","D07","ORNL","ORNL_007","2016-08-26","2016-08-26","NEON.DOC.000481vH",,
"b46786d3-8134-404d-876c-314fc2f2daee","D0F343C8DD474B43A635E881E3817A42","ORNL_027.mammalGrid.mam","D07","ORNL","ORNL_027","2016-08-26","2016-08-26","NEON.DOC.000481vH",,
