uid,nightuid,namedLocation,domainID,siteID,plotID,collectDate,endDate,samplingProtocolVersion,remarks,dataQF
"ba942939-4773-4bca-9ad8-07419d46497b","ddbd9907-a732-448a-8a8f-c7c4f8abda52","TALL_024.mammalGrid.mam","D08","TALL","TALL_024","2017-07-18","2017-07-18","NEON.DOC.000481vJ",,
"5e786688-15e0-4468-b86b-634eda6d0dd5","8792523e-654d-45a3-b326-c6329c0e3d32","TALL_010.mammalGrid.mam","D08","TALL","TALL_010","2017-07-18","2017-07-18","NEON.DOC.000481vJ",,
"fce1f8a4-d92a-4445-9463-0b4f7fc1fdce","4704ae5f-8aa3-4a12-9a1c-38db10f79399","TALL_015.mammalGrid.mam","D08","TALL","TALL_015","2017-07-18","2017-07-18","NEON.DOC.000481vJ","D7 and J8 no flags",
"c6e53e32-aeae-4d7c-a403-aa0e156a9d5d","edb5bf99-1440-4e62-96f0-cdb4860dc1ef","TALL_012.mammalGrid.mam","D08","TALL","TALL_012","2017-07-19","2017-07-19","NEON.DOC.000481vJ",,
"b4e8596f-16d1-4625-8bce-2bdb3f935b49","f1e7b55d-3e2c-4bfe-b7a1-cc5539ad478a","TALL_010.mammalGrid.mam","D08","TALL","TALL_010","2017-07-19","2017-07-19","NEON.DOC.000481vJ",,
"39140d68-7564-49dd-9c26-3ec2ec91b6d0","729226c4-f981-4416-ab36-cbae7d501f02","TALL_015.mammalGrid.mam","D08","TALL","TALL_015","2017-07-19","2017-07-19","NEON.DOC.000481vH",,
"cea5a5d5-1a70-45c0-bfd8-849a939602d4","01c47c82-b617-4b3b-a7ec-340ed3efd691","TALL_024.mammalGrid.mam","D08","TALL","TALL_024","2017-07-19","2017-07-19","NEON.DOC.000481vJ",,
"9afb94ba-a226-4f16-86e7-c9eedb0c4b8a","aeb44f4d-a6f3-47ab-8342-31dc42be26b3","TALL_010.mammalGrid.mam","D08","TALL","TALL_010","2017-07-20","2017-07-20","NEON.DOC.000481vJ",,
"ee79c254-d5ab-4978-b301-8218579feed6","a1dfbd31-01e2-41e4-a815-0989cd39b14b","TALL_012.mammalGrid.mam","D08","TALL","TALL_012","2017-07-20","2017-07-20","NEON.DOC.000481vJ",,
"8888a8a5-f687-4a5b-8d06-af2274ff8e4d","bc780c55-741f-4311-a03f-f5e96d7fb1dc","TALL_024.mammalGrid.mam","D08","TALL","TALL_024","2017-07-20","2017-07-20","NEON.DOC.000481vJ",,
"04d1589a-c538-4ac8-8699-04543b42c566","43399d87-fc5e-43e8-bace-f68d86b40735","TALL_015.mammalGrid.mam","D08","TALL","TALL_015","2017-07-20","2017-07-20","NEON.DOC.000481vJ",,
"17af7bbd-1473-4770-90cd-6188e5b5f13e","def08b0b-0820-42d8-b3c2-8e843bff25a9","TALL_013.mammalGrid.mam","D08","TALL","TALL_013","2017-07-21","2017-07-21","NEON.DOC.000481vJ",,
"2212b93a-0573-4d46-b3c8-1a67daa37b20","aa8dd7cd-cf3c-400a-9c1a-95334351d091","TALL_006.mammalGrid.mam","D08","TALL","TALL_006","2017-07-21","2017-07-21","NEON.DOC.000481vJ",,
"29aa604d-033f-4b64-94e2-d9d042f4b242","3c9e4ed7-0720-4551-ab87-5056ea5d9e6e","TALL_031.mammalGrid.mam","D08","TALL","TALL_031","2017-07-21","2017-07-21","NEON.DOC.000481vJ",,
"2392f533-7e40-4b36-a662-85df9f3f7b5c","047de1a8-56ea-4bd9-af55-d374ad447aaf","TALL_012.mammalGrid.mam","D08","TALL","TALL_012","2017-07-21","2017-07-21","NEON.DOC.000481vJ",,
"49867767-8abf-4fbf-ab4c-befbb3a8aa50","1dd46d7a-8c36-4d8b-aa29-149dca6e56ad","TALL_005.mammalGrid.mam","D08","TALL","TALL_005","2017-07-21","2017-07-21","NEON.DOC.000481vJ",,
