uid,nightuid,namedLocation,domainID,siteID,plotID,collectDate,endDate,samplingProtocolVersion,remarks,dataQF
"fc1f4bfe-57ef-4689-9492-ef2e82079f55","D0AA2CE11B9A49F09F863D7E422DEC8B","NIWO_002.mammalGrid.mam","D13","NIWO","NIWO_002","2015-08-18","2015-08-18",,"used version 'vG",
"01bb343f-3898-4a27-9013-81e61f00b3f6","BD4F8529837843BF9A2CA5538D9A0B29","NIWO_007.mammalGrid.mam","D13","NIWO","NIWO_007","2015-08-18","2015-08-18",,"used version 'vG",
"54b074d8-ce75-4d2a-9119-1f56a38b678d","EF93CCA715334F5FB0B7B17C90E68993","NIWO_023.mammalGrid.mam","D13","NIWO","NIWO_023","2015-08-19","2015-08-19",,"used version 'vG",
"6221d412-335c-4838-9270-b207013f8a73","890C2F5D42FC40C08CC57A0FFA01A32B","NIWO_025.mammalGrid.mam","D13","NIWO","NIWO_025","2015-08-19","2015-08-19",,"used version 'vG",
"ae8cf16a-7507-49b7-8d01-339e3e367da0","32D9FC6CBE62412BAC5E7B5A431555A8","NIWO_007.mammalGrid.mam","D13","NIWO","NIWO_007","2015-08-19","2015-08-19",,"used version 'vG",
"21a7a940-6109-4e96-ad6d-0c1b1eb6aa10","A6F1E73FD1824BC680E05CB7DB38F850","NIWO_023.mammalGrid.mam","D13","NIWO","NIWO_023","2015-08-19","2015-08-19",,,
"7234af9a-dfad-4662-9f1b-cfaa8a7588fa","E86B69C1C5674D7BA9860617CCC7833E","NIWO_002.mammalGrid.mam","D13","NIWO","NIWO_002","2015-08-20","2015-08-20",,,
"5f4a39df-f574-4c92-b597-ab2db709b694","BC1002C1683643FD9DA4D1EFED1072CD","NIWO_023.mammalGrid.mam","D13","NIWO","NIWO_023","2015-08-20","2015-08-20",,"used version 'vG",
"f795ec0e-d1e2-4a00-8db1-7ed6866f5460","5674DFC21C284FD18D0A6E996C7313AF","NIWO_007.mammalGrid.mam","D13","NIWO","NIWO_007","2015-08-20","2015-08-20",,"Using protocol vg",
"f8e219d9-3dad-4e54-b2ba-bb4885e4c203","CD7D04ABF06C49ABB892781B10EFDF01","NIWO_005.mammalGrid.mam","D13","NIWO","NIWO_005","2015-08-21","2015-08-21",,"Using protocol vg",
"29303eff-525d-46e8-8101-898266cde0b6","C8B5EC02CBF74AA9AEDD80B4FE5B4177","NIWO_001.mammalGrid.mam","D13","NIWO","NIWO_001","2015-08-21","2015-08-21",,"Using protocol vg",
