uid,nightuid,namedLocation,domainID,siteID,plotID,collectDate,endDate,samplingProtocolVersion,remarks,dataQF
"6ac2b3d5-e288-4da7-b200-43ad4656aad0","0194399301ED4D80B5A8EA85E04149DF","UNDE_032.mammalGrid.mam","D05","UNDE","UNDE_032","2014-07-26","2014-07-26",,,
"4fb17bde-5a37-41e2-8cc9-98a1da24ff76","292096B8A45F4171BE630BF0D99A0A55","UNDE_003.mammalGrid.mam","D05","UNDE","UNDE_003","2014-07-26","2014-07-26",,,
"4923a7f8-50d1-41e8-af21-aca32fb350b0","CB5C4444C75A4619BD8E0771412F1E44","UNDE_002.mammalGrid.mam","D05","UNDE","UNDE_002","2014-07-26","2014-07-26",,,
"a3013081-964b-4c70-ba87-b19eb43c7e57","557C8F66A6394BC28DEFCB515B04D4EA","UNDE_001.mammalGrid.mam","D05","UNDE","UNDE_001","2014-07-26","2014-07-26",,,
"a6068fff-14b8-4070-bdc8-f4223daf0224","C1A56CD214504BA0B2885D660BA302F9","UNDE_001.mammalGrid.mam","D05","UNDE","UNDE_001","2014-07-27","2014-07-27",,,
"e905a6ed-86e6-43f0-8df1-e4f312cc2d1c","69E7A8604B004D539962D412C3F2674E","UNDE_032.mammalGrid.mam","D05","UNDE","UNDE_032","2014-07-27","2014-07-27",,"Traps not set due to predator disturbance in plot 7/26",
"6872ff98-5079-424a-9468-6bc4eb682d41","8E7E06DA1CBB49AC97E059026B3EBF34","UNDE_003.mammalGrid.mam","D05","UNDE","UNDE_003","2014-07-27","2014-07-27",,,
"ea8d2262-517b-4803-9831-2b412fb756de","97B0381D984442E9B2E070E940A729DA","UNDE_002.mammalGrid.mam","D05","UNDE","UNDE_002","2014-07-27","2014-07-27",,,
"e95ee2b3-fe82-4f97-80ac-6da3333c3864","5D6CD260639C47489B4AB87BF9CF91D1","UNDE_001.mammalGrid.mam","D05","UNDE","UNDE_001","2014-07-28","2014-07-28",,,
"2a0f53d9-578b-4ecc-a30f-7eefcf5c07be","DDA413A6AB024F07BD72AF10EE735160","UNDE_002.mammalGrid.mam","D05","UNDE","UNDE_002","2014-07-28","2014-07-28",,,
"8e1442dc-ee6e-43a2-a5eb-fd43de1b38a5","CAEDD777B2324096B82EBE17ADC57CD6","UNDE_032.mammalGrid.mam","D05","UNDE","UNDE_032","2014-07-28","2014-07-28",,"Traps not set due to predator disturbance on plot 7/26",
"a71c1999-b3fe-4a96-922a-5251305cf512","DDEE1B06513C4A9083E6B8F0927C7787","UNDE_003.mammalGrid.mam","D05","UNDE","UNDE_003","2014-07-28","2014-07-28",,,
"0dae97de-841c-4d70-9c99-643d16c50a91","23C98DA4038B447D9E8F0232183FD7D1","UNDE_027.mammalGrid.mam","D05","UNDE","UNDE_027","2014-07-29","2014-07-29",,,
"cfe479d6-05b7-40fc-893d-c802efa96be0","076057B1FC464F2EA0C6B11DF2FC571C","UNDE_012.mammalGrid.mam","D05","UNDE","UNDE_012","2014-07-29","2014-07-29",,,
"8862c78f-c26e-4075-82cc-ba8378634d84","11D9EA9B2A434D0A878ED481083935F2","UNDE_008.mammalGrid.mam","D05","UNDE","UNDE_008","2014-07-29","2014-07-29",,,
"bbfb8ae4-1aa0-4866-a483-c6580b83d3ab","524440058B774CBDA2333531A9564AB5","UNDE_020.mammalGrid.mam","D05","UNDE","UNDE_020","2014-07-29","2014-07-29",,,
"de8e8c74-0602-4627-9f02-d7c1920b77ae","3E3C33ACC56F4001969AFF15AB23709D","UNDE_020.mammalGrid.mam","D05","UNDE","UNDE_020","2014-07-30","2014-07-30",,,
"68195fce-d424-4fa7-9e11-c5330f3bd4df","1208B6939C074DE982B08C42BBA6177B","UNDE_012.mammalGrid.mam","D05","UNDE","UNDE_012","2014-07-30","2014-07-30",,,
"0aaa37b6-050d-4476-b896-80086cc0358f","800A125707844F53B012642D4D92775C","UNDE_008.mammalGrid.mam","D05","UNDE","UNDE_008","2014-07-30","2014-07-30",,,
"8ab273e4-e6a0-431a-bd27-1cde381f3dea","BECC120525F946A09F50411145A56C96","UNDE_027.mammalGrid.mam","D05","UNDE","UNDE_027","2014-07-30","2014-07-30",,,
"aa30c7ac-d346-470b-941c-a35e5f8e9b43","9F5354E972DE477591B21B8D863D2907","UNDE_027.mammalGrid.mam","D05","UNDE","UNDE_027","2014-07-31","2014-07-31",,,
"26550b01-ea11-4522-9b2c-d0abcaa821d9","DCFC0C5CA3BB452C99FD2CFEA6E0000C","UNDE_020.mammalGrid.mam","D05","UNDE","UNDE_020","2014-07-31","2014-07-31",,,
"b226903d-c31e-4fdc-aaea-87f1f7571098","764BF97FC29741DFB7C402AF7003A342","UNDE_012.mammalGrid.mam","D05","UNDE","UNDE_012","2014-07-31","2014-07-31",,,
"2c911b93-fb88-409f-8891-3d363783f72a","0CA6EA8D5D3A4C4C8DA7B90C53CF6B9F","UNDE_008.mammalGrid.mam","D05","UNDE","UNDE_008","2014-07-31","2014-07-31",,,
