uid,nightuid,namedLocation,domainID,siteID,plotID,collectDate,endDate,samplingProtocolVersion,remarks,dataQF
"e39fc716-4cbc-448d-8c86-c789f2b7aa86","A63F8950D30D42BDAD80BB9D28F219DE","ONAQ_019.mammalGrid.mam","D15","ONAQ","ONAQ_019","2015-10-12","2015-10-12",,,
"41865c61-f3bb-437b-a150-45f621dfe66f","2DB5080A8D5B4E3AB684A897AED82765","ONAQ_003.mammalGrid.mam","D15","ONAQ","ONAQ_003","2015-10-12","2015-10-12",,,
"3868295c-0d2d-46b0-8cce-4f17e1b795e8","CFA48140B59743BB81B5DA1AD072701B","ONAQ_020.mammalGrid.mam","D15","ONAQ","ONAQ_020","2015-10-12","2015-10-12",,,
"a6a25e1f-0f61-42dd-bc23-6a3f7112a1dd","421FDCFD2979454181DAF51A4D2D4042","ONAQ_003.mammalGrid.mam","D15","ONAQ","ONAQ_003","2015-10-13","2015-10-13",,,
"0a81a1e2-118a-4bba-b421-b00d1e6b5612","AD3F002FFF674491AB1B4716D04D972F","ONAQ_020.mammalGrid.mam","D15","ONAQ","ONAQ_020","2015-10-13","2015-10-13",,,
"8fa895d5-746b-452a-aeab-a46f94c22dc5","C38032B8219D4A76A8B55167D4F45AEE","ONAQ_019.mammalGrid.mam","D15","ONAQ","ONAQ_019","2015-10-13","2015-10-13",,,
"b9b74428-5949-44ea-a354-11310ab8cbb2","C42E12D5012C4C32B597BBA52B041A38","ONAQ_020.mammalGrid.mam","D15","ONAQ","ONAQ_020","2015-10-14","2015-10-14",,,
"83bb99b1-0fab-4b14-8e1b-4bbd4135f5dd","4A0D147333EC449084E3E8FC9D164687","ONAQ_003.mammalGrid.mam","D15","ONAQ","ONAQ_003","2015-10-14","2015-10-14",,,
"2ad1c7d4-a972-46a7-9131-daf17b5ae7c9","06C0A225B98044D1AB8C66C3F0C813B7","ONAQ_019.mammalGrid.mam","D15","ONAQ","ONAQ_019","2015-10-14","2015-10-14",,,
"d783b0d9-4208-4800-9602-54813bf82773","3DD61EBD8E3C4C31A3FB509FB6954F54","ONAQ_005.mammalGrid.mam","D15","ONAQ","ONAQ_005","2015-10-15","2015-10-15",,,
"54816106-e0ad-4439-9660-ec5377ca276b","9DD815E21E4345E6B044782CA7147973","ONAQ_004.mammalGrid.mam","D15","ONAQ","ONAQ_004","2015-10-15","2015-10-15",,,
