uid,nightuid,namedLocation,domainID,siteID,plotID,collectDate,endDate,samplingProtocolVersion,remarks,dataQF
"43f75ca7-f8b7-4514-aaf4-69a5f08a71ee","4fde4549-4579-4c9a-bcc0-7a634e9b26e6","UKFS_007.mammalGrid.mam","D06","UKFS","UKFS_007","2017-05-22","2017-05-22","NEON.DOC.000481vJ",,
"cf97a873-3454-4686-9a13-d7f3b6926b93","ad1d2ff0-30f6-449a-abf0-08f661104cf5","UKFS_003.mammalGrid.mam","D06","UKFS","UKFS_003","2017-05-22","2017-05-22","NEON.DOC.000481vG",,
"93d469fb-01b5-400e-aeec-91e6f3143679","fe8ed3b9-102a-46bb-8bc8-517b8a5759bc","UKFS_018.mammalGrid.mam","D06","UKFS","UKFS_018","2017-05-22","2017-05-22","NEON.DOC.000481vJ",,
"76e191e7-bfb4-40c1-b233-307cfd8d51c5","2567c6f5-c9a5-46c6-b20a-0df6d6a427a4","UKFS_009.mammalGrid.mam","D06","UKFS","UKFS_009","2017-05-24","2017-05-24","NEON.DOC.000481vG",,
"9113db53-e978-4d56-baad-ee8c3b82b943","ad23ae7c-f938-4205-93db-b6d727446b80","UKFS_004.mammalGrid.mam","D06","UKFS","UKFS_004","2017-05-24","2017-05-24",,,
"bd61e85d-0ecd-45b3-91ad-27b0aff233ef","b067b27d-11f5-44a0-8e76-dc110c241a88","UKFS_010.mammalGrid.mam","D06","UKFS","UKFS_010","2017-05-24","2017-05-24","NEON.DOC.000481vG",,
"0d45b6b5-3f04-4d56-aabd-87e04943f222","aadcf51f-cb95-4b7f-8c25-5a1d69c10b67","UKFS_009.mammalGrid.mam","D06","UKFS","UKFS_009","2017-05-25","2017-05-25","NEON.DOC.000481vG",,
"54b24c76-a793-4ec8-8ba2-1518c0ac34e7","44e012e3-2f68-47e2-81f5-c22d61aa90e7","UKFS_010.mammalGrid.mam","D06","UKFS","UKFS_010","2017-05-25","2017-05-25","NEON.DOC.000481vG",,
"6b62978f-ea17-44e8-a02d-cd6a58bb8b4c","70d8169a-db2f-47f2-930f-8601ceb9a3c9","UKFS_004.mammalGrid.mam","D06","UKFS","UKFS_004","2017-05-25","2017-05-25","NEON.DOC.000481vG",,
"91ef02b7-2534-4a56-9b3c-c06f8f02f34e","b5248d00-a4e9-4c0c-abbc-b4ac33ead721","UKFS_004.mammalGrid.mam","D06","UKFS","UKFS_004","2017-05-26","2017-05-26","NEON.DOC.000481vG",,
"07b2111f-29fb-44b9-b597-bbcfea304caf","1e070086-593b-47bf-807d-f1b66833a208","UKFS_009.mammalGrid.mam","D06","UKFS","UKFS_009","2017-05-26","2017-05-26","NEON.DOC.000481vG",,
