uid,nightuid,namedLocation,domainID,siteID,plotID,collectDate,endDate,samplingProtocolVersion,remarks,dataQF
"13967a9d-efd8-4aab-a834-ad1cd2385428","58B6000E2CD340D8A7BC06A12749B164","SRER_014.mammalGrid.mam","D14","SRER","SRER_014","2016-07-01","2016-07-01","NEON.DOC.000481vH",,
"121c4394-558d-4eaf-9a43-1dd28d3dd51a","FA6E653557FF4D7998E8522F7F72C7BF","SRER_005.mammalGrid.mam","D14","SRER","SRER_005","2016-07-01","2016-07-01","NEON.DOC.000481vH",,
"b1274e5a-a89b-4a92-ae73-aea7aa40b02c","6B381DFDE62B4845BE28AAA6E87B3EBD","SRER_009.mammalGrid.mam","D14","SRER","SRER_009","2016-07-02","2016-07-02","NEON.DOC.000481vH","Several traps not set due to ants",
"9be21ed8-b7da-4c02-a0d7-39ec1849a9bf","9B2D1D3F35D74E61AA51699747B02A44","SRER_005.mammalGrid.mam","D14","SRER","SRER_005","2016-07-02","2016-07-02","NEON.DOC.000481vH",,
"4517477b-f9ab-45ad-8860-392bc98737c3","9AD4669D9A5B4F35AEF667063E19E4BE","SRER_023.mammalGrid.mam","D14","SRER","SRER_023","2016-07-03","2016-07-03","NEON.DOC.000481vH",,
"80d4235a-d148-4b9c-b9ec-ba2a0d125839","8C73568F4D6641F5A05310A15130FCE2","SRER_005.mammalGrid.mam","D14","SRER","SRER_005","2016-07-03","2016-07-03","NEON.DOC.000481vH",,
"4be77ac7-c7e3-482b-9952-fafcc157c4ed","90F902F5D11641E586DE9E6FC8D3B366","SRER_008.mammalGrid.mam","D14","SRER","SRER_008","2016-07-03","2016-07-03","NEON.DOC.000481vH",,
"3b5d9fc7-fa7b-41cd-8c55-02702b441ae7","F5CD74A7B5084F6294883FF9342EBBD8","SRER_012.mammalGrid.mam","D14","SRER","SRER_012","2016-07-27","2016-07-27","NEON.DOC.000481vH",,
"72f71a3b-4b04-4f15-b8c9-60455c8ec8d7","1BF2C32127FC43E6A13E0D4A6AE5E3B3","SRER_007.mammalGrid.mam","D14","SRER","SRER_007","2016-07-27","2016-07-27","NEON.DOC.000481vH",,
"364987d9-3fc4-4696-a4e4-a095a18f908b","0C051D6B33AF4EEA97449000A64A8D5F","SRER_012.mammalGrid.mam","D14","SRER","SRER_012","2016-07-28","2016-07-28","NEON.DOC.000481vH",,
"1d99d58d-b7e4-4264-b260-e9e3df4a1aa4","DE5EB055B8D04709B695965D90AC8F69","SRER_014.mammalGrid.mam","D14","SRER","SRER_014","2016-07-28","2016-07-28","NEON.DOC.000481vH",,
"84e565df-e18f-41ed-a215-6d0ca203e37d","FE86EFC4BA40484BBCA2B2E21B59F90F","SRER_012.mammalGrid.mam","D14","SRER","SRER_012","2016-07-29","2016-07-29","NEON.DOC.000481vH",,
"819a1c32-13b0-4bce-9fc9-c82b9019f260","3DF9D0395E804F319CD9A3E32200E7EC","SRER_007.mammalGrid.mam","D14","SRER","SRER_007","2016-07-29","2016-07-29","NEON.DOC.000481vH",,
"ba5010ec-2f0c-4fac-b1ee-a22f9085a0ac","8B6FFB1C2EE947ADB8A2E8133CB7EA52","SRER_008.mammalGrid.mam","D14","SRER","SRER_008","2016-07-29","2016-07-29","NEON.DOC.000481vH",,
"913dfbe9-a472-4cc8-a40b-a9b2e9e5fd55","B0E696A8B8F842DE8C8ED0A50912E0FB","SRER_005.mammalGrid.mam","D14","SRER","SRER_005","2016-07-31","2016-07-31","NEON.DOC.000481vH",,
"8316531a-b937-45d5-8b1e-1f4cb15bb888","9720E4E124584352BD5320B288B6C48D","SRER_007.mammalGrid.mam","D14","SRER","SRER_007","2016-07-31","2016-07-31","NEON.DOC.000481vH",,
