uid,nightuid,namedLocation,domainID,siteID,plotID,collectDate,endDate,samplingProtocolVersion,remarks,dataQF
"656c46ba-eae8-48d7-a1a4-8cffe30151d8","A2F5ED75EE57406FBB65EBAB20DE9A8A","DSNY_001.mammalGrid.mam","D03","DSNY","DSNY_001","2015-09-22","2015-09-22",,,
"94fd2ffd-b8dd-4f2b-912d-e82dd52b6882","8A6263764FE4459AAA4299B57398DC51","DSNY_005.mammalGrid.mam","D03","DSNY","DSNY_005","2015-09-22","2015-09-22",,,
"48b7b9c1-8ab6-4c04-861b-003b1f8c6124","65654992611A4EB89C7EC8B3A2773B2B","DSNY_004.mammalGrid.mam","D03","DSNY","DSNY_004","2015-09-22","2015-09-22",,,
"5f766f1d-7a15-493d-ab12-b2f325060437","BF932DB74EBF4641A54C5DF4EA2284AF","DSNY_016.mammalGrid.mam","D03","DSNY","DSNY_016","2015-09-22","2015-09-22",,,
"8a4a67cc-3736-484a-b896-6b2ec643cb65","0C91CD103D11425084187FE873FB6F45","DSNY_005.mammalGrid.mam","D03","DSNY","DSNY_005","2015-09-23","2015-09-23",,,
"6077ac56-05a4-4960-b4bc-d573fe1ed273","D0E59A67E7264683B346AF2C599F78F8","DSNY_009.mammalGrid.mam","D03","DSNY","DSNY_009","2015-09-23","2015-09-23",,,
"ec1cd606-d24d-472d-b5a5-f504a34d8bb7","D80A83926BAF445FA3F2453FD81E95E9","DSNY_004.mammalGrid.mam","D03","DSNY","DSNY_004","2015-09-23","2015-09-23",,,
"761ce7c0-5889-4b72-8d97-345b928f789c","754681EB610A4436A9260F6A7D838272","DSNY_001.mammalGrid.mam","D03","DSNY","DSNY_001","2015-09-23","2015-09-23",,,
"f381f382-a92a-4b3b-b34a-aeb7a57b4c89","F0382A039C60453695DCCFB4167E8AF9","DSNY_004.mammalGrid.mam","D03","DSNY","DSNY_004","2015-09-24","2015-09-24",,,
"35d9119a-cd49-4fdc-8e1f-ee8956acbc6f","D06CF80F2C9B4312BA03887CE9CEFD17","DSNY_001.mammalGrid.mam","D03","DSNY","DSNY_001","2015-09-24","2015-09-24",,,
"71e84ce3-3e61-4ae1-a0e2-ff75f18dbed9","1E92EEC2843049538A26BF23FE0297DE","DSNY_005.mammalGrid.mam","D03","DSNY","DSNY_005","2015-09-24","2015-09-24",,,
