uid,nightuid,namedLocation,domainID,siteID,plotID,collectDate,endDate,samplingProtocolVersion,remarks,dataQF
"a7ac5a85-e286-4d5f-bb0e-87217859cb88","3ac38e1c-dbbe-4b26-9776-381889571e75","HARV_021.mammalGrid.mam","D01","HARV","HARV_021","2017-05-16","2017-05-16","NEON.DOC.000481vJ",,
"afd090fa-6367-4475-ba57-562870cb0173","2f1926ad-ca6f-496b-9e85-034be217658d","HARV_008.mammalGrid.mam","D01","HARV","HARV_008","2017-05-16","2017-05-16","NEON.DOC.000481vJ",,
"fa37bfa8-d65b-4289-afee-f3fd664b1cab","92b2ba92-a48c-43a6-8e14-322977d8eed6","HARV_023.mammalGrid.mam","D01","HARV","HARV_023","2017-05-16","2017-05-16","NEON.DOC.000481vJ",,
"ee0a3f9b-e95b-4ea0-87ed-0f0c2811112e","fd6af195-98ad-4972-bd97-a5df44e16487","HARV_021.mammalGrid.mam","D01","HARV","HARV_021","2017-05-17","2017-05-17","NEON.DOC.000481vJ",,
"56128899-8af2-4572-8f16-d911b1935385","9dcdbcf6-3f22-4bd8-a8ef-e0bf4fd156f7","HARV_008.mammalGrid.mam","D01","HARV","HARV_008","2017-05-17","2017-05-17","NEON.DOC.000481vJ",,
"26384dc2-e438-40ef-be7d-d5d91dcee838","487f0d4d-ab7f-4382-862b-20248b2f16e4","HARV_023.mammalGrid.mam","D01","HARV","HARV_023","2017-05-17","2017-05-17","NEON.DOC.000481vJ",,
"db06bc50-d67b-4b7e-8414-f30cb79eccaa","17f49bbe-3f62-4292-a5a7-190b397fd095","HARV_023.mammalGrid.mam","D01","HARV","HARV_023","2017-05-18","2017-05-18","NEON.DOC.000481vJ",,
"558e7251-83e5-4aba-982a-fb4c94a40c08","e6d8c58b-e98d-49ce-b24e-622f40b559de","HARV_008.mammalGrid.mam","D01","HARV","HARV_008","2017-05-18","2017-05-18","NEON.DOC.000481vJ",,
"e54cb7f7-4cdb-4d64-8f54-ce7040db5664","67c066ac-547d-45f7-a0c1-dd9d9f9132bf","HARV_021.mammalGrid.mam","D01","HARV","HARV_021","2017-05-18","2017-05-18","NEON.DOC.000481vJ",,
"6875eb9a-83b3-42ce-81dd-19500518a11b","b6d05c16-a10f-46c5-b07c-7cda2b6710b9","HARV_006.mammalGrid.mam","D01","HARV","HARV_006","2017-05-19","2017-05-19","NEON.DOC.000481vJ",,
"2d82f330-bed2-4310-838b-dda009d32b55","07ee3150-705c-43ad-95aa-83f7f46fa3c9","HARV_010.mammalGrid.mam","D01","HARV","HARV_010","2017-05-19","2017-05-19","NEON.DOC.000481vJ",,
"4cc4ef88-12fd-41ae-a844-ed0473c21aac","57b7a5b1-16cd-4646-949f-2f3768816166","HARV_001.mammalGrid.mam","D01","HARV","HARV_001","2017-05-19","2017-05-19","NEON.DOC.000481vJ",,
