uid,nightuid,namedLocation,domainID,siteID,plotID,collectDate,endDate,samplingProtocolVersion,remarks,dataQF
"4c533603-f0a7-49de-9e2e-0c5522f2a023","932ea4df-3212-4301-af32-227fd6c28992","WOOD_007.mammalGrid.mam","D09","WOOD","WOOD_007","2018-10-11","2018-10-11","NEON.DOC.000481vK",,
"4520ddbf-c288-42b3-b0fa-db83e57a66bb","ecf64c71-400b-4a25-9768-b719041ed8d7","WOOD_009.mammalGrid.mam","D09","WOOD","WOOD_009","2018-10-11","2018-10-11","NEON.DOC.000481vK","Snowfall kept from processing fully/time",
"f3c19ed0-fbc4-4d23-9117-2e300f3382b3","b2550c6b-23f8-45a0-a516-b5ee4107b87b","WOOD_002.mammalGrid.mam","D09","WOOD","WOOD_002","2018-10-11","2018-10-11","NEON.DOC.000481vK",,
"c5926aab-5ffe-4702-a30e-bc05583fdb79","fb779bb4-8f4b-4bec-a4ad-dd0b73faaf59","WOOD_007.mammalGrid.mam","D09","WOOD","WOOD_007","2018-10-12","2018-10-12","NEON.DOC.000481vK",,
"54a4e38b-711e-4562-935a-19af1bb2b30d","32d6fac2-8753-4148-89ad-3fd8a6f20325","WOOD_008.mammalGrid.mam","D09","WOOD","WOOD_008","2018-10-12","2018-10-12","NEON.DOC.000481vK",,
"e4580fb4-5d54-4e57-86f9-65ae58288a02","bbc60541-8132-4fbf-b7f6-f64fa85f18e3","WOOD_002.mammalGrid.mam","D09","WOOD","WOOD_002","2018-10-12","2018-10-12","NEON.DOC.000481vK",,
"71c78143-72eb-4e7d-bffb-bd6c3d6f0aec","073e8402-c128-4712-ad92-b093aa97564d","WOOD_009.mammalGrid.mam","D09","WOOD","WOOD_009","2018-10-12","2018-10-12","NEON.DOC.000481vK","Snow on ground",
"a6541976-2a80-4624-9ad8-81617a5a9f1a","c551dc63-b4ab-4811-9018-a0ff39e8d51f","WOOD_010.mammalGrid.mam","D09","WOOD","WOOD_010","2018-10-16","2018-10-16","NEON.DOC.000481vK",,
"557bf3d4-8026-4983-9da5-2d2d9931243b","da9dab89-4eca-4df1-82ef-6a8f1d5c9a84","WOOD_003.mammalGrid.mam","D09","WOOD","WOOD_003","2018-10-16","2018-10-16","NEON.DOC.000481vK",,
"c6b6bbd1-85d4-4baa-aa0e-b653cbef0afe","f3ec0ab9-9471-42a2-8628-1defa37cdc2c","WOOD_007.mammalGrid.mam","D09","WOOD","WOOD_007","2018-10-16","2018-10-16","NEON.DOC.000481vK",,
"8f9a0b68-8155-4772-83b4-f938a1ba816d","317bff9f-f9be-43fa-84f5-d6a0696ebb06","WOOD_009.mammalGrid.mam","D09","WOOD","WOOD_009","2018-10-16","2018-10-16","NEON.DOC.000481vK",,
