uid,nightuid,namedLocation,domainID,siteID,plotID,collectDate,endDate,samplingProtocolVersion,remarks,dataQF
"d2fb94a8-55c3-45cb-8492-1855e4b85063","c4cea943-3271-4819-8278-0c1f693baf87","BLAN_001.mammalGrid.mam","D02","BLAN","BLAN_001","2017-05-23","2017-05-23","NEON.DOC.000481vJ",,
"1838e5b7-7546-436e-973c-6d1d79d31b33","7cad08ae-44ff-47be-846b-e7498e7e0563","BLAN_003.mammalGrid.mam","D02","BLAN","BLAN_003","2017-05-23","2017-05-23","NEON.DOC.000481vJ",,
"5211b611-b957-4abe-9fe8-dcf0f863dba0","c52bf878-c934-451d-892c-7dde53f97a96","BLAN_009.mammalGrid.mam","D02","BLAN","BLAN_009","2017-05-23","2017-05-23","NEON.DOC.000481vJ",,
"96da3a49-57df-44b6-b4bc-4a37dffc84b6","5e1d8e4a-0291-49e4-84e1-f92627c29f35","BLAN_001.mammalGrid.mam","D02","BLAN","BLAN_001","2017-05-24","2017-05-24","NEON.DOC.000481vJ",,
"e751e285-86e2-4f05-b0b6-49d1f3b62451","076cfb6f-3d7f-4172-86df-9474ebebdccc","BLAN_002.mammalGrid.mam","D02","BLAN","BLAN_002","2017-05-24","2017-05-24","NEON.DOC.000481vJ",,
"63d19463-1c8e-4eb1-a7f3-14e898bdb5e0","dff3eb3c-b062-4672-84a1-f0c665c382b6","BLAN_009.mammalGrid.mam","D02","BLAN","BLAN_009","2017-05-24","2017-05-24","NEON.DOC.000481vJ",,
"53f8c8ea-dfbb-442c-b4d1-11fd31208474","c179232b-e6f4-4f8e-97ab-2667aad5ce3c","BLAN_003.mammalGrid.mam","D02","BLAN","BLAN_003","2017-05-24","2017-05-24","NEON.DOC.000481vJ",,
"38db896b-b2f4-413a-ace5-f02db84149da","8b9c18e6-ab6d-481a-bbbe-58883dfe36e6","BLAN_003.mammalGrid.mam","D02","BLAN","BLAN_003","2017-05-25","2017-05-25","NEON.DOC.000481vJ",,
"b2e4f826-c222-47b6-8a80-68ce9423b7bb","7f6b33b4-a68b-4d2c-bfa1-612ec26dccd5","BLAN_001.mammalGrid.mam","D02","BLAN","BLAN_001","2017-05-25","2017-05-25","NEON.DOC.000481vJ",,
"9d5f51b2-779e-4049-9f53-83f2efc731d5","30069426-391b-456f-9431-8b33153ccf64","BLAN_009.mammalGrid.mam","D02","BLAN","BLAN_009","2017-05-25","2017-05-25","NEON.DOC.000481vJ",,
