uid,nightuid,namedLocation,domainID,siteID,plotID,collectDate,endDate,samplingProtocolVersion,remarks,dataQF
"c3c69b21-4c65-4c5a-81dc-ad339e891f1d","45426889FB464C0FAB2B322667A4B5D9","OSBS_003.mammalGrid.mam","D03","OSBS","OSBS_003","2015-06-09","2015-06-09",,,
"af3b7d91-55de-43ab-a470-faedb3676a4b","2F3F32242B714712AF8AC2DC72B56756","OSBS_023.mammalGrid.mam","D03","OSBS","OSBS_023","2015-06-09","2015-06-09",,,
"9c2938a8-f5ae-4736-a3e4-12eb8d11829a","D236C462ADAB47A2974642869FEC9A69","OSBS_005.mammalGrid.mam","D03","OSBS","OSBS_005","2015-06-09","2015-06-09",,,
"5ca39782-2c44-41cb-81d9-5bb09dd95e9e","7B1E7BD163BF4CDFB63D45C4B445C3F2","OSBS_004.mammalGrid.mam","D03","OSBS","OSBS_004","2015-06-09","2015-06-09",,,
"ca6922a6-d00f-492f-8897-c63413bfd256","C98D1998D9AE4E08BEB56B956A85B8FC","OSBS_023.mammalGrid.mam","D03","OSBS","OSBS_023","2015-06-10","2015-06-10",,,
"9ebcd003-4ba9-4990-96c5-2970308c9d47","0EACD42C597647EE9800053E0264ADAC","OSBS_012.mammalGrid.mam","D03","OSBS","OSBS_012","2015-06-10","2015-06-10",,"no captures",
"66f35747-f979-48f8-8d0a-3ed08fd0de08","E885067176414242B67D3D72A2471FC5","OSBS_004.mammalGrid.mam","D03","OSBS","OSBS_004","2015-06-10","2015-06-10",,,
"59d262c5-4396-4d87-b7dc-8cdb8c5d40ea","1BCD101672304A459B132D7D41533C06","OSBS_003.mammalGrid.mam","D03","OSBS","OSBS_003","2015-06-10","2015-06-10",,,
"65f7f272-205a-4a7f-84a7-2953da1d9908","58AA5EAEA27C4C70BEB9337C1E397674","OSBS_002.mammalGrid.mam","D03","OSBS","OSBS_002","2015-06-11","2015-06-11",,,
"fe5140bf-8dd9-4fc3-890b-960c73c47e67","D329EEBC4C1540BA909E84635D243B58","OSBS_003.mammalGrid.mam","D03","OSBS","OSBS_003","2015-06-11","2015-06-11",,,
"29213e31-d010-46e8-9622-f61bd7ff0603","CDAEFF178E7C4035AA8754ACE2293218","OSBS_004.mammalGrid.mam","D03","OSBS","OSBS_004","2015-06-11","2015-06-11",,,
"46d50622-56b2-4e88-bedf-4cc12227ead6","D80A1EF553A0447BAE920F73856D3F4F","OSBS_023.mammalGrid.mam","D03","OSBS","OSBS_023","2015-06-11","2015-06-11",,"no captures",
