uid,nightuid,namedLocation,domainID,siteID,plotID,collectDate,endDate,samplingProtocolVersion,remarks,dataQF
"c90b7c5d-c483-418a-a562-097d4b264b26","6E56691C002340229428C2E75A2A5A0C","OSBS_023.mammalGrid.mam","D03","OSBS","OSBS_023","2016-06-01","2016-06-01","NEON.DOC.000481vG","No handler listed, the entry is lined out",
"0fc4a37c-33f0-4752-86e7-6e4d15bf55e8","D8837253A1B2496DB7201E80C0B2C68C","OSBS_003.mammalGrid.mam","D03","OSBS","OSBS_003","2016-06-01","2016-06-01","NEON.DOC.000481vG",,
"e3710027-43d3-4268-a312-0c74a80d8f76","ACE1654660764EF6B14ABA92D7864D8D","OSBS_004.mammalGrid.mam","D03","OSBS","OSBS_004","2016-06-01","2016-06-01","NEON.DOC.000481vG",,
"6434bb78-3423-482d-b01f-f52ed9395af7","A893670989A0433A93F6D97D02FE6C67","OSBS_004.mammalGrid.mam","D03","OSBS","OSBS_004","2016-06-02","2016-06-02","NEON.DOC.000481vG",,
"1c9aebbf-25b2-4345-8b27-8a44af4bc54a","A0FA70F995134760950BE05B82E0BFF5","OSBS_002.mammalGrid.mam","D03","OSBS","OSBS_002","2016-06-02","2016-06-02","NEON.DOC.000481vG",,
"2328dc1b-161c-4fa5-8173-87110fd4f050","3A1C27AC0760477B8448B17C6F7D8A84","OSBS_023.mammalGrid.mam","D03","OSBS","OSBS_023","2016-06-02","2016-06-02","NEON.DOC.000481vG",,
"35db8e3f-fc58-4b8a-9cbd-80e8bc65b3b6","80648F2F0BC741258CF0B663BE2AD391","OSBS_012.mammalGrid.mam","D03","OSBS","OSBS_012","2016-06-02","2016-06-02","NEON.DOC.000481vG",,
"687489c2-834d-4599-bf20-ddf5ff3ea8eb","FEF5B8CF5C4943F783C2F637222C0089","OSBS_003.mammalGrid.mam","D03","OSBS","OSBS_003","2016-06-02","2016-06-02","NEON.DOC.000481vG",,
"ef2a9390-dff5-4f89-a7bb-95591d8465ea","BB7077949F544C3CBCCA4225E4435129","OSBS_005.mammalGrid.mam","D03","OSBS","OSBS_005","2016-06-03","2016-06-03","NEON.DOC.000481vG",,
"cd082311-cf02-455d-9dd2-e095cee2ff37","AD03D6B671C44F5F94562C2471EF3922","OSBS_023.mammalGrid.mam","D03","OSBS","OSBS_023","2016-06-03","2016-06-03","NEON.DOC.000481vG",,
"f9ff8e35-2a86-429c-8e5d-0afdcea63860","6F2E906FCE4D45D2A11AC9D740718C86","OSBS_004.mammalGrid.mam","D03","OSBS","OSBS_004","2016-06-03","2016-06-03","NEON.DOC.000481vG",,
"124012c7-c80b-42b7-b6e5-81f4a135223e","C7DF28DBC9914C84B2A8269C59EB62AC","OSBS_003.mammalGrid.mam","D03","OSBS","OSBS_003","2016-06-03","2016-06-03","NEON.DOC.000481vG",,
